,unit,date,beta_mkt,beta_oil_partial,partial_lo,partial_hi,beta_oil_total,total_lo,total_hi,nobs
0,MARKET,2009-07-31,1.00000,,,,0.56494,0.41670,0.71318,101
1,MARKET,2009-08-07,1.00000,,,,0.56495,0.41504,0.71487,101
2,MARKET,2009-08-14,1.00000,,,,0.56475,0.41472,0.71478,101
3,MARKET,2009-08-21,1.00000,,,,0.56518,0.41566,0.71470,101
4,MARKET,2009-08-28,1.00000,,,,0.56396,0.41407,0.71384,101
5,MARKET,2009-09-04,1.00000,,,,0.55901,0.40980,0.70822,101
6,MARKET,2009-09-11,1.00000,,,,0.56005,0.41072,0.70939,101
7,MARKET,2009-09-18,1.00000,,,,0.56230,0.41359,0.71101,101
8,MARKET,2009-09-25,1.00000,,,,0.55442,0.40618,0.70266,101
9,MARKET,2009-10-02,1.00000,,,,0.54997,0.40094,0.69899,101
10,MARKET,2009-10-09,1.00000,,,,0.55346,0.40502,0.70190,101
11,MARKET,2009-10-16,1.00000,,,,0.54866,0.40046,0.69686,101
12,MARKET,2009-10-23,1.00000,,,,0.54849,0.39958,0.69739,101
13,MARKET,2009-10-30,1.00000,,,,0.55112,0.40356,0.69868,101
14,MARKET,2009-11-06,1.00000,,,,0.55118,0.40356,0.69880,101
15,MARKET,2009-11-13,1.00000,,,,0.54973,0.39975,0.69970,101
16,MARKET,2009-11-20,1.00000,,,,0.55301,0.40428,0.70175,101
17,MARKET,2009-11-27,1.00000,,,,0.56825,0.42464,0.71185,101
18,MARKET,2009-12-04,1.00000,,,,0.56838,0.42466,0.71210,101
19,MARKET,2009-12-11,1.00000,,,,0.56067,0.41489,0.70646,101
20,MARKET,2009-12-18,1.00000,,,,0.56060,0.41484,0.70636,101
21,MARKET,2009-12-25,1.00000,,,,0.56057,0.41505,0.70610,101
22,MARKET,2010-01-01,1.00000,,,,0.56303,0.41695,0.70912,101
23,MARKET,2010-01-08,1.00000,,,,0.55862,0.41030,0.70694,101
24,MARKET,2010-01-15,1.00000,,,,0.55328,0.40315,0.70341,101
25,MARKET,2010-01-22,1.00000,,,,0.55576,0.40797,0.70354,101
26,MARKET,2010-01-29,1.00000,,,,0.55432,0.40551,0.70313,101
27,MARKET,2010-02-05,1.00000,,,,0.55743,0.40910,0.70575,101
28,MARKET,2010-02-12,1.00000,,,,0.54973,0.40107,0.69840,101
29,MARKET,2010-02-19,1.00000,,,,0.54973,0.40239,0.69707,101
30,MARKET,2010-02-26,1.00000,,,,0.55096,0.40391,0.69800,101
31,MARKET,2010-03-05,1.00000,,,,0.55668,0.40972,0.70365,101
32,MARKET,2010-03-12,1.00000,,,,0.55980,0.41250,0.70709,101
33,MARKET,2010-03-19,1.00000,,,,0.56051,0.41255,0.70848,101
34,MARKET,2010-03-26,1.00000,,,,0.55841,0.41009,0.70673,101
35,MARKET,2010-04-02,1.00000,,,,0.55601,0.40842,0.70361,101
36,MARKET,2010-04-09,1.00000,,,,0.55803,0.41030,0.70576,101
37,MARKET,2010-04-16,1.00000,,,,0.55670,0.40847,0.70493,101
38,MARKET,2010-04-23,1.00000,,,,0.55634,0.40798,0.70471,101
39,MARKET,2010-04-30,1.00000,,,,0.55728,0.41046,0.70411,101
40,MARKET,2010-05-07,1.00000,,,,0.57185,0.43009,0.71362,101
41,MARKET,2010-05-14,1.00000,,,,0.57069,0.42873,0.71265,101
42,MARKET,2010-05-21,1.00000,,,,0.57762,0.43783,0.71740,101
43,MARKET,2010-05-28,1.00000,,,,0.57808,0.43769,0.71847,101
44,MARKET,2010-06-04,1.00000,,,,0.58641,0.44722,0.72560,101
45,MARKET,2010-06-11,1.00000,,,,0.58644,0.44732,0.72556,101
46,MARKET,2010-06-18,1.00000,,,,0.58542,0.44678,0.72407,101
47,MARKET,2010-06-25,1.00000,,,,0.59136,0.45507,0.72764,101
48,MARKET,2010-07-02,1.00000,,,,0.59949,0.46685,0.73212,101
49,MARKET,2010-07-09,1.00000,,,,0.60390,0.47105,0.73674,101
50,MARKET,2010-07-16,1.00000,,,,0.61007,0.47607,0.74407,101
51,MARKET,2010-07-23,1.00000,,,,0.61176,0.47653,0.74699,101
52,MARKET,2010-07-30,1.00000,,,,0.61136,0.47672,0.74601,101
53,MARKET,2010-08-06,1.00000,,,,0.62369,0.48769,0.75969,101
54,MARKET,2010-08-13,1.00000,,,,0.62440,0.48989,0.75892,101
55,MARKET,2010-08-20,1.00000,,,,0.62340,0.48955,0.75724,101
56,MARKET,2010-08-27,1.00000,,,,0.62066,0.48758,0.75373,101
57,MARKET,2010-09-03,1.00000,,,,0.60708,0.46699,0.74716,101
58,MARKET,2010-09-10,1.00000,,,,0.61104,0.47014,0.75193,101
59,MARKET,2010-09-17,1.00000,,,,0.61372,0.47115,0.75629,101
60,MARKET,2010-09-24,1.00000,,,,0.62593,0.47200,0.77986,101
61,MARKET,2010-10-01,1.00000,,,,0.62187,0.46164,0.78209,101
62,MARKET,2010-10-08,1.00000,,,,0.55427,0.44113,0.66741,101
63,MARKET,2010-10-15,1.00000,,,,0.55042,0.43498,0.66587,101
64,MARKET,2010-10-22,1.00000,,,,0.54492,0.42440,0.66543,101
65,MARKET,2010-10-29,1.00000,,,,0.53517,0.41504,0.65529,101
66,MARKET,2010-11-05,1.00000,,,,0.57038,0.42513,0.71564,101
67,MARKET,2010-11-12,1.00000,,,,0.55592,0.42535,0.68649,101
68,MARKET,2010-11-19,1.00000,,,,0.51427,0.41984,0.60870,101
69,MARKET,2010-11-26,1.00000,,,,0.48313,0.39179,0.57446,101
70,MARKET,2010-12-03,1.00000,,,,0.49611,0.37420,0.61803,101
71,MARKET,2010-12-10,1.00000,,,,0.48957,0.35484,0.62431,101
72,MARKET,2010-12-17,1.00000,,,,0.50843,0.37870,0.63816,101
73,MARKET,2010-12-24,1.00000,,,,0.52487,0.39098,0.65876,101
74,MARKET,2010-12-31,1.00000,,,,0.50175,0.34740,0.65611,101
75,MARKET,2011-01-07,1.00000,,,,0.50680,0.35350,0.66009,101
76,MARKET,2011-01-14,1.00000,,,,0.51898,0.37760,0.66036,101
77,MARKET,2011-01-21,1.00000,,,,0.53138,0.39402,0.66875,101
78,MARKET,2011-01-28,1.00000,,,,0.54651,0.40774,0.68528,101
79,MARKET,2011-02-04,1.00000,,,,0.54609,0.40766,0.68453,101
80,MARKET,2011-02-11,1.00000,,,,0.54593,0.40740,0.68446,101
81,MARKET,2011-02-18,1.00000,,,,0.51393,0.37111,0.65675,101
82,MARKET,2011-02-25,1.00000,,,,0.51117,0.36225,0.66009,101
83,MARKET,2011-03-04,1.00000,,,,0.49624,0.34398,0.64849,101
84,MARKET,2011-03-11,1.00000,,,,0.50443,0.35704,0.65181,101
85,MARKET,2011-03-18,1.00000,,,,0.50755,0.35139,0.66371,101
86,MARKET,2011-03-25,1.00000,,,,0.50659,0.35098,0.66221,101
87,MARKET,2011-04-01,1.00000,,,,0.50756,0.35166,0.66346,101
88,MARKET,2011-04-08,1.00000,,,,0.48670,0.32861,0.64480,101
89,MARKET,2011-04-15,1.00000,,,,0.49085,0.33623,0.64546,101
90,MARKET,2011-04-22,1.00000,,,,0.49105,0.33719,0.64491,102
91,MARKET,2011-04-29,1.00000,,,,0.49290,0.33978,0.64602,103
92,MARKET,2011-05-06,1.00000,,,,0.45940,0.30914,0.60966,104
93,MARKET,2011-05-13,1.00000,,,,0.45530,0.30188,0.60872,104
94,MARKET,2011-05-20,1.00000,,,,0.45668,0.29917,0.61419,104
95,MARKET,2011-05-27,1.00000,,,,0.46052,0.29872,0.62232,104
96,MARKET,2011-06-03,1.00000,,,,0.45995,0.29724,0.62267,104
97,MARKET,2011-06-10,1.00000,,,,0.45449,0.29117,0.61780,104
98,MARKET,2011-06-17,1.00000,,,,0.44778,0.28829,0.60728,104
99,MARKET,2011-06-24,1.00000,,,,0.44294,0.28832,0.59756,104
100,MARKET,2011-07-01,1.00000,,,,0.45549,0.29967,0.61131,104
101,MARKET,2011-07-08,1.00000,,,,0.42531,0.27624,0.57437,104
102,MARKET,2011-07-15,1.00000,,,,0.40942,0.26339,0.55545,104
103,MARKET,2011-07-22,1.00000,,,,0.40355,0.25472,0.55239,104
104,MARKET,2011-07-29,1.00000,,,,0.40614,0.25783,0.55445,104
105,MARKET,2011-08-05,1.00000,,,,0.45032,0.28110,0.61954,104
106,MARKET,2011-08-12,1.00000,,,,0.44958,0.28061,0.61856,104
107,MARKET,2011-08-19,1.00000,,,,0.44806,0.28005,0.61608,104
108,MARKET,2011-08-26,1.00000,,,,0.45177,0.28228,0.62125,104
109,MARKET,2011-09-02,1.00000,,,,0.46004,0.28172,0.63836,104
110,MARKET,2011-09-09,1.00000,,,,0.45857,0.28117,0.63597,104
111,MARKET,2011-09-16,1.00000,,,,0.44936,0.26853,0.63018,104
112,MARKET,2011-09-23,1.00000,,,,0.48507,0.30195,0.66820,104
113,MARKET,2011-09-30,1.00000,,,,0.49369,0.31082,0.67655,104
114,MARKET,2011-10-07,1.00000,,,,0.47892,0.29691,0.66093,104
115,MARKET,2011-10-14,1.00000,,,,0.51546,0.32778,0.70315,104
116,MARKET,2011-10-21,1.00000,,,,0.50374,0.32086,0.68663,104
117,MARKET,2011-10-28,1.00000,,,,0.49922,0.31246,0.68598,104
118,MARKET,2011-11-04,1.00000,,,,0.49612,0.30978,0.68247,104
119,MARKET,2011-11-11,1.00000,,,,0.49839,0.31276,0.68403,104
120,MARKET,2011-11-18,1.00000,,,,0.50108,0.32051,0.68164,104
121,MARKET,2011-11-25,1.00000,,,,0.50682,0.32691,0.68674,104
122,MARKET,2011-12-02,1.00000,,,,0.51828,0.33509,0.70148,104
123,MARKET,2011-12-09,1.00000,,,,0.54513,0.36097,0.72928,104
124,MARKET,2011-12-16,1.00000,,,,0.54590,0.36482,0.72699,104
125,MARKET,2011-12-23,1.00000,,,,0.55074,0.36917,0.73231,104
126,MARKET,2011-12-30,1.00000,,,,0.55281,0.37025,0.73536,104
127,MARKET,2012-01-06,1.00000,,,,0.54847,0.36736,0.72959,104
128,MARKET,2012-01-13,1.00000,,,,0.55076,0.36640,0.73513,104
129,MARKET,2012-01-20,1.00000,,,,0.54083,0.35144,0.73023,104
130,MARKET,2012-01-27,1.00000,,,,0.54644,0.35717,0.73571,104
131,MARKET,2012-02-03,1.00000,,,,0.54613,0.35536,0.73691,104
132,MARKET,2012-02-10,1.00000,,,,0.55957,0.36617,0.75297,104
133,MARKET,2012-02-17,1.00000,,,,0.55859,0.36057,0.75661,104
134,MARKET,2012-02-24,1.00000,,,,0.55349,0.35782,0.74916,104
135,MARKET,2012-03-02,1.00000,,,,0.54575,0.35123,0.74027,104
136,MARKET,2012-03-09,1.00000,,,,0.54494,0.35069,0.73920,104
137,MARKET,2012-03-16,1.00000,,,,0.54404,0.34941,0.73866,104
138,MARKET,2012-03-23,1.00000,,,,0.54639,0.35204,0.74073,104
139,MARKET,2012-03-30,1.00000,,,,0.54785,0.35234,0.74336,104
140,MARKET,2012-04-06,1.00000,,,,0.54616,0.35103,0.74130,104
141,MARKET,2012-04-13,1.00000,,,,0.54786,0.35255,0.74318,104
142,MARKET,2012-04-20,1.00000,,,,0.54143,0.34741,0.73545,104
143,MARKET,2012-04-27,1.00000,,,,0.54110,0.34691,0.73529,104
144,MARKET,2012-05-04,1.00000,,,,0.50408,0.31441,0.69375,104
145,MARKET,2012-05-11,1.00000,,,,0.51084,0.31891,0.70277,104
146,MARKET,2012-05-18,1.00000,,,,0.50235,0.31014,0.69455,104
147,MARKET,2012-05-25,1.00000,,,,0.49908,0.30663,0.69152,104
148,MARKET,2012-06-01,1.00000,,,,0.49827,0.31502,0.68152,104
149,MARKET,2012-06-08,1.00000,,,,0.49899,0.31476,0.68322,104
150,MARKET,2012-06-15,1.00000,,,,0.49787,0.31125,0.68450,104
151,MARKET,2012-06-22,1.00000,,,,0.48564,0.30565,0.66563,104
152,MARKET,2012-06-29,1.00000,,,,0.48415,0.30477,0.66353,104
153,MARKET,2012-07-06,1.00000,,,,0.47007,0.29405,0.64610,104
154,MARKET,2012-07-13,1.00000,,,,0.47140,0.29653,0.64627,104
155,MARKET,2012-07-20,1.00000,,,,0.46565,0.29385,0.63745,104
156,MARKET,2012-07-27,1.00000,,,,0.46549,0.29377,0.63722,104
157,MARKET,2012-08-03,1.00000,,,,0.45969,0.28971,0.62966,104
158,MARKET,2012-08-10,1.00000,,,,0.44926,0.27505,0.62347,104
159,MARKET,2012-08-17,1.00000,,,,0.44939,0.27444,0.62434,104
160,MARKET,2012-08-24,1.00000,,,,0.45527,0.27945,0.63109,104
161,MARKET,2012-08-31,1.00000,,,,0.45675,0.28116,0.63234,104
162,MARKET,2012-09-07,1.00000,,,,0.45542,0.27976,0.63109,104
163,MARKET,2012-09-14,1.00000,,,,0.45550,0.28018,0.63082,104
164,MARKET,2012-09-21,1.00000,,,,0.44104,0.26835,0.61374,104
165,MARKET,2012-09-28,1.00000,,,,0.44641,0.27043,0.62239,104
166,MARKET,2012-10-05,1.00000,,,,0.44522,0.26919,0.62126,104
167,MARKET,2012-10-12,1.00000,,,,0.44656,0.26974,0.62338,104
168,MARKET,2012-10-19,1.00000,,,,0.43981,0.26481,0.61481,104
169,MARKET,2012-10-26,1.00000,,,,0.44043,0.26580,0.61505,104
170,MARKET,2012-11-02,1.00000,,,,0.43256,0.25626,0.60886,104
171,MARKET,2012-11-09,1.00000,,,,0.42610,0.24881,0.60339,104
172,MARKET,2012-11-16,1.00000,,,,0.42522,0.24657,0.60386,104
173,MARKET,2012-11-23,1.00000,,,,0.42756,0.24818,0.60693,104
174,MARKET,2012-11-30,1.00000,,,,0.42338,0.24022,0.60654,104
175,MARKET,2012-12-07,1.00000,,,,0.41852,0.23744,0.59959,104
176,MARKET,2012-12-14,1.00000,,,,0.41746,0.23684,0.59809,104
177,MARKET,2012-12-21,1.00000,,,,0.41261,0.23187,0.59334,104
178,MARKET,2012-12-28,1.00000,,,,0.41213,0.23127,0.59298,104
179,MARKET,2013-01-04,1.00000,,,,0.41306,0.23196,0.59415,104
180,MARKET,2013-01-11,1.00000,,,,0.41681,0.23296,0.60066,104
181,MARKET,2013-01-18,1.00000,,,,0.41538,0.23122,0.59954,104
182,MARKET,2013-01-25,1.00000,,,,0.41575,0.23187,0.59964,104
183,MARKET,2013-02-01,1.00000,,,,0.41221,0.22947,0.59495,104
184,MARKET,2013-02-08,1.00000,,,,0.41178,0.22908,0.59448,104
185,MARKET,2013-02-15,1.00000,,,,0.41259,0.23015,0.59503,104
186,MARKET,2013-02-22,1.00000,,,,0.43439,0.24930,0.61949,104
187,MARKET,2013-03-01,1.00000,,,,0.43259,0.24763,0.61754,104
188,MARKET,2013-03-08,1.00000,,,,0.42869,0.24328,0.61409,104
189,MARKET,2013-03-15,1.00000,,,,0.42787,0.24287,0.61286,104
190,MARKET,2013-03-22,1.00000,,,,0.42642,0.24177,0.61107,104
191,MARKET,2013-03-29,1.00000,,,,0.42405,0.23910,0.60900,104
192,MARKET,2013-04-05,1.00000,,,,0.43746,0.25387,0.62106,104
193,MARKET,2013-04-12,1.00000,,,,0.43222,0.24677,0.61766,104
194,MARKET,2013-04-19,1.00000,,,,0.43079,0.24661,0.61498,104
195,MARKET,2013-04-26,1.00000,,,,0.43114,0.24395,0.61833,104
196,MARKET,2013-05-03,1.00000,,,,0.47744,0.28498,0.66990,104
197,MARKET,2013-05-10,1.00000,,,,0.48556,0.29250,0.67862,104
198,MARKET,2013-05-17,1.00000,,,,0.48613,0.29275,0.67951,104
199,MARKET,2013-05-24,1.00000,,,,0.48993,0.29730,0.68256,104
200,MARKET,2013-05-31,1.00000,,,,0.48714,0.29536,0.67892,104
201,MARKET,2013-06-07,1.00000,,,,0.48119,0.28827,0.67412,104
202,MARKET,2013-06-14,1.00000,,,,0.48036,0.28244,0.67829,104
203,MARKET,2013-06-21,1.00000,,,,0.48645,0.27955,0.69335,104
204,MARKET,2013-06-28,1.00000,,,,0.46789,0.24978,0.68601,104
205,MARKET,2013-07-05,1.00000,,,,0.48765,0.26694,0.70835,104
206,MARKET,2013-07-12,1.00000,,,,0.48905,0.26849,0.70960,104
207,MARKET,2013-07-19,1.00000,,,,0.48613,0.26745,0.70480,104
208,MARKET,2013-07-26,1.00000,,,,0.48339,0.26688,0.69989,104
209,MARKET,2013-08-02,1.00000,,,,0.40334,0.22998,0.57670,104
210,MARKET,2013-08-09,1.00000,,,,0.40330,0.22969,0.57690,104
211,MARKET,2013-08-16,1.00000,,,,0.40322,0.23012,0.57632,104
212,MARKET,2013-08-23,1.00000,,,,0.39932,0.22555,0.57310,104
213,MARKET,2013-08-30,1.00000,,,,0.39091,0.21708,0.56474,104
214,MARKET,2013-09-06,1.00000,,,,0.39286,0.21878,0.56694,104
215,MARKET,2013-09-13,1.00000,,,,0.38909,0.21432,0.56387,104
216,MARKET,2013-09-20,1.00000,,,,0.33648,0.17004,0.50292,104
217,MARKET,2013-09-27,1.00000,,,,0.33889,0.17262,0.50516,104
218,MARKET,2013-10-04,1.00000,,,,0.34823,0.17813,0.51834,104
219,MARKET,2013-10-11,1.00000,,,,0.30392,0.11784,0.49001,104
220,MARKET,2013-10-18,1.00000,,,,0.31998,0.13557,0.50439,104
221,MARKET,2013-10-25,1.00000,,,,0.29405,0.09990,0.48820,104
222,MARKET,2013-11-01,1.00000,,,,0.30254,0.10705,0.49803,104
223,MARKET,2013-11-08,1.00000,,,,0.30228,0.10567,0.49889,104
224,MARKET,2013-11-15,1.00000,,,,0.28424,0.09006,0.47842,104
225,MARKET,2013-11-22,1.00000,,,,0.26829,0.07839,0.45819,104
226,MARKET,2013-11-29,1.00000,,,,0.23888,0.05930,0.41845,104
227,MARKET,2013-12-06,1.00000,,,,0.23105,0.05003,0.41206,104
228,MARKET,2013-12-13,1.00000,,,,0.21841,0.03748,0.39934,104
229,MARKET,2013-12-20,1.00000,,,,0.20258,0.01923,0.38593,104
230,MARKET,2013-12-27,1.00000,,,,0.20341,0.01993,0.38689,104
231,MARKET,2014-01-03,1.00000,,,,0.19617,0.00984,0.38249,104
232,MARKET,2014-01-10,1.00000,,,,0.20232,0.01643,0.38822,104
233,MARKET,2014-01-17,1.00000,,,,0.20298,0.01716,0.38879,104
234,MARKET,2014-01-24,1.00000,,,,0.19915,0.01229,0.38601,104
235,MARKET,2014-01-31,1.00000,,,,0.19537,0.00767,0.38307,104
236,MARKET,2014-02-07,1.00000,,,,0.19935,0.01289,0.38581,104
237,MARKET,2014-02-14,1.00000,,,,0.19835,0.01074,0.38597,104
238,MARKET,2014-02-21,1.00000,,,,0.19960,0.00586,0.39334,104
239,MARKET,2014-02-28,1.00000,,,,0.19948,0.00531,0.39365,104
240,MARKET,2014-03-07,1.00000,,,,0.20399,0.00981,0.39817,104
241,MARKET,2014-03-14,1.00000,,,,0.20519,0.01212,0.39826,104
242,MARKET,2014-03-21,1.00000,,,,0.19861,0.00339,0.39384,104
243,MARKET,2014-03-28,1.00000,,,,0.19956,0.00423,0.39488,104
244,MARKET,2014-04-04,1.00000,,,,0.19874,0.00328,0.39421,104
245,MARKET,2014-04-11,1.00000,,,,0.19368,-0.00313,0.39049,104
246,MARKET,2014-04-18,1.00000,,,,0.20220,0.00596,0.39844,104
247,MARKET,2014-04-25,1.00000,,,,0.20586,0.00964,0.40208,104
248,MARKET,2014-05-02,1.00000,,,,0.19368,-0.01023,0.39758,104
249,MARKET,2014-05-09,1.00000,,,,0.19126,-0.01226,0.39479,104
250,MARKET,2014-05-16,1.00000,,,,0.15580,-0.03447,0.34607,104
251,MARKET,2014-05-23,1.00000,,,,0.15629,-0.03407,0.34665,104
252,MARKET,2014-05-30,1.00000,,,,0.11386,-0.07618,0.30390,104
253,MARKET,2014-06-06,1.00000,,,,0.10701,-0.08298,0.29700,104
254,MARKET,2014-06-13,1.00000,,,,0.10530,-0.08261,0.29321,104
255,MARKET,2014-06-20,1.00000,,,,0.09327,-0.09731,0.28386,104
256,MARKET,2014-06-27,1.00000,,,,0.03766,-0.11520,0.19053,104
257,MARKET,2014-07-04,1.00000,,,,0.03149,-0.11995,0.18293,104
258,MARKET,2014-07-11,1.00000,,,,0.04448,-0.11087,0.19982,104
259,MARKET,2014-07-18,1.00000,,,,0.03524,-0.12500,0.19548,104
260,MARKET,2014-07-25,1.00000,,,,0.03672,-0.12381,0.19726,104
261,MARKET,2014-08-01,1.00000,,,,0.05632,-0.11203,0.22467,104
262,MARKET,2014-08-08,1.00000,,,,0.05449,-0.11748,0.22646,104
263,MARKET,2014-08-15,1.00000,,,,0.03932,-0.12848,0.20712,104
264,MARKET,2014-08-22,1.00000,,,,0.03978,-0.12811,0.20767,104
265,MARKET,2014-08-29,1.00000,,,,0.03958,-0.12837,0.20753,104
266,MARKET,2014-09-05,1.00000,,,,0.03703,-0.12942,0.20349,104
267,MARKET,2014-09-12,1.00000,,,,0.03886,-0.12573,0.20344,104
268,MARKET,2014-09-19,1.00000,,,,0.05602,-0.10794,0.21997,104
269,MARKET,2014-09-26,1.00000,,,,0.06686,-0.09581,0.22954,104
270,MARKET,2014-10-03,1.00000,,,,0.10343,-0.06861,0.27546,104
271,MARKET,2014-10-10,1.00000,,,,0.13771,-0.05103,0.32645,104
272,MARKET,2014-10-17,1.00000,,,,0.13300,-0.03753,0.30354,104
273,MARKET,2014-10-24,1.00000,,,,0.14447,-0.03265,0.32158,104
274,MARKET,2014-10-31,1.00000,,,,0.15090,-0.02684,0.32864,104
275,MARKET,2014-11-07,1.00000,,,,0.16672,-0.00490,0.33833,104
276,MARKET,2014-11-14,1.00000,,,,0.14184,-0.02934,0.31303,104
277,MARKET,2014-11-21,1.00000,,,,0.14160,-0.02413,0.30734,104
278,MARKET,2014-11-28,1.00000,,,,0.23679,0.07362,0.39997,104
279,MARKET,2014-12-05,1.00000,,,,0.23905,0.07474,0.40335,104
280,MARKET,2014-12-12,1.00000,,,,0.26235,0.10550,0.41919,104
281,MARKET,2014-12-19,1.00000,,,,0.26062,0.10189,0.41935,104
282,MARKET,2014-12-26,1.00000,,,,0.26569,0.10726,0.42413,104
283,MARKET,2015-01-02,1.00000,,,,0.24962,0.09792,0.40133,104
284,MARKET,2015-01-09,1.00000,,,,0.21956,0.06364,0.37547,104
285,MARKET,2015-01-16,1.00000,,,,0.21676,0.06210,0.37142,104
286,MARKET,2015-01-23,1.00000,,,,0.22712,0.07793,0.37632,104
287,MARKET,2015-01-30,1.00000,,,,0.20309,0.04536,0.36082,104
288,MARKET,2015-02-06,1.00000,,,,0.21202,0.06936,0.35468,104
289,MARKET,2015-02-13,1.00000,,,,0.21223,0.06948,0.35497,104
290,MARKET,2015-02-20,1.00000,,,,0.20530,0.06235,0.34824,104
291,MARKET,2015-02-27,1.00000,,,,0.20313,0.06045,0.34581,104
292,MARKET,2015-03-06,1.00000,,,,0.19888,0.05718,0.34058,104
293,MARKET,2015-03-13,1.00000,,,,0.19720,0.06262,0.33178,104
294,MARKET,2015-03-20,1.00000,,,,0.19809,0.06327,0.33292,104
295,MARKET,2015-03-27,1.00000,,,,0.19725,0.06185,0.33264,104
296,MARKET,2015-04-03,1.00000,,,,0.19371,0.05586,0.33156,104
297,MARKET,2015-04-10,1.00000,,,,0.20105,0.06289,0.33922,104
298,MARKET,2015-04-17,1.00000,,,,0.17805,0.04202,0.31408,104
299,MARKET,2015-04-24,1.00000,,,,0.16998,0.03309,0.30688,104
300,MARKET,2015-05-01,1.00000,,,,0.16474,0.02648,0.30301,104
301,MARKET,2015-05-08,1.00000,,,,0.16303,0.02402,0.30204,104
302,MARKET,2015-05-15,1.00000,,,,0.16341,0.02482,0.30200,104
303,MARKET,2015-05-22,1.00000,,,,0.16335,0.02476,0.30193,104
304,MARKET,2015-05-29,1.00000,,,,0.16385,0.02607,0.30163,104
305,MARKET,2015-06-05,1.00000,,,,0.17263,0.03548,0.30977,104
306,MARKET,2015-06-12,1.00000,,,,0.17031,0.03298,0.30763,104
307,MARKET,2015-06-19,1.00000,,,,0.17001,0.03205,0.30797,104
308,MARKET,2015-06-26,1.00000,,,,0.17211,0.03337,0.31085,104
309,MARKET,2015-07-03,1.00000,,,,0.16996,0.02940,0.31052,104
310,MARKET,2015-07-10,1.00000,,,,0.16396,0.02572,0.30221,104
311,MARKET,2015-07-17,1.00000,,,,0.16159,0.02253,0.30066,104
312,MARKET,2015-07-24,1.00000,,,,0.16362,0.02737,0.29988,104
313,MARKET,2015-07-31,1.00000,,,,0.16383,0.02891,0.29874,104
314,MARKET,2015-08-07,1.00000,,,,0.16207,0.03110,0.29304,104
315,MARKET,2015-08-14,1.00000,,,,0.15848,0.02708,0.28987,104
316,MARKET,2015-08-21,1.00000,,,,0.17535,0.04982,0.30088,104
317,MARKET,2015-08-28,1.00000,,,,0.17451,0.05729,0.29174,104
318,MARKET,2015-09-04,1.00000,,,,0.17362,0.05663,0.29060,104
319,MARKET,2015-09-11,1.00000,,,,0.17533,0.05902,0.29163,104
320,MARKET,2015-09-18,1.00000,,,,0.17694,0.06055,0.29333,104
321,MARKET,2015-09-25,1.00000,,,,0.17416,0.05799,0.29033,104
322,MARKET,2015-10-02,1.00000,,,,0.17467,0.05837,0.29096,104
323,MARKET,2015-10-09,1.00000,,,,0.20208,0.08368,0.32049,104
324,MARKET,2015-10-16,1.00000,,,,0.19980,0.08605,0.31354,104
325,MARKET,2015-10-23,1.00000,,,,0.20762,0.09628,0.31897,104
326,MARKET,2015-10-30,1.00000,,,,0.20206,0.09265,0.31147,104
327,MARKET,2015-11-06,1.00000,,,,0.19675,0.08680,0.30670,104
328,MARKET,2015-11-13,1.00000,,,,0.20314,0.09789,0.30840,104
329,MARKET,2015-11-20,1.00000,,,,0.20980,0.10430,0.31530,104
330,MARKET,2015-11-27,1.00000,,,,0.20958,0.10443,0.31473,104
331,MARKET,2015-12-04,1.00000,,,,0.21578,0.11050,0.32106,104
332,MARKET,2015-12-11,1.00000,,,,0.22080,0.12180,0.31980,104
333,MARKET,2015-12-18,1.00000,,,,0.21953,0.12034,0.31872,104
334,MARKET,2015-12-25,1.00000,,,,0.22051,0.12100,0.32001,104
335,MARKET,2016-01-01,1.00000,,,,0.22052,0.12033,0.32072,104
336,MARKET,2016-01-08,1.00000,,,,0.24373,0.13549,0.35197,104
337,MARKET,2016-01-15,1.00000,,,,0.25508,0.14004,0.37012,104
338,MARKET,2016-01-22,1.00000,,,,0.26287,0.14368,0.38205,104
339,MARKET,2016-01-29,1.00000,,,,0.25901,0.14571,0.37230,104
340,MARKET,2016-02-05,1.00000,,,,0.25638,0.14277,0.36999,104
341,MARKET,2016-02-12,1.00000,,,,0.25960,0.14692,0.37229,104
342,MARKET,2016-02-19,1.00000,,,,0.25912,0.14544,0.37279,104
343,MARKET,2016-02-26,1.00000,,,,0.26253,0.15094,0.37413,104
344,MARKET,2016-03-04,1.00000,,,,0.26688,0.15977,0.37399,104
345,MARKET,2016-03-11,1.00000,,,,0.26317,0.15748,0.36886,104
346,MARKET,2016-03-18,1.00000,,,,0.26399,0.15897,0.36902,104
347,MARKET,2016-03-25,1.00000,,,,0.26373,0.15881,0.36864,104
348,MARKET,2016-04-01,1.00000,,,,0.26501,0.16060,0.36941,104
349,MARKET,2016-04-08,1.00000,,,,0.26088,0.15692,0.36484,104
350,MARKET,2016-04-15,1.00000,,,,0.26345,0.16012,0.36678,104
351,MARKET,2016-04-22,1.00000,,,,0.26255,0.16056,0.36453,104
352,MARKET,2016-04-29,1.00000,,,,0.26229,0.16265,0.36194,104
353,MARKET,2016-05-06,1.00000,,,,0.26309,0.16493,0.36126,104
354,MARKET,2016-05-13,1.00000,,,,0.25977,0.16262,0.35692,104
355,MARKET,2016-05-20,1.00000,,,,0.26000,0.16311,0.35688,104
356,MARKET,2016-05-27,1.00000,,,,0.26147,0.16458,0.35836,104
357,MARKET,2016-06-03,1.00000,,,,0.26033,0.16392,0.35674,104
358,MARKET,2016-06-10,1.00000,,,,0.26089,0.16384,0.35794,104
359,MARKET,2016-06-17,1.00000,,,,0.26185,0.16530,0.35839,104
360,MARKET,2016-06-24,1.00000,,,,0.26133,0.16458,0.35809,104
361,MARKET,2016-07-01,1.00000,,,,0.26597,0.16915,0.36278,104
362,MARKET,2016-07-08,1.00000,,,,0.25980,0.16396,0.35565,104
363,MARKET,2016-07-15,1.00000,,,,0.26070,0.16494,0.35646,104
364,MARKET,2016-07-22,1.00000,,,,0.25849,0.16310,0.35388,104
365,MARKET,2016-07-29,1.00000,,,,0.25749,0.16333,0.35166,104
366,MARKET,2016-08-05,1.00000,,,,0.25624,0.16251,0.34998,104
367,MARKET,2016-08-12,1.00000,,,,0.25750,0.16528,0.34972,104
368,MARKET,2016-08-19,1.00000,,,,0.24515,0.15128,0.33902,104
369,MARKET,2016-08-26,1.00000,,,,0.24442,0.15019,0.33864,104
370,MARKET,2016-09-02,1.00000,,,,0.24070,0.14547,0.33593,104
371,MARKET,2016-09-09,1.00000,,,,0.23948,0.14355,0.33541,104
372,MARKET,2016-09-16,1.00000,,,,0.24235,0.14807,0.33663,104
373,MARKET,2016-09-23,1.00000,,,,0.24283,0.14811,0.33754,104
374,MARKET,2016-09-30,1.00000,,,,0.23572,0.14218,0.32926,104
375,MARKET,2016-10-07,1.00000,,,,0.23126,0.13798,0.32453,104
376,MARKET,2016-10-14,1.00000,,,,0.23458,0.14027,0.32890,104
377,MARKET,2016-10-21,1.00000,,,,0.23212,0.13765,0.32659,104
378,MARKET,2016-10-28,1.00000,,,,0.23088,0.13697,0.32479,104
379,MARKET,2016-11-04,1.00000,,,,0.23389,0.14245,0.32534,104
380,MARKET,2016-11-11,1.00000,,,,0.24281,0.14720,0.33842,104
381,MARKET,2016-11-18,1.00000,,,,0.24190,0.14648,0.33731,104
382,MARKET,2016-11-25,1.00000,,,,0.22311,0.13165,0.31457,104
383,MARKET,2016-12-02,1.00000,,,,0.20486,0.11405,0.29567,104
384,MARKET,2016-12-09,1.00000,,,,0.19620,0.10043,0.29198,104
385,MARKET,2016-12-16,1.00000,,,,0.19703,0.10206,0.29200,104
386,MARKET,2016-12-23,1.00000,,,,0.19688,0.10196,0.29181,104
387,MARKET,2016-12-30,1.00000,,,,0.20039,0.10407,0.29670,104
388,MARKET,2017-01-06,1.00000,,,,0.21284,0.11500,0.31069,104
389,MARKET,2017-01-13,1.00000,,,,0.21325,0.11482,0.31168,104
390,MARKET,2017-01-20,1.00000,,,,0.21012,0.11136,0.30888,104
391,MARKET,2017-01-27,1.00000,,,,0.22070,0.12053,0.32087,104
392,MARKET,2017-02-03,1.00000,,,,0.21480,0.11177,0.31783,104
393,MARKET,2017-02-10,1.00000,,,,0.21493,0.11204,0.31781,104
394,MARKET,2017-02-17,1.00000,,,,0.21902,0.11612,0.32192,104
395,MARKET,2017-02-24,1.00000,,,,0.22021,0.11690,0.32352,104
396,MARKET,2017-03-03,1.00000,,,,0.22292,0.11909,0.32676,104
397,MARKET,2017-03-10,1.00000,,,,0.21556,0.10908,0.32204,104
398,MARKET,2017-03-17,1.00000,,,,0.21489,0.10849,0.32128,104
399,MARKET,2017-03-24,1.00000,,,,0.21735,0.11147,0.32323,104
400,MARKET,2017-03-31,1.00000,,,,0.21380,0.10806,0.31954,104
401,MARKET,2017-04-07,1.00000,,,,0.20996,0.10431,0.31561,104
402,MARKET,2017-04-14,1.00000,,,,0.22212,0.11676,0.32747,104
403,MARKET,2017-04-21,1.00000,,,,0.22464,0.12178,0.32750,104
404,MARKET,2017-04-28,1.00000,,,,0.22727,0.12401,0.33053,104
405,MARKET,2017-05-05,1.00000,,,,0.22256,0.11964,0.32547,104
406,MARKET,2017-05-12,1.00000,,,,0.22342,0.12104,0.32581,104
407,MARKET,2017-05-19,1.00000,,,,0.22075,0.11905,0.32244,104
408,MARKET,2017-05-26,1.00000,,,,0.22112,0.11972,0.32251,104
409,MARKET,2017-06-02,1.00000,,,,0.22321,0.12245,0.32397,104
410,MARKET,2017-06-09,1.00000,,,,0.22456,0.12419,0.32493,104
411,MARKET,2017-06-16,1.00000,,,,0.22482,0.12453,0.32511,104
412,MARKET,2017-06-23,1.00000,,,,0.22458,0.12512,0.32404,104
413,MARKET,2017-06-30,1.00000,,,,0.22243,0.12361,0.32125,104
414,MARKET,2017-07-07,1.00000,,,,0.22564,0.12652,0.32475,104
415,MARKET,2017-07-14,1.00000,,,,0.23244,0.13404,0.33084,104
416,MARKET,2017-07-21,1.00000,,,,0.23192,0.13241,0.33144,104
417,MARKET,2017-07-28,1.00000,,,,0.23028,0.13313,0.32744,104
418,MARKET,2017-08-04,1.00000,,,,0.23363,0.13405,0.33321,104
419,MARKET,2017-08-11,1.00000,,,,0.23545,0.13536,0.33555,104
420,MARKET,2017-08-18,1.00000,,,,0.22530,0.12250,0.32810,104
421,MARKET,2017-08-25,1.00000,,,,0.22970,0.12319,0.33621,104
422,MARKET,2017-09-01,1.00000,,,,0.22867,0.12147,0.33586,104
423,MARKET,2017-09-08,1.00000,,,,0.22717,0.11973,0.33461,104
424,MARKET,2017-09-15,1.00000,,,,0.22910,0.12190,0.33629,104
425,MARKET,2017-09-22,1.00000,,,,0.23173,0.12374,0.33971,104
426,MARKET,2017-09-29,1.00000,,,,0.23221,0.12402,0.34040,104
427,MARKET,2017-10-06,1.00000,,,,0.21440,0.10515,0.32365,104
428,MARKET,2017-10-13,1.00000,,,,0.21718,0.10522,0.32914,104
429,MARKET,2017-10-20,1.00000,,,,0.21855,0.10692,0.33018,104
430,MARKET,2017-10-27,1.00000,,,,0.22117,0.11006,0.33228,104
431,MARKET,2017-11-03,1.00000,,,,0.22838,0.11598,0.34077,104
432,MARKET,2017-11-10,1.00000,,,,0.22139,0.10541,0.33738,104
433,MARKET,2017-11-17,1.00000,,,,0.22043,0.10538,0.33547,104
434,MARKET,2017-11-24,1.00000,,,,0.22042,0.10538,0.33546,104
435,MARKET,2017-12-01,1.00000,,,,0.21825,0.10208,0.33443,104
436,MARKET,2017-12-08,1.00000,,,,0.21362,0.08735,0.33989,104
437,MARKET,2017-12-15,1.00000,,,,0.21278,0.08586,0.33970,104
438,MARKET,2017-12-22,1.00000,,,,0.21358,0.08778,0.33938,104
439,MARKET,2017-12-29,1.00000,,,,0.21591,0.08710,0.34471,104
440,MARKET,2018-01-05,1.00000,,,,0.18324,0.08936,0.27712,104
441,MARKET,2018-01-12,1.00000,,,,0.16225,0.08168,0.24282,104
442,MARKET,2018-01-19,1.00000,,,,0.15903,0.07988,0.23818,104
443,MARKET,2018-01-26,1.00000,,,,0.15618,0.07516,0.23720,104
444,MARKET,2018-02-02,1.00000,,,,0.15939,0.07825,0.24052,104
445,MARKET,2018-02-09,1.00000,,,,0.15733,0.08245,0.23220,104
446,MARKET,2018-02-16,1.00000,,,,0.16560,0.08681,0.24440,104
447,MARKET,2018-02-23,1.00000,,,,0.16147,0.08424,0.23869,104
448,MARKET,2018-03-02,1.00000,,,,0.15975,0.07706,0.24243,104
449,MARKET,2018-03-09,1.00000,,,,0.16513,0.07952,0.25075,104
450,MARKET,2018-03-16,1.00000,,,,0.16407,0.07908,0.24906,104
451,MARKET,2018-03-23,1.00000,,,,0.15589,0.07381,0.23797,104
452,MARKET,2018-03-30,1.00000,,,,0.15075,0.06871,0.23279,104
453,MARKET,2018-04-06,1.00000,,,,0.15308,0.06817,0.23799,104
454,MARKET,2018-04-13,1.00000,,,,0.15667,0.07584,0.23750,104
455,MARKET,2018-04-20,1.00000,,,,0.15495,0.07410,0.23581,104
456,MARKET,2018-04-27,1.00000,,,,0.15312,0.07084,0.23539,104
457,MARKET,2018-05-04,1.00000,,,,0.14860,0.06463,0.23257,104
458,MARKET,2018-05-11,1.00000,,,,0.15272,0.06700,0.23844,104
459,MARKET,2018-05-18,1.00000,,,,0.15284,0.06705,0.23863,104
460,MARKET,2018-05-25,1.00000,,,,0.15808,0.07163,0.24453,104
461,MARKET,2018-06-01,1.00000,,,,0.15933,0.07196,0.24670,104
462,MARKET,2018-06-08,1.00000,,,,0.15876,0.07126,0.24626,104
463,MARKET,2018-06-15,1.00000,,,,0.15286,0.06713,0.23859,104
464,MARKET,2018-06-22,1.00000,,,,0.14941,0.06415,0.23466,104
465,MARKET,2018-06-29,1.00000,,,,0.14152,0.05764,0.22540,104
466,MARKET,2018-07-06,1.00000,,,,0.14353,0.05754,0.22952,104
467,MARKET,2018-07-13,1.00000,,,,0.14279,0.05767,0.22791,104
468,MARKET,2018-07-20,1.00000,,,,0.14411,0.05827,0.22996,104
469,MARKET,2018-07-27,1.00000,,,,0.13843,0.04809,0.22877,104
470,MARKET,2018-08-03,1.00000,,,,0.14083,0.05063,0.23102,104
471,MARKET,2018-08-10,1.00000,,,,0.13954,0.04702,0.23206,104
472,MARKET,2018-08-17,1.00000,,,,0.15662,0.06714,0.24611,104
473,MARKET,2018-08-24,1.00000,,,,0.16106,0.07227,0.24985,104
474,MARKET,2018-08-31,1.00000,,,,0.16777,0.07566,0.25988,104
475,MARKET,2018-09-07,1.00000,,,,0.17122,0.07807,0.26436,104
476,MARKET,2018-09-14,1.00000,,,,0.16221,0.06859,0.25583,104
477,MARKET,2018-09-21,1.00000,,,,0.16309,0.06953,0.25664,104
478,MARKET,2018-09-28,1.00000,,,,0.16744,0.07207,0.26280,104
479,MARKET,2018-10-05,1.00000,,,,0.16646,0.06969,0.26323,104
480,MARKET,2018-10-12,1.00000,,,,0.17912,0.08016,0.27807,104
481,MARKET,2018-10-19,1.00000,,,,0.17873,0.08007,0.27738,104
482,MARKET,2018-10-26,1.00000,,,,0.19075,0.08534,0.29615,104
483,MARKET,2018-11-02,1.00000,,,,0.16071,0.05657,0.26485,104
484,MARKET,2018-11-09,1.00000,,,,0.16023,0.05779,0.26266,104
485,MARKET,2018-11-16,1.00000,,,,0.16487,0.06550,0.26424,104
486,MARKET,2018-11-23,1.00000,,,,0.18454,0.08969,0.27938,104
487,MARKET,2018-11-30,1.00000,,,,0.21711,0.13521,0.29902,104
488,MARKET,2018-12-07,1.00000,,,,0.20588,0.12776,0.28400,104
489,MARKET,2018-12-14,1.00000,,,,0.20934,0.13171,0.28697,104
490,MARKET,2018-12-21,1.00000,,,,0.21794,0.14681,0.28906,104
491,MARKET,2018-12-28,1.00000,,,,0.21799,0.14722,0.28876,104
492,MARKET,2019-01-04,1.00000,,,,0.22633,0.15527,0.29739,104
493,MARKET,2019-01-11,1.00000,,,,0.22746,0.15772,0.29721,104
494,MARKET,2019-01-18,1.00000,,,,0.22858,0.15896,0.29819,104
495,MARKET,2019-01-25,1.00000,,,,0.23067,0.16052,0.30083,104
496,MARKET,2019-02-01,1.00000,,,,0.23282,0.16276,0.30288,104
497,MARKET,2019-02-08,1.00000,,,,0.23247,0.16238,0.30257,104
498,MARKET,2019-02-15,1.00000,,,,0.24092,0.16951,0.31232,104
499,MARKET,2019-02-22,1.00000,,,,0.24113,0.16976,0.31250,104
500,MARKET,2019-03-01,1.00000,,,,0.24137,0.17052,0.31222,104
501,MARKET,2019-03-08,1.00000,,,,0.25717,0.19163,0.32271,104
502,MARKET,2019-03-15,1.00000,,,,0.25856,0.19299,0.32412,104
503,MARKET,2019-03-22,1.00000,,,,0.25720,0.19107,0.32334,104
504,MARKET,2019-03-29,1.00000,,,,0.25984,0.19429,0.32540,104
505,MARKET,2019-04-05,1.00000,,,,0.26444,0.19891,0.32997,104
506,MARKET,2019-04-12,1.00000,,,,0.26378,0.19823,0.32934,104
507,MARKET,2019-04-19,1.00000,,,,0.26233,0.19350,0.33116,104
508,MARKET,2019-04-26,1.00000,,,,0.26310,0.19455,0.33164,104
509,MARKET,2019-05-03,1.00000,,,,0.27464,0.20962,0.33966,104
510,MARKET,2019-05-10,1.00000,,,,0.27393,0.20798,0.33989,104
511,MARKET,2019-05-17,1.00000,,,,0.27959,0.21360,0.34558,104
512,MARKET,2019-05-24,1.00000,,,,0.27692,0.21223,0.34162,104
513,MARKET,2019-05-31,1.00000,,,,0.28258,0.21816,0.34701,104
514,MARKET,2019-06-07,1.00000,,,,0.27948,0.21529,0.34366,104
515,MARKET,2019-06-14,1.00000,,,,0.27921,0.21514,0.34327,104
516,MARKET,2019-06-21,1.00000,,,,0.27860,0.21462,0.34257,104
517,MARKET,2019-06-28,1.00000,,,,0.27941,0.21417,0.34465,104
518,MARKET,2019-07-05,1.00000,,,,0.27108,0.20301,0.33915,104
519,MARKET,2019-07-12,1.00000,,,,0.26067,0.18922,0.33212,104
520,MARKET,2019-07-19,1.00000,,,,0.26402,0.19594,0.33209,104
521,MARKET,2019-07-26,1.00000,,,,0.26976,0.19904,0.34048,104
522,MARKET,2019-08-02,1.00000,,,,0.27188,0.20138,0.34238,104
523,MARKET,2019-08-09,1.00000,,,,0.27298,0.20392,0.34204,104
524,MARKET,2019-08-16,1.00000,,,,0.27336,0.20416,0.34256,104
525,MARKET,2019-08-23,1.00000,,,,0.27455,0.20531,0.34379,104
526,MARKET,2019-08-30,1.00000,,,,0.27725,0.20760,0.34690,104
527,MARKET,2019-09-06,1.00000,,,,0.27955,0.20962,0.34949,104
528,MARKET,2019-09-13,1.00000,,,,0.27337,0.20380,0.34294,104
529,MARKET,2019-09-20,1.00000,,,,0.27144,0.20347,0.33941,104
530,MARKET,2019-09-27,1.00000,,,,0.27451,0.20684,0.34218,104
531,MARKET,2019-10-04,1.00000,,,,0.27780,0.21104,0.34455,104
532,MARKET,2019-10-11,1.00000,,,,0.27959,0.21276,0.34642,104
533,MARKET,2019-10-18,1.00000,,,,0.27813,0.21191,0.34436,104
534,MARKET,2019-10-25,1.00000,,,,0.27907,0.21284,0.34530,104
535,MARKET,2019-11-01,1.00000,,,,0.27735,0.21071,0.34399,104
536,MARKET,2019-11-08,1.00000,,,,0.28082,0.21433,0.34730,104
537,MARKET,2019-11-15,1.00000,,,,0.27815,0.21165,0.34465,104
538,MARKET,2019-11-22,1.00000,,,,0.27833,0.21176,0.34489,104
539,MARKET,2019-11-29,1.00000,,,,0.27877,0.21226,0.34529,104
540,MARKET,2019-12-06,1.00000,,,,0.27749,0.21155,0.34342,104
541,MARKET,2019-12-13,1.00000,,,,0.27762,0.21169,0.34356,104
542,MARKET,2019-12-20,1.00000,,,,0.27675,0.21081,0.34270,104
543,MARKET,2019-12-27,1.00000,,,,0.27568,0.20992,0.34144,104
544,MARKET,2020-01-03,1.00000,,,,0.27425,0.20824,0.34026,104
545,MARKET,2020-01-10,1.00000,,,,0.27097,0.20567,0.33627,104
546,MARKET,2020-01-17,1.00000,,,,0.27071,0.20535,0.33606,104
547,MARKET,2020-01-24,1.00000,,,,0.27110,0.20582,0.33637,104
548,MARKET,2020-01-31,1.00000,,,,0.27422,0.21069,0.33776,104
549,MARKET,2020-02-07,1.00000,,,,0.26088,0.19606,0.32571,104
550,MARKET,2020-02-14,1.00000,,,,0.25491,0.19158,0.31824,104
551,MARKET,2020-02-21,1.00000,,,,0.25399,0.19065,0.31733,104
552,MARKET,2020-02-28,1.00000,,,,0.31971,0.18482,0.45460,104
553,MARKET,2020-03-06,1.00000,,,,0.31792,0.19019,0.44566,104
554,MARKET,2020-03-13,1.00000,,,,0.40573,0.23724,0.57423,104
555,MARKET,2020-03-20,1.00000,,,,0.35548,0.23329,0.47767,104
556,MARKET,2020-03-27,1.00000,,,,0.35030,0.22792,0.47269,104
557,MARKET,2020-04-03,1.00000,,,,0.31638,0.19596,0.43681,104
558,MARKET,2020-04-10,1.00000,,,,0.31224,0.18672,0.43776,104
559,MARKET,2020-04-17,1.00000,,,,0.28916,0.14495,0.43337,104
560,MARKET,2020-04-24,1.00000,,,,0.25591,0.10056,0.41125,104
561,MARKET,2020-05-01,1.00000,,,,0.25765,0.11162,0.40369,104
562,MARKET,2020-05-08,1.00000,,,,0.23440,0.08323,0.38556,104
563,MARKET,2020-05-15,1.00000,,,,0.23067,0.07849,0.38286,104
564,MARKET,2020-05-22,1.00000,,,,0.23156,0.08088,0.38224,104
565,MARKET,2020-05-29,1.00000,,,,0.23152,0.08079,0.38226,104
566,MARKET,2020-06-05,1.00000,,,,0.23838,0.09468,0.38209,104
567,MARKET,2020-06-12,1.00000,,,,0.24095,0.09848,0.38341,104
568,MARKET,2020-06-19,1.00000,,,,0.23817,0.09791,0.37843,104
569,MARKET,2020-06-26,1.00000,,,,0.24025,0.09960,0.38089,104
570,MARKET,2020-07-03,1.00000,,,,0.24069,0.10021,0.38117,104
571,MARKET,2020-07-10,1.00000,,,,0.24064,0.10010,0.38118,104
572,MARKET,2020-07-17,1.00000,,,,0.24126,0.09989,0.38263,104
573,MARKET,2020-07-24,1.00000,,,,0.24070,0.09960,0.38180,104
574,MARKET,2020-07-31,1.00000,,,,0.24061,0.09965,0.38157,104
575,MARKET,2020-08-07,1.00000,,,,0.24192,0.10062,0.38323,104
576,MARKET,2020-08-14,1.00000,,,,0.24220,0.10049,0.38390,104
577,MARKET,2020-08-21,1.00000,,,,0.24176,0.09983,0.38369,104
578,MARKET,2020-08-28,1.00000,,,,0.24198,0.09993,0.38402,104
579,MARKET,2020-09-04,1.00000,,,,0.24254,0.10112,0.38396,104
580,MARKET,2020-09-11,1.00000,,,,0.23922,0.09907,0.37936,104
581,MARKET,2020-09-18,1.00000,,,,0.23750,0.09897,0.37602,104
582,MARKET,2020-09-25,1.00000,,,,0.23818,0.09983,0.37653,104
583,MARKET,2020-10-02,1.00000,,,,0.23583,0.09792,0.37374,104
584,MARKET,2020-10-09,1.00000,,,,0.23496,0.09774,0.37219,104
585,MARKET,2020-10-16,1.00000,,,,0.23492,0.09783,0.37201,104
586,MARKET,2020-10-23,1.00000,,,,0.23401,0.09660,0.37142,104
587,MARKET,2020-10-30,1.00000,,,,0.24293,0.10701,0.37884,104
588,MARKET,2020-11-06,1.00000,,,,0.24561,0.10880,0.38243,104
589,MARKET,2020-11-13,1.00000,,,,0.24952,0.11146,0.38759,104
590,MARKET,2020-11-20,1.00000,,,,0.24776,0.10624,0.38927,104
591,MARKET,2020-11-27,1.00000,,,,0.25017,0.10878,0.39156,104
592,MARKET,2020-12-04,1.00000,,,,0.25214,0.11006,0.39421,104
593,MARKET,2020-12-11,1.00000,,,,0.25168,0.10941,0.39395,104
594,MARKET,2020-12-18,1.00000,,,,0.25069,0.10550,0.39589,104
595,MARKET,2020-12-25,1.00000,,,,0.25050,0.10511,0.39589,104
596,MARKET,2021-01-01,1.00000,,,,0.24874,0.10212,0.39536,104
597,MARKET,2021-01-08,1.00000,,,,0.24909,0.10236,0.39581,104
598,MARKET,2021-01-15,1.00000,,,,0.24866,0.10196,0.39537,104
599,MARKET,2021-01-22,1.00000,,,,0.24844,0.10138,0.39550,104
600,MARKET,2021-01-29,1.00000,,,,0.24863,0.10193,0.39532,104
601,MARKET,2021-02-05,1.00000,,,,0.25000,0.10344,0.39656,104
602,MARKET,2021-02-12,1.00000,,,,0.24610,0.10027,0.39193,104
603,MARKET,2021-02-19,1.00000,,,,0.24602,0.10024,0.39179,104
604,MARKET,2021-02-26,1.00000,,,,0.24600,0.10022,0.39177,104
605,MARKET,2021-03-05,1.00000,,,,0.24767,0.10170,0.39365,104
606,MARKET,2021-03-12,1.00000,,,,0.24720,0.10123,0.39317,104
607,MARKET,2021-03-19,1.00000,,,,0.24670,0.10209,0.39131,104
608,MARKET,2021-03-26,1.00000,,,,0.24732,0.10243,0.39220,104
609,MARKET,2021-04-02,1.00000,,,,0.24636,0.10172,0.39100,104
610,MARKET,2021-04-09,1.00000,,,,0.24647,0.10177,0.39117,104
611,MARKET,2021-04-16,1.00000,,,,0.24687,0.10267,0.39107,104
612,MARKET,2021-04-23,1.00000,,,,0.24717,0.10300,0.39134,104
613,MARKET,2021-04-30,1.00000,,,,0.24706,0.10278,0.39134,104
614,MARKET,2021-05-07,1.00000,,,,0.24722,0.10266,0.39178,104
615,MARKET,2021-05-14,1.00000,,,,0.24678,0.10251,0.39105,104
616,MARKET,2021-05-21,1.00000,,,,0.24552,0.10051,0.39052,104
617,MARKET,2021-05-28,1.00000,,,,0.24412,0.09818,0.39006,104
618,MARKET,2021-06-04,1.00000,,,,0.24520,0.09922,0.39117,104
619,MARKET,2021-06-11,1.00000,,,,0.24485,0.09870,0.39099,104
620,MARKET,2021-06-18,1.00000,,,,0.24463,0.09841,0.39086,104
621,MARKET,2021-06-25,1.00000,,,,0.24612,0.09950,0.39273,104
622,MARKET,2021-07-02,1.00000,,,,0.24792,0.10106,0.39477,104
623,MARKET,2021-07-09,1.00000,,,,0.24888,0.10168,0.39609,104
624,MARKET,2021-07-16,1.00000,,,,0.24805,0.09981,0.39629,104
625,MARKET,2021-07-23,1.00000,,,,0.24805,0.09983,0.39627,104
626,MARKET,2021-07-30,1.00000,,,,0.24721,0.09881,0.39561,104
627,MARKET,2021-08-06,1.00000,,,,0.24326,0.09548,0.39103,104
628,MARKET,2021-08-13,1.00000,,,,0.24321,0.09517,0.39125,104
629,MARKET,2021-08-20,1.00000,,,,0.24379,0.09783,0.38974,104
630,MARKET,2021-08-27,1.00000,,,,0.24302,0.09947,0.38657,104
631,MARKET,2021-09-03,1.00000,,,,0.24301,0.09956,0.38647,104
632,MARKET,2021-09-10,1.00000,,,,0.24390,0.10052,0.38728,104
633,MARKET,2021-09-17,1.00000,,,,0.24291,0.09929,0.38653,104
634,MARKET,2021-09-24,1.00000,,,,0.24201,0.09789,0.38613,104
635,MARKET,2021-10-01,1.00000,,,,0.24157,0.09625,0.38688,104
636,MARKET,2021-10-08,1.00000,,,,0.24064,0.09560,0.38567,104
637,MARKET,2021-10-15,1.00000,,,,0.24166,0.09631,0.38700,104
638,MARKET,2021-10-22,1.00000,,,,0.24187,0.09616,0.38758,104
639,MARKET,2021-10-29,1.00000,,,,0.24238,0.09692,0.38783,104
640,MARKET,2021-11-05,1.00000,,,,0.24100,0.09560,0.38640,104
641,MARKET,2021-11-12,1.00000,,,,0.24129,0.09574,0.38684,104
642,MARKET,2021-11-19,1.00000,,,,0.24138,0.09650,0.38626,104
643,MARKET,2021-11-26,1.00000,,,,0.24409,0.10084,0.38734,104
644,MARKET,2021-12-03,1.00000,,,,0.24387,0.10102,0.38673,104
645,MARKET,2021-12-10,1.00000,,,,0.24263,0.10086,0.38440,104
646,MARKET,2021-12-17,1.00000,,,,0.24276,0.10147,0.38405,104
647,MARKET,2021-12-24,1.00000,,,,0.24356,0.10221,0.38491,104
648,MARKET,2021-12-31,1.00000,,,,0.24330,0.10216,0.38443,104
649,MARKET,2022-01-07,1.00000,,,,0.24379,0.10187,0.38571,104
650,MARKET,2022-01-14,1.00000,,,,0.24344,0.10195,0.38493,104
651,MARKET,2022-01-21,1.00000,,,,0.24323,0.10086,0.38561,104
652,MARKET,2022-01-28,1.00000,,,,0.24130,0.09847,0.38414,104
653,MARKET,2022-02-04,1.00000,,,,0.24414,0.09941,0.38888,104
654,MARKET,2022-02-11,1.00000,,,,0.24463,0.09917,0.39009,104
655,MARKET,2022-02-18,1.00000,,,,0.24502,0.09992,0.39012,104
656,MARKET,2022-02-25,1.00000,,,,0.22298,0.09583,0.35014,104
657,MARKET,2022-03-04,1.00000,,,,0.20947,0.08717,0.33176,104
658,MARKET,2022-03-11,1.00000,,,,0.14696,0.07414,0.21979,104
659,MARKET,2022-03-18,1.00000,,,,0.15318,0.07000,0.23635,104
660,MARKET,2022-03-25,1.00000,,,,0.15528,0.07159,0.23897,104
661,MARKET,2022-04-01,1.00000,,,,0.13698,0.04218,0.23179,104
662,MARKET,2022-04-08,1.00000,,,,0.14036,0.04676,0.23396,104
663,MARKET,2022-04-15,1.00000,,,,0.15513,0.06525,0.24500,104
664,MARKET,2022-04-22,1.00000,,,,0.17835,0.07956,0.27713,104
665,MARKET,2022-04-29,1.00000,,,,0.16899,0.05841,0.27956,104
666,MARKET,2022-05-06,1.00000,,,,0.19833,0.08463,0.31202,104
667,MARKET,2022-05-13,1.00000,,,,0.20270,0.08709,0.31832,104
668,MARKET,2022-05-20,1.00000,,,,0.19951,0.08368,0.31534,104
669,MARKET,2022-05-27,1.00000,,,,0.20296,0.08735,0.31857,104
670,MARKET,2022-06-03,1.00000,,,,0.18501,0.06698,0.30305,104
671,MARKET,2022-06-10,1.00000,,,,0.17484,0.05439,0.29528,104
672,MARKET,2022-06-17,1.00000,,,,0.18958,0.06605,0.31310,104
673,MARKET,2022-06-24,1.00000,,,,0.18728,0.06348,0.31108,104
674,MARKET,2022-07-01,1.00000,,,,0.18622,0.06209,0.31034,104
675,MARKET,2022-07-08,1.00000,,,,0.18032,0.05891,0.30172,104
676,MARKET,2022-07-15,1.00000,,,,0.18656,0.06601,0.30710,104
677,MARKET,2022-07-22,1.00000,,,,0.18804,0.06721,0.30887,104
678,MARKET,2022-07-29,1.00000,,,,0.19333,0.07201,0.31465,104
679,MARKET,2022-08-05,1.00000,,,,0.17975,0.07249,0.28700,104
680,MARKET,2022-08-12,1.00000,,,,0.18014,0.07314,0.28715,104
681,MARKET,2022-08-19,1.00000,,,,0.17873,0.07198,0.28547,104
682,MARKET,2022-08-26,1.00000,,,,0.17819,0.07194,0.28443,104
683,MARKET,2022-09-02,1.00000,,,,0.18135,0.07555,0.28714,104
684,MARKET,2022-09-09,1.00000,,,,0.18940,0.08083,0.29798,104
685,MARKET,2022-09-16,1.00000,,,,0.19369,0.08199,0.30540,104
686,MARKET,2022-09-23,1.00000,,,,0.20112,0.08478,0.31746,104
687,MARKET,2022-09-30,1.00000,,,,0.20881,0.08802,0.32961,104
688,MARKET,2022-10-07,1.00000,,,,0.20900,0.08979,0.32822,104
689,MARKET,2022-10-14,1.00000,,,,0.21102,0.09355,0.32849,104
690,MARKET,2022-10-21,1.00000,,,,0.21011,0.09310,0.32713,104
691,MARKET,2022-10-28,1.00000,,,,0.19517,0.08689,0.30344,104
692,MARKET,2022-11-04,1.00000,,,,0.19192,0.08639,0.29745,104
693,MARKET,2022-11-11,1.00000,,,,0.18096,0.08177,0.28015,104
694,MARKET,2022-11-18,1.00000,,,,0.18020,0.08532,0.27507,104
695,MARKET,2022-11-25,1.00000,,,,0.16508,0.07440,0.25576,104
696,MARKET,2022-12-02,1.00000,,,,0.16550,0.07453,0.25647,104
697,MARKET,2022-12-09,1.00000,,,,0.16255,0.07718,0.24793,104
698,MARKET,2022-12-16,1.00000,,,,0.15912,0.07375,0.24450,104
699,MARKET,2022-12-23,1.00000,,,,0.16062,0.07550,0.24574,104
700,MARKET,2022-12-30,1.00000,,,,0.15980,0.07489,0.24471,104
701,MARKET,2023-01-06,1.00000,,,,0.15482,0.07320,0.23644,104
702,MARKET,2023-01-13,1.00000,,,,0.15274,0.07254,0.23293,104
703,MARKET,2023-01-20,1.00000,,,,0.15160,0.07173,0.23148,104
704,MARKET,2023-01-27,1.00000,,,,0.15008,0.07050,0.22966,104
705,MARKET,2023-02-03,1.00000,,,,0.13998,0.06290,0.21707,104
706,MARKET,2023-02-10,1.00000,,,,0.14469,0.06773,0.22166,104
707,MARKET,2023-02-17,1.00000,,,,0.14515,0.06881,0.22149,104
708,MARKET,2023-02-24,1.00000,,,,0.14440,0.06802,0.22079,104
709,MARKET,2023-03-03,1.00000,,,,0.14210,0.06638,0.21781,104
710,MARKET,2023-03-10,1.00000,,,,0.14562,0.06921,0.22203,104
711,MARKET,2023-03-17,1.00000,,,,0.16207,0.07592,0.24822,104
712,MARKET,2023-03-24,1.00000,,,,0.16079,0.07592,0.24566,104
713,MARKET,2023-03-31,1.00000,,,,0.16803,0.07813,0.25793,104
714,MARKET,2023-04-07,1.00000,,,,0.16623,0.07832,0.25413,104
715,MARKET,2023-04-14,1.00000,,,,0.16517,0.07665,0.25368,104
716,MARKET,2023-04-21,1.00000,,,,0.16540,0.07787,0.25293,104
717,MARKET,2023-04-28,1.00000,,,,0.16390,0.07695,0.25085,104
718,MARKET,2023-05-05,1.00000,,,,0.16519,0.07923,0.25115,104
719,MARKET,2023-05-12,1.00000,,,,0.16515,0.07924,0.25105,104
720,MARKET,2023-05-19,1.00000,,,,0.16881,0.08199,0.25564,104
721,MARKET,2023-05-26,1.00000,,,,0.16731,0.08051,0.25410,104
722,MARKET,2023-06-02,1.00000,,,,0.16568,0.07919,0.25218,104
723,MARKET,2023-06-09,1.00000,,,,0.16553,0.07916,0.25191,104
724,MARKET,2023-06-16,1.00000,,,,0.16685,0.08010,0.25359,104
725,MARKET,2023-06-23,1.00000,,,,0.16866,0.08196,0.25536,104
726,MARKET,2023-06-30,1.00000,,,,0.16930,0.08228,0.25633,104
727,MARKET,2023-07-07,1.00000,,,,0.16609,0.08034,0.25185,104
728,MARKET,2023-07-14,1.00000,,,,0.16612,0.08007,0.25216,104
729,MARKET,2023-07-21,1.00000,,,,0.16711,0.08080,0.25342,104
730,MARKET,2023-07-28,1.00000,,,,0.16662,0.08071,0.25253,104
731,MARKET,2023-08-04,1.00000,,,,0.17245,0.08357,0.26132,104
732,MARKET,2023-08-11,1.00000,,,,0.17278,0.08378,0.26178,104
733,MARKET,2023-08-18,1.00000,,,,0.17155,0.08106,0.26204,104
734,MARKET,2023-08-25,1.00000,,,,0.16855,0.07580,0.26131,104
735,MARKET,2023-09-01,1.00000,,,,0.17148,0.07814,0.26482,104
736,MARKET,2023-09-08,1.00000,,,,0.17125,0.07802,0.26448,104
737,MARKET,2023-09-15,1.00000,,,,0.17525,0.08076,0.26973,104
738,MARKET,2023-09-22,1.00000,,,,0.17469,0.08022,0.26917,104
739,MARKET,2023-09-29,1.00000,,,,0.17370,0.07962,0.26778,104
740,MARKET,2023-10-06,1.00000,,,,0.17875,0.08796,0.26955,104
741,MARKET,2023-10-13,1.00000,,,,0.18460,0.09138,0.27781,104
742,MARKET,2023-10-20,1.00000,,,,0.18283,0.09066,0.27500,104
743,MARKET,2023-10-27,1.00000,,,,0.18219,0.09008,0.27429,104
744,MARKET,2023-11-03,1.00000,,,,0.17876,0.08853,0.26898,104
745,MARKET,2023-11-10,1.00000,,,,0.17804,0.08842,0.26766,104
746,MARKET,2023-11-17,1.00000,,,,0.17741,0.08725,0.26758,104
747,MARKET,2023-11-24,1.00000,,,,0.17028,0.07979,0.26077,104
748,MARKET,2023-12-01,1.00000,,,,0.17147,0.08041,0.26253,104
749,MARKET,2023-12-08,1.00000,,,,0.17284,0.08084,0.26484,104
750,MARKET,2023-12-15,1.00000,,,,0.17199,0.07992,0.26407,104
751,MARKET,2023-12-22,1.00000,,,,0.16910,0.07743,0.26076,104
752,MARKET,2023-12-29,1.00000,,,,0.16815,0.07669,0.25961,104
753,MARKET,2024-01-05,1.00000,,,,0.16850,0.07688,0.26012,104
754,MARKET,2024-01-12,1.00000,,,,0.16883,0.07663,0.26103,104
755,MARKET,2024-01-19,1.00000,,,,0.17116,0.07852,0.26381,104
756,MARKET,2024-01-26,1.00000,,,,0.17261,0.08046,0.26476,104
757,MARKET,2024-02-02,1.00000,,,,0.17235,0.08191,0.26279,104
758,MARKET,2024-02-09,1.00000,,,,0.16428,0.07522,0.25333,104
759,MARKET,2024-02-16,1.00000,,,,0.16459,0.07518,0.25401,104
760,MARKET,2024-02-23,1.00000,,,,0.16628,0.07759,0.25496,104
761,MARKET,2024-03-01,1.00000,,,,0.18705,0.10113,0.27297,104
762,MARKET,2024-03-08,1.00000,,,,0.18855,0.10271,0.27440,104
763,MARKET,2024-03-15,1.00000,,,,0.19427,0.11076,0.27778,104
764,MARKET,2024-03-22,1.00000,,,,0.19282,0.10441,0.28122,104
765,MARKET,2024-03-29,1.00000,,,,0.21347,0.12777,0.29918,104
766,MARKET,2024-04-05,1.00000,,,,0.21503,0.13016,0.29990,104
767,MARKET,2024-04-12,1.00000,,,,0.21651,0.13112,0.30190,104
768,MARKET,2024-04-19,1.00000,,,,0.21835,0.13290,0.30381,104
769,MARKET,2024-04-26,1.00000,,,,0.22266,0.13745,0.30786,104
770,MARKET,2024-05-03,1.00000,,,,0.22036,0.13734,0.30338,104
771,MARKET,2024-05-10,1.00000,,,,0.22048,0.13752,0.30344,104
772,MARKET,2024-05-17,1.00000,,,,0.21956,0.13666,0.30245,104
773,MARKET,2024-05-24,1.00000,,,,0.21510,0.13164,0.29856,104
774,MARKET,2024-05-31,1.00000,,,,0.21525,0.13184,0.29865,104
775,MARKET,2024-06-07,1.00000,,,,0.21929,0.13586,0.30272,104
776,MARKET,2024-06-14,1.00000,,,,0.20856,0.12295,0.29417,104
777,MARKET,2024-06-21,1.00000,,,,0.20928,0.12409,0.29447,104
778,MARKET,2024-06-28,1.00000,,,,0.20978,0.12456,0.29500,104
779,MARKET,2024-07-05,1.00000,,,,0.21420,0.12774,0.30067,104
780,MARKET,2024-07-12,1.00000,,,,0.21029,0.12294,0.29763,104
781,MARKET,2024-07-19,1.00000,,,,0.20620,0.11896,0.29343,104
782,MARKET,2024-07-26,1.00000,,,,0.19914,0.10823,0.29006,104
783,MARKET,2024-08-02,1.00000,,,,0.21632,0.12128,0.31137,104
784,MARKET,2024-08-09,1.00000,,,,0.21433,0.11939,0.30926,104
785,MARKET,2024-08-16,1.00000,,,,0.21499,0.11988,0.31010,104
786,MARKET,2024-08-23,1.00000,,,,0.21636,0.12025,0.31247,104
787,MARKET,2024-08-30,1.00000,,,,0.21044,0.11288,0.30800,104
788,MARKET,2024-09-06,1.00000,,,,0.21923,0.12548,0.31297,104
789,MARKET,2024-09-13,1.00000,,,,0.21809,0.12486,0.31133,104
790,MARKET,2024-09-20,1.00000,,,,0.20356,0.11391,0.29322,104
791,MARKET,2024-09-27,1.00000,,,,0.20461,0.11507,0.29415,104
792,MARKET,2024-10-04,1.00000,,,,0.20602,0.11461,0.29742,104
793,MARKET,2024-10-11,1.00000,,,,0.20241,0.10978,0.29505,104
794,MARKET,2024-10-18,1.00000,,,,0.20054,0.11081,0.29026,104
795,MARKET,2024-10-25,1.00000,,,,0.19954,0.11043,0.28864,104
796,MARKET,2024-11-01,1.00000,,,,0.19880,0.10941,0.28819,104
797,MARKET,2024-11-08,1.00000,,,,0.19782,0.10826,0.28738,104
798,MARKET,2024-11-15,1.00000,,,,0.19270,0.09938,0.28603,104
799,MARKET,2024-11-22,1.00000,,,,0.20257,0.11463,0.29052,104
800,MARKET,2024-11-29,1.00000,,,,0.20479,0.11775,0.29182,104
801,MARKET,2024-12-06,1.00000,,,,0.21152,0.12156,0.30148,104
802,MARKET,2024-12-13,1.00000,,,,0.21271,0.12436,0.30106,104
803,MARKET,2024-12-20,1.00000,,,,0.21551,0.12615,0.30487,104
804,MARKET,2024-12-27,1.00000,,,,0.21884,0.13064,0.30705,104
805,MARKET,2025-01-03,1.00000,,,,0.22936,0.14251,0.31622,104
806,MARKET,2025-01-10,1.00000,,,,0.23676,0.15198,0.32154,104
807,MARKET,2025-01-17,1.00000,,,,0.23894,0.15492,0.32296,104
808,MARKET,2025-01-24,1.00000,,,,0.23921,0.15590,0.32252,104
809,MARKET,2025-01-31,1.00000,,,,0.24964,0.16841,0.33087,104
810,MARKET,2025-02-07,1.00000,,,,0.25203,0.16891,0.33516,104
811,MARKET,2025-02-14,1.00000,,,,0.25225,0.16817,0.33633,104
812,MARKET,2025-02-21,1.00000,,,,0.25221,0.16806,0.33635,104
813,MARKET,2025-02-28,1.00000,,,,0.24988,0.16770,0.33205,104
814,MARKET,2025-03-07,1.00000,,,,0.24309,0.16501,0.32116,104
815,MARKET,2025-03-14,1.00000,,,,0.21791,0.14893,0.28689,104
816,MARKET,2025-03-21,1.00000,,,,0.22340,0.15381,0.29298,104
817,MARKET,2025-03-28,1.00000,,,,0.20783,0.13624,0.27942,104
818,MARKET,2025-04-04,1.00000,,,,0.25993,0.15729,0.36257,104
819,MARKET,2025-04-11,1.00000,,,,0.25706,0.15499,0.35913,104
820,MARKET,2025-04-18,1.00000,,,,0.26000,0.15335,0.36664,104
821,MARKET,2025-04-25,1.00000,,,,0.26304,0.15653,0.36955,104
822,MARKET,2025-05-02,1.00000,,,,0.22835,0.11432,0.34237,104
823,MARKET,2025-05-09,1.00000,,,,0.22465,0.10743,0.34186,104
824,MARKET,2025-05-16,1.00000,,,,0.22934,0.11583,0.34285,104
825,MARKET,2025-05-23,1.00000,,,,0.23185,0.11868,0.34502,104
826,MARKET,2025-05-30,1.00000,,,,0.23171,0.11843,0.34499,104
827,MARKET,2025-06-06,1.00000,,,,0.23308,0.12048,0.34568,104
828,MARKET,2025-06-13,1.00000,,,,0.23136,0.12631,0.33641,104
829,MARKET,2025-06-20,1.00000,,,,0.22277,0.11646,0.32908,104
830,MARKET,2025-06-27,1.00000,,,,0.21957,0.12298,0.31616,104
831,MARKET,2025-07-04,1.00000,,,,0.22703,0.13106,0.32300,104
832,MARKET,2025-07-11,1.00000,,,,0.22536,0.12935,0.32137,104
833,MARKET,2025-07-18,1.00000,,,,0.22418,0.12831,0.32004,104
834,MARKET,2025-07-25,1.00000,,,,0.22722,0.13063,0.32380,104
835,MARKET,2025-08-01,1.00000,,,,0.22576,0.12912,0.32240,104
836,MARKET,2025-08-08,1.00000,,,,0.22091,0.12456,0.31727,104
837,MARKET,2025-08-15,1.00000,,,,0.21862,0.12196,0.31529,104
838,MARKET,2025-08-22,1.00000,,,,0.22008,0.12396,0.31620,104
839,MARKET,2025-08-29,1.00000,,,,0.21557,0.11853,0.31261,104
840,MARKET,2025-09-05,1.00000,,,,0.21821,0.12194,0.31447,104
841,MARKET,2025-09-12,1.00000,,,,0.21603,0.11989,0.31217,104
842,MARKET,2025-09-19,1.00000,,,,0.21604,0.11992,0.31216,104
843,MARKET,2025-09-26,1.00000,,,,0.21690,0.12112,0.31269,104
844,MARKET,2025-10-03,1.00000,,,,0.20652,0.10823,0.30481,104
845,MARKET,2025-10-10,1.00000,,,,0.19345,0.09160,0.29530,104
846,MARKET,2025-10-17,1.00000,,,,0.19903,0.09906,0.29900,104
847,MARKET,2025-10-24,1.00000,,,,0.19599,0.09823,0.29376,104
848,MARKET,2025-10-31,1.00000,,,,0.20666,0.10978,0.30354,104
849,MARKET,2025-11-07,1.00000,,,,0.20842,0.11096,0.30587,104
850,MARKET,2025-11-14,1.00000,,,,0.20927,0.11184,0.30669,104
851,MARKET,2025-11-21,1.00000,,,,0.21163,0.11487,0.30838,104
852,MARKET,2025-11-28,1.00000,,,,0.21180,0.11452,0.30909,104
853,MARKET,2025-12-05,1.00000,,,,0.21198,0.11352,0.31045,104
854,MARKET,2025-12-12,1.00000,,,,0.20917,0.11169,0.30666,104
855,MARKET,2025-12-19,1.00000,,,,0.21084,0.11305,0.30863,104
856,MARKET,2025-12-26,1.00000,,,,0.21132,0.11364,0.30900,104
857,MARKET,2026-01-02,1.00000,,,,0.20816,0.10998,0.30634,104
858,MARKET,2026-01-09,1.00000,,,,0.20481,0.10653,0.30309,104
859,MARKET,2026-01-16,1.00000,,,,0.20761,0.10969,0.30552,104
860,MARKET,2026-01-23,1.00000,,,,0.20586,0.10633,0.30538,104
861,MARKET,2026-01-30,1.00000,,,,0.20283,0.10075,0.30492,104
862,MARKET,2026-02-06,1.00000,,,,0.21237,0.11228,0.31246,104
863,MARKET,2026-02-13,1.00000,,,,0.21100,0.11082,0.31117,104
864,MARKET,2026-02-20,1.00000,,,,0.21676,0.11848,0.31505,104
865,MARKET,2026-02-27,1.00000,,,,0.21630,0.11786,0.31474,104
866,MARKET,2026-03-06,1.00000,,,,0.16140,0.05153,0.27128,104
867,MARKET,2026-03-13,1.00000,,,,0.16164,0.05638,0.26689,104
868,MARKET,2026-03-20,1.00000,,,,0.15948,0.05622,0.26274,104
869,MARKET,2026-03-27,1.00000,,,,0.15945,0.05616,0.26273,104
870,MARKET,2026-04-03,1.00000,,,,0.13728,0.03001,0.24455,104
871,MARKET,2026-04-10,1.00000,,,,0.13783,0.03251,0.24314,104
872,MARKET,2026-04-17,1.00000,,,,0.14134,0.03815,0.24453,104
873,MARKET,2026-04-24,1.00000,,,,0.13378,0.03957,0.22799,104
874,MARKET,2026-05-01,1.00000,,,,0.13628,0.04102,0.23155,104
875,MARKET,2026-05-08,1.00000,,,,0.14139,0.05049,0.23229,104
876,MARKET,2026-05-15,1.00000,,,,0.14396,0.05311,0.23482,104
877,MARKET,2026-05-22,1.00000,,,,0.14095,0.05192,0.22998,104
878,MARKET,2026-05-29,1.00000,,,,0.14417,0.05873,0.22960,104
879,MARKET,2026-06-05,1.00000,,,,0.14312,0.05744,0.22880,104
880,MARKET,2026-06-12,1.00000,,,,0.14632,0.06058,0.23205,104
881,MARKET,2026-06-19,1.00000,,,,0.15282,0.06693,0.23872,104
882,MARKET,2026-06-26,1.00000,,,,0.15296,0.07005,0.23587,104
883,MARKET,2026-07-03,1.00000,,,,0.15298,0.06972,0.23625,104
884,MARKET,2026-07-10,1.00000,,,,0.15164,0.06985,0.23343,104
885,MARKET,2026-07-17,1.00000,,,,0.14708,0.07035,0.22380,104
886,MARKET,2026-07-24,1.00000,,,,0.14891,0.07331,0.22451,104
887,MARKET,2026-07-31,1.00000,,,,0.14446,0.06958,0.21934,104
888,MARKET,2026-08-07,1.00000,,,,0.14264,0.06860,0.21667,104
889,MARKET,2026-08-14,1.00000,,,,0.14530,0.07140,0.21920,104
890,MARKET,2026-08-21,1.00000,,,,0.14361,0.07063,0.21660,104
891,MARKET,2026-08-28,1.00000,,,,0.14251,0.07032,0.21469,104
892,MARKET,2026-09-04,1.00000,,,,0.13269,0.06196,0.20341,104
893,MARKET,2026-09-11,1.00000,,,,0.13024,0.06078,0.19969,104
894,Exploration & production,2009-07-31,1.07331,0.10731,-0.16377,0.37839,0.71366,0.52073,0.90660,101
895,Exploration & production,2009-08-07,1.07304,0.11072,-0.16063,0.38207,0.71694,0.52398,0.90989,101
896,Exploration & production,2009-08-14,1.07171,0.11105,-0.16012,0.38222,0.71629,0.52298,0.90960,101
897,Exploration & production,2009-08-21,1.06627,0.11126,-0.16136,0.38389,0.71389,0.51998,0.90781,101
898,Exploration & production,2009-08-28,1.06360,0.11514,-0.15523,0.38551,0.71497,0.52220,0.90773,101
899,Exploration & production,2009-09-04,1.06589,0.11049,-0.15455,0.37553,0.70633,0.51559,0.89707,101
900,Exploration & production,2009-09-11,1.05642,0.11379,-0.15034,0.37793,0.70545,0.51447,0.89642,101
901,Exploration & production,2009-09-18,1.05415,0.11279,-0.15186,0.37744,0.70554,0.51420,0.89689,101
902,Exploration & production,2009-09-25,1.02887,0.15478,-0.10682,0.41637,0.72520,0.54257,0.90783,101
903,Exploration & production,2009-10-02,1.03721,0.14556,-0.11106,0.40218,0.71599,0.53407,0.89791,101
904,Exploration & production,2009-10-09,1.04521,0.14291,-0.11140,0.39723,0.72140,0.53946,0.90333,101
905,Exploration & production,2009-10-16,1.04916,0.13340,-0.11825,0.38506,0.70903,0.52856,0.88950,101
906,Exploration & production,2009-10-23,1.04848,0.14126,-0.10829,0.39081,0.71634,0.53806,0.89461,101
907,Exploration & production,2009-10-30,1.04545,0.14360,-0.10532,0.39253,0.71977,0.54235,0.89720,101
908,Exploration & production,2009-11-06,1.04602,0.14380,-0.10502,0.39263,0.72035,0.54301,0.89769,101
909,Exploration & production,2009-11-13,1.02642,0.15487,-0.09148,0.40121,0.71912,0.54270,0.89553,101
910,Exploration & production,2009-11-20,1.02384,0.15840,-0.08826,0.40505,0.72460,0.54859,0.90061,101
911,Exploration & production,2009-11-27,1.00645,0.17707,-0.07692,0.43105,0.74898,0.57431,0.92365,101
912,Exploration & production,2009-12-04,1.00594,0.17803,-0.07587,0.43192,0.74978,0.57509,0.92447,101
913,Exploration & production,2009-12-11,1.00227,0.18158,-0.06376,0.42692,0.74352,0.57183,0.91521,101
914,Exploration & production,2009-12-18,1.00104,0.18560,-0.05954,0.43074,0.74678,0.57568,0.91789,101
915,Exploration & production,2009-12-25,1.00062,0.18521,-0.06009,0.43051,0.74613,0.57505,0.91722,101
916,Exploration & production,2010-01-01,1.00285,0.18000,-0.06728,0.42728,0.74464,0.57260,0.91668,101
917,Exploration & production,2010-01-08,0.99971,0.17852,-0.06967,0.42671,0.73698,0.56265,0.91130,101
918,Exploration & production,2010-01-15,1.01024,0.17293,-0.07305,0.41890,0.73187,0.55848,0.90527,101
919,Exploration & production,2010-01-22,1.00129,0.16919,-0.07933,0.41770,0.72566,0.54828,0.90304,101
920,Exploration & production,2010-01-29,0.99066,0.17554,-0.07020,0.42129,0.72469,0.54817,0.90121,101
921,Exploration & production,2010-02-05,0.99378,0.17362,-0.07289,0.42014,0.72758,0.55130,0.90387,101
922,Exploration & production,2010-02-12,0.99236,0.17569,-0.06827,0.41964,0.72122,0.54583,0.89661,101
923,Exploration & production,2010-02-19,0.99431,0.17345,-0.07028,0.41718,0.72005,0.54536,0.89474,101
924,Exploration & production,2010-02-26,0.99210,0.17420,-0.07006,0.41846,0.72080,0.54558,0.89602,101
925,Exploration & production,2010-03-05,0.98784,0.17651,-0.06895,0.42197,0.72642,0.55129,0.90155,101
926,Exploration & production,2010-03-12,0.99870,0.16407,-0.08270,0.41084,0.72314,0.54613,0.90016,101
927,Exploration & production,2010-03-19,0.99679,0.16775,-0.08025,0.41575,0.72647,0.54917,0.90376,101
928,Exploration & production,2010-03-26,1.00357,0.16559,-0.08187,0.41305,0.72599,0.54843,0.90356,101
929,Exploration & production,2010-04-02,0.99862,0.16451,-0.08397,0.41300,0.71976,0.54194,0.89758,101
930,Exploration & production,2010-04-09,0.99880,0.16607,-0.08255,0.41469,0.72343,0.54576,0.90110,101
931,Exploration & production,2010-04-16,0.99537,0.16102,-0.08890,0.41093,0.71514,0.53523,0.89505,101
932,Exploration & production,2010-04-23,0.99644,0.16141,-0.08836,0.41119,0.71577,0.53601,0.89553,101
933,Exploration & production,2010-04-30,0.99199,0.16440,-0.08831,0.41711,0.71722,0.53727,0.89717,101
934,Exploration & production,2010-05-07,0.99259,0.16679,-0.08749,0.42106,0.73440,0.55731,0.91148,101
935,Exploration & production,2010-05-14,0.99309,0.16612,-0.08699,0.41922,0.73286,0.55575,0.90997,101
936,Exploration & production,2010-05-21,0.99113,0.15842,-0.09727,0.41410,0.73091,0.55194,0.90987,101
937,Exploration & production,2010-05-28,0.98707,0.15619,-0.10116,0.41353,0.72679,0.54599,0.90760,101
938,Exploration & production,2010-06-04,0.99176,0.15007,-0.11275,0.41288,0.73165,0.54774,0.91556,101
939,Exploration & production,2010-06-11,0.99188,0.15071,-0.11135,0.41277,0.73239,0.54971,0.91507,101
940,Exploration & production,2010-06-18,0.99465,0.14134,-0.12278,0.40545,0.72362,0.53840,0.90885,101
941,Exploration & production,2010-06-25,0.99591,0.14175,-0.12574,0.40923,0.73068,0.54516,0.91621,101
942,Exploration & production,2010-07-02,0.98233,0.16314,-0.10349,0.42977,0.75203,0.57335,0.93071,101
943,Exploration & production,2010-07-09,0.98531,0.16415,-0.10224,0.43054,0.75918,0.58192,0.93644,101
944,Exploration & production,2010-07-16,1.00051,0.13380,-0.14261,0.41020,0.74418,0.55656,0.93180,101
945,Exploration & production,2010-07-23,0.99279,0.13858,-0.13726,0.41442,0.74594,0.55953,0.93234,101
946,Exploration & production,2010-07-30,0.99622,0.13738,-0.14048,0.41524,0.74644,0.56001,0.93286,101
947,Exploration & production,2010-08-06,0.99016,0.13916,-0.14958,0.42790,0.75671,0.56650,0.94692,101
948,Exploration & production,2010-08-13,0.98989,0.14436,-0.14138,0.43010,0.76245,0.57617,0.94873,101
949,Exploration & production,2010-08-20,0.98615,0.14515,-0.14118,0.43149,0.75992,0.57321,0.94662,101
950,Exploration & production,2010-08-27,0.98144,0.14713,-0.13775,0.43202,0.75627,0.57028,0.94226,101
951,Exploration & production,2010-09-03,0.95292,0.15732,-0.12609,0.44073,0.73581,0.54354,0.92809,101
952,Exploration & production,2010-09-10,0.95409,0.15477,-0.13456,0.44410,0.73775,0.54286,0.93265,101
953,Exploration & production,2010-09-17,0.93860,0.16723,-0.11751,0.45197,0.74327,0.55018,0.93636,101
954,Exploration & production,2010-09-24,0.94093,0.16512,-0.13759,0.46784,0.75408,0.56009,0.94807,101
955,Exploration & production,2010-10-01,0.94360,0.19741,-0.07898,0.47380,0.78421,0.59731,0.97110,101
956,Exploration & production,2010-10-08,0.85481,0.20106,-0.08626,0.48837,0.67486,0.44359,0.90613,101
957,Exploration & production,2010-10-15,0.88317,0.20965,-0.05471,0.47401,0.69577,0.48503,0.90650,101
958,Exploration & production,2010-10-22,0.88675,0.21681,-0.04240,0.47601,0.70001,0.48825,0.91178,101
959,Exploration & production,2010-10-29,0.80825,0.23758,-0.00505,0.48021,0.67013,0.43901,0.90125,101
960,Exploration & production,2010-11-05,0.73462,0.31352,0.11269,0.51435,0.73253,0.51003,0.95503,101
961,Exploration & production,2010-11-12,0.70760,0.31442,0.10230,0.52653,0.70779,0.47752,0.93806,101
962,Exploration & production,2010-11-19,0.80932,0.28523,0.10556,0.46491,0.70144,0.45248,0.95040,101
963,Exploration & production,2010-11-26,0.61106,0.34905,0.10522,0.59289,0.64427,0.43134,0.85721,101
964,Exploration & production,2010-12-03,0.62590,0.20969,0.04107,0.37830,0.52021,0.37284,0.66758,101
965,Exploration & production,2010-12-10,0.62303,0.19578,0.02516,0.36639,0.50080,0.34621,0.65539,101
966,Exploration & production,2010-12-17,0.65279,0.16998,-0.00215,0.34211,0.50188,0.34471,0.65905,101
967,Exploration & production,2010-12-24,0.65680,0.16424,-0.01868,0.34717,0.50898,0.34368,0.67428,101
968,Exploration & production,2010-12-31,0.65607,0.15936,-0.02987,0.34859,0.48854,0.30895,0.66813,101
969,Exploration & production,2011-01-07,0.65402,0.16455,-0.03083,0.35993,0.49601,0.31195,0.68007,101
970,Exploration & production,2011-01-14,0.68818,0.13920,-0.05882,0.33722,0.49635,0.31204,0.68067,101
971,Exploration & production,2011-01-21,0.67091,0.14807,-0.05474,0.35087,0.50458,0.32038,0.68878,101
972,Exploration & production,2011-01-28,0.66642,0.15259,-0.06281,0.36800,0.51680,0.32771,0.70589,101
973,Exploration & production,2011-02-04,0.65150,0.16071,-0.05434,0.37576,0.51649,0.32800,0.70497,101
974,Exploration & production,2011-02-11,0.65280,0.15885,-0.05523,0.37294,0.51524,0.32704,0.70344,101
975,Exploration & production,2011-02-18,0.68573,0.15359,-0.06000,0.36718,0.50600,0.31755,0.69446,101
976,Exploration & production,2011-02-25,0.66904,0.17429,-0.03393,0.38252,0.51628,0.33409,0.69847,101
977,Exploration & production,2011-03-04,0.74187,0.15247,-0.05949,0.36444,0.52062,0.34035,0.70088,101
978,Exploration & production,2011-03-11,0.70735,0.17310,-0.03957,0.38577,0.52990,0.35196,0.70785,101
979,Exploration & production,2011-03-18,0.70732,0.17263,-0.04759,0.39284,0.53163,0.34477,0.71848,101
980,Exploration & production,2011-03-25,0.69543,0.17751,-0.04292,0.39795,0.52981,0.34309,0.71653,101
981,Exploration & production,2011-04-01,0.69143,0.18401,-0.03697,0.40498,0.53495,0.34891,0.72100,101
982,Exploration & production,2011-04-08,0.70570,0.18944,-0.02473,0.40360,0.53291,0.34859,0.71722,101
983,Exploration & production,2011-04-15,0.71525,0.18604,-0.03221,0.40429,0.53711,0.35443,0.71980,101
984,Exploration & production,2011-04-22,0.71563,0.18813,-0.02911,0.40536,0.53954,0.35807,0.72100,102
985,Exploration & production,2011-04-29,0.71778,0.18907,-0.02839,0.40653,0.54286,0.36164,0.72409,103
986,Exploration & production,2011-05-06,0.72204,0.18203,-0.00417,0.36823,0.51373,0.35555,0.67191,104
987,Exploration & production,2011-05-13,0.72904,0.17805,-0.00886,0.36496,0.50998,0.34975,0.67020,104
988,Exploration & production,2011-05-20,0.72900,0.17956,-0.00997,0.36910,0.51248,0.34938,0.67558,104
989,Exploration & production,2011-05-27,0.73325,0.17411,-0.01935,0.36756,0.51178,0.34509,0.67847,104
990,Exploration & production,2011-06-03,0.73156,0.17701,-0.01669,0.37071,0.51349,0.34651,0.68047,104
991,Exploration & production,2011-06-10,0.74404,0.17009,-0.02210,0.36229,0.50825,0.34062,0.67588,104
992,Exploration & production,2011-06-17,0.75752,0.16492,-0.02634,0.35618,0.50412,0.33864,0.66960,104
993,Exploration & production,2011-06-24,0.74743,0.16749,-0.01658,0.35157,0.49856,0.33922,0.65789,104
994,Exploration & production,2011-07-01,0.73455,0.18228,-0.00183,0.36640,0.51686,0.35930,0.67442,104
995,Exploration & production,2011-07-08,0.71791,0.18327,0.00093,0.36562,0.48860,0.31982,0.65739,104
996,Exploration & production,2011-07-15,0.73928,0.18521,0.00328,0.36714,0.48788,0.31854,0.65721,104
997,Exploration & production,2011-07-22,0.75233,0.18915,0.00689,0.37141,0.49275,0.32253,0.66297,104
998,Exploration & production,2011-07-29,0.75259,0.19103,0.00881,0.37325,0.49669,0.32765,0.66573,104
999,Exploration & production,2011-08-05,0.80979,0.18105,-0.00227,0.36436,0.54571,0.38128,0.71015,104
1000,Exploration & production,2011-08-12,0.81707,0.17343,-0.01339,0.36024,0.54077,0.37732,0.70421,104
1001,Exploration & production,2011-08-19,0.70014,0.23153,0.03251,0.43055,0.54524,0.38045,0.71002,104
1002,Exploration & production,2011-08-26,0.69972,0.22745,0.02866,0.42624,0.54355,0.37828,0.70883,104
1003,Exploration & production,2011-09-02,0.68958,0.23875,0.02479,0.45272,0.55599,0.37758,0.73440,104
1004,Exploration & production,2011-09-09,0.68286,0.24285,0.02846,0.45725,0.55600,0.37626,0.73574,104
1005,Exploration & production,2011-09-16,0.68099,0.24358,0.03026,0.45690,0.54959,0.36891,0.73027,104
1006,Exploration & production,2011-09-23,0.74715,0.15040,-0.05584,0.35665,0.51283,0.37386,0.65179,104
1007,Exploration & production,2011-09-30,0.73058,0.16625,-0.02414,0.35663,0.52692,0.39135,0.66249,104
1008,Exploration & production,2011-10-07,0.67010,0.19284,0.01401,0.37168,0.51377,0.36963,0.65791,104
1009,Exploration & production,2011-10-14,0.65124,0.23114,0.04585,0.41644,0.56684,0.42654,0.70714,104
1010,Exploration & production,2011-10-21,0.77116,0.10871,-0.17689,0.39431,0.49718,0.32708,0.66727,104
1011,Exploration & production,2011-10-28,0.78275,0.10400,-0.18620,0.39420,0.49477,0.32090,0.66863,104
1012,Exploration & production,2011-11-04,0.77294,0.11011,-0.17123,0.39144,0.49358,0.32083,0.66633,104
1013,Exploration & production,2011-11-11,0.82182,0.08608,-0.19223,0.36440,0.49567,0.32557,0.66577,104
1014,Exploration & production,2011-11-18,0.81986,0.06937,-0.21033,0.34907,0.48018,0.30849,0.65187,104
1015,Exploration & production,2011-11-25,0.83385,0.06522,-0.21465,0.34509,0.48784,0.31825,0.65742,104
1016,Exploration & production,2011-12-02,0.81876,0.06970,-0.20495,0.34435,0.49406,0.32341,0.66471,104
1017,Exploration & production,2011-12-09,0.84230,0.04091,-0.25333,0.33515,0.50007,0.32305,0.67709,104
1018,Exploration & production,2011-12-16,0.84451,0.03307,-0.25843,0.32457,0.49409,0.32092,0.66726,104
1019,Exploration & production,2011-12-23,0.83914,0.03187,-0.25987,0.32362,0.49402,0.32090,0.66714,104
1020,Exploration & production,2011-12-30,0.82693,0.04960,-0.24081,0.34001,0.50673,0.33793,0.67554,104
1021,Exploration & production,2012-01-06,0.82495,0.07586,-0.21767,0.36939,0.52832,0.35777,0.69888,104
1022,Exploration & production,2012-01-13,0.82746,0.07301,-0.22227,0.36829,0.52875,0.35464,0.70286,104
1023,Exploration & production,2012-01-20,0.82773,0.10486,-0.19833,0.40804,0.55252,0.37894,0.72611,104
1024,Exploration & production,2012-01-27,0.85116,0.08486,-0.22161,0.39133,0.54997,0.37571,0.72423,104
1025,Exploration & production,2012-02-03,0.84497,0.08236,-0.22446,0.38917,0.54382,0.36690,0.72074,104
1026,Exploration & production,2012-02-10,0.85237,0.08055,-0.23734,0.39844,0.55751,0.37940,0.73562,104
1027,Exploration & production,2012-02-17,0.85179,0.08230,-0.23780,0.40240,0.55810,0.37768,0.73852,104
1028,Exploration & production,2012-02-24,0.85459,0.08864,-0.22949,0.40678,0.56165,0.38199,0.74130,104
1029,Exploration & production,2012-03-02,0.85317,0.08959,-0.22870,0.40789,0.55521,0.37666,0.73376,104
1030,Exploration & production,2012-03-09,0.86688,0.07667,-0.24179,0.39512,0.54907,0.36966,0.72847,104
1031,Exploration & production,2012-03-16,0.85918,0.08168,-0.23427,0.39763,0.54910,0.37019,0.72802,104
1032,Exploration & production,2012-03-23,0.85257,0.08918,-0.22908,0.40743,0.55501,0.37670,0.73332,104
1033,Exploration & production,2012-03-30,0.85115,0.09318,-0.22453,0.41089,0.55949,0.38190,0.73707,104
1034,Exploration & production,2012-04-06,0.84758,0.09249,-0.22498,0.40996,0.55540,0.37852,0.73229,104
1035,Exploration & production,2012-04-13,0.85609,0.08827,-0.22929,0.40584,0.55730,0.38174,0.73285,104
1036,Exploration & production,2012-04-20,0.85184,0.09224,-0.21791,0.40239,0.55346,0.38002,0.72689,104
1037,Exploration & production,2012-04-27,0.86704,0.08308,-0.22744,0.39361,0.55224,0.37954,0.72494,104
1038,Exploration & production,2012-05-04,0.85109,0.06569,-0.24007,0.37145,0.49470,0.30767,0.68174,104
1039,Exploration & production,2012-05-11,0.83560,0.07625,-0.23927,0.39178,0.50311,0.31619,0.69003,104
1040,Exploration & production,2012-05-18,0.84440,0.08199,-0.23461,0.39858,0.50617,0.31693,0.69541,104
1041,Exploration & production,2012-05-25,0.84644,0.08405,-0.23059,0.39868,0.50649,0.31814,0.69483,104
1042,Exploration & production,2012-06-01,0.84802,0.08337,-0.22328,0.39001,0.50591,0.32766,0.68416,104
1043,Exploration & production,2012-06-08,0.84858,0.08413,-0.22101,0.38927,0.50756,0.32909,0.68603,104
1044,Exploration & production,2012-06-15,0.84587,0.10368,-0.20037,0.40772,0.52481,0.33839,0.71123,104
1045,Exploration & production,2012-06-22,0.80998,0.13755,-0.16480,0.43990,0.53091,0.34971,0.71211,104
1046,Exploration & production,2012-06-29,0.78271,0.09391,-0.20159,0.38940,0.47286,0.30666,0.63905,104
1047,Exploration & production,2012-07-06,0.76056,0.09091,-0.20422,0.38604,0.44843,0.28078,0.61608,104
1048,Exploration & production,2012-07-13,0.76040,0.08927,-0.20585,0.38439,0.44772,0.28036,0.61508,104
1049,Exploration & production,2012-07-20,0.78321,0.09402,-0.20054,0.38858,0.45872,0.29187,0.62558,104
1050,Exploration & production,2012-07-27,0.78435,0.09235,-0.20126,0.38596,0.45746,0.29145,0.62347,104
1051,Exploration & production,2012-08-03,0.79478,0.09644,-0.19788,0.39076,0.46179,0.29354,0.63003,104
1052,Exploration & production,2012-08-10,0.78337,0.07196,-0.21947,0.36339,0.42390,0.25228,0.59551,104
1053,Exploration & production,2012-08-17,0.77816,0.07758,-0.21365,0.36880,0.42727,0.25562,0.59892,104
1054,Exploration & production,2012-08-24,0.77605,0.07913,-0.21559,0.37385,0.43244,0.26094,0.60394,104
1055,Exploration & production,2012-08-31,0.81721,0.06021,-0.24093,0.36136,0.43347,0.26143,0.60552,104
1056,Exploration & production,2012-09-07,0.82333,0.05902,-0.23839,0.35643,0.43398,0.26242,0.60554,104
1057,Exploration & production,2012-09-14,0.82608,0.05998,-0.23847,0.35844,0.43627,0.26411,0.60842,104
1058,Exploration & production,2012-09-21,0.82432,0.06289,-0.22011,0.34589,0.42645,0.25934,0.59356,104
1059,Exploration & production,2012-09-28,0.82069,0.06949,-0.21603,0.35501,0.43586,0.26769,0.60402,104
1060,Exploration & production,2012-10-05,0.80934,0.07612,-0.20912,0.36136,0.43646,0.26871,0.60421,104
1061,Exploration & production,2012-10-12,0.77399,0.10332,-0.18234,0.38898,0.44895,0.28233,0.61557,104
1062,Exploration & production,2012-10-19,0.77007,0.10882,-0.17019,0.38784,0.44751,0.28422,0.61080,104
1063,Exploration & production,2012-10-26,0.77593,0.10796,-0.17242,0.38835,0.44970,0.28683,0.61257,104
1064,Exploration & production,2012-11-02,0.77989,0.11296,-0.15921,0.38513,0.45031,0.29213,0.60849,104
1065,Exploration & production,2012-11-09,0.77769,0.12474,-0.14329,0.39276,0.45611,0.30097,0.61126,104
1066,Exploration & production,2012-11-16,0.79638,0.11099,-0.15913,0.38112,0.44962,0.29249,0.60675,104
1067,Exploration & production,2012-11-23,0.80396,0.10571,-0.16384,0.37526,0.44945,0.29209,0.60680,104
1068,Exploration & production,2012-11-30,0.80775,0.11779,-0.15173,0.38731,0.45977,0.30325,0.61630,104
1069,Exploration & production,2012-12-07,0.80332,0.12615,-0.13862,0.39091,0.46235,0.30853,0.61617,104
1070,Exploration & production,2012-12-14,0.80655,0.12436,-0.14044,0.38915,0.46106,0.30747,0.61466,104
1071,Exploration & production,2012-12-21,0.80333,0.12758,-0.13686,0.39201,0.45904,0.30561,0.61246,104
1072,Exploration & production,2012-12-28,0.81062,0.12189,-0.14320,0.38698,0.45596,0.30193,0.61000,104
1073,Exploration & production,2013-01-04,0.83165,0.11494,-0.14864,0.37852,0.45846,0.30445,0.61247,104
1074,Exploration & production,2013-01-11,0.82799,0.11877,-0.14719,0.38473,0.46389,0.30905,0.61873,104
1075,Exploration & production,2013-01-18,0.83763,0.11614,-0.14904,0.38132,0.46408,0.30921,0.61895,104
1076,Exploration & production,2013-01-25,0.84153,0.10678,-0.15856,0.37211,0.45664,0.30182,0.61146,104
1077,Exploration & production,2013-02-01,0.84641,0.10366,-0.16130,0.36861,0.45255,0.29783,0.60728,104
1078,Exploration & production,2013-02-08,0.84731,0.10847,-0.15611,0.37305,0.45737,0.30289,0.61186,104
1079,Exploration & production,2013-02-15,0.84529,0.11049,-0.15428,0.37526,0.45924,0.30509,0.61339,104
1080,Exploration & production,2013-02-22,0.84298,0.11398,-0.16587,0.39383,0.48017,0.32243,0.63790,104
1081,Exploration & production,2013-03-01,0.84268,0.11439,-0.16246,0.39124,0.47893,0.32311,0.63474,104
1082,Exploration & production,2013-03-08,0.84058,0.11424,-0.16236,0.39085,0.47459,0.31771,0.63147,104
1083,Exploration & production,2013-03-15,0.84205,0.11285,-0.16253,0.38822,0.47313,0.31688,0.62938,104
1084,Exploration & production,2013-03-22,0.84849,0.11338,-0.16193,0.38869,0.47519,0.31950,0.63089,104
1085,Exploration & production,2013-03-29,0.84840,0.11058,-0.16316,0.38433,0.47035,0.31513,0.62556,104
1086,Exploration & production,2013-04-05,0.85143,0.11431,-0.16690,0.39551,0.48678,0.33233,0.64123,104
1087,Exploration & production,2013-04-12,0.84605,0.11525,-0.16412,0.39462,0.48093,0.32552,0.63633,104
1088,Exploration & production,2013-04-19,0.84334,0.12039,-0.15852,0.39929,0.48369,0.32806,0.63932,104
1089,Exploration & production,2013-04-26,0.84745,0.12339,-0.15669,0.40346,0.48875,0.33073,0.64678,104
1090,Exploration & production,2013-05-03,0.85090,0.11294,-0.22241,0.44829,0.51920,0.32673,0.71167,104
1091,Exploration & production,2013-05-10,0.84171,0.12696,-0.21369,0.46762,0.53567,0.34215,0.72918,104
1092,Exploration & production,2013-05-17,0.84300,0.12596,-0.21536,0.46728,0.53577,0.34135,0.73019,104
1093,Exploration & production,2013-05-24,0.83878,0.12894,-0.21401,0.47188,0.53988,0.34569,0.73407,104
1094,Exploration & production,2013-05-31,0.83864,0.12933,-0.20977,0.46843,0.53786,0.34545,0.73027,104
1095,Exploration & production,2013-06-07,0.82819,0.13680,-0.19865,0.47226,0.53532,0.34384,0.72681,104
1096,Exploration & production,2013-06-14,0.82400,0.13857,-0.20086,0.47801,0.53439,0.33693,0.73185,104
1097,Exploration & production,2013-06-21,0.82401,0.13693,-0.21422,0.48808,0.53777,0.33048,0.74505,104
1098,Exploration & production,2013-06-28,0.82652,0.14012,-0.21036,0.49059,0.52684,0.31290,0.74078,104
1099,Exploration & production,2013-07-05,0.83129,0.13010,-0.23313,0.49333,0.53547,0.32239,0.74855,104
1100,Exploration & production,2013-07-12,0.81767,0.13038,-0.23198,0.49275,0.53026,0.31740,0.74312,104
1101,Exploration & production,2013-07-19,0.81690,0.12811,-0.23299,0.48921,0.52523,0.31341,0.73705,104
1102,Exploration & production,2013-07-26,0.81335,0.12775,-0.23290,0.48841,0.52091,0.30900,0.73283,104
1103,Exploration & production,2013-08-02,0.70975,0.14416,-0.23017,0.51849,0.43043,0.21270,0.64817,104
1104,Exploration & production,2013-08-09,0.70238,0.15797,-0.22600,0.54194,0.44124,0.22341,0.65906,104
1105,Exploration & production,2013-08-16,0.91679,0.05740,-0.26962,0.38441,0.42706,0.20883,0.64530,104
1106,Exploration & production,2013-08-23,0.92312,0.06052,-0.26667,0.38771,0.42914,0.20990,0.64838,104
1107,Exploration & production,2013-08-30,0.94091,0.05533,-0.26753,0.37820,0.42314,0.20325,0.64304,104
1108,Exploration & production,2013-09-06,0.98738,0.03851,-0.28091,0.35793,0.42641,0.20558,0.64723,104
1109,Exploration & production,2013-09-13,0.98950,0.04112,-0.27394,0.35617,0.42613,0.20806,0.64419,104
1110,Exploration & production,2013-09-20,0.94663,0.04088,-0.27220,0.35396,0.35940,0.12718,0.59163,104
1111,Exploration & production,2013-09-27,0.93321,0.05041,-0.26035,0.36118,0.36667,0.13709,0.59624,104
1112,Exploration & production,2013-10-04,0.95706,0.03194,-0.30598,0.36985,0.36522,0.12325,0.60718,104
1113,Exploration & production,2013-10-11,0.95446,0.03408,-0.30402,0.37218,0.32416,0.06715,0.58118,104
1114,Exploration & production,2013-10-18,0.79888,0.19201,0.03275,0.35126,0.44763,0.30318,0.59209,104
1115,Exploration & production,2013-10-25,0.76370,0.20573,0.05207,0.35938,0.43029,0.28944,0.57114,104
1116,Exploration & production,2013-11-01,0.77933,0.19256,0.03479,0.35033,0.42834,0.28510,0.57157,104
1117,Exploration & production,2013-11-08,0.78079,0.17957,0.01375,0.34539,0.41559,0.26319,0.56799,104
1118,Exploration & production,2013-11-15,0.81449,0.21619,0.06935,0.36304,0.44770,0.31361,0.58179,104
1119,Exploration & production,2013-11-22,0.77926,0.21657,0.07064,0.36251,0.42564,0.29363,0.55765,104
1120,Exploration & production,2013-11-29,0.82753,0.20565,0.05808,0.35322,0.40333,0.27042,0.53625,104
1121,Exploration & production,2013-12-06,0.83746,0.20294,0.05713,0.34874,0.39643,0.26334,0.52952,104
1122,Exploration & production,2013-12-13,0.84855,0.20748,0.05805,0.35692,0.39282,0.25341,0.53222,104
1123,Exploration & production,2013-12-20,0.87266,0.20963,0.05330,0.36596,0.38642,0.23199,0.54084,104
1124,Exploration & production,2013-12-27,0.86667,0.20766,0.05452,0.36079,0.38394,0.23342,0.53446,104
1125,Exploration & production,2014-01-03,0.84431,0.15306,0.03391,0.27222,0.31869,0.20870,0.42867,104
1126,Exploration & production,2014-01-10,0.82900,0.15931,0.03703,0.28160,0.32704,0.21587,0.43821,104
1127,Exploration & production,2014-01-17,0.86148,0.14764,0.02917,0.26610,0.32250,0.21175,0.43325,104
1128,Exploration & production,2014-01-24,0.87647,0.14329,0.02543,0.26116,0.31784,0.20599,0.42969,104
1129,Exploration & production,2014-01-31,0.87122,0.14567,0.02643,0.26490,0.31588,0.20107,0.43068,104
1130,Exploration & production,2014-02-07,0.87181,0.13967,0.02287,0.25647,0.31346,0.20270,0.42423,104
1131,Exploration & production,2014-02-14,0.87588,0.14673,0.02775,0.26571,0.32046,0.20692,0.43400,104
1132,Exploration & production,2014-02-21,0.88015,0.13396,0.01203,0.25589,0.30963,0.19400,0.42527,104
1133,Exploration & production,2014-02-28,0.87982,0.13469,0.01273,0.25665,0.31020,0.19440,0.42600,104
1134,Exploration & production,2014-03-07,0.86685,0.14356,0.02106,0.26606,0.32039,0.20480,0.43598,104
1135,Exploration & production,2014-03-14,0.86422,0.14345,0.02052,0.26638,0.32078,0.20519,0.43636,104
1136,Exploration & production,2014-03-21,0.83345,0.15290,0.02949,0.27631,0.31843,0.20366,0.43320,104
1137,Exploration & production,2014-03-28,0.83775,0.16010,0.03641,0.28380,0.32728,0.21166,0.44290,104
1138,Exploration & production,2014-04-04,0.83880,0.16219,0.03785,0.28652,0.32889,0.21276,0.44502,104
1139,Exploration & production,2014-04-11,0.82951,0.16228,0.04077,0.28378,0.32293,0.20742,0.43845,104
1140,Exploration & production,2014-04-18,0.82432,0.15682,0.03379,0.27986,0.32350,0.20810,0.43890,104
1141,Exploration & production,2014-04-25,0.80555,0.16294,0.04144,0.28443,0.32877,0.21519,0.44234,104
1142,Exploration & production,2014-05-02,0.84837,0.16026,0.03428,0.28624,0.32457,0.20659,0.44256,104
1143,Exploration & production,2014-05-09,0.85035,0.15992,0.03387,0.28597,0.32256,0.20448,0.44064,104
1144,Exploration & production,2014-05-16,0.86918,0.14875,0.01764,0.27985,0.28416,0.15979,0.40853,104
1145,Exploration & production,2014-05-23,0.87822,0.14758,0.01539,0.27977,0.28484,0.15996,0.40971,104
1146,Exploration & production,2014-05-30,0.88310,0.14876,0.00612,0.29140,0.24931,0.10945,0.38918,104
1147,Exploration & production,2014-06-06,0.90099,0.14338,-0.00136,0.28811,0.23979,0.09797,0.38161,104
1148,Exploration & production,2014-06-13,0.90247,0.13364,-0.01237,0.27966,0.22867,0.08680,0.37054,104
1149,Exploration & production,2014-06-20,0.88830,0.09342,-0.08076,0.26760,0.17628,0.00120,0.35136,104
1150,Exploration & production,2014-06-27,0.95220,0.14052,-0.02051,0.30155,0.17638,0.01662,0.33614,104
1151,Exploration & production,2014-07-04,0.96011,0.13008,-0.03631,0.29646,0.16032,-0.00487,0.32550,104
1152,Exploration & production,2014-07-11,0.96803,0.13877,-0.03164,0.30918,0.18182,0.01323,0.35042,104
1153,Exploration & production,2014-07-18,0.96062,0.12155,-0.04929,0.29239,0.15540,-0.01397,0.32478,104
1154,Exploration & production,2014-07-25,0.95420,0.11682,-0.05420,0.28783,0.15186,-0.01765,0.32137,104
1155,Exploration & production,2014-08-01,0.95092,0.09721,-0.07393,0.26836,0.15077,-0.01791,0.31945,104
1156,Exploration & production,2014-08-08,0.99553,0.10456,-0.06984,0.27897,0.15881,-0.01257,0.33019,104
1157,Exploration & production,2014-08-15,1.00414,0.11440,-0.05598,0.28479,0.15389,-0.01476,0.32254,104
1158,Exploration & production,2014-08-22,1.01403,0.11476,-0.05562,0.28514,0.15509,-0.01354,0.32372,104
1159,Exploration & production,2014-08-29,1.00871,0.10725,-0.06100,0.27551,0.14718,-0.01919,0.31355,104
1160,Exploration & production,2014-09-05,0.99109,0.11796,-0.04879,0.28472,0.15466,-0.01025,0.31958,104
1161,Exploration & production,2014-09-12,0.99158,0.12187,-0.04451,0.28824,0.16040,-0.00413,0.32493,104
1162,Exploration & production,2014-09-19,0.99040,0.12263,-0.05193,0.29718,0.17810,0.00667,0.34954,104
1163,Exploration & production,2014-09-26,1.01059,0.12236,-0.05213,0.29686,0.18993,0.01902,0.36085,104
1164,Exploration & production,2014-10-03,1.01539,0.10430,-0.06534,0.27394,0.20932,0.04571,0.37292,104
1165,Exploration & production,2014-10-10,1.10036,0.09374,-0.07511,0.26260,0.24528,0.08552,0.40503,104
1166,Exploration & production,2014-10-17,1.09293,0.13037,-0.04345,0.30419,0.27573,0.10714,0.44432,104
1167,Exploration & production,2014-10-24,1.05748,0.12429,-0.04609,0.29467,0.27706,0.11425,0.43987,104
1168,Exploration & production,2014-10-31,1.04423,0.13440,-0.03699,0.30578,0.29197,0.12854,0.45539,104
1169,Exploration & production,2014-11-07,1.04172,0.14187,-0.03539,0.31914,0.31554,0.14905,0.48204,104
1170,Exploration & production,2014-11-14,1.01096,0.15631,-0.00161,0.31423,0.29971,0.14796,0.45146,104
1171,Exploration & production,2014-11-21,1.01608,0.15679,0.00167,0.31191,0.30067,0.15201,0.44934,104
1172,Exploration & production,2014-11-28,1.12671,0.27669,0.06904,0.48434,0.54349,0.31609,0.77089,104
1173,Exploration & production,2014-12-05,1.12408,0.28120,0.06286,0.49953,0.54991,0.31245,0.78736,104
1174,Exploration & production,2014-12-12,1.15814,0.35979,0.11409,0.60549,0.66362,0.39306,0.93418,104
1175,Exploration & production,2014-12-19,1.41936,0.28932,0.09654,0.48209,0.65923,0.40823,0.91022,104
1176,Exploration & production,2014-12-26,1.40445,0.30001,0.10907,0.49095,0.67316,0.42218,0.92415,104
1177,Exploration & production,2015-01-02,1.38005,0.29746,0.12085,0.47406,0.64195,0.40661,0.87728,104
1178,Exploration & production,2015-01-09,1.39110,0.28012,0.11760,0.44263,0.58554,0.37268,0.79840,104
1179,Exploration & production,2015-01-16,1.39281,0.29966,0.15079,0.44852,0.60156,0.40349,0.79964,104
1180,Exploration & production,2015-01-23,1.35277,0.30583,0.15636,0.45530,0.61308,0.41139,0.81476,104
1181,Exploration & production,2015-01-30,1.37009,0.28704,0.14226,0.43182,0.56529,0.36781,0.76277,104
1182,Exploration & production,2015-02-06,1.36941,0.28178,0.14508,0.41848,0.57212,0.38592,0.75832,104
1183,Exploration & production,2015-02-13,1.36820,0.28221,0.14519,0.41924,0.57258,0.38559,0.75958,104
1184,Exploration & production,2015-02-20,1.40196,0.24519,0.08550,0.40488,0.53301,0.33108,0.73494,104
1185,Exploration & production,2015-02-27,1.39553,0.25610,0.10421,0.40799,0.53958,0.34493,0.73423,104
1186,Exploration & production,2015-03-06,1.40092,0.24274,0.08550,0.39998,0.52136,0.32132,0.72139,104
1187,Exploration & production,2015-03-13,1.39676,0.27258,0.12818,0.41699,0.54803,0.36858,0.72747,104
1188,Exploration & production,2015-03-20,1.40141,0.27316,0.12874,0.41758,0.55077,0.37195,0.72959,104
1189,Exploration & production,2015-03-27,1.40802,0.26904,0.12653,0.41155,0.54677,0.36904,0.72450,104
1190,Exploration & production,2015-04-03,1.40266,0.26123,0.11933,0.40312,0.53294,0.35315,0.71273,104
1191,Exploration & production,2015-04-10,1.46186,0.25588,0.11437,0.39739,0.54979,0.37442,0.72517,104
1192,Exploration & production,2015-04-17,1.43055,0.28780,0.14665,0.42895,0.54251,0.37123,0.71379,104
1193,Exploration & production,2015-04-24,1.42846,0.28850,0.14688,0.43012,0.53132,0.35883,0.70381,104
1194,Exploration & production,2015-05-01,1.41271,0.29796,0.15220,0.44371,0.53069,0.35601,0.70537,104
1195,Exploration & production,2015-05-08,1.39375,0.30834,0.15684,0.45985,0.53556,0.35971,0.71142,104
1196,Exploration & production,2015-05-15,1.39348,0.30254,0.15432,0.45077,0.53025,0.35714,0.70336,104
1197,Exploration & production,2015-05-22,1.39927,0.30369,0.15593,0.45144,0.53225,0.36103,0.70347,104
1198,Exploration & production,2015-05-29,1.41007,0.30055,0.15297,0.44814,0.53159,0.36127,0.70192,104
1199,Exploration & production,2015-06-05,1.41654,0.29676,0.14709,0.44642,0.54129,0.36927,0.71331,104
1200,Exploration & production,2015-06-12,1.41935,0.29754,0.14854,0.44654,0.53926,0.36827,0.71025,104
1201,Exploration & production,2015-06-19,1.41299,0.29801,0.14828,0.44774,0.53824,0.36548,0.71100,104
1202,Exploration & production,2015-06-26,1.40886,0.29601,0.14567,0.44634,0.53849,0.36511,0.71187,104
1203,Exploration & production,2015-07-03,1.40708,0.30347,0.15058,0.45636,0.54261,0.36654,0.71868,104
1204,Exploration & production,2015-07-10,1.40817,0.32180,0.16727,0.47634,0.55269,0.38101,0.72437,104
1205,Exploration & production,2015-07-17,1.38564,0.32933,0.17220,0.48646,0.55324,0.38111,0.72537,104
1206,Exploration & production,2015-07-24,1.39049,0.33394,0.17640,0.49149,0.56146,0.39172,0.73120,104
1207,Exploration & production,2015-07-31,1.39090,0.33655,0.17753,0.49558,0.56442,0.39479,0.73405,104
1208,Exploration & production,2015-08-07,1.39701,0.31405,0.16186,0.46624,0.54046,0.37239,0.70854,104
1209,Exploration & production,2015-08-14,1.38573,0.32080,0.16864,0.47295,0.54041,0.37098,0.70984,104
1210,Exploration & production,2015-08-21,1.35561,0.30750,0.15418,0.46082,0.54520,0.36984,0.72056,104
1211,Exploration & production,2015-08-28,1.34829,0.33831,0.19149,0.48514,0.57361,0.41495,0.73227,104
1212,Exploration & production,2015-09-04,1.31211,0.34220,0.19211,0.49229,0.57000,0.40744,0.73256,104
1213,Exploration & production,2015-09-11,1.31559,0.34719,0.19386,0.50052,0.57785,0.41508,0.74062,104
1214,Exploration & production,2015-09-18,1.31742,0.34604,0.19215,0.49994,0.57915,0.41583,0.74246,104
1215,Exploration & production,2015-09-25,1.32308,0.34271,0.19144,0.49398,0.57314,0.41183,0.73444,104
1216,Exploration & production,2015-10-02,1.32902,0.33832,0.18736,0.48928,0.57046,0.40816,0.73275,104
1217,Exploration & production,2015-10-09,1.33370,0.33790,0.18923,0.48656,0.60742,0.45464,0.76020,104
1218,Exploration & production,2015-10-16,1.33242,0.33356,0.18840,0.47872,0.59978,0.45026,0.74929,104
1219,Exploration & production,2015-10-23,1.33530,0.33175,0.18355,0.47996,0.60899,0.45995,0.75804,104
1220,Exploration & production,2015-10-30,1.34561,0.32793,0.18316,0.47269,0.59982,0.45327,0.74637,104
1221,Exploration & production,2015-11-06,1.37340,0.31175,0.16752,0.45598,0.58196,0.43376,0.73017,104
1222,Exploration & production,2015-11-13,1.36244,0.29913,0.15113,0.44713,0.57590,0.42268,0.72912,104
1223,Exploration & production,2015-11-20,1.39380,0.31088,0.16442,0.45734,0.60330,0.45599,0.75061,104
1224,Exploration & production,2015-11-27,1.38737,0.31368,0.16739,0.45997,0.60445,0.45768,0.75121,104
1225,Exploration & production,2015-12-04,1.39701,0.31545,0.16660,0.46430,0.61689,0.47075,0.76303,104
1226,Exploration & production,2015-12-11,1.40220,0.32263,0.17735,0.46791,0.63223,0.49578,0.76867,104
1227,Exploration & production,2015-12-18,1.40841,0.32710,0.18202,0.47217,0.63628,0.50040,0.77216,104
1228,Exploration & production,2015-12-25,1.41903,0.32682,0.18165,0.47199,0.63973,0.50448,0.77497,104
1229,Exploration & production,2016-01-01,1.41067,0.33539,0.18856,0.48222,0.64648,0.51184,0.78112,104
1230,Exploration & production,2016-01-08,1.41656,0.33566,0.18839,0.48293,0.68092,0.54951,0.81233,104
1231,Exploration & production,2016-01-15,1.41270,0.33364,0.18643,0.48085,0.69399,0.56419,0.82379,104
1232,Exploration & production,2016-01-22,1.41657,0.33314,0.18319,0.48309,0.70551,0.57738,0.83364,104
1233,Exploration & production,2016-01-29,1.42185,0.35746,0.19913,0.51578,0.72573,0.59577,0.85569,104
1234,Exploration & production,2016-02-05,1.42337,0.35414,0.19826,0.51002,0.71906,0.58825,0.84988,104
1235,Exploration & production,2016-02-12,1.40327,0.35826,0.20542,0.51110,0.72256,0.59112,0.85399,104
1236,Exploration & production,2016-02-19,1.37649,0.36423,0.21089,0.51757,0.72090,0.58829,0.85351,104
1237,Exploration & production,2016-02-26,1.36869,0.35118,0.20205,0.50030,0.71050,0.57901,0.84200,104
1238,Exploration & production,2016-03-04,1.37336,0.36558,0.21827,0.51290,0.73211,0.61116,0.85307,104
1239,Exploration & production,2016-03-11,1.40449,0.35146,0.20840,0.49453,0.72109,0.60366,0.83852,104
1240,Exploration & production,2016-03-18,1.42020,0.34623,0.20347,0.48899,0.72115,0.60454,0.83776,104
1241,Exploration & production,2016-03-25,1.41683,0.34512,0.20255,0.48770,0.71878,0.60146,0.83610,104
1242,Exploration & production,2016-04-01,1.42068,0.34430,0.20227,0.48633,0.72079,0.60359,0.83799,104
1243,Exploration & production,2016-04-08,1.43004,0.34265,0.20201,0.48328,0.71572,0.60126,0.83018,104
1244,Exploration & production,2016-04-15,1.42946,0.34357,0.20312,0.48402,0.72017,0.60652,0.83381,104
1245,Exploration & production,2016-04-22,1.44422,0.34494,0.20476,0.48511,0.72411,0.61244,0.83579,104
1246,Exploration & production,2016-04-29,1.42960,0.35792,0.21613,0.49972,0.73289,0.62200,0.84379,104
1247,Exploration & production,2016-05-06,1.42750,0.35296,0.21312,0.49280,0.72853,0.61902,0.83803,104
1248,Exploration & production,2016-05-13,1.43787,0.34587,0.20817,0.48358,0.71939,0.61070,0.82808,104
1249,Exploration & production,2016-05-20,1.43434,0.34662,0.20887,0.48436,0.71954,0.61132,0.82776,104
1250,Exploration & production,2016-05-27,1.41320,0.34752,0.20937,0.48567,0.71703,0.60750,0.82656,104
1251,Exploration & production,2016-06-03,1.39254,0.35504,0.21756,0.49253,0.71757,0.60790,0.82723,104
1252,Exploration & production,2016-06-10,1.36984,0.37347,0.23285,0.51408,0.73084,0.61978,0.84190,104
1253,Exploration & production,2016-06-17,1.36796,0.37451,0.23409,0.51493,0.73271,0.62132,0.84410,104
1254,Exploration & production,2016-06-24,1.37462,0.37382,0.23238,0.51525,0.73305,0.62250,0.84360,104
1255,Exploration & production,2016-07-01,1.36676,0.37830,0.23515,0.52144,0.74181,0.63215,0.85147,104
1256,Exploration & production,2016-07-08,1.38634,0.37071,0.23029,0.51113,0.73088,0.62309,0.83868,104
1257,Exploration & production,2016-07-15,1.39046,0.37142,0.23107,0.51177,0.73391,0.62660,0.84122,104
1258,Exploration & production,2016-07-22,1.37373,0.38835,0.24497,0.53173,0.74345,0.63511,0.85179,104
1259,Exploration & production,2016-07-29,1.38113,0.38000,0.23975,0.52024,0.73562,0.62984,0.84141,104
1260,Exploration & production,2016-08-05,1.36777,0.38375,0.24309,0.52440,0.73423,0.62889,0.83957,104
1261,Exploration & production,2016-08-12,1.37382,0.37876,0.23813,0.51939,0.73252,0.62924,0.83580,104
1262,Exploration & production,2016-08-19,1.37143,0.37994,0.24772,0.51215,0.71614,0.61617,0.81611,104
1263,Exploration & production,2016-08-26,1.38105,0.37648,0.24495,0.50801,0.71403,0.61340,0.81466,104
1264,Exploration & production,2016-09-02,1.38574,0.37433,0.24569,0.50296,0.70787,0.60812,0.80763,104
1265,Exploration & production,2016-09-09,1.38677,0.37288,0.24511,0.50066,0.70498,0.60532,0.80465,104
1266,Exploration & production,2016-09-16,1.37881,0.37223,0.24456,0.49990,0.70639,0.60603,0.80675,104
1267,Exploration & production,2016-09-23,1.36549,0.37445,0.24679,0.50210,0.70603,0.60540,0.80665,104
1268,Exploration & production,2016-09-30,1.38836,0.37622,0.25008,0.50235,0.70349,0.60682,0.80016,104
1269,Exploration & production,2016-10-07,1.37863,0.38256,0.25351,0.51160,0.70137,0.60538,0.79736,104
1270,Exploration & production,2016-10-14,1.38021,0.37818,0.24812,0.50825,0.70196,0.60476,0.79916,104
1271,Exploration & production,2016-10-21,1.40225,0.37642,0.24606,0.50678,0.70191,0.60565,0.79817,104
1272,Exploration & production,2016-10-28,1.41183,0.37407,0.24454,0.50359,0.70003,0.60416,0.79590,104
1273,Exploration & production,2016-11-04,1.41130,0.36909,0.24028,0.49791,0.69919,0.60465,0.79373,104
1274,Exploration & production,2016-11-11,1.40605,0.37270,0.23781,0.50758,0.71410,0.61740,0.81080,104
1275,Exploration & production,2016-11-18,1.40942,0.37118,0.23602,0.50634,0.71212,0.61377,0.81046,104
1276,Exploration & production,2016-11-25,1.38160,0.36304,0.23044,0.49563,0.67128,0.57747,0.76510,104
1277,Exploration & production,2016-12-02,1.40675,0.33979,0.21464,0.46495,0.62798,0.53767,0.71829,104
1278,Exploration & production,2016-12-09,1.39978,0.32065,0.18601,0.45530,0.59530,0.50708,0.68351,104
1279,Exploration & production,2016-12-16,1.21288,0.36247,0.24788,0.47705,0.60144,0.50802,0.69485,104
1280,Exploration & production,2016-12-23,1.21015,0.36303,0.24827,0.47780,0.60129,0.50724,0.69535,104
1281,Exploration & production,2016-12-30,1.20981,0.36928,0.25087,0.48768,0.61171,0.51494,0.70847,104
1282,Exploration & production,2017-01-06,1.19613,0.38188,0.25460,0.50916,0.63647,0.53567,0.73726,104
1283,Exploration & production,2017-01-13,1.20773,0.36627,0.23838,0.49415,0.62382,0.52009,0.72754,104
1284,Exploration & production,2017-01-20,1.23688,0.36353,0.23385,0.49321,0.62342,0.52242,0.72443,104
1285,Exploration & production,2017-01-27,1.20876,0.38049,0.25203,0.50895,0.64727,0.54805,0.74648,104
1286,Exploration & production,2017-02-03,1.22450,0.37767,0.24988,0.50546,0.64070,0.54111,0.74028,104
1287,Exploration & production,2017-02-10,1.22207,0.37843,0.25082,0.50604,0.64109,0.54151,0.74066,104
1288,Exploration & production,2017-02-17,1.18808,0.40145,0.27514,0.52776,0.66167,0.56140,0.76193,104
1289,Exploration & production,2017-02-24,1.19103,0.39846,0.27209,0.52483,0.66073,0.56070,0.76076,104
1290,Exploration & production,2017-03-03,1.17420,0.40998,0.27885,0.54112,0.67174,0.56847,0.77501,104
1291,Exploration & production,2017-03-10,1.17975,0.39453,0.26903,0.52003,0.64884,0.54906,0.74862,104
1292,Exploration & production,2017-03-17,1.17445,0.39432,0.26905,0.51960,0.64670,0.54705,0.74634,104
1293,Exploration & production,2017-03-24,1.16437,0.39706,0.27088,0.52324,0.65014,0.54944,0.75083,104
1294,Exploration & production,2017-03-31,1.17507,0.39702,0.27213,0.52191,0.64825,0.54707,0.74943,104
1295,Exploration & production,2017-04-07,1.10853,0.40992,0.28035,0.53948,0.64267,0.54069,0.74464,104
1296,Exploration & production,2017-04-14,1.12258,0.39850,0.26715,0.52985,0.64785,0.54539,0.75030,104
1297,Exploration & production,2017-04-21,1.12382,0.40314,0.27214,0.53415,0.65560,0.55468,0.75652,104
1298,Exploration & production,2017-04-28,1.13512,0.39906,0.26888,0.52924,0.65704,0.55691,0.75717,104
1299,Exploration & production,2017-05-05,1.16337,0.38701,0.26167,0.51235,0.64592,0.54769,0.74416,104
1300,Exploration & production,2017-05-12,1.16430,0.38820,0.26286,0.51355,0.64833,0.55042,0.74625,104
1301,Exploration & production,2017-05-19,1.16833,0.38351,0.26015,0.50686,0.64141,0.54480,0.73803,104
1302,Exploration & production,2017-05-26,1.15590,0.38927,0.26530,0.51323,0.64486,0.54764,0.74207,104
1303,Exploration & production,2017-06-02,1.15538,0.38666,0.26203,0.51129,0.64456,0.54708,0.74203,104
1304,Exploration & production,2017-06-09,1.15915,0.38649,0.26183,0.51114,0.64678,0.55025,0.74332,104
1305,Exploration & production,2017-06-16,1.16082,0.38680,0.26220,0.51141,0.64778,0.55146,0.74410,104
1306,Exploration & production,2017-06-23,1.17043,0.38619,0.26254,0.50983,0.64904,0.55322,0.74486,104
1307,Exploration & production,2017-06-30,1.17633,0.37986,0.25815,0.50158,0.64152,0.54686,0.73617,104
1308,Exploration & production,2017-07-07,1.19414,0.36537,0.25076,0.47997,0.63481,0.54406,0.72556,104
1309,Exploration & production,2017-07-14,1.21416,0.35636,0.24310,0.46961,0.63857,0.54975,0.72740,104
1310,Exploration & production,2017-07-21,1.21110,0.35326,0.23924,0.46727,0.63414,0.54379,0.72449,104
1311,Exploration & production,2017-07-28,1.21697,0.34135,0.22860,0.45410,0.62160,0.53105,0.71214,104
1312,Exploration & production,2017-08-04,1.20412,0.35700,0.24207,0.47193,0.63831,0.54966,0.72697,104
1313,Exploration & production,2017-08-11,1.19522,0.35910,0.24100,0.47719,0.64052,0.55102,0.73001,104
1314,Exploration & production,2017-08-18,1.22408,0.35989,0.23984,0.47994,0.63568,0.54353,0.72782,104
1315,Exploration & production,2017-08-25,1.23833,0.34052,0.22828,0.45276,0.62497,0.53578,0.71416,104
1316,Exploration & production,2017-09-01,1.27737,0.33434,0.22491,0.44377,0.62643,0.54053,0.71233,104
1317,Exploration & production,2017-09-08,1.26964,0.33201,0.22280,0.44122,0.62043,0.53328,0.70759,104
1318,Exploration & production,2017-09-15,1.25985,0.32728,0.21826,0.43629,0.61590,0.52829,0.70351,104
1319,Exploration & production,2017-09-22,1.26119,0.33088,0.22087,0.44089,0.62313,0.53553,0.71073,104
1320,Exploration & production,2017-09-29,1.26564,0.33520,0.22459,0.44581,0.62909,0.54242,0.71577,104
1321,Exploration & production,2017-10-06,1.25246,0.34416,0.23214,0.45618,0.61269,0.52146,0.70391,104
1322,Exploration & production,2017-10-13,1.25079,0.34634,0.23151,0.46117,0.61798,0.52535,0.71061,104
1323,Exploration & production,2017-10-20,1.28908,0.33105,0.21156,0.45054,0.61278,0.51994,0.70562,104
1324,Exploration & production,2017-10-27,1.27876,0.33493,0.21768,0.45217,0.61775,0.52576,0.70973,104
1325,Exploration & production,2017-11-03,1.25920,0.35776,0.24604,0.46949,0.64534,0.55373,0.73695,104
1326,Exploration & production,2017-11-10,1.26127,0.37046,0.25716,0.48376,0.64970,0.55250,0.74690,104
1327,Exploration & production,2017-11-17,1.21187,0.37352,0.25956,0.48748,0.64065,0.54538,0.73591,104
1328,Exploration & production,2017-11-24,1.21243,0.37387,0.25996,0.48778,0.64111,0.54593,0.73630,104
1329,Exploration & production,2017-12-01,1.20266,0.36882,0.25640,0.48125,0.63131,0.53743,0.72518,104
1330,Exploration & production,2017-12-08,1.20338,0.35809,0.24379,0.47239,0.61516,0.51778,0.71254,104
1331,Exploration & production,2017-12-15,1.20580,0.35512,0.24078,0.46946,0.61168,0.51408,0.70928,104
1332,Exploration & production,2017-12-22,1.20537,0.35630,0.24158,0.47102,0.61375,0.51655,0.71096,104
1333,Exploration & production,2017-12-29,1.21548,0.34911,0.23690,0.46132,0.61154,0.51792,0.70516,104
1334,Exploration & production,2018-01-05,1.19811,0.34437,0.23230,0.45644,0.56392,0.47159,0.65624,104
1335,Exploration & production,2018-01-12,1.19269,0.34646,0.23424,0.45869,0.53998,0.44425,0.63571,104
1336,Exploration & production,2018-01-19,1.18760,0.34568,0.23380,0.45756,0.53454,0.43913,0.62995,104
1337,Exploration & production,2018-01-26,1.17359,0.32482,0.21960,0.43004,0.50811,0.41631,0.59990,104
1338,Exploration & production,2018-02-02,1.18643,0.33736,0.23128,0.44344,0.52646,0.43483,0.61809,104
1339,Exploration & production,2018-02-09,1.17394,0.34047,0.23292,0.44801,0.52516,0.43684,0.61348,104
1340,Exploration & production,2018-02-16,1.21837,0.33060,0.22090,0.44030,0.53237,0.44618,0.61856,104
1341,Exploration & production,2018-02-23,1.26765,0.34353,0.23091,0.45615,0.54822,0.45557,0.64086,104
1342,Exploration & production,2018-03-02,1.16585,0.32735,0.21231,0.44238,0.51359,0.42060,0.60658,104
1343,Exploration & production,2018-03-09,1.14010,0.33734,0.21999,0.45469,0.52561,0.43088,0.62033,104
1344,Exploration & production,2018-03-16,1.13366,0.33923,0.22182,0.45663,0.52522,0.42993,0.62052,104
1345,Exploration & production,2018-03-23,1.11693,0.35135,0.23331,0.46939,0.52547,0.42985,0.62108,104
1346,Exploration & production,2018-03-30,1.08878,0.35178,0.23294,0.47062,0.51592,0.41988,0.61196,104
1347,Exploration & production,2018-04-06,1.12136,0.33406,0.21503,0.45309,0.50572,0.40936,0.60207,104
1348,Exploration & production,2018-04-13,1.11523,0.32486,0.20404,0.44568,0.49958,0.40050,0.59866,104
1349,Exploration & production,2018-04-20,1.11283,0.32369,0.20331,0.44406,0.49612,0.39766,0.59459,104
1350,Exploration & production,2018-04-27,1.09737,0.31395,0.19205,0.43584,0.48197,0.37926,0.58468,104
1351,Exploration & production,2018-05-04,1.10548,0.31806,0.19668,0.43945,0.48234,0.38037,0.58431,104
1352,Exploration & production,2018-05-11,1.09775,0.33809,0.21067,0.46550,0.50573,0.40307,0.60840,104
1353,Exploration & production,2018-05-18,1.14144,0.33968,0.21145,0.46791,0.51414,0.40766,0.62062,104
1354,Exploration & production,2018-05-25,1.27389,0.33248,0.21113,0.45383,0.53385,0.42478,0.64293,104
1355,Exploration & production,2018-06-01,1.32814,0.32598,0.20847,0.44350,0.53759,0.42864,0.64655,104
1356,Exploration & production,2018-06-08,1.37004,0.31364,0.20270,0.42457,0.53114,0.42585,0.63643,104
1357,Exploration & production,2018-06-15,1.37134,0.31950,0.20940,0.42961,0.52912,0.42221,0.63604,104
1358,Exploration & production,2018-06-22,1.36898,0.31744,0.20870,0.42619,0.52198,0.41542,0.62854,104
1359,Exploration & production,2018-06-29,1.35354,0.32343,0.21415,0.43272,0.51499,0.40752,0.62245,104
1360,Exploration & production,2018-07-06,1.34868,0.32505,0.21070,0.43939,0.51862,0.40685,0.63040,104
1361,Exploration & production,2018-07-13,1.33292,0.32058,0.20608,0.43508,0.51090,0.39956,0.62225,104
1362,Exploration & production,2018-07-20,1.36293,0.29601,0.19064,0.40138,0.49243,0.38527,0.59959,104
1363,Exploration & production,2018-07-27,1.37791,0.30546,0.19999,0.41094,0.49621,0.38833,0.60409,104
1364,Exploration & production,2018-08-03,1.37466,0.30622,0.19949,0.41295,0.49981,0.39085,0.60878,104
1365,Exploration & production,2018-08-10,1.38115,0.30839,0.19964,0.41714,0.50112,0.38925,0.61298,104
1366,Exploration & production,2018-08-17,1.39959,0.30770,0.19147,0.42393,0.52691,0.41043,0.64339,104
1367,Exploration & production,2018-08-24,1.37847,0.31117,0.19459,0.42775,0.53319,0.41896,0.64742,104
1368,Exploration & production,2018-08-31,1.36393,0.31568,0.19222,0.43914,0.54451,0.42476,0.66425,104
1369,Exploration & production,2018-09-07,1.39792,0.31449,0.19175,0.43722,0.55384,0.43390,0.67377,104
1370,Exploration & production,2018-09-14,1.42428,0.31678,0.19323,0.44032,0.54781,0.42516,0.67047,104
1371,Exploration & production,2018-09-21,1.45864,0.31020,0.19004,0.43035,0.54808,0.42636,0.66980,104
1372,Exploration & production,2018-09-28,1.46647,0.31976,0.19249,0.44702,0.56530,0.43647,0.69413,104
1373,Exploration & production,2018-10-05,1.48434,0.30828,0.18523,0.43132,0.55536,0.42787,0.68284,104
1374,Exploration & production,2018-10-12,1.52931,0.30690,0.18485,0.42895,0.58083,0.45344,0.70822,104
1375,Exploration & production,2018-10-19,1.53623,0.30400,0.18221,0.42579,0.57857,0.45103,0.70610,104
1376,Exploration & production,2018-10-26,1.60981,0.29689,0.17524,0.41855,0.60396,0.47383,0.73408,104
1377,Exploration & production,2018-11-02,1.60020,0.30967,0.18955,0.42979,0.56684,0.43208,0.70159,104
1378,Exploration & production,2018-11-09,1.61004,0.30683,0.18786,0.42580,0.56480,0.43222,0.69739,104
1379,Exploration & production,2018-11-16,1.59500,0.30417,0.18937,0.41897,0.56714,0.43887,0.69541,104
1380,Exploration & production,2018-11-23,1.64760,0.33212,0.21268,0.45157,0.63616,0.50696,0.76537,104
1381,Exploration & production,2018-11-30,1.64911,0.36500,0.25526,0.47474,0.72304,0.58701,0.85908,104
1382,Exploration & production,2018-12-07,1.61750,0.37609,0.26976,0.48243,0.70910,0.57388,0.84433,104
1383,Exploration & production,2018-12-14,1.64155,0.37293,0.26634,0.47953,0.71657,0.58038,0.85276,104
1384,Exploration & production,2018-12-21,1.64643,0.37155,0.27249,0.47062,0.73037,0.60658,0.85415,104
1385,Exploration & production,2018-12-28,1.64388,0.35806,0.25759,0.45853,0.71641,0.59199,0.84082,104
1386,Exploration & production,2019-01-04,1.67999,0.37478,0.27560,0.47395,0.75501,0.63333,0.87669,104
1387,Exploration & production,2019-01-11,1.67164,0.37341,0.27900,0.46783,0.75365,0.63839,0.86892,104
1388,Exploration & production,2019-01-18,1.68223,0.37511,0.28079,0.46943,0.75962,0.64447,0.87478,104
1389,Exploration & production,2019-01-25,1.68443,0.37321,0.27782,0.46859,0.76176,0.64620,0.87732,104
1390,Exploration & production,2019-02-01,1.65833,0.38436,0.29025,0.47847,0.77045,0.65447,0.88644,104
1391,Exploration & production,2019-02-08,1.65498,0.38558,0.29163,0.47953,0.77032,0.65429,0.88635,104
1392,Exploration & production,2019-02-15,1.62871,0.38112,0.28825,0.47400,0.77351,0.65841,0.88861,104
1393,Exploration & production,2019-02-22,1.62687,0.38211,0.28896,0.47525,0.77440,0.65922,0.88958,104
1394,Exploration & production,2019-03-01,1.63713,0.38448,0.29237,0.47660,0.77963,0.66603,0.89324,104
1395,Exploration & production,2019-03-08,1.65951,0.37164,0.27482,0.46846,0.79842,0.67979,0.91704,104
1396,Exploration & production,2019-03-15,1.66601,0.37105,0.27404,0.46806,0.80181,0.68312,0.92050,104
1397,Exploration & production,2019-03-22,1.66896,0.37201,0.27506,0.46896,0.80127,0.68259,0.91996,104
1398,Exploration & production,2019-03-29,1.66435,0.37440,0.27597,0.47283,0.80687,0.68714,0.92660,104
1399,Exploration & production,2019-04-05,1.63236,0.37384,0.27433,0.47336,0.80551,0.68407,0.92695,104
1400,Exploration & production,2019-04-12,1.63212,0.37491,0.27564,0.47419,0.80544,0.68396,0.92692,104
1401,Exploration & production,2019-04-19,1.62728,0.37162,0.27114,0.47211,0.79851,0.67298,0.92404,104
1402,Exploration & production,2019-04-26,1.63909,0.36791,0.26770,0.46811,0.79915,0.67352,0.92477,104
1403,Exploration & production,2019-05-03,1.65196,0.36500,0.25848,0.47152,0.81870,0.69084,0.94657,104
1404,Exploration & production,2019-05-10,1.68807,0.36196,0.25593,0.46799,0.82437,0.69705,0.95170,104
1405,Exploration & production,2019-05-17,1.67553,0.37017,0.26235,0.47800,0.83864,0.71019,0.96708,104
1406,Exploration & production,2019-05-24,1.67481,0.36825,0.26215,0.47436,0.83205,0.70479,0.95931,104
1407,Exploration & production,2019-05-31,1.65367,0.36341,0.25611,0.47071,0.83071,0.70213,0.95929,104
1408,Exploration & production,2019-06-07,1.61376,0.37811,0.27194,0.48428,0.82911,0.70181,0.95641,104
1409,Exploration & production,2019-06-14,1.61832,0.37851,0.27245,0.48458,0.83036,0.70393,0.95679,104
1410,Exploration & production,2019-06-21,1.61576,0.38423,0.27637,0.49209,0.83437,0.70858,0.96016,104
1411,Exploration & production,2019-06-28,1.61895,0.39103,0.28837,0.49370,0.84338,0.72003,0.96673,104
1412,Exploration & production,2019-07-05,1.58656,0.40584,0.30182,0.50987,0.83593,0.71303,0.95883,104
1413,Exploration & production,2019-07-12,1.60423,0.41145,0.30746,0.51543,0.82962,0.70843,0.95081,104
1414,Exploration & production,2019-07-19,1.60842,0.40337,0.29945,0.50729,0.82802,0.70864,0.94740,104
1415,Exploration & production,2019-07-26,1.59597,0.42385,0.32392,0.52378,0.85438,0.73490,0.97386,104
1416,Exploration & production,2019-08-02,1.59169,0.42214,0.32228,0.52200,0.85489,0.73529,0.97448,104
1417,Exploration & production,2019-08-09,1.60163,0.42795,0.32784,0.52806,0.86516,0.74874,0.98158,104
1418,Exploration & production,2019-08-16,1.61309,0.42755,0.32858,0.52652,0.86850,0.75233,0.98468,104
1419,Exploration & production,2019-08-23,1.61321,0.42916,0.32991,0.52840,0.87206,0.75617,0.98795,104
1420,Exploration & production,2019-08-30,1.59312,0.43085,0.33072,0.53099,0.87255,0.75737,0.98774,104
1421,Exploration & production,2019-09-06,1.60222,0.42712,0.32579,0.52844,0.87502,0.75893,0.99111,104
1422,Exploration & production,2019-09-13,1.64603,0.42581,0.32521,0.52641,0.87579,0.75794,0.99364,104
1423,Exploration & production,2019-09-20,1.64062,0.41264,0.30831,0.51698,0.85798,0.73980,0.97615,104
1424,Exploration & production,2019-09-27,1.64069,0.41537,0.31132,0.51942,0.86575,0.75156,0.97995,104
1425,Exploration & production,2019-10-04,1.65979,0.38028,0.26656,0.49400,0.84136,0.71842,0.96431,104
1426,Exploration & production,2019-10-11,1.66192,0.38334,0.27028,0.49639,0.84800,0.72602,0.96997,104
1427,Exploration & production,2019-10-18,1.64019,0.39602,0.28685,0.50518,0.85221,0.73217,0.97224,104
1428,Exploration & production,2019-10-25,1.63801,0.39777,0.28774,0.50779,0.85489,0.73339,0.97639,104
1429,Exploration & production,2019-11-01,1.61439,0.39523,0.28568,0.50478,0.84298,0.72360,0.96236,104
1430,Exploration & production,2019-11-08,1.61122,0.39052,0.27922,0.50183,0.84298,0.72366,0.96229,104
1431,Exploration & production,2019-11-15,1.60126,0.39359,0.28341,0.50377,0.83899,0.71972,0.95825,104
1432,Exploration & production,2019-11-22,1.59405,0.39529,0.28458,0.50600,0.83895,0.71980,0.95810,104
1433,Exploration & production,2019-11-29,1.60059,0.39630,0.28520,0.50740,0.84250,0.72405,0.96094,104
1434,Exploration & production,2019-12-06,1.60157,0.39169,0.28095,0.50243,0.83610,0.71835,0.95385,104
1435,Exploration & production,2019-12-13,1.59696,0.39274,0.28196,0.50353,0.83610,0.71886,0.95334,104
1436,Exploration & production,2019-12-20,1.59696,0.39309,0.28233,0.50385,0.83505,0.71708,0.95302,104
1437,Exploration & production,2019-12-27,1.60052,0.39081,0.28010,0.50153,0.83205,0.71392,0.95018,104
1438,Exploration & production,2020-01-03,1.57255,0.39491,0.28326,0.50655,0.82619,0.70899,0.94339,104
1439,Exploration & production,2020-01-10,1.57620,0.38887,0.27905,0.49868,0.81597,0.69967,0.93227,104
1440,Exploration & production,2020-01-17,1.56473,0.39312,0.28307,0.50318,0.81671,0.70095,0.93247,104
1441,Exploration & production,2020-01-24,1.59216,0.37712,0.26694,0.48729,0.80874,0.69388,0.92361,104
1442,Exploration & production,2020-01-31,1.58490,0.37650,0.26651,0.48649,0.81111,0.69599,0.92624,104
1443,Exploration & production,2020-02-07,1.56705,0.39519,0.28632,0.50407,0.80401,0.68962,0.91839,104
1444,Exploration & production,2020-02-14,1.59724,0.37216,0.26223,0.48210,0.77932,0.66294,0.89570,104
1445,Exploration & production,2020-02-21,1.58954,0.36228,0.25186,0.47270,0.76600,0.64406,0.88794,104
1446,Exploration & production,2020-02-28,1.48776,0.36348,0.25345,0.47350,0.83913,0.69709,0.98117,104
1447,Exploration & production,2020-03-06,1.49900,0.33944,0.22357,0.45530,0.81600,0.65729,0.97472,104
1448,Exploration & production,2020-03-13,1.79063,0.39201,0.27880,0.50522,1.11853,0.95299,1.28407,104
1449,Exploration & production,2020-03-20,1.82773,0.36774,0.28071,0.45478,1.01746,0.87620,1.15872,104
1450,Exploration & production,2020-03-27,1.85624,0.34786,0.26024,0.43548,0.99811,0.86300,1.13322,104
1451,Exploration & production,2020-04-03,1.78056,0.41624,0.34619,0.48629,0.97958,0.86380,1.09537,104
1452,Exploration & production,2020-04-10,1.77588,0.42913,0.36233,0.49593,0.98364,0.87414,1.09314,104
1453,Exploration & production,2020-04-17,1.71192,0.46148,0.37142,0.55154,0.95650,0.85385,1.05914,104
1454,Exploration & production,2020-04-24,1.91816,0.32058,0.14985,0.49132,0.81145,0.64904,0.97387,104
1455,Exploration & production,2020-05-01,1.91230,0.30442,0.11976,0.48909,0.79713,0.62037,0.97390,104
1456,Exploration & production,2020-05-08,1.90888,0.30421,0.14527,0.46316,0.75165,0.58856,0.91475,104
1457,Exploration & production,2020-05-15,1.90746,0.29787,0.13763,0.45811,0.73787,0.57388,0.90187,104
1458,Exploration & production,2020-05-22,1.88935,0.29831,0.13764,0.45898,0.73581,0.57031,0.90132,104
1459,Exploration & production,2020-05-29,1.85220,0.30439,0.14262,0.46615,0.73321,0.56492,0.90151,104
1460,Exploration & production,2020-06-05,1.86925,0.31264,0.15133,0.47395,0.75824,0.60139,0.91508,104
1461,Exploration & production,2020-06-12,1.85242,0.30663,0.14799,0.46527,0.75297,0.59474,0.91120,104
1462,Exploration & production,2020-06-19,1.86659,0.30036,0.14712,0.45359,0.74492,0.58926,0.90058,104
1463,Exploration & production,2020-06-26,1.86604,0.29801,0.14406,0.45196,0.74632,0.58946,0.90317,104
1464,Exploration & production,2020-07-03,1.86077,0.29736,0.14397,0.45074,0.74523,0.58863,0.90183,104
1465,Exploration & production,2020-07-10,1.86099,0.29819,0.14462,0.45176,0.74602,0.58993,0.90210,104
1466,Exploration & production,2020-07-17,1.80029,0.31172,0.15270,0.47073,0.74605,0.58548,0.90663,104
1467,Exploration & production,2020-07-24,1.80246,0.31106,0.15253,0.46958,0.74491,0.58448,0.90533,104
1468,Exploration & production,2020-07-31,1.80530,0.31052,0.15251,0.46853,0.74490,0.58493,0.90486,104
1469,Exploration & production,2020-08-07,1.78705,0.31352,0.15422,0.47283,0.74585,0.58492,0.90678,104
1470,Exploration & production,2020-08-14,1.77585,0.31537,0.15533,0.47541,0.74548,0.58364,0.90732,104
1471,Exploration & production,2020-08-21,1.78145,0.31558,0.15501,0.47616,0.74628,0.58425,0.90830,104
1472,Exploration & production,2020-08-28,1.78823,0.31221,0.15290,0.47152,0.74492,0.58355,0.90629,104
1473,Exploration & production,2020-09-04,1.77822,0.31313,0.15364,0.47262,0.74442,0.58217,0.90668,104
1474,Exploration & production,2020-09-11,1.75975,0.32012,0.16051,0.47974,0.74109,0.57907,0.90310,104
1475,Exploration & production,2020-09-18,1.76652,0.31619,0.16037,0.47200,0.73573,0.57578,0.89569,104
1476,Exploration & production,2020-09-25,1.75034,0.31604,0.15965,0.47242,0.73293,0.57046,0.89540,104
1477,Exploration & production,2020-10-02,1.72744,0.32505,0.16655,0.48354,0.73243,0.56981,0.89506,104
1478,Exploration & production,2020-10-09,1.72510,0.32393,0.16758,0.48029,0.72927,0.56811,0.89043,104
1479,Exploration & production,2020-10-16,1.72852,0.32273,0.16692,0.47855,0.72879,0.56816,0.88943,104
1480,Exploration & production,2020-10-23,1.71100,0.32559,0.16861,0.48256,0.72598,0.56334,0.88862,104
1481,Exploration & production,2020-10-30,1.68023,0.32348,0.16344,0.48352,0.73165,0.56477,0.89853,104
1482,Exploration & production,2020-11-06,1.67514,0.32454,0.16368,0.48540,0.73598,0.56926,0.90270,104
1483,Exploration & production,2020-11-13,1.69106,0.32566,0.16391,0.48741,0.74762,0.58466,0.91059,104
1484,Exploration & production,2020-11-20,1.68623,0.32250,0.16011,0.48488,0.74027,0.57295,0.90759,104
1485,Exploration & production,2020-11-27,1.66659,0.32830,0.16327,0.49333,0.74524,0.57818,0.91229,104
1486,Exploration & production,2020-12-04,1.67002,0.32682,0.16050,0.49314,0.74789,0.58039,0.91539,104
1487,Exploration & production,2020-12-11,1.66544,0.32779,0.16110,0.49448,0.74695,0.57867,0.91523,104
1488,Exploration & production,2020-12-18,1.66592,0.32911,0.15998,0.49825,0.74675,0.57576,0.91774,104
1489,Exploration & production,2020-12-25,1.66249,0.33273,0.16204,0.50342,0.74918,0.57873,0.91963,104
1490,Exploration & production,2021-01-01,1.65006,0.32914,0.15980,0.49847,0.73957,0.56557,0.91358,104
1491,Exploration & production,2021-01-08,1.65130,0.33627,0.16294,0.50960,0.74759,0.57379,0.92138,104
1492,Exploration & production,2021-01-15,1.64776,0.33586,0.16271,0.50901,0.74559,0.57107,0.92012,104
1493,Exploration & production,2021-01-22,1.65032,0.33503,0.16232,0.50773,0.74503,0.57110,0.91896,104
1494,Exploration & production,2021-01-29,1.68740,0.32593,0.15731,0.49456,0.74547,0.57531,0.91563,104
1495,Exploration & production,2021-02-05,1.69323,0.32486,0.15686,0.49287,0.74817,0.57965,0.91669,104
1496,Exploration & production,2021-02-12,1.69729,0.32713,0.15978,0.49448,0.74483,0.57652,0.91314,104
1497,Exploration & production,2021-02-19,1.69657,0.32703,0.15975,0.49430,0.74441,0.57608,0.91275,104
1498,Exploration & production,2021-02-26,1.69646,0.32770,0.16028,0.49512,0.74502,0.57675,0.91330,104
1499,Exploration & production,2021-03-05,1.69018,0.32842,0.16061,0.49623,0.74703,0.57870,0.91537,104
1500,Exploration & production,2021-03-12,1.69756,0.32623,0.15957,0.49290,0.74588,0.57779,0.91396,104
1501,Exploration & production,2021-03-19,1.70047,0.32621,0.16105,0.49138,0.74572,0.57957,0.91187,104
1502,Exploration & production,2021-03-26,1.70373,0.32511,0.15991,0.49032,0.74647,0.58053,0.91242,104
1503,Exploration & production,2021-04-02,1.71298,0.32460,0.15984,0.48937,0.74662,0.58136,0.91187,104
1504,Exploration & production,2021-04-09,1.71162,0.32503,0.16016,0.48991,0.74690,0.58191,0.91189,104
1505,Exploration & production,2021-04-16,1.71122,0.32381,0.15988,0.48774,0.74626,0.58191,0.91061,104
1506,Exploration & production,2021-04-23,1.71034,0.32382,0.15974,0.48791,0.74657,0.58209,0.91105,104
1507,Exploration & production,2021-04-30,1.70843,0.32450,0.16002,0.48899,0.74659,0.58157,0.91161,104
1508,Exploration & production,2021-05-07,1.69087,0.32755,0.16194,0.49315,0.74556,0.57892,0.91219,104
1509,Exploration & production,2021-05-14,1.68998,0.32768,0.16238,0.49298,0.74474,0.57783,0.91164,104
1510,Exploration & production,2021-05-21,1.67570,0.33254,0.16591,0.49917,0.74395,0.57582,0.91209,104
1511,Exploration & production,2021-05-28,1.68596,0.33180,0.16573,0.49787,0.74338,0.57654,0.91022,104
1512,Exploration & production,2021-06-04,1.70164,0.32872,0.16319,0.49424,0.74595,0.58016,0.91174,104
1513,Exploration & production,2021-06-11,1.69548,0.33109,0.16451,0.49768,0.74622,0.57963,0.91282,104
1514,Exploration & production,2021-06-18,1.68581,0.33173,0.16480,0.49866,0.74414,0.57597,0.91231,104
1515,Exploration & production,2021-06-25,1.67614,0.33333,0.16527,0.50138,0.74586,0.57703,0.91468,104
1516,Exploration & production,2021-07-02,1.68620,0.32984,0.16144,0.49825,0.74788,0.57924,0.91652,104
1517,Exploration & production,2021-07-09,1.69342,0.32715,0.15916,0.49513,0.74861,0.58047,0.91675,104
1518,Exploration & production,2021-07-16,1.69398,0.33001,0.16044,0.49959,0.75021,0.58205,0.91836,104
1519,Exploration & production,2021-07-23,1.69340,0.33002,0.16041,0.49964,0.75008,0.58178,0.91837,104
1520,Exploration & production,2021-07-30,1.69947,0.32904,0.16019,0.49789,0.74916,0.58169,0.91662,104
1521,Exploration & production,2021-08-06,1.71788,0.31790,0.15510,0.48071,0.73579,0.56859,0.90298,104
1522,Exploration & production,2021-08-13,1.70417,0.32147,0.15788,0.48506,0.73594,0.56788,0.90400,104
1523,Exploration & production,2021-08-20,1.70046,0.32171,0.15912,0.48429,0.73625,0.56962,0.90289,104
1524,Exploration & production,2021-08-27,1.70745,0.32196,0.16153,0.48239,0.73690,0.57387,0.89994,104
1525,Exploration & production,2021-09-03,1.70827,0.32126,0.16105,0.48146,0.73638,0.57356,0.89920,104
1526,Exploration & production,2021-09-10,1.69721,0.32478,0.16258,0.48699,0.73873,0.57528,0.90218,104
1527,Exploration & production,2021-09-17,1.66538,0.33831,0.16891,0.50771,0.74284,0.57593,0.90975,104
1528,Exploration & production,2021-09-24,1.66198,0.33963,0.16957,0.50968,0.74184,0.57404,0.90964,104
1529,Exploration & production,2021-10-01,1.66996,0.34399,0.17123,0.51675,0.74739,0.58003,0.91475,104
1530,Exploration & production,2021-10-08,1.66397,0.34616,0.17256,0.51975,0.74657,0.57860,0.91453,104
1531,Exploration & production,2021-10-15,1.68225,0.34245,0.17025,0.51465,0.74898,0.58198,0.91598,104
1532,Exploration & production,2021-10-22,1.67951,0.34309,0.17034,0.51583,0.74930,0.58176,0.91685,104
1533,Exploration & production,2021-10-29,1.68905,0.34142,0.16937,0.51348,0.75081,0.58438,0.91724,104
1534,Exploration & production,2021-11-05,1.67554,0.34616,0.17360,0.51873,0.74997,0.58260,0.91733,104
1535,Exploration & production,2021-11-12,1.68113,0.34495,0.17254,0.51736,0.75059,0.58406,0.91713,104
1536,Exploration & production,2021-11-19,1.68339,0.34615,0.17337,0.51892,0.75248,0.58676,0.91820,104
1537,Exploration & production,2021-11-26,1.67071,0.34533,0.17335,0.51730,0.75313,0.58727,0.91899,104
1538,Exploration & production,2021-12-03,1.67609,0.34138,0.17137,0.51139,0.75014,0.58385,0.91642,104
1539,Exploration & production,2021-12-10,1.68132,0.33727,0.17008,0.50445,0.74520,0.58004,0.91036,104
1540,Exploration & production,2021-12-17,1.68115,0.33734,0.17008,0.50460,0.74545,0.58044,0.91047,104
1541,Exploration & production,2021-12-24,1.67493,0.33698,0.16971,0.50425,0.74492,0.57934,0.91050,104
1542,Exploration & production,2021-12-31,1.67406,0.33698,0.16999,0.50397,0.74427,0.57891,0.90963,104
1543,Exploration & production,2022-01-07,1.67088,0.33975,0.17079,0.50872,0.74710,0.58106,0.91314,104
1544,Exploration & production,2022-01-14,1.67253,0.34077,0.17179,0.50975,0.74794,0.58233,0.91355,104
1545,Exploration & production,2022-01-21,1.63266,0.35350,0.17719,0.52981,0.75062,0.58042,0.92082,104
1546,Exploration & production,2022-01-28,1.61655,0.35927,0.17941,0.53913,0.74935,0.57692,0.92179,104
1547,Exploration & production,2022-02-04,1.62052,0.35550,0.17461,0.53639,0.75114,0.57723,0.92505,104
1548,Exploration & production,2022-02-11,1.59875,0.36361,0.17778,0.54944,0.75471,0.57904,0.93038,104
1549,Exploration & production,2022-02-18,1.60537,0.36302,0.17758,0.54846,0.75637,0.58123,0.93151,104
1550,Exploration & production,2022-02-25,1.69251,0.36123,0.17538,0.54709,0.73864,0.56076,0.91652,104
1551,Exploration & production,2022-03-04,1.67349,0.38644,0.19489,0.57798,0.73698,0.55283,0.92112,104
1552,Exploration & production,2022-03-11,1.26838,0.38863,0.20250,0.57476,0.57503,0.41472,0.73534,104
1553,Exploration & production,2022-03-18,1.26059,0.39138,0.18304,0.59971,0.58447,0.40524,0.76370,104
1554,Exploration & production,2022-03-25,1.25618,0.40322,0.18420,0.62223,0.59828,0.41030,0.78626,104
1555,Exploration & production,2022-04-01,1.26912,0.31872,0.12261,0.51484,0.49257,0.31384,0.67130,104
1556,Exploration & production,2022-04-08,1.26871,0.31855,0.11971,0.51739,0.49663,0.31730,0.67595,104
1557,Exploration & production,2022-04-15,1.32270,0.29092,0.04809,0.53376,0.49611,0.28918,0.70305,104
1558,Exploration & production,2022-04-22,1.21838,0.41292,0.25257,0.57328,0.63022,0.50382,0.75661,104
1559,Exploration & production,2022-04-29,1.23808,0.42608,0.26942,0.58275,0.63530,0.51084,0.75977,104
1560,Exploration & production,2022-05-06,1.15321,0.46565,0.28652,0.64478,0.69436,0.55603,0.83269,104
1561,Exploration & production,2022-05-13,1.10408,0.48328,0.29767,0.66889,0.70708,0.56586,0.84830,104
1562,Exploration & production,2022-05-20,1.11469,0.48382,0.29789,0.66974,0.70621,0.56234,0.85008,104
1563,Exploration & production,2022-05-27,1.14283,0.47671,0.29279,0.66063,0.70866,0.56774,0.84957,104
1564,Exploration & production,2022-06-03,1.08293,0.44885,0.25785,0.63984,0.64920,0.49086,0.80755,104
1565,Exploration & production,2022-06-10,1.09011,0.47090,0.28118,0.66062,0.66149,0.50502,0.81797,104
1566,Exploration & production,2022-06-17,1.07010,0.49049,0.29509,0.68590,0.69336,0.53794,0.84879,104
1567,Exploration & production,2022-06-24,1.10680,0.48549,0.29080,0.68017,0.69277,0.53599,0.84956,104
1568,Exploration & production,2022-07-01,1.10931,0.49407,0.29698,0.69116,0.70064,0.54142,0.85987,104
1569,Exploration & production,2022-07-08,1.09988,0.49671,0.30452,0.68890,0.69503,0.53736,0.85270,104
1570,Exploration & production,2022-07-15,1.14578,0.48542,0.29324,0.67760,0.69917,0.54675,0.85159,104
1571,Exploration & production,2022-07-22,1.11455,0.48962,0.29771,0.68152,0.69919,0.54642,0.85197,104
1572,Exploration & production,2022-07-29,1.09668,0.49096,0.29938,0.68255,0.70298,0.55230,0.85367,104
1573,Exploration & production,2022-08-05,1.13229,0.46023,0.28635,0.63411,0.66376,0.52382,0.80369,104
1574,Exploration & production,2022-08-12,1.14999,0.46132,0.28953,0.63312,0.66849,0.53155,0.80543,104
1575,Exploration & production,2022-08-19,1.13763,0.46094,0.29072,0.63117,0.66426,0.52830,0.80023,104
1576,Exploration & production,2022-08-26,1.13267,0.46751,0.29844,0.63658,0.66934,0.53393,0.80475,104
1577,Exploration & production,2022-09-02,1.13007,0.46641,0.29854,0.63427,0.67134,0.53852,0.80416,104
1578,Exploration & production,2022-09-09,1.17306,0.45474,0.28128,0.62819,0.67692,0.54142,0.81241,104
1579,Exploration & production,2022-09-16,1.14150,0.46651,0.28981,0.64321,0.68761,0.55014,0.82507,104
1580,Exploration & production,2022-09-23,1.18788,0.46590,0.28752,0.64428,0.70481,0.56711,0.84251,104
1581,Exploration & production,2022-09-30,1.19655,0.45890,0.27548,0.64231,0.70875,0.56921,0.84830,104
1582,Exploration & production,2022-10-07,1.20456,0.47015,0.28621,0.65409,0.72191,0.58180,0.86201,104
1583,Exploration & production,2022-10-14,1.20092,0.47433,0.29150,0.65716,0.72775,0.58885,0.86665,104
1584,Exploration & production,2022-10-21,1.20120,0.47473,0.29151,0.65795,0.72712,0.58752,0.86672,104
1585,Exploration & production,2022-10-28,1.24314,0.48463,0.29652,0.67273,0.72725,0.57887,0.87562,104
1586,Exploration & production,2022-11-04,1.25352,0.48417,0.29655,0.67179,0.72474,0.57567,0.87381,104
1587,Exploration & production,2022-11-11,1.22146,0.48550,0.29766,0.67335,0.70654,0.55557,0.85751,104
1588,Exploration & production,2022-11-18,1.22016,0.49049,0.30544,0.67553,0.71036,0.56246,0.85826,104
1589,Exploration & production,2022-11-25,1.21567,0.48794,0.31098,0.66489,0.68862,0.54118,0.83607,104
1590,Exploration & production,2022-12-02,1.22918,0.48338,0.30637,0.66038,0.68681,0.53985,0.83377,104
1591,Exploration & production,2022-12-09,1.23434,0.47122,0.30463,0.63781,0.67187,0.53447,0.80926,104
1592,Exploration & production,2022-12-16,1.24280,0.46665,0.30104,0.63226,0.66441,0.52687,0.80195,104
1593,Exploration & production,2022-12-23,1.24045,0.45547,0.28982,0.62113,0.65471,0.51700,0.79243,104
1594,Exploration & production,2022-12-30,1.24550,0.45388,0.28792,0.61985,0.65292,0.51513,0.79071,104
1595,Exploration & production,2023-01-06,1.24175,0.43070,0.26758,0.59381,0.62295,0.48820,0.75769,104
1596,Exploration & production,2023-01-13,1.25199,0.41850,0.25366,0.58335,0.60973,0.47300,0.74646,104
1597,Exploration & production,2023-01-20,1.25746,0.41913,0.25551,0.58275,0.60977,0.47362,0.74591,104
1598,Exploration & production,2023-01-27,1.16436,0.43179,0.26975,0.59383,0.60654,0.46989,0.74318,104
1599,Exploration & production,2023-02-03,1.16156,0.42935,0.27288,0.58582,0.59195,0.45709,0.72680,104
1600,Exploration & production,2023-02-10,1.15340,0.42420,0.26698,0.58142,0.59109,0.45687,0.72531,104
1601,Exploration & production,2023-02-17,1.15491,0.42662,0.26965,0.58358,0.59425,0.46077,0.72773,104
1602,Exploration & production,2023-02-24,1.15219,0.42423,0.26653,0.58194,0.59061,0.45615,0.72507,104
1603,Exploration & production,2023-03-03,1.13309,0.42363,0.26544,0.58181,0.58463,0.44865,0.72061,104
1604,Exploration & production,2023-03-10,1.10167,0.42680,0.26763,0.58597,0.58723,0.45085,0.72360,104
1605,Exploration & production,2023-03-17,1.08060,0.42000,0.26238,0.57762,0.59513,0.46318,0.72708,104
1606,Exploration & production,2023-03-24,1.08214,0.41941,0.26295,0.57587,0.59341,0.46185,0.72496,104
1607,Exploration & production,2023-03-31,1.05284,0.41787,0.26093,0.57480,0.59478,0.46311,0.72645,104
1608,Exploration & production,2023-04-07,1.05137,0.42121,0.26735,0.57506,0.59597,0.46707,0.72487,104
1609,Exploration & production,2023-04-14,1.03992,0.42450,0.26945,0.57954,0.59626,0.46563,0.72688,104
1610,Exploration & production,2023-04-21,1.03960,0.42574,0.27137,0.58011,0.59769,0.46818,0.72720,104
1611,Exploration & production,2023-04-28,1.04251,0.42378,0.27038,0.57718,0.59464,0.46523,0.72406,104
1612,Exploration & production,2023-05-05,1.04732,0.41889,0.26803,0.56975,0.59190,0.46449,0.71931,104
1613,Exploration & production,2023-05-12,1.03333,0.42168,0.27058,0.57278,0.59233,0.46495,0.71970,104
1614,Exploration & production,2023-05-19,1.04361,0.41789,0.26466,0.57112,0.59407,0.46666,0.72147,104
1615,Exploration & production,2023-05-26,1.06180,0.41806,0.26424,0.57188,0.59571,0.46719,0.72423,104
1616,Exploration & production,2023-06-02,1.05483,0.41494,0.26127,0.56861,0.58971,0.46094,0.71848,104
1617,Exploration & production,2023-06-09,1.06670,0.41035,0.25675,0.56394,0.58692,0.45828,0.71556,104
1618,Exploration & production,2023-06-16,1.06322,0.40824,0.25304,0.56344,0.58564,0.45660,0.71468,104
1619,Exploration & production,2023-06-23,1.05920,0.40898,0.25453,0.56343,0.58762,0.45840,0.71685,104
1620,Exploration & production,2023-06-30,1.05322,0.40948,0.25509,0.56387,0.58780,0.45864,0.71695,104
1621,Exploration & production,2023-07-07,1.04495,0.41162,0.26042,0.56282,0.58518,0.45744,0.71292,104
1622,Exploration & production,2023-07-14,1.04634,0.40799,0.25731,0.55867,0.58180,0.45427,0.70934,104
1623,Exploration & production,2023-07-21,1.04760,0.40773,0.25703,0.55844,0.58280,0.45529,0.71031,104
1624,Exploration & production,2023-07-28,1.04552,0.40995,0.26083,0.55908,0.58415,0.45777,0.71053,104
1625,Exploration & production,2023-08-04,1.01452,0.42799,0.27357,0.58241,0.60294,0.47366,0.73221,104
1626,Exploration & production,2023-08-11,1.02882,0.42500,0.27192,0.57808,0.60276,0.47426,0.73126,104
1627,Exploration & production,2023-08-18,1.02511,0.42209,0.26823,0.57596,0.59795,0.46787,0.72804,104
1628,Exploration & production,2023-08-25,1.02452,0.41973,0.26232,0.57713,0.59242,0.45733,0.72750,104
1629,Exploration & production,2023-09-01,1.00343,0.41765,0.26058,0.57472,0.58972,0.45535,0.72408,104
1630,Exploration & production,2023-09-08,1.00045,0.41754,0.26049,0.57459,0.58887,0.45467,0.72307,104
1631,Exploration & production,2023-09-15,1.02282,0.40351,0.24827,0.55875,0.58276,0.45055,0.71496,104
1632,Exploration & production,2023-09-22,1.01973,0.40195,0.24592,0.55797,0.58008,0.44765,0.71252,104
1633,Exploration & production,2023-09-29,1.00530,0.40206,0.24569,0.55843,0.57667,0.44447,0.70888,104
1634,Exploration & production,2023-10-06,0.99931,0.38947,0.23692,0.54203,0.56810,0.44050,0.69571,104
1635,Exploration & production,2023-10-13,0.97158,0.39004,0.23692,0.54315,0.56939,0.44380,0.69498,104
1636,Exploration & production,2023-10-20,0.92840,0.40014,0.24916,0.55111,0.56987,0.44465,0.69509,104
1637,Exploration & production,2023-10-27,0.90500,0.40310,0.25240,0.55379,0.56797,0.44319,0.69276,104
1638,Exploration & production,2023-11-03,0.94387,0.38753,0.23994,0.53511,0.55625,0.43293,0.67957,104
1639,Exploration & production,2023-11-10,0.94211,0.38982,0.24370,0.53595,0.55756,0.43531,0.67980,104
1640,Exploration & production,2023-11-17,0.93195,0.38749,0.24105,0.53393,0.55283,0.42964,0.67602,104
1641,Exploration & production,2023-11-24,0.91890,0.38814,0.24081,0.53548,0.54461,0.41799,0.67123,104
1642,Exploration & production,2023-12-01,0.91278,0.39657,0.24918,0.54396,0.55308,0.42733,0.67883,104
1643,Exploration & production,2023-12-08,0.90975,0.40657,0.25759,0.55554,0.56381,0.43721,0.69042,104
1644,Exploration & production,2023-12-15,0.90463,0.40573,0.25692,0.55453,0.56132,0.43451,0.68812,104
1645,Exploration & production,2023-12-22,0.91358,0.40840,0.26025,0.55656,0.56288,0.43584,0.68993,104
1646,Exploration & production,2023-12-29,0.90635,0.41207,0.26344,0.56070,0.56447,0.43677,0.69216,104
1647,Exploration & production,2024-01-05,0.90550,0.40865,0.26023,0.55707,0.56123,0.43371,0.68874,104
1648,Exploration & production,2024-01-12,0.91035,0.40435,0.25592,0.55279,0.55805,0.42980,0.68630,104
1649,Exploration & production,2024-01-19,0.96674,0.39161,0.24261,0.54061,0.55708,0.42871,0.68545,104
1650,Exploration & production,2024-01-26,0.98792,0.38355,0.23557,0.53154,0.55408,0.42689,0.68127,104
1651,Exploration & production,2024-02-02,0.98813,0.37888,0.23228,0.52549,0.54919,0.42315,0.67522,104
1652,Exploration & production,2024-02-09,1.04749,0.36647,0.22315,0.50978,0.53854,0.41160,0.66548,104
1653,Exploration & production,2024-02-16,1.02204,0.36893,0.22397,0.51389,0.53715,0.41084,0.66346,104
1654,Exploration & production,2024-02-23,1.03799,0.35912,0.22365,0.49459,0.53171,0.41197,0.65145,104
1655,Exploration & production,2024-03-01,1.08567,0.32029,0.19400,0.44658,0.52336,0.41072,0.63600,104
1656,Exploration & production,2024-03-08,1.10336,0.30890,0.18200,0.43580,0.51694,0.40415,0.62973,104
1657,Exploration & production,2024-03-15,1.10863,0.29974,0.16911,0.43037,0.51511,0.40192,0.62830,104
1658,Exploration & production,2024-03-22,1.10552,0.28705,0.14094,0.43316,0.50021,0.37158,0.62884,104
1659,Exploration & production,2024-03-29,1.02297,0.34721,0.22550,0.46893,0.56559,0.44884,0.68234,104
1660,Exploration & production,2024-04-05,1.02119,0.34910,0.22848,0.46972,0.56869,0.45380,0.68357,104
1661,Exploration & production,2024-04-12,1.05244,0.33634,0.21587,0.45680,0.56420,0.44940,0.67901,104
1662,Exploration & production,2024-04-19,1.05213,0.33644,0.21598,0.45691,0.56618,0.45177,0.68058,104
1663,Exploration & production,2024-04-26,1.03770,0.33666,0.21357,0.45975,0.56771,0.45272,0.68271,104
1664,Exploration & production,2024-05-03,1.09114,0.31599,0.20143,0.43054,0.55643,0.44591,0.66695,104
1665,Exploration & production,2024-05-10,1.10057,0.31365,0.19933,0.42797,0.55631,0.44609,0.66653,104
1666,Exploration & production,2024-05-17,1.09401,0.31387,0.19927,0.42847,0.55406,0.44379,0.66433,104
1667,Exploration & production,2024-05-24,1.09510,0.30960,0.19454,0.42466,0.54515,0.43327,0.65703,104
1668,Exploration & production,2024-05-31,1.11529,0.30402,0.19037,0.41767,0.54408,0.43303,0.65512,104
1669,Exploration & production,2024-06-07,1.16148,0.29329,0.18117,0.40541,0.54799,0.43901,0.65698,104
1670,Exploration & production,2024-06-14,1.16461,0.28395,0.17345,0.39445,0.52684,0.41784,0.63584,104
1671,Exploration & production,2024-06-21,1.13090,0.29305,0.18125,0.40486,0.52973,0.42044,0.63902,104
1672,Exploration & production,2024-06-28,1.13505,0.29155,0.18036,0.40274,0.52966,0.42074,0.63859,104
1673,Exploration & production,2024-07-05,1.14763,0.28642,0.17461,0.39823,0.53225,0.42308,0.64141,104
1674,Exploration & production,2024-07-12,1.13426,0.29003,0.17732,0.40274,0.52855,0.41778,0.63933,104
1675,Exploration & production,2024-07-19,1.16258,0.28451,0.17302,0.39600,0.52423,0.41424,0.63421,104
1676,Exploration & production,2024-07-26,1.15651,0.28389,0.17158,0.39620,0.51420,0.40166,0.62674,104
1677,Exploration & production,2024-08-02,1.14443,0.29717,0.16952,0.42482,0.54474,0.42000,0.66948,104
1678,Exploration & production,2024-08-09,1.13759,0.28886,0.16464,0.41308,0.53268,0.41136,0.65399,104
1679,Exploration & production,2024-08-16,1.14969,0.28689,0.16243,0.41135,0.53406,0.41296,0.65516,104
1680,Exploration & production,2024-08-23,1.16413,0.27109,0.14844,0.39374,0.52296,0.40435,0.64157,104
1681,Exploration & production,2024-08-30,1.16199,0.27135,0.14679,0.39591,0.51588,0.39367,0.63810,104
1682,Exploration & production,2024-09-06,1.12755,0.27570,0.15103,0.40037,0.52289,0.40521,0.64057,104
1683,Exploration & production,2024-09-13,1.15291,0.27160,0.14972,0.39349,0.52304,0.40438,0.64170,104
1684,Exploration & production,2024-09-20,1.09625,0.26805,0.14308,0.39302,0.49120,0.38029,0.60212,104
1685,Exploration & production,2024-09-27,1.12296,0.25703,0.14091,0.37315,0.48680,0.38081,0.59279,104
1686,Exploration & production,2024-10-04,1.13385,0.24805,0.14444,0.35166,0.48164,0.39392,0.56937,104
1687,Exploration & production,2024-10-11,1.12878,0.23900,0.13714,0.34085,0.46747,0.38275,0.55220,104
1688,Exploration & production,2024-10-18,1.12366,0.24678,0.14374,0.34981,0.47211,0.38469,0.55953,104
1689,Exploration & production,2024-10-25,1.11323,0.24731,0.14429,0.35034,0.46944,0.38329,0.55559,104
1690,Exploration & production,2024-11-01,1.09468,0.24843,0.14479,0.35206,0.46605,0.38179,0.55031,104
1691,Exploration & production,2024-11-08,1.10813,0.24173,0.14054,0.34293,0.46094,0.37859,0.54330,104
1692,Exploration & production,2024-11-15,1.13919,0.21440,0.11495,0.31385,0.43393,0.35509,0.51276,104
1693,Exploration & production,2024-11-22,1.13812,0.20573,0.09712,0.31434,0.43629,0.35426,0.51832,104
1694,Exploration & production,2024-11-29,1.13124,0.20707,0.09702,0.31711,0.43873,0.35602,0.52143,104
1695,Exploration & production,2024-12-06,1.13346,0.20496,0.08791,0.32200,0.44470,0.35627,0.53313,104
1696,Exploration & production,2024-12-13,1.12775,0.20817,0.09088,0.32545,0.44805,0.36036,0.53574,104
1697,Exploration & production,2024-12-20,1.10204,0.21863,0.10321,0.33406,0.45613,0.37015,0.54212,104
1698,Exploration & production,2024-12-27,1.10519,0.21929,0.10282,0.33577,0.46115,0.37537,0.54694,104
1699,Exploration & production,2025-01-03,1.12741,0.23111,0.11381,0.34841,0.48969,0.40349,0.57590,104
1700,Exploration & production,2025-01-10,1.11512,0.24681,0.12417,0.36945,0.51082,0.42128,0.60037,104
1701,Exploration & production,2025-01-17,1.12243,0.24356,0.12019,0.36692,0.51175,0.42190,0.60160,104
1702,Exploration & production,2025-01-24,1.12485,0.24840,0.12402,0.37278,0.51747,0.42522,0.60972,104
1703,Exploration & production,2025-01-31,1.10779,0.25320,0.11819,0.38821,0.52975,0.43267,0.62683,104
1704,Exploration & production,2025-02-07,1.09591,0.25630,0.11760,0.39500,0.53251,0.43279,0.63222,104
1705,Exploration & production,2025-02-14,1.09696,0.25076,0.11174,0.38978,0.52747,0.42656,0.62837,104
1706,Exploration & production,2025-02-21,1.10157,0.24928,0.11051,0.38804,0.52710,0.42623,0.62797,104
1707,Exploration & production,2025-02-28,1.12213,0.25149,0.11340,0.38958,0.53188,0.43218,0.63158,104
1708,Exploration & production,2025-03-07,1.12964,0.25384,0.11723,0.39045,0.52844,0.42885,0.62803,104
1709,Exploration & production,2025-03-14,1.13159,0.25409,0.11539,0.39278,0.50067,0.39042,0.61092,104
1710,Exploration & production,2025-03-21,1.16135,0.25373,0.11380,0.39366,0.51317,0.40191,0.62444,104
1711,Exploration & production,2025-03-28,1.17106,0.26430,0.12366,0.40494,0.50768,0.38963,0.62572,104
1712,Exploration & production,2025-04-04,1.22131,0.24363,0.10626,0.38100,0.56109,0.45063,0.67155,104
1713,Exploration & production,2025-04-11,1.22491,0.24777,0.10888,0.38666,0.56265,0.45132,0.67398,104
1714,Exploration & production,2025-04-18,1.21954,0.24433,0.10333,0.38533,0.56141,0.44777,0.67504,104
1715,Exploration & production,2025-04-25,1.21857,0.24447,0.10216,0.38679,0.56501,0.45133,0.67868,104
1716,Exploration & production,2025-05-02,1.15776,0.28907,0.14724,0.43089,0.55344,0.43825,0.66863,104
1717,Exploration & production,2025-05-09,1.13270,0.30753,0.15263,0.46244,0.56199,0.43977,0.68420,104
1718,Exploration & production,2025-05-16,1.13059,0.30825,0.15340,0.46310,0.56754,0.44584,0.68924,104
1719,Exploration & production,2025-05-23,1.12490,0.31415,0.16039,0.46791,0.57496,0.45321,0.69671,104
1720,Exploration & production,2025-05-30,1.11823,0.31695,0.16427,0.46964,0.57606,0.45467,0.69744,104
1721,Exploration & production,2025-06-06,1.11230,0.32163,0.17031,0.47295,0.58088,0.46125,0.70051,104
1722,Exploration & production,2025-06-13,1.11369,0.34888,0.19888,0.49888,0.60654,0.48698,0.72611,104
1723,Exploration & production,2025-06-20,1.13448,0.34431,0.19625,0.49237,0.59704,0.47885,0.71522,104
1724,Exploration & production,2025-06-27,1.13543,0.35740,0.21457,0.50023,0.60671,0.49242,0.72100,104
1725,Exploration & production,2025-07-04,1.15796,0.34781,0.20134,0.49427,0.61070,0.49526,0.72614,104
1726,Exploration & production,2025-07-11,1.14200,0.35653,0.20764,0.50541,0.61389,0.49649,0.73129,104
1727,Exploration & production,2025-07-18,1.14052,0.35714,0.20818,0.50609,0.61282,0.49508,0.73055,104
1728,Exploration & production,2025-07-25,1.14385,0.35405,0.20224,0.50586,0.61395,0.49458,0.73333,104
1729,Exploration & production,2025-08-01,1.14074,0.35379,0.20279,0.50480,0.61132,0.49179,0.73086,104
1730,Exploration & production,2025-08-08,1.14917,0.34852,0.20006,0.49698,0.60238,0.48374,0.72103,104
1731,Exploration & production,2025-08-15,1.14811,0.35052,0.20266,0.49839,0.60153,0.48292,0.72014,104
1732,Exploration & production,2025-08-22,1.15403,0.35262,0.20494,0.50029,0.60659,0.48887,0.72432,104
1733,Exploration & production,2025-08-29,1.16732,0.35833,0.21150,0.50516,0.60997,0.49303,0.72690,104
1734,Exploration & production,2025-09-05,1.16900,0.36048,0.21312,0.50785,0.61556,0.49900,0.73213,104
1735,Exploration & production,2025-09-12,1.17357,0.36075,0.21367,0.50784,0.61428,0.49860,0.72996,104
1736,Exploration & production,2025-09-19,1.15787,0.36331,0.21600,0.51062,0.61345,0.49795,0.72896,104
1737,Exploration & production,2025-09-26,1.16219,0.37160,0.22199,0.52121,0.62369,0.50717,0.74021,104
1738,Exploration & production,2025-10-03,1.17809,0.38479,0.23788,0.53170,0.62809,0.51829,0.73789,104
1739,Exploration & production,2025-10-10,1.18163,0.38728,0.23988,0.53468,0.61587,0.50232,0.72941,104
1740,Exploration & production,2025-10-17,1.30761,0.36246,0.21099,0.51393,0.62271,0.50689,0.73853,104
1741,Exploration & production,2025-10-24,1.30380,0.36576,0.21905,0.51248,0.62130,0.50881,0.73378,104
1742,Exploration & production,2025-10-31,1.22703,0.39166,0.24284,0.54047,0.64524,0.53345,0.75703,104
1743,Exploration & production,2025-11-07,1.21987,0.38484,0.23494,0.53475,0.63909,0.52662,0.75155,104
1744,Exploration & production,2025-11-14,1.23151,0.38200,0.23162,0.53237,0.63971,0.52758,0.75184,104
1745,Exploration & production,2025-11-21,1.24868,0.37996,0.22917,0.53074,0.64421,0.53264,0.75578,104
1746,Exploration & production,2025-11-28,1.23227,0.38060,0.23022,0.53099,0.64160,0.52970,0.75351,104
1747,Exploration & production,2025-12-05,1.24000,0.37717,0.22590,0.52844,0.64003,0.52775,0.75231,104
1748,Exploration & production,2025-12-12,1.23715,0.37914,0.22987,0.52842,0.63792,0.52654,0.74931,104
1749,Exploration & production,2025-12-19,1.23212,0.37915,0.22864,0.52965,0.63893,0.52656,0.75129,104
1750,Exploration & production,2025-12-26,1.23981,0.37630,0.22501,0.52760,0.63829,0.52629,0.75030,104
1751,Exploration & production,2026-01-02,1.27833,0.36358,0.21145,0.51571,0.62968,0.51715,0.74222,104
1752,Exploration & production,2026-01-09,1.29817,0.34771,0.18987,0.50555,0.61359,0.49726,0.72993,104
1753,Exploration & production,2026-01-16,1.28257,0.35323,0.19716,0.50930,0.61950,0.50466,0.73434,104
1754,Exploration & production,2026-01-23,1.28170,0.35479,0.19890,0.51069,0.61864,0.50241,0.73487,104
1755,Exploration & production,2026-01-30,1.28979,0.35171,0.19500,0.50841,0.61332,0.49612,0.73052,104
1756,Exploration & production,2026-02-06,1.24625,0.36987,0.21097,0.52878,0.63454,0.51851,0.75056,104
1757,Exploration & production,2026-02-13,1.25539,0.36981,0.21096,0.52866,0.63469,0.51871,0.75067,104
1758,Exploration & production,2026-02-20,1.23807,0.36444,0.20476,0.52412,0.63280,0.51569,0.74992,104
1759,Exploration & production,2026-02-27,1.23240,0.36573,0.20562,0.52584,0.63230,0.51471,0.74989,104
1760,Exploration & production,2026-03-06,1.28033,0.32320,0.19580,0.45060,0.52985,0.42561,0.63409,104
1761,Exploration & production,2026-03-13,1.28122,0.32129,0.19091,0.45167,0.52838,0.42086,0.63590,104
1762,Exploration & production,2026-03-20,1.26059,0.35265,0.22864,0.47667,0.55369,0.45279,0.65459,104
1763,Exploration & production,2026-03-27,1.26556,0.35200,0.22751,0.47649,0.55379,0.45250,0.65508,104
1764,Exploration & production,2026-04-03,1.21929,0.37026,0.24695,0.49357,0.53765,0.43178,0.64352,104
1765,Exploration & production,2026-04-10,1.19649,0.37953,0.25426,0.50479,0.54443,0.43623,0.65264,104
1766,Exploration & production,2026-04-17,1.20900,0.37982,0.25432,0.50532,0.55070,0.44209,0.65932,104
1767,Exploration & production,2026-04-24,1.22280,0.38106,0.26549,0.49663,0.54464,0.44477,0.64452,104
1768,Exploration & production,2026-05-01,1.21886,0.38326,0.26785,0.49867,0.54937,0.45018,0.64857,104
1769,Exploration & production,2026-05-08,1.20945,0.38039,0.26777,0.49301,0.55139,0.45699,0.64579,104
1770,Exploration & production,2026-05-15,1.20602,0.38026,0.26854,0.49198,0.55388,0.46111,0.64666,104
1771,Exploration & production,2026-05-22,1.20408,0.38149,0.27220,0.49079,0.55121,0.45941,0.64301,104
1772,Exploration & production,2026-05-29,1.19188,0.37598,0.26920,0.48277,0.54781,0.45862,0.63700,104
1773,Exploration & production,2026-06-05,1.17455,0.37763,0.27028,0.48497,0.54573,0.45575,0.63571,104
1774,Exploration & production,2026-06-12,1.15244,0.38283,0.27399,0.49167,0.55146,0.46120,0.64172,104
1775,Exploration & production,2026-06-19,1.18944,0.38784,0.27781,0.49788,0.56961,0.47904,0.66019,104
1776,Exploration & production,2026-06-26,1.18635,0.37789,0.27128,0.48451,0.55935,0.47389,0.64482,104
1777,Exploration & production,2026-07-03,1.16723,0.38092,0.27533,0.48650,0.55948,0.47417,0.64479,104
1778,Exploration & production,2026-07-10,1.17816,0.37778,0.27328,0.48229,0.55644,0.47208,0.64080,104
1779,Exploration & production,2026-07-17,1.18283,0.36996,0.27131,0.46862,0.54393,0.46393,0.62393,104
1780,Exploration & production,2026-07-24,1.18455,0.37202,0.27460,0.46944,0.54842,0.47077,0.62606,104
1781,Exploration & production,2026-07-31,1.17974,0.37576,0.28014,0.47137,0.54618,0.46888,0.62349,104
1782,Exploration & production,2026-08-07,1.18628,0.37163,0.27697,0.46629,0.54084,0.46422,0.61747,104
1783,Exploration & production,2026-08-14,1.17347,0.37323,0.27895,0.46752,0.54374,0.46790,0.61957,104
1784,Exploration & production,2026-08-21,1.16809,0.37415,0.28102,0.46727,0.54190,0.46658,0.61722,104
1785,Exploration & production,2026-08-28,1.16749,0.37448,0.28194,0.46703,0.54086,0.46578,0.61595,104
1786,Exploration & production,2026-09-04,1.19267,0.37166,0.28049,0.46283,0.52991,0.45491,0.60491,104
1787,Exploration & production,2026-09-11,1.19424,0.37465,0.28469,0.46461,0.53018,0.45580,0.60457,104
1788,Oil service & drilling,2009-07-31,1.08658,0.06138,-0.08683,0.20960,0.67523,0.56638,0.78409,101
1789,Oil service & drilling,2009-08-07,1.08780,0.06821,-0.08072,0.21714,0.68276,0.57539,0.79014,101
1790,Oil service & drilling,2009-08-14,1.08756,0.06801,-0.08044,0.21647,0.68221,0.57494,0.78947,101
1791,Oil service & drilling,2009-08-21,1.09042,0.06551,-0.08342,0.21443,0.68179,0.57441,0.78916,101
1792,Oil service & drilling,2009-08-28,1.09066,0.06610,-0.08188,0.21409,0.68119,0.57385,0.78853,101
1793,Oil service & drilling,2009-09-04,1.09208,0.06355,-0.08129,0.20840,0.67403,0.56769,0.78037,101
1794,Oil service & drilling,2009-09-11,1.08983,0.06414,-0.08042,0.20870,0.67450,0.56798,0.78103,101
1795,Oil service & drilling,2009-09-18,1.08464,0.06190,-0.08388,0.20769,0.67179,0.56381,0.77977,101
1796,Oil service & drilling,2009-09-25,1.09345,0.04772,-0.09622,0.19166,0.65395,0.54267,0.76523,101
1797,Oil service & drilling,2009-10-02,1.09837,0.04258,-0.10169,0.18686,0.64665,0.53415,0.75914,101
1798,Oil service & drilling,2009-10-09,1.09869,0.04391,-0.09765,0.18546,0.65199,0.53977,0.76421,101
1799,Oil service & drilling,2009-10-16,1.09445,0.04911,-0.09043,0.18866,0.64959,0.54028,0.75890,101
1800,Oil service & drilling,2009-10-23,1.09336,0.04947,-0.09004,0.18899,0.64916,0.53926,0.75907,101
1801,Oil service & drilling,2009-10-30,1.09089,0.05209,-0.08765,0.19183,0.65330,0.54396,0.76264,101
1802,Oil service & drilling,2009-11-06,1.09086,0.05252,-0.08714,0.19217,0.65378,0.54452,0.76303,101
1803,Oil service & drilling,2009-11-13,1.08999,0.05328,-0.08593,0.19248,0.65248,0.54317,0.76178,101
1804,Oil service & drilling,2009-11-20,1.08568,0.05912,-0.08300,0.20123,0.65951,0.55018,0.76884,101
1805,Oil service & drilling,2009-11-27,1.10401,0.04130,-0.10087,0.18347,0.66865,0.55735,0.77995,101
1806,Oil service & drilling,2009-12-04,1.10428,0.04184,-0.09966,0.18334,0.66949,0.55841,0.78057,101
1807,Oil service & drilling,2009-12-11,1.09718,0.04938,-0.09156,0.19031,0.66454,0.55438,0.77470,101
1808,Oil service & drilling,2009-12-18,1.09598,0.05288,-0.08797,0.19374,0.66728,0.55767,0.77689,101
1809,Oil service & drilling,2009-12-25,1.09487,0.05270,-0.08850,0.19391,0.66646,0.55679,0.77613,101
1810,Oil service & drilling,2010-01-01,1.09968,0.04718,-0.09516,0.18952,0.66634,0.55602,0.77666,101
1811,Oil service & drilling,2010-01-08,1.10541,0.04754,-0.09467,0.18975,0.66504,0.55514,0.77494,101
1812,Oil service & drilling,2010-01-15,1.10162,0.04584,-0.09713,0.18882,0.65535,0.54525,0.76545,101
1813,Oil service & drilling,2010-01-22,1.10086,0.04612,-0.09663,0.18887,0.65793,0.54817,0.76769,101
1814,Oil service & drilling,2010-01-29,1.10072,0.04642,-0.09525,0.18809,0.65657,0.54684,0.76630,101
1815,Oil service & drilling,2010-02-05,1.10642,0.03978,-0.10223,0.18179,0.65653,0.54593,0.76713,101
1816,Oil service & drilling,2010-02-12,1.09645,0.04601,-0.09497,0.18698,0.64876,0.53892,0.75860,101
1817,Oil service & drilling,2010-02-19,1.09669,0.04434,-0.09626,0.18495,0.64723,0.53821,0.75624,101
1818,Oil service & drilling,2010-02-26,1.09677,0.04406,-0.09686,0.18498,0.64833,0.53893,0.75773,101
1819,Oil service & drilling,2010-03-05,1.09551,0.04398,-0.09874,0.18669,0.65383,0.54433,0.76332,101
1820,Oil service & drilling,2010-03-12,1.09339,0.04681,-0.09680,0.19041,0.65888,0.54948,0.76829,101
1821,Oil service & drilling,2010-03-19,1.09165,0.04718,-0.09617,0.19053,0.65906,0.54911,0.76902,101
1822,Oil service & drilling,2010-03-26,1.09734,0.04600,-0.09584,0.18785,0.65877,0.54895,0.76858,101
1823,Oil service & drilling,2010-04-02,1.10018,0.04172,-0.10037,0.18382,0.65343,0.54329,0.76358,101
1824,Oil service & drilling,2010-04-09,1.10091,0.04019,-0.10228,0.18266,0.65453,0.54394,0.76511,101
1825,Oil service & drilling,2010-04-16,1.10238,0.03727,-0.10545,0.17999,0.65097,0.53916,0.76278,101
1826,Oil service & drilling,2010-04-23,1.10305,0.03752,-0.10501,0.18005,0.65119,0.53949,0.76290,101
1827,Oil service & drilling,2010-04-30,1.11660,0.02858,-0.11366,0.17081,0.65084,0.53847,0.76321,101
1828,Oil service & drilling,2010-05-07,1.11346,0.03281,-0.11186,0.17749,0.66955,0.55843,0.78067,101
1829,Oil service & drilling,2010-05-14,1.11753,0.03032,-0.11302,0.17365,0.66808,0.55684,0.77931,101
1830,Oil service & drilling,2010-05-21,1.11796,0.03278,-0.11164,0.17720,0.67853,0.56808,0.78898,101
1831,Oil service & drilling,2010-05-28,1.11765,0.03249,-0.11213,0.17710,0.67858,0.56834,0.78883,101
1832,Oil service & drilling,2010-06-04,1.11768,0.03248,-0.11607,0.18104,0.68790,0.57596,0.79984,101
1833,Oil service & drilling,2010-06-11,1.11764,0.03188,-0.11658,0.18033,0.68731,0.57561,0.79901,101
1834,Oil service & drilling,2010-06-18,1.11729,0.03053,-0.11753,0.17859,0.68462,0.57341,0.79583,101
1835,Oil service & drilling,2010-06-25,1.10843,0.03676,-0.11371,0.18724,0.69224,0.58103,0.80345,101
1836,Oil service & drilling,2010-07-02,1.10232,0.04689,-0.10759,0.20136,0.70771,0.59886,0.81656,101
1837,Oil service & drilling,2010-07-09,1.09202,0.04826,-0.10724,0.20375,0.70772,0.59901,0.81643,101
1838,Oil service & drilling,2010-07-16,1.09076,0.05107,-0.10731,0.20945,0.71652,0.60645,0.82658,101
1839,Oil service & drilling,2010-07-23,1.08666,0.05118,-0.10820,0.21055,0.71595,0.60524,0.82667,101
1840,Oil service & drilling,2010-07-30,1.08254,0.05439,-0.10600,0.21479,0.71622,0.60590,0.82654,101
1841,Oil service & drilling,2010-08-06,1.07310,0.06737,-0.09843,0.23317,0.73665,0.62781,0.84548,101
1842,Oil service & drilling,2010-08-13,1.07368,0.07030,-0.09593,0.23653,0.74071,0.63315,0.84827,101
1843,Oil service & drilling,2010-08-20,1.07587,0.06935,-0.09633,0.23503,0.74005,0.63239,0.84770,101
1844,Oil service & drilling,2010-08-27,1.08031,0.06468,-0.09949,0.22886,0.73518,0.62740,0.84296,101
1845,Oil service & drilling,2010-09-03,1.07346,0.06930,-0.09475,0.23335,0.72097,0.61162,0.83033,101
1846,Oil service & drilling,2010-09-10,1.08053,0.05902,-0.10321,0.22125,0.71926,0.60739,0.83113,101
1847,Oil service & drilling,2010-09-17,1.08524,0.05558,-0.10767,0.21883,0.72162,0.60900,0.83424,101
1848,Oil service & drilling,2010-09-24,1.07544,0.06260,-0.12104,0.24624,0.73575,0.62387,0.84764,101
1849,Oil service & drilling,2010-10-01,1.06951,0.05980,-0.11865,0.23826,0.72490,0.60086,0.84894,101
1850,Oil service & drilling,2010-10-08,1.16465,0.05571,-0.11291,0.22434,0.70125,0.60223,0.80027,101
1851,Oil service & drilling,2010-10-15,1.16158,0.05651,-0.11156,0.22459,0.69588,0.59628,0.79548,101
1852,Oil service & drilling,2010-10-22,1.15011,0.03338,-0.14831,0.21507,0.66010,0.54297,0.77722,101
1853,Oil service & drilling,2010-10-29,1.14512,0.03510,-0.14824,0.21843,0.64792,0.52893,0.76692,101
1854,Oil service & drilling,2010-11-05,1.07549,0.11367,-0.02103,0.24837,0.72711,0.61275,0.84147,101
1855,Oil service & drilling,2010-11-12,1.07520,0.11422,-0.02340,0.25184,0.71194,0.59687,0.82701,101
1856,Oil service & drilling,2010-11-19,1.04410,0.12501,-0.01735,0.26737,0.66196,0.54940,0.77453,101
1857,Oil service & drilling,2010-11-26,0.86996,0.18207,0.03172,0.33242,0.60237,0.51017,0.69456,101
1858,Oil service & drilling,2010-12-03,0.87494,0.13431,-0.03074,0.29937,0.56839,0.45416,0.68261,101
1859,Oil service & drilling,2010-12-10,0.87981,0.15858,-0.01542,0.33257,0.58931,0.46905,0.70957,101
1860,Oil service & drilling,2010-12-17,0.89500,0.14717,-0.03406,0.32841,0.60222,0.48133,0.72311,101
1861,Oil service & drilling,2010-12-24,0.89617,0.14585,-0.04449,0.33618,0.61622,0.49110,0.74134,101
1862,Oil service & drilling,2010-12-31,0.89632,0.13917,-0.05847,0.33681,0.58890,0.44873,0.72907,101
1863,Oil service & drilling,2011-01-07,0.89035,0.15176,-0.04318,0.34669,0.60298,0.46338,0.74259,101
1864,Oil service & drilling,2011-01-14,0.88245,0.15666,-0.04306,0.35639,0.61463,0.47547,0.75380,101
1865,Oil service & drilling,2011-01-21,0.84014,0.18610,-0.00749,0.37969,0.63254,0.49254,0.77254,101
1866,Oil service & drilling,2011-01-28,0.83041,0.19609,-0.00287,0.39506,0.64992,0.50706,0.79278,101
1867,Oil service & drilling,2011-02-04,0.80984,0.20727,0.00780,0.40673,0.64952,0.50581,0.79323,101
1868,Oil service & drilling,2011-02-11,0.81058,0.20601,0.00633,0.40570,0.64854,0.50485,0.79223,101
1869,Oil service & drilling,2011-02-18,0.78332,0.20828,0.00875,0.40780,0.61085,0.45990,0.76180,101
1870,Oil service & drilling,2011-02-25,0.77048,0.22422,0.02093,0.42751,0.61806,0.46910,0.76703,101
1871,Oil service & drilling,2011-03-04,0.82887,0.20512,0.00954,0.40071,0.61644,0.46937,0.76351,101
1872,Oil service & drilling,2011-03-11,0.84949,0.19694,-0.00153,0.39540,0.62544,0.47933,0.77155,101
1873,Oil service & drilling,2011-03-18,0.85101,0.18781,-0.01931,0.39493,0.61974,0.46438,0.77510,101
1874,Oil service & drilling,2011-03-25,0.86545,0.18196,-0.02438,0.38831,0.62040,0.46563,0.77516,101
1875,Oil service & drilling,2011-04-01,0.85879,0.19103,-0.01718,0.39924,0.62692,0.47151,0.78232,101
1876,Oil service & drilling,2011-04-08,0.88693,0.16571,-0.03783,0.36926,0.59739,0.44228,0.75250,101
1877,Oil service & drilling,2011-04-15,0.90246,0.15961,-0.04018,0.35939,0.60258,0.44904,0.75612,101
1878,Oil service & drilling,2011-04-22,0.90250,0.15983,-0.03958,0.35924,0.60300,0.44991,0.75610,102
1879,Oil service & drilling,2011-04-29,0.89888,0.15825,-0.04135,0.35784,0.60131,0.44867,0.75394,103
1880,Oil service & drilling,2011-05-06,0.90885,0.14176,-0.03355,0.31707,0.55929,0.42118,0.69740,104
1881,Oil service & drilling,2011-05-13,0.91394,0.12696,-0.04002,0.29395,0.54308,0.41295,0.67321,104
1882,Oil service & drilling,2011-05-20,0.91651,0.11291,-0.04577,0.27159,0.53147,0.40933,0.65360,104
1883,Oil service & drilling,2011-05-27,0.93065,0.08452,-0.05823,0.22728,0.51310,0.40437,0.62184,104
1884,Oil service & drilling,2011-06-03,0.92447,0.08065,-0.06063,0.22194,0.50587,0.39815,0.61358,104
1885,Oil service & drilling,2011-06-10,0.93478,0.07111,-0.06688,0.20910,0.49595,0.38925,0.60265,104
1886,Oil service & drilling,2011-06-17,0.93630,0.06525,-0.07198,0.20249,0.48451,0.37842,0.59060,104
1887,Oil service & drilling,2011-06-24,0.93472,0.07805,-0.05720,0.21330,0.49207,0.38806,0.59608,104
1888,Oil service & drilling,2011-07-01,0.93854,0.07803,-0.05896,0.21502,0.50553,0.40206,0.60899,104
1889,Oil service & drilling,2011-07-08,0.93471,0.06333,-0.06864,0.19531,0.46087,0.35478,0.56696,104
1890,Oil service & drilling,2011-07-15,0.93595,0.06353,-0.06873,0.19580,0.44673,0.33804,0.55542,104
1891,Oil service & drilling,2011-07-22,0.94288,0.07106,-0.06290,0.20503,0.45156,0.34114,0.56198,104
1892,Oil service & drilling,2011-07-29,0.94339,0.07165,-0.06265,0.20594,0.45479,0.34446,0.56513,104
1893,Oil service & drilling,2011-08-05,0.98786,0.05985,-0.07449,0.19419,0.50470,0.39642,0.61298,104
1894,Oil service & drilling,2011-08-12,0.98479,0.06532,-0.06931,0.19994,0.50806,0.39815,0.61797,104
1895,Oil service & drilling,2011-08-19,0.97374,0.07252,-0.06156,0.20661,0.50882,0.39820,0.61944,104
1896,Oil service & drilling,2011-08-26,0.97053,0.07202,-0.06269,0.20673,0.51047,0.40011,0.62083,104
1897,Oil service & drilling,2011-09-02,0.97168,0.07648,-0.06151,0.21448,0.52349,0.41081,0.63618,104
1898,Oil service & drilling,2011-09-09,0.98718,0.06984,-0.06831,0.20799,0.52254,0.41093,0.63415,104
1899,Oil service & drilling,2011-09-16,0.99973,0.07430,-0.06015,0.20874,0.52353,0.42159,0.62547,104
1900,Oil service & drilling,2011-09-23,0.99163,0.11253,-0.00531,0.23037,0.59354,0.50736,0.67973,104
1901,Oil service & drilling,2011-09-30,0.97205,0.13023,0.00978,0.25067,0.61011,0.52276,0.69747,104
1902,Oil service & drilling,2011-10-07,0.99248,0.11951,-0.00011,0.23914,0.59483,0.50896,0.68071,104
1903,Oil service & drilling,2011-10-14,0.99163,0.12208,-0.00619,0.25036,0.63323,0.54552,0.72094,104
1904,Oil service & drilling,2011-10-21,0.99441,0.11621,-0.00591,0.23833,0.61714,0.53137,0.70290,104
1905,Oil service & drilling,2011-10-28,0.98685,0.12202,-0.00056,0.24461,0.61468,0.52686,0.70250,104
1906,Oil service & drilling,2011-11-04,0.99690,0.11543,-0.00551,0.23637,0.61002,0.52281,0.69722,104
1907,Oil service & drilling,2011-11-11,1.00154,0.11401,-0.00776,0.23579,0.61317,0.52628,0.70006,104
1908,Oil service & drilling,2011-11-18,1.00362,0.11505,-0.00515,0.23525,0.61793,0.53302,0.70285,104
1909,Oil service & drilling,2011-11-25,1.02655,0.10611,-0.01476,0.22698,0.62639,0.54139,0.71139,104
1910,Oil service & drilling,2011-12-02,1.04283,0.10135,-0.02049,0.22319,0.64183,0.55635,0.72731,104
1911,Oil service & drilling,2011-12-09,1.06426,0.07940,-0.03659,0.19540,0.65956,0.57790,0.74121,104
1912,Oil service & drilling,2011-12-16,1.06602,0.08148,-0.03536,0.19833,0.66343,0.57866,0.74820,104
1913,Oil service & drilling,2011-12-23,1.06881,0.08225,-0.03482,0.19931,0.67088,0.58555,0.75621,104
1914,Oil service & drilling,2011-12-30,1.06720,0.08573,-0.02953,0.20098,0.67568,0.59174,0.75963,104
1915,Oil service & drilling,2012-01-06,1.06807,0.07665,-0.03757,0.19087,0.66246,0.57932,0.74559,104
1916,Oil service & drilling,2012-01-13,1.05699,0.09453,-0.01814,0.20719,0.67668,0.59548,0.75788,104
1917,Oil service & drilling,2012-01-20,1.06837,0.09238,-0.02164,0.20640,0.67019,0.58806,0.75232,104
1918,Oil service & drilling,2012-01-27,1.06676,0.09297,-0.02352,0.20946,0.67588,0.59327,0.75850,104
1919,Oil service & drilling,2012-02-03,1.06987,0.09493,-0.02297,0.21283,0.67921,0.59600,0.76243,104
1920,Oil service & drilling,2012-02-10,1.08550,0.08010,-0.03960,0.19980,0.68752,0.60450,0.77054,104
1921,Oil service & drilling,2012-02-17,1.08638,0.08649,-0.03515,0.20814,0.69334,0.60851,0.77816,104
1922,Oil service & drilling,2012-02-24,1.08754,0.08589,-0.03415,0.20592,0.68783,0.60404,0.77161,104
1923,Oil service & drilling,2012-03-02,1.09344,0.08224,-0.03746,0.20194,0.67899,0.59579,0.76219,104
1924,Oil service & drilling,2012-03-09,1.09201,0.08370,-0.03581,0.20320,0.67878,0.59549,0.76206,104
1925,Oil service & drilling,2012-03-16,1.09748,0.08026,-0.04017,0.20068,0.67733,0.59384,0.76081,104
1926,Oil service & drilling,2012-03-23,1.09258,0.08526,-0.03470,0.20522,0.68224,0.59846,0.76601,104
1927,Oil service & drilling,2012-03-30,1.09077,0.09021,-0.02927,0.20968,0.68779,0.60405,0.77154,104
1928,Oil service & drilling,2012-04-06,1.08911,0.09000,-0.02917,0.20916,0.68483,0.60091,0.76875,104
1929,Oil service & drilling,2012-04-13,1.08796,0.09303,-0.02592,0.21197,0.68908,0.60522,0.77294,104
1930,Oil service & drilling,2012-04-20,1.09285,0.08794,-0.02906,0.20494,0.67964,0.59661,0.76267,104
1931,Oil service & drilling,2012-04-27,1.09112,0.08920,-0.02777,0.20616,0.67960,0.59661,0.76259,104
1932,Oil service & drilling,2012-05-04,1.09962,0.09143,-0.02459,0.20744,0.64572,0.55872,0.73273,104
1933,Oil service & drilling,2012-05-11,1.08937,0.10069,-0.01945,0.22082,0.65718,0.56849,0.74587,104
1934,Oil service & drilling,2012-05-18,1.09681,0.10311,-0.01855,0.22478,0.65409,0.56185,0.74634,104
1935,Oil service & drilling,2012-05-25,1.09414,0.10566,-0.01670,0.22801,0.65172,0.55822,0.74521,104
1936,Oil service & drilling,2012-06-01,1.09761,0.08991,-0.02535,0.20518,0.63682,0.55029,0.72335,104
1937,Oil service & drilling,2012-06-08,1.08416,0.09462,-0.02109,0.21033,0.63561,0.54724,0.72397,104
1938,Oil service & drilling,2012-06-15,1.07762,0.10461,-0.01548,0.22470,0.64113,0.55054,0.73173,104
1939,Oil service & drilling,2012-06-22,1.10624,0.08175,-0.03007,0.19358,0.61899,0.53127,0.70671,104
1940,Oil service & drilling,2012-06-29,1.09909,0.07035,-0.03919,0.17988,0.60248,0.51088,0.69407,104
1941,Oil service & drilling,2012-07-06,1.11762,0.07286,-0.03728,0.18301,0.59823,0.50873,0.68772,104
1942,Oil service & drilling,2012-07-13,1.11453,0.06570,-0.04474,0.17613,0.59109,0.49978,0.68239,104
1943,Oil service & drilling,2012-07-20,1.12741,0.06217,-0.04783,0.17217,0.58715,0.49539,0.67891,104
1944,Oil service & drilling,2012-07-27,1.12827,0.06063,-0.04948,0.17074,0.58583,0.49435,0.67731,104
1945,Oil service & drilling,2012-08-03,1.12618,0.05814,-0.05193,0.16820,0.57582,0.48418,0.66747,104
1946,Oil service & drilling,2012-08-10,1.11531,0.06231,-0.04665,0.17127,0.56337,0.47021,0.65654,104
1947,Oil service & drilling,2012-08-17,1.11509,0.06436,-0.04529,0.17402,0.56547,0.47205,0.65889,104
1948,Oil service & drilling,2012-08-24,1.11136,0.07049,-0.04265,0.18362,0.57645,0.48162,0.67128,104
1949,Oil service & drilling,2012-08-31,1.13179,0.05880,-0.05189,0.16949,0.57574,0.48247,0.66901,104
1950,Oil service & drilling,2012-09-07,1.12591,0.06134,-0.04965,0.17233,0.57411,0.48036,0.66785,104
1951,Oil service & drilling,2012-09-14,1.12134,0.06239,-0.04983,0.17461,0.57316,0.47905,0.66727,104
1952,Oil service & drilling,2012-09-21,1.10341,0.08144,-0.03550,0.19838,0.56809,0.47072,0.66545,104
1953,Oil service & drilling,2012-09-28,1.11218,0.06134,-0.04844,0.17112,0.55783,0.46743,0.64822,104
1954,Oil service & drilling,2012-10-05,1.10474,0.06482,-0.04578,0.17542,0.55668,0.46567,0.64768,104
1955,Oil service & drilling,2012-10-12,1.10446,0.06514,-0.04619,0.17647,0.55834,0.46727,0.64941,104
1956,Oil service & drilling,2012-10-19,1.09742,0.07376,-0.03994,0.18746,0.55642,0.46361,0.64923,104
1957,Oil service & drilling,2012-10-26,1.10142,0.07255,-0.04094,0.18603,0.55765,0.46484,0.65045,104
1958,Oil service & drilling,2012-11-02,1.09760,0.06178,-0.04337,0.16693,0.53656,0.45040,0.62272,104
1959,Oil service & drilling,2012-11-09,1.07783,0.07961,-0.03427,0.19349,0.53887,0.44692,0.63082,104
1960,Oil service & drilling,2012-11-16,1.09802,0.06375,-0.04380,0.17130,0.53064,0.44200,0.61929,104
1961,Oil service & drilling,2012-11-23,1.12695,0.04784,-0.05906,0.15474,0.52967,0.44244,0.61690,104
1962,Oil service & drilling,2012-11-30,1.12725,0.05095,-0.05726,0.15915,0.52820,0.43829,0.61811,104
1963,Oil service & drilling,2012-12-07,1.12550,0.05299,-0.05326,0.15924,0.52402,0.43484,0.61321,104
1964,Oil service & drilling,2012-12-14,1.12090,0.05656,-0.04961,0.16273,0.52450,0.43463,0.61437,104
1965,Oil service & drilling,2012-12-21,1.12185,0.05522,-0.05040,0.16085,0.51811,0.42816,0.60805,104
1966,Oil service & drilling,2012-12-28,1.11593,0.06101,-0.04550,0.16753,0.52091,0.43001,0.61182,104
1967,Oil service & drilling,2013-01-04,1.11334,0.06175,-0.04473,0.16822,0.52162,0.43054,0.61269,104
1968,Oil service & drilling,2013-01-11,1.11632,0.05788,-0.04927,0.16502,0.52318,0.43139,0.61497,104
1969,Oil service & drilling,2013-01-18,1.13137,0.05270,-0.05524,0.16064,0.52265,0.43093,0.61438,104
1970,Oil service & drilling,2013-01-25,1.12972,0.05893,-0.04973,0.16759,0.52861,0.43573,0.62150,104
1971,Oil service & drilling,2013-02-01,1.12799,0.06276,-0.04622,0.17174,0.52773,0.43418,0.62127,104
1972,Oil service & drilling,2013-02-08,1.12831,0.06511,-0.04471,0.17494,0.52973,0.43518,0.62427,104
1973,Oil service & drilling,2013-02-15,1.12845,0.06605,-0.04478,0.17688,0.53163,0.43637,0.62690,104
1974,Oil service & drilling,2013-02-22,1.14903,0.03500,-0.07185,0.14185,0.53413,0.44497,0.62329,104
1975,Oil service & drilling,2013-03-01,1.14959,0.03362,-0.07236,0.13961,0.53092,0.44218,0.61966,104
1976,Oil service & drilling,2013-03-08,1.14502,0.03462,-0.07089,0.14014,0.52548,0.43641,0.61455,104
1977,Oil service & drilling,2013-03-15,1.14505,0.03394,-0.07133,0.13921,0.52387,0.43493,0.61281,104
1978,Oil service & drilling,2013-03-22,1.14202,0.03554,-0.06978,0.14085,0.52252,0.43308,0.61196,104
1979,Oil service & drilling,2013-03-29,1.13752,0.03635,-0.07071,0.14342,0.51872,0.42720,0.61024,104
1980,Oil service & drilling,2013-04-05,1.12628,0.05403,-0.04926,0.15732,0.54674,0.45739,0.63608,104
1981,Oil service & drilling,2013-04-12,1.12339,0.05679,-0.04702,0.16060,0.54234,0.45226,0.63242,104
1982,Oil service & drilling,2013-04-19,1.11934,0.07535,-0.04054,0.19124,0.55756,0.45722,0.65789,104
1983,Oil service & drilling,2013-04-26,1.12072,0.07735,-0.03563,0.19033,0.56053,0.46457,0.65650,104
1984,Oil service & drilling,2013-05-03,1.10905,0.10237,-0.02047,0.22521,0.63188,0.52730,0.73645,104
1985,Oil service & drilling,2013-05-10,1.10738,0.10712,-0.01802,0.23225,0.64481,0.53830,0.75132,104
1986,Oil service & drilling,2013-05-17,1.10672,0.10847,-0.01714,0.23408,0.64648,0.53966,0.75330,104
1987,Oil service & drilling,2013-05-24,1.10832,0.10185,-0.02423,0.22793,0.64485,0.53785,0.75184,104
1988,Oil service & drilling,2013-05-31,1.11547,0.09522,-0.03042,0.22085,0.63861,0.53204,0.74518,104
1989,Oil service & drilling,2013-06-07,1.10355,0.10700,-0.01698,0.23097,0.63802,0.53199,0.74405,104
1990,Oil service & drilling,2013-06-14,1.10076,0.12279,-0.00444,0.25001,0.65155,0.54178,0.76132,104
1991,Oil service & drilling,2013-06-21,1.10313,0.11238,-0.01920,0.24396,0.64900,0.53612,0.76188,104
1992,Oil service & drilling,2013-06-28,1.10982,0.10308,-0.02943,0.23559,0.62236,0.50595,0.73876,104
1993,Oil service & drilling,2013-07-05,1.10142,0.12454,-0.01254,0.26161,0.66164,0.54235,0.78093,104
1994,Oil service & drilling,2013-07-12,1.10043,0.12506,-0.01226,0.26239,0.66322,0.54409,0.78236,104
1995,Oil service & drilling,2013-07-19,1.10339,0.12287,-0.01390,0.25965,0.65926,0.54030,0.77821,104
1996,Oil service & drilling,2013-07-26,1.10592,0.12268,-0.01443,0.25978,0.65726,0.53791,0.77662,104
1997,Oil service & drilling,2013-08-02,1.11478,0.12671,-0.01175,0.26517,0.57635,0.44957,0.70313,104
1998,Oil service & drilling,2013-08-09,1.11652,0.12210,-0.01393,0.25814,0.57239,0.44634,0.69844,104
1999,Oil service & drilling,2013-08-16,1.15809,0.10376,-0.03394,0.24147,0.57073,0.44436,0.69710,104
2000,Oil service & drilling,2013-08-23,1.16181,0.10612,-0.03176,0.24401,0.57006,0.44253,0.69759,104
2001,Oil service & drilling,2013-08-30,1.15047,0.11306,-0.02295,0.24906,0.56279,0.43573,0.68985,104
2002,Oil service & drilling,2013-09-06,1.13782,0.12118,-0.01448,0.25685,0.56818,0.44121,0.69516,104
2003,Oil service & drilling,2013-09-13,1.15662,0.09795,-0.04007,0.23597,0.54798,0.42234,0.67362,104
2004,Oil service & drilling,2013-09-20,1.16146,0.09660,-0.04164,0.23485,0.48741,0.35408,0.62074,104
2005,Oil service & drilling,2013-09-27,1.16381,0.09529,-0.04398,0.23457,0.48969,0.35612,0.62326,104
2006,Oil service & drilling,2013-10-04,1.16230,0.09665,-0.04666,0.23995,0.50140,0.36647,0.63633,104
2007,Oil service & drilling,2013-10-11,1.17557,0.09294,-0.05677,0.24264,0.45022,0.30414,0.59630,104
2008,Oil service & drilling,2013-10-18,1.17196,0.09233,-0.06297,0.24763,0.46733,0.31764,0.61702,104
2009,Oil service & drilling,2013-10-25,1.16513,0.10309,-0.04696,0.25314,0.44570,0.29746,0.59394,104
2010,Oil service & drilling,2013-11-01,1.15088,0.10895,-0.04068,0.25857,0.45713,0.30876,0.60551,104
2011,Oil service & drilling,2013-11-08,1.15176,0.10411,-0.04574,0.25397,0.45226,0.30489,0.59964,104
2012,Oil service & drilling,2013-11-15,1.15245,0.09625,-0.05548,0.24798,0.42382,0.27223,0.57541,104
2013,Oil service & drilling,2013-11-22,1.11809,0.10188,-0.04554,0.24930,0.40185,0.25368,0.55002,104
2014,Oil service & drilling,2013-11-29,1.07329,0.10277,-0.04102,0.24657,0.35916,0.21692,0.50140,104
2015,Oil service & drilling,2013-12-06,1.06052,0.09972,-0.04128,0.24072,0.34475,0.20608,0.48342,104
2016,Oil service & drilling,2013-12-13,1.04711,0.09395,-0.04705,0.23496,0.32265,0.18413,0.46118,104
2017,Oil service & drilling,2013-12-20,1.01702,0.07909,-0.06227,0.22046,0.28512,0.14520,0.42504,104
2018,Oil service & drilling,2013-12-27,1.03343,0.07829,-0.06420,0.22079,0.28850,0.14814,0.42886,104
2019,Oil service & drilling,2014-01-03,1.04078,0.09196,-0.04656,0.23047,0.29612,0.15750,0.43474,104
2020,Oil service & drilling,2014-01-10,1.05350,0.08945,-0.05210,0.23100,0.30260,0.16215,0.44305,104
2021,Oil service & drilling,2014-01-17,1.03230,0.09623,-0.04411,0.23657,0.30576,0.16613,0.44540,104
2022,Oil service & drilling,2014-01-24,1.02159,0.10090,-0.03869,0.24049,0.30434,0.16473,0.44395,104
2023,Oil service & drilling,2014-01-31,1.01788,0.10040,-0.03936,0.24016,0.29926,0.15928,0.43925,104
2024,Oil service & drilling,2014-02-07,1.04126,0.11202,-0.03302,0.25706,0.31960,0.17180,0.46740,104
2025,Oil service & drilling,2014-02-14,1.03849,0.10818,-0.03715,0.25352,0.31417,0.16635,0.46199,104
2026,Oil service & drilling,2014-02-21,1.04141,0.10886,-0.04156,0.25928,0.31673,0.16316,0.47030,104
2027,Oil service & drilling,2014-02-28,1.04174,0.11131,-0.03914,0.26176,0.31912,0.16524,0.47300,104
2028,Oil service & drilling,2014-03-07,1.03292,0.11708,-0.03330,0.26746,0.32778,0.17347,0.48209,104
2029,Oil service & drilling,2014-03-14,1.05445,0.11329,-0.03919,0.26576,0.32965,0.17355,0.48574,104
2030,Oil service & drilling,2014-03-21,1.03121,0.12102,-0.02914,0.27117,0.32583,0.17093,0.48073,104
2031,Oil service & drilling,2014-03-28,1.03478,0.12768,-0.02370,0.27907,0.33418,0.17746,0.49090,104
2032,Oil service & drilling,2014-04-04,1.04347,0.12310,-0.02800,0.27421,0.33049,0.17431,0.48666,104
2033,Oil service & drilling,2014-04-11,1.01585,0.12904,-0.01933,0.27742,0.32579,0.17167,0.47991,104
2034,Oil service & drilling,2014-04-18,1.00176,0.13527,-0.01324,0.28378,0.33783,0.18336,0.49229,104
2035,Oil service & drilling,2014-04-25,1.00537,0.13329,-0.01576,0.28235,0.34026,0.18575,0.49477,104
2036,Oil service & drilling,2014-05-02,1.00761,0.14187,-0.01469,0.29843,0.33702,0.17251,0.50153,104
2037,Oil service & drilling,2014-05-09,0.99346,0.14310,-0.01216,0.29836,0.33311,0.17010,0.49613,104
2038,Oil service & drilling,2014-05-16,0.95002,0.13319,-0.02029,0.28666,0.28120,0.11854,0.44385,104
2039,Oil service & drilling,2014-05-23,0.95659,0.13161,-0.02261,0.28583,0.28111,0.11781,0.44442,104
2040,Oil service & drilling,2014-05-30,0.97777,0.14584,-0.02198,0.31367,0.25717,0.08210,0.43224,104
2041,Oil service & drilling,2014-06-06,1.01315,0.14731,-0.02257,0.31720,0.25573,0.07992,0.43155,104
2042,Oil service & drilling,2014-06-13,1.01497,0.15142,-0.02068,0.32352,0.25830,0.08020,0.43639,104
2043,Oil service & drilling,2014-06-20,1.02457,0.18059,0.01126,0.34991,0.27615,0.10258,0.44972,104
2044,Oil service & drilling,2014-06-27,1.06490,0.20176,0.02532,0.37821,0.24187,0.06359,0.42015,104
2045,Oil service & drilling,2014-07-04,1.07103,0.20148,0.02561,0.37735,0.23521,0.05789,0.41254,104
2046,Oil service & drilling,2014-07-11,1.08741,0.22329,0.06319,0.38338,0.27165,0.11100,0.43231,104
2047,Oil service & drilling,2014-07-18,1.08698,0.23255,0.06754,0.39755,0.27085,0.10525,0.43645,104
2048,Oil service & drilling,2014-07-25,1.08232,0.22872,0.06297,0.39447,0.26847,0.10203,0.43491,104
2049,Oil service & drilling,2014-08-01,1.07979,0.23708,0.07099,0.40317,0.29790,0.13112,0.46467,104
2050,Oil service & drilling,2014-08-08,1.04568,0.21626,0.04968,0.38284,0.27324,0.10573,0.44074,104
2051,Oil service & drilling,2014-08-15,1.04793,0.21543,0.05175,0.37911,0.25664,0.09202,0.42126,104
2052,Oil service & drilling,2014-08-22,1.03253,0.21513,0.05136,0.37890,0.25620,0.09133,0.42107,104
2053,Oil service & drilling,2014-08-29,1.03872,0.22294,0.05977,0.38611,0.26406,0.09998,0.42813,104
2054,Oil service & drilling,2014-09-05,1.03701,0.24018,0.07590,0.40447,0.27859,0.11365,0.44352,104
2055,Oil service & drilling,2014-09-12,1.04383,0.26150,0.09187,0.43112,0.30206,0.13190,0.47221,104
2056,Oil service & drilling,2014-09-19,1.05217,0.23002,0.06280,0.39725,0.28896,0.12083,0.45709,104
2057,Oil service & drilling,2014-09-26,0.98913,0.21332,0.04464,0.38200,0.27946,0.10850,0.45042,104
2058,Oil service & drilling,2014-10-03,1.06771,0.25961,0.08677,0.43245,0.37004,0.19585,0.54423,104
2059,Oil service & drilling,2014-10-10,1.04680,0.25811,0.08321,0.43302,0.40227,0.22876,0.57579,104
2060,Oil service & drilling,2014-10-17,1.05182,0.23932,0.07840,0.40023,0.37921,0.21905,0.53938,104
2061,Oil service & drilling,2014-10-24,1.00839,0.23001,0.06796,0.39206,0.37569,0.21432,0.53707,104
2062,Oil service & drilling,2014-10-31,0.97682,0.23578,0.06785,0.40371,0.38318,0.21618,0.55018,104
2063,Oil service & drilling,2014-11-07,1.00819,0.19970,0.02463,0.37477,0.36778,0.19723,0.53834,104
2064,Oil service & drilling,2014-11-14,0.98645,0.18548,0.00743,0.36353,0.32540,0.14510,0.50570,104
2065,Oil service & drilling,2014-11-21,0.95751,0.18096,0.00070,0.36121,0.31654,0.13438,0.49871,104
2066,Oil service & drilling,2014-11-28,1.02911,0.25648,0.10556,0.40739,0.50017,0.34193,0.65840,104
2067,Oil service & drilling,2014-12-05,1.02318,0.26843,0.10651,0.43035,0.51302,0.34428,0.68175,104
2068,Oil service & drilling,2014-12-12,1.03129,0.27931,0.12467,0.43396,0.54987,0.38937,0.71036,104
2069,Oil service & drilling,2014-12-19,1.15509,0.24441,0.11420,0.37462,0.54545,0.39774,0.69316,104
2070,Oil service & drilling,2014-12-26,1.15810,0.24400,0.11316,0.37485,0.55170,0.40303,0.70037,104
2071,Oil service & drilling,2015-01-02,1.17363,0.21959,0.08457,0.35461,0.51256,0.36833,0.65678,104
2072,Oil service & drilling,2015-01-09,1.12824,0.29801,0.16130,0.43472,0.54572,0.40299,0.68846,104
2073,Oil service & drilling,2015-01-16,1.11949,0.31140,0.16483,0.45797,0.55406,0.40525,0.70288,104
2074,Oil service & drilling,2015-01-23,1.11396,0.30260,0.15553,0.44966,0.55560,0.40730,0.70391,104
2075,Oil service & drilling,2015-01-30,1.16824,0.24240,0.10173,0.38307,0.47966,0.33117,0.62815,104
2076,Oil service & drilling,2015-02-06,1.17274,0.25227,0.12592,0.37863,0.50092,0.36930,0.63254,104
2077,Oil service & drilling,2015-02-13,1.16915,0.25405,0.12837,0.37973,0.50217,0.37101,0.63334,104
2078,Oil service & drilling,2015-02-20,1.15717,0.27228,0.15667,0.38789,0.50985,0.38909,0.63060,104
2079,Oil service & drilling,2015-02-27,1.17655,0.24002,0.10797,0.37208,0.47902,0.34336,0.61467,104
2080,Oil service & drilling,2015-03-06,1.18291,0.23696,0.10384,0.37008,0.47222,0.33557,0.60887,104
2081,Oil service & drilling,2015-03-13,1.17942,0.26236,0.14206,0.38266,0.49495,0.37522,0.61467,104
2082,Oil service & drilling,2015-03-20,1.16114,0.25955,0.14039,0.37871,0.48956,0.37001,0.60912,104
2083,Oil service & drilling,2015-03-27,1.16811,0.25488,0.13683,0.37293,0.48529,0.36605,0.60452,104
2084,Oil service & drilling,2015-04-03,1.17250,0.25918,0.14030,0.37805,0.48630,0.36676,0.60584,104
2085,Oil service & drilling,2015-04-10,1.21900,0.25476,0.13538,0.37414,0.49984,0.38093,0.61876,104
2086,Oil service & drilling,2015-04-17,1.18986,0.26731,0.15190,0.38271,0.47916,0.35997,0.59835,104
2087,Oil service & drilling,2015-04-24,1.20369,0.26327,0.15158,0.37496,0.46788,0.35198,0.58378,104
2088,Oil service & drilling,2015-05-01,1.19304,0.27174,0.15969,0.38380,0.46829,0.35227,0.58431,104
2089,Oil service & drilling,2015-05-08,1.18987,0.27253,0.16081,0.38425,0.46651,0.35079,0.58224,104
2090,Oil service & drilling,2015-05-15,1.19091,0.27482,0.16298,0.38665,0.46942,0.35408,0.58476,104
2091,Oil service & drilling,2015-05-22,1.19952,0.27811,0.16671,0.38952,0.47405,0.36055,0.58754,104
2092,Oil service & drilling,2015-05-29,1.18295,0.28384,0.17122,0.39645,0.47766,0.36339,0.59194,104
2093,Oil service & drilling,2015-06-05,1.19783,0.27144,0.15609,0.38679,0.47822,0.36091,0.59552,104
2094,Oil service & drilling,2015-06-12,1.21931,0.26561,0.15021,0.38102,0.47327,0.35651,0.59003,104
2095,Oil service & drilling,2015-06-19,1.22872,0.26762,0.15256,0.38267,0.47651,0.36099,0.59203,104
2096,Oil service & drilling,2015-06-26,1.20971,0.27356,0.15826,0.38886,0.48176,0.36596,0.59757,104
2097,Oil service & drilling,2015-07-03,1.18926,0.26801,0.14984,0.38617,0.47013,0.34821,0.59206,104
2098,Oil service & drilling,2015-07-10,1.19071,0.27671,0.15996,0.39346,0.47195,0.35318,0.59072,104
2099,Oil service & drilling,2015-07-17,1.16916,0.28398,0.16622,0.40174,0.47291,0.35455,0.59126,104
2100,Oil service & drilling,2015-07-24,1.17059,0.28389,0.16720,0.40059,0.47543,0.35862,0.59224,104
2101,Oil service & drilling,2015-07-31,1.17057,0.27875,0.16312,0.39439,0.47052,0.35408,0.58697,104
2102,Oil service & drilling,2015-08-07,1.17062,0.27783,0.16494,0.39073,0.46756,0.35380,0.58132,104
2103,Oil service & drilling,2015-08-14,1.17591,0.27667,0.16385,0.38949,0.46303,0.34841,0.57765,104
2104,Oil service & drilling,2015-08-21,1.18767,0.27930,0.16750,0.39111,0.48756,0.37655,0.59856,104
2105,Oil service & drilling,2015-08-28,1.19926,0.24399,0.12444,0.36354,0.45328,0.33482,0.57173,104
2106,Oil service & drilling,2015-09-04,1.18918,0.24325,0.12388,0.36263,0.44971,0.32955,0.56988,104
2107,Oil service & drilling,2015-09-11,1.17171,0.24519,0.12374,0.36663,0.45062,0.32631,0.57492,104
2108,Oil service & drilling,2015-09-18,1.17000,0.24711,0.12517,0.36904,0.45413,0.32969,0.57857,104
2109,Oil service & drilling,2015-09-25,1.17644,0.24238,0.11990,0.36487,0.44727,0.32220,0.57234,104
2110,Oil service & drilling,2015-10-02,1.17201,0.24599,0.12369,0.36829,0.45070,0.32604,0.57537,104
2111,Oil service & drilling,2015-10-09,1.24017,0.28129,0.14618,0.41640,0.53191,0.39157,0.67225,104
2112,Oil service & drilling,2015-10-16,1.24276,0.28926,0.15057,0.42794,0.53756,0.39276,0.68235,104
2113,Oil service & drilling,2015-10-23,1.23733,0.29067,0.14651,0.43483,0.54757,0.40046,0.69468,104
2114,Oil service & drilling,2015-10-30,1.24667,0.28617,0.14715,0.42519,0.53807,0.39438,0.68177,104
2115,Oil service & drilling,2015-11-06,1.24198,0.28844,0.15048,0.42641,0.53280,0.38963,0.67598,104
2116,Oil service & drilling,2015-11-13,1.22794,0.27802,0.14095,0.41510,0.52747,0.38306,0.67188,104
2117,Oil service & drilling,2015-11-20,1.21139,0.27617,0.13761,0.41472,0.53031,0.38269,0.67794,104
2118,Oil service & drilling,2015-11-27,1.20968,0.27608,0.13772,0.41445,0.52961,0.38185,0.67736,104
2119,Oil service & drilling,2015-12-04,1.21241,0.27571,0.13617,0.41525,0.53732,0.38972,0.68492,104
2120,Oil service & drilling,2015-12-11,1.22131,0.30057,0.16071,0.44044,0.57023,0.42795,0.71251,104
2121,Oil service & drilling,2015-12-18,1.23522,0.30991,0.16763,0.45218,0.58107,0.43693,0.72522,104
2122,Oil service & drilling,2015-12-25,1.27621,0.31318,0.16825,0.45810,0.59459,0.44218,0.74701,104
2123,Oil service & drilling,2016-01-01,1.26740,0.32078,0.17289,0.46867,0.60027,0.44552,0.75503,104
2124,Oil service & drilling,2016-01-08,1.32935,0.32304,0.17353,0.47254,0.64705,0.48588,0.80821,104
2125,Oil service & drilling,2016-01-15,1.28644,0.31268,0.16634,0.45902,0.64082,0.48733,0.79432,104
2126,Oil service & drilling,2016-01-22,1.29983,0.30771,0.16235,0.45308,0.64939,0.49832,0.80046,104
2127,Oil service & drilling,2016-01-29,1.30813,0.30477,0.16564,0.44390,0.64359,0.49867,0.78850,104
2128,Oil service & drilling,2016-02-05,1.29876,0.29966,0.16116,0.43817,0.63264,0.48700,0.77828,104
2129,Oil service & drilling,2016-02-12,1.33913,0.29048,0.15164,0.42932,0.63812,0.49370,0.78254,104
2130,Oil service & drilling,2016-02-19,1.29362,0.30088,0.16273,0.43904,0.63608,0.49050,0.78166,104
2131,Oil service & drilling,2016-02-26,1.28513,0.28757,0.15269,0.42244,0.62495,0.48001,0.76990,104
2132,Oil service & drilling,2016-03-04,1.29367,0.30972,0.17575,0.44368,0.65497,0.51777,0.79217,104
2133,Oil service & drilling,2016-03-11,1.28286,0.31880,0.18165,0.45595,0.65642,0.51844,0.79440,104
2134,Oil service & drilling,2016-03-18,1.29031,0.31184,0.17773,0.44595,0.65247,0.51663,0.78831,104
2135,Oil service & drilling,2016-03-25,1.28933,0.31083,0.17673,0.44494,0.65086,0.51465,0.78708,104
2136,Oil service & drilling,2016-04-01,1.26188,0.31600,0.18080,0.45120,0.65041,0.51384,0.78697,104
2137,Oil service & drilling,2016-04-08,1.27195,0.31759,0.18345,0.45173,0.64942,0.51567,0.78317,104
2138,Oil service & drilling,2016-04-15,1.30411,0.32147,0.18588,0.45705,0.66503,0.53010,0.79997,104
2139,Oil service & drilling,2016-04-22,1.30818,0.33156,0.19262,0.47050,0.67502,0.53680,0.81324,104
2140,Oil service & drilling,2016-04-29,1.31145,0.31619,0.18390,0.44847,0.66017,0.52927,0.79108,104
2141,Oil service & drilling,2016-05-06,1.31318,0.31627,0.18484,0.44770,0.66176,0.53206,0.79146,104
2142,Oil service & drilling,2016-05-13,1.33036,0.29577,0.15904,0.43249,0.64135,0.50838,0.77433,104
2143,Oil service & drilling,2016-05-20,1.32846,0.29609,0.15976,0.43242,0.64148,0.50900,0.77397,104
2144,Oil service & drilling,2016-05-27,1.29504,0.29789,0.16201,0.43376,0.63650,0.50023,0.77277,104
2145,Oil service & drilling,2016-06-03,1.28960,0.29969,0.16461,0.43477,0.63542,0.49942,0.77141,104
2146,Oil service & drilling,2016-06-10,1.26937,0.31078,0.17234,0.44922,0.64194,0.50533,0.77855,104
2147,Oil service & drilling,2016-06-17,1.27699,0.31025,0.17157,0.44892,0.64462,0.50753,0.78171,104
2148,Oil service & drilling,2016-06-24,1.27740,0.30987,0.17118,0.44856,0.64370,0.50665,0.78074,104
2149,Oil service & drilling,2016-07-01,1.26648,0.30961,0.17095,0.44827,0.64645,0.51046,0.78244,104
2150,Oil service & drilling,2016-07-08,1.29354,0.29271,0.15354,0.43189,0.62878,0.49163,0.76593,104
2151,Oil service & drilling,2016-07-15,1.32686,0.29772,0.15961,0.43582,0.64363,0.51001,0.77725,104
2152,Oil service & drilling,2016-07-22,1.32724,0.29947,0.16203,0.43690,0.64255,0.50902,0.77608,104
2153,Oil service & drilling,2016-07-29,1.32809,0.28143,0.14056,0.42229,0.62340,0.48690,0.75989,104
2154,Oil service & drilling,2016-08-05,1.35474,0.27290,0.13382,0.41197,0.62004,0.48539,0.75469,104
2155,Oil service & drilling,2016-08-12,1.35086,0.28190,0.14477,0.41903,0.62975,0.49877,0.76072,104
2156,Oil service & drilling,2016-08-19,1.33198,0.29590,0.16284,0.42895,0.62243,0.49458,0.75027,104
2157,Oil service & drilling,2016-08-26,1.33844,0.29354,0.16149,0.42559,0.62068,0.49296,0.74840,104
2158,Oil service & drilling,2016-09-02,1.33255,0.30052,0.16621,0.43484,0.62126,0.49236,0.75017,104
2159,Oil service & drilling,2016-09-09,1.32820,0.30262,0.16740,0.43784,0.62069,0.49118,0.75021,104
2160,Oil service & drilling,2016-09-16,1.31933,0.30339,0.16846,0.43831,0.62313,0.49455,0.75170,104
2161,Oil service & drilling,2016-09-23,1.36117,0.29648,0.16192,0.43105,0.62701,0.49905,0.75497,104
2162,Oil service & drilling,2016-09-30,1.34102,0.29907,0.16766,0.43048,0.61518,0.48843,0.74193,104
2163,Oil service & drilling,2016-10-07,1.37249,0.30241,0.17021,0.43460,0.61980,0.49431,0.74530,104
2164,Oil service & drilling,2016-10-14,1.38192,0.30462,0.17066,0.43857,0.62879,0.50240,0.75518,104
2165,Oil service & drilling,2016-10-21,1.41264,0.30159,0.16706,0.43611,0.62949,0.50362,0.75535,104
2166,Oil service & drilling,2016-10-28,1.43107,0.30123,0.16521,0.43725,0.63164,0.50558,0.75770,104
2167,Oil service & drilling,2016-11-04,1.42855,0.30462,0.17071,0.43853,0.63875,0.51534,0.76216,104
2168,Oil service & drilling,2016-11-11,1.39743,0.31902,0.18394,0.45409,0.65832,0.53484,0.78180,104
2169,Oil service & drilling,2016-11-18,1.39369,0.32659,0.19024,0.46294,0.66372,0.53909,0.78836,104
2170,Oil service & drilling,2016-11-25,1.39754,0.32670,0.18735,0.46605,0.63850,0.50612,0.77088,104
2171,Oil service & drilling,2016-12-02,1.39925,0.32589,0.19792,0.45387,0.61254,0.48966,0.73543,104
2172,Oil service & drilling,2016-12-09,1.40963,0.32678,0.19709,0.45648,0.60336,0.47561,0.73110,104
2173,Oil service & drilling,2016-12-16,1.33330,0.34425,0.21643,0.47207,0.60695,0.47916,0.73474,104
2174,Oil service & drilling,2016-12-23,1.32780,0.34517,0.21674,0.47361,0.60660,0.47839,0.73481,104
2175,Oil service & drilling,2016-12-30,1.32047,0.36092,0.22298,0.49885,0.62552,0.49033,0.76071,104
2176,Oil service & drilling,2017-01-06,1.34677,0.33255,0.19139,0.47370,0.61920,0.48103,0.75737,104
2177,Oil service & drilling,2017-01-13,1.34940,0.32720,0.18257,0.47183,0.61496,0.47403,0.75590,104
2178,Oil service & drilling,2017-01-20,1.36769,0.32493,0.17876,0.47110,0.61231,0.47172,0.75290,104
2179,Oil service & drilling,2017-01-27,1.32928,0.35319,0.21476,0.49161,0.64656,0.50853,0.78459,104
2180,Oil service & drilling,2017-02-03,1.34465,0.34684,0.20535,0.48833,0.63567,0.49354,0.77781,104
2181,Oil service & drilling,2017-02-10,1.33982,0.34679,0.20484,0.48875,0.63476,0.49213,0.77738,104
2182,Oil service & drilling,2017-02-17,1.34414,0.34509,0.20069,0.48950,0.63948,0.49523,0.78374,104
2183,Oil service & drilling,2017-02-24,1.32935,0.36393,0.22017,0.50769,0.65667,0.51287,0.80046,104
2184,Oil service & drilling,2017-03-03,1.33252,0.36487,0.21792,0.51182,0.66192,0.51630,0.80754,104
2185,Oil service & drilling,2017-03-10,1.37375,0.32244,0.16647,0.47840,0.61857,0.46694,0.77019,104
2186,Oil service & drilling,2017-03-17,1.39568,0.32172,0.16551,0.47793,0.62163,0.47056,0.77270,104
2187,Oil service & drilling,2017-03-24,1.39060,0.32265,0.16592,0.47939,0.62490,0.47346,0.77634,104
2188,Oil service & drilling,2017-03-31,1.40421,0.31515,0.15691,0.47340,0.61537,0.46350,0.76724,104
2189,Oil service & drilling,2017-04-07,1.38333,0.32220,0.16498,0.47942,0.61265,0.46246,0.76284,104
2190,Oil service & drilling,2017-04-14,1.39354,0.31266,0.14774,0.47758,0.62219,0.46649,0.77789,104
2191,Oil service & drilling,2017-04-21,1.38578,0.31436,0.15112,0.47760,0.62567,0.47224,0.77909,104
2192,Oil service & drilling,2017-04-28,1.38594,0.31293,0.14974,0.47612,0.62791,0.47433,0.78150,104
2193,Oil service & drilling,2017-05-05,1.36084,0.32701,0.16473,0.48929,0.62987,0.47734,0.78241,104
2194,Oil service & drilling,2017-05-12,1.35460,0.32238,0.16165,0.48312,0.62503,0.47343,0.77663,104
2195,Oil service & drilling,2017-05-19,1.36380,0.31098,0.15223,0.46973,0.61203,0.46133,0.76274,104
2196,Oil service & drilling,2017-05-26,1.37618,0.30825,0.14977,0.46674,0.61255,0.46274,0.76235,104
2197,Oil service & drilling,2017-06-02,1.36648,0.31039,0.15182,0.46897,0.61541,0.46552,0.76529,104
2198,Oil service & drilling,2017-06-09,1.35386,0.31836,0.16067,0.47605,0.62238,0.47373,0.77104,104
2199,Oil service & drilling,2017-06-16,1.34533,0.31762,0.15970,0.47554,0.62008,0.47105,0.76911,104
2200,Oil service & drilling,2017-06-23,1.35928,0.31616,0.15921,0.47312,0.62143,0.47329,0.76957,104
2201,Oil service & drilling,2017-06-30,1.37536,0.31242,0.15741,0.46744,0.61835,0.47194,0.76476,104
2202,Oil service & drilling,2017-07-07,1.38561,0.30323,0.14753,0.45893,0.61587,0.46858,0.76317,104
2203,Oil service & drilling,2017-07-14,1.40922,0.29200,0.13574,0.44825,0.61956,0.47344,0.76567,104
2204,Oil service & drilling,2017-07-21,1.41167,0.28947,0.13169,0.44726,0.61687,0.46903,0.76471,104
2205,Oil service & drilling,2017-07-28,1.41950,0.27084,0.10966,0.43201,0.59772,0.44776,0.74769,104
2206,Oil service & drilling,2017-08-04,1.41892,0.26989,0.10401,0.43578,0.60139,0.44783,0.75496,104
2207,Oil service & drilling,2017-08-11,1.42362,0.26940,0.10176,0.43704,0.60460,0.45140,0.75780,104
2208,Oil service & drilling,2017-08-18,1.41381,0.26963,0.10059,0.43866,0.58816,0.42905,0.74726,104
2209,Oil service & drilling,2017-08-25,1.39344,0.29941,0.13964,0.45919,0.61949,0.46724,0.77174,104
2210,Oil service & drilling,2017-09-01,1.39162,0.30054,0.14125,0.45984,0.61876,0.46676,0.77076,104
2211,Oil service & drilling,2017-09-08,1.38726,0.31227,0.15415,0.47040,0.62742,0.47619,0.77865,104
2212,Oil service & drilling,2017-09-15,1.38866,0.31336,0.15465,0.47206,0.63149,0.48068,0.78231,104
2213,Oil service & drilling,2017-09-22,1.37851,0.31854,0.15808,0.47900,0.63798,0.48573,0.79023,104
2214,Oil service & drilling,2017-09-29,1.37944,0.31569,0.15599,0.47539,0.63601,0.48477,0.78725,104
2215,Oil service & drilling,2017-10-06,1.31333,0.31021,0.15487,0.46554,0.59179,0.44603,0.73755,104
2216,Oil service & drilling,2017-10-13,1.31673,0.29636,0.13800,0.45471,0.58232,0.43290,0.73174,104
2217,Oil service & drilling,2017-10-20,1.34470,0.28563,0.12538,0.44588,0.57952,0.42912,0.72992,104
2218,Oil service & drilling,2017-10-27,1.33447,0.28572,0.12505,0.44638,0.58086,0.43099,0.73073,104
2219,Oil service & drilling,2017-11-03,1.35051,0.27943,0.11272,0.44614,0.58786,0.43541,0.74030,104
2220,Oil service & drilling,2017-11-10,1.36761,0.29116,0.12163,0.46068,0.59394,0.44004,0.74783,104
2221,Oil service & drilling,2017-11-17,1.40736,0.28902,0.11946,0.45859,0.59924,0.44499,0.75349,104
2222,Oil service & drilling,2017-11-24,1.40567,0.28806,0.11821,0.45791,0.59790,0.44358,0.75221,104
2223,Oil service & drilling,2017-12-01,1.40092,0.28602,0.11580,0.45625,0.59178,0.43655,0.74701,104
2224,Oil service & drilling,2017-12-08,1.39168,0.25540,0.08724,0.42356,0.55270,0.41168,0.69372,104
2225,Oil service & drilling,2017-12-15,1.38895,0.24528,0.07696,0.41359,0.54081,0.40390,0.67773,104
2226,Oil service & drilling,2017-12-22,1.33008,0.25646,0.08913,0.42379,0.54055,0.40549,0.67561,104
2227,Oil service & drilling,2017-12-29,1.34535,0.24622,0.07663,0.41580,0.53669,0.40353,0.66984,104
2228,Oil service & drilling,2018-01-05,1.20056,0.24095,0.07460,0.40730,0.46095,0.31880,0.60310,104
2229,Oil service & drilling,2018-01-12,1.26696,0.25066,0.08487,0.41645,0.45623,0.31567,0.59678,104
2230,Oil service & drilling,2018-01-19,1.26649,0.24796,0.08256,0.41337,0.44937,0.30856,0.59018,104
2231,Oil service & drilling,2018-01-26,1.25564,0.25453,0.08798,0.42107,0.45063,0.30626,0.59500,104
2232,Oil service & drilling,2018-02-02,1.27435,0.25962,0.09195,0.42729,0.46273,0.31827,0.60720,104
2233,Oil service & drilling,2018-02-09,1.12574,0.27120,0.10393,0.43847,0.44831,0.31336,0.58326,104
2234,Oil service & drilling,2018-02-16,1.20862,0.24675,0.07874,0.41476,0.44690,0.31246,0.58135,104
2235,Oil service & drilling,2018-02-23,1.26095,0.25966,0.08850,0.43081,0.46326,0.32160,0.60492,104
2236,Oil service & drilling,2018-03-02,1.18500,0.24011,0.07281,0.40742,0.42941,0.29163,0.56720,104
2237,Oil service & drilling,2018-03-09,1.19236,0.23457,0.06532,0.40381,0.43146,0.29209,0.57083,104
2238,Oil service & drilling,2018-03-16,1.22103,0.23331,0.06393,0.40269,0.43364,0.29364,0.57365,104
2239,Oil service & drilling,2018-03-23,1.23130,0.22231,0.05666,0.38797,0.41426,0.27596,0.55257,104
2240,Oil service & drilling,2018-03-30,1.27279,0.22617,0.06160,0.39074,0.41805,0.27858,0.55752,104
2241,Oil service & drilling,2018-04-06,1.29217,0.21602,0.04843,0.38361,0.41382,0.27373,0.55391,104
2242,Oil service & drilling,2018-04-13,1.22723,0.22710,0.06387,0.39033,0.41937,0.28413,0.55461,104
2243,Oil service & drilling,2018-04-20,1.20945,0.21926,0.05232,0.38621,0.40667,0.26597,0.54737,104
2244,Oil service & drilling,2018-04-27,1.22676,0.23504,0.07420,0.39587,0.42287,0.28863,0.55712,104
2245,Oil service & drilling,2018-05-04,1.21574,0.22884,0.06330,0.39437,0.40950,0.26784,0.55115,104
2246,Oil service & drilling,2018-05-11,1.20464,0.26047,0.09836,0.42259,0.44444,0.31051,0.57837,104
2247,Oil service & drilling,2018-05-18,1.20256,0.26058,0.09843,0.42273,0.44438,0.31061,0.57814,104
2248,Oil service & drilling,2018-05-25,1.31447,0.25108,0.08973,0.41244,0.45887,0.32408,0.59367,104
2249,Oil service & drilling,2018-06-01,1.30654,0.25230,0.09030,0.41430,0.46047,0.32585,0.59510,104
2250,Oil service & drilling,2018-06-08,1.34586,0.24110,0.08011,0.40209,0.45477,0.32008,0.58945,104
2251,Oil service & drilling,2018-06-15,1.29734,0.24836,0.08962,0.40710,0.44667,0.31149,0.58186,104
2252,Oil service & drilling,2018-06-22,1.28192,0.25205,0.09403,0.41007,0.44358,0.30794,0.57922,104
2253,Oil service & drilling,2018-06-29,1.31922,0.25490,0.09778,0.41201,0.44159,0.30871,0.57448,104
2254,Oil service & drilling,2018-07-06,1.31191,0.28840,0.13353,0.44328,0.47670,0.34196,0.61145,104
2255,Oil service & drilling,2018-07-13,1.22456,0.28423,0.13389,0.43457,0.45908,0.32546,0.59270,104
2256,Oil service & drilling,2018-07-20,1.22678,0.28335,0.12851,0.43818,0.46014,0.32214,0.59814,104
2257,Oil service & drilling,2018-07-27,1.26769,0.31062,0.15955,0.46170,0.48611,0.35445,0.61778,104
2258,Oil service & drilling,2018-08-03,1.26505,0.31679,0.16299,0.47060,0.49495,0.36111,0.62879,104
2259,Oil service & drilling,2018-08-10,1.26872,0.30737,0.15490,0.45984,0.48440,0.35141,0.61740,104
2260,Oil service & drilling,2018-08-17,1.30215,0.29548,0.13735,0.45361,0.49942,0.36430,0.63455,104
2261,Oil service & drilling,2018-08-24,1.28522,0.29406,0.13394,0.45418,0.50106,0.36679,0.63532,104
2262,Oil service & drilling,2018-08-31,1.32967,0.26229,0.10281,0.42177,0.48537,0.35195,0.61879,104
2263,Oil service & drilling,2018-09-07,1.37003,0.25671,0.09535,0.41807,0.49128,0.35731,0.62525,104
2264,Oil service & drilling,2018-09-14,1.40551,0.25983,0.09797,0.42169,0.48783,0.35032,0.62533,104
2265,Oil service & drilling,2018-09-21,1.38860,0.26323,0.10003,0.42643,0.48969,0.35234,0.62703,104
2266,Oil service & drilling,2018-09-28,1.38720,0.25515,0.08850,0.42180,0.48742,0.34906,0.62578,104
2267,Oil service & drilling,2018-10-05,1.40051,0.23818,0.07119,0.40516,0.47130,0.33434,0.60826,104
2268,Oil service & drilling,2018-10-12,1.31566,0.24319,0.07556,0.41083,0.47885,0.34231,0.61539,104
2269,Oil service & drilling,2018-10-19,1.30739,0.24675,0.07931,0.41420,0.48042,0.34392,0.61691,104
2270,Oil service & drilling,2018-10-26,1.47809,0.22246,0.05300,0.39193,0.50440,0.36806,0.64075,104
2271,Oil service & drilling,2018-11-02,1.49822,0.19995,0.03831,0.36159,0.44073,0.30541,0.57605,104
2272,Oil service & drilling,2018-11-09,1.52350,0.21326,0.05587,0.37064,0.45736,0.31727,0.59746,104
2273,Oil service & drilling,2018-11-16,1.53696,0.20985,0.05607,0.36363,0.46325,0.32575,0.60074,104
2274,Oil service & drilling,2018-11-23,1.58522,0.24945,0.08594,0.41295,0.54197,0.38075,0.70320,104
2275,Oil service & drilling,2018-11-30,1.64813,0.21890,0.03662,0.40118,0.57673,0.39454,0.75893,104
2276,Oil service & drilling,2018-12-07,1.66832,0.21063,0.03615,0.38512,0.55410,0.37718,0.73103,104
2277,Oil service & drilling,2018-12-14,1.69697,0.20838,0.03469,0.38207,0.56362,0.38660,0.74064,104
2278,Oil service & drilling,2018-12-21,1.71205,0.21623,0.05483,0.37762,0.58934,0.42890,0.74979,104
2279,Oil service & drilling,2018-12-28,1.71029,0.20706,0.04688,0.36724,0.57988,0.42099,0.73877,104
2280,Oil service & drilling,2019-01-04,1.73509,0.21957,0.06099,0.37815,0.61228,0.45753,0.76702,104
2281,Oil service & drilling,2019-01-11,1.73833,0.22727,0.06502,0.38952,0.62267,0.46489,0.78045,104
2282,Oil service & drilling,2019-01-18,1.72621,0.22304,0.06292,0.38316,0.61761,0.46296,0.77225,104
2283,Oil service & drilling,2019-01-25,1.72105,0.22500,0.06538,0.38461,0.62200,0.46834,0.77566,104
2284,Oil service & drilling,2019-02-01,1.69763,0.23500,0.07494,0.39507,0.63025,0.47672,0.78377,104
2285,Oil service & drilling,2019-02-08,1.71542,0.23134,0.07110,0.39157,0.63013,0.47740,0.78285,104
2286,Oil service & drilling,2019-02-15,1.73498,0.23394,0.07421,0.39367,0.65193,0.50239,0.80148,104
2287,Oil service & drilling,2019-02-22,1.73230,0.23430,0.07494,0.39366,0.65201,0.50245,0.80157,104
2288,Oil service & drilling,2019-03-01,1.72240,0.24396,0.08843,0.39950,0.65969,0.51262,0.80676,104
2289,Oil service & drilling,2019-03-08,1.65658,0.28757,0.15155,0.42360,0.71360,0.57554,0.85166,104
2290,Oil service & drilling,2019-03-15,1.67066,0.28717,0.15127,0.42308,0.71913,0.58064,0.85763,104
2291,Oil service & drilling,2019-03-22,1.66785,0.28960,0.15358,0.42563,0.71858,0.58010,0.85706,104
2292,Oil service & drilling,2019-03-29,1.64640,0.30011,0.16283,0.43739,0.72792,0.58926,0.86658,104
2293,Oil service & drilling,2019-04-05,1.66353,0.29116,0.15304,0.42927,0.73106,0.59047,0.87166,104
2294,Oil service & drilling,2019-04-12,1.66859,0.28894,0.15118,0.42670,0.72908,0.58867,0.86950,104
2295,Oil service & drilling,2019-04-19,1.66806,0.30206,0.15778,0.44634,0.73964,0.59604,0.88324,104
2296,Oil service & drilling,2019-04-26,1.67436,0.30009,0.15733,0.44286,0.74061,0.59643,0.88480,104
2297,Oil service & drilling,2019-05-03,1.73780,0.27074,0.12293,0.41856,0.74802,0.59623,0.89981,104
2298,Oil service & drilling,2019-05-10,1.75140,0.27413,0.12772,0.42053,0.75389,0.60369,0.90409,104
2299,Oil service & drilling,2019-05-17,1.73170,0.28547,0.13902,0.43192,0.76964,0.62039,0.91888,104
2300,Oil service & drilling,2019-05-24,1.73999,0.27323,0.12715,0.41932,0.75508,0.60539,0.90477,104
2301,Oil service & drilling,2019-05-31,1.73645,0.28233,0.13676,0.42789,0.77302,0.62759,0.91845,104
2302,Oil service & drilling,2019-06-07,1.71896,0.28385,0.14061,0.42708,0.76425,0.61770,0.91081,104
2303,Oil service & drilling,2019-06-14,1.72837,0.28587,0.14303,0.42872,0.76844,0.62350,0.91339,104
2304,Oil service & drilling,2019-06-21,1.72467,0.29563,0.15228,0.43899,0.77612,0.63141,0.92083,104
2305,Oil service & drilling,2019-06-28,1.67640,0.31963,0.16543,0.47383,0.78803,0.64132,0.93474,104
2306,Oil service & drilling,2019-07-05,1.57334,0.36940,0.17798,0.56082,0.79590,0.64741,0.94440,104
2307,Oil service & drilling,2019-07-12,1.57187,0.37970,0.18202,0.57738,0.78944,0.63981,0.93907,104
2308,Oil service & drilling,2019-07-19,1.56008,0.37682,0.19015,0.56350,0.78871,0.64914,0.92827,104
2309,Oil service & drilling,2019-07-26,1.53744,0.41471,0.23195,0.59747,0.82944,0.69780,0.96108,104
2310,Oil service & drilling,2019-08-02,1.54487,0.41436,0.23126,0.59747,0.83438,0.70327,0.96549,104
2311,Oil service & drilling,2019-08-09,1.54362,0.42530,0.24102,0.60958,0.84668,0.71765,0.97570,104
2312,Oil service & drilling,2019-08-16,1.57952,0.41374,0.23071,0.59677,0.84552,0.71594,0.97511,104
2313,Oil service & drilling,2019-08-23,1.58455,0.41164,0.22902,0.59425,0.84667,0.71693,0.97641,104
2314,Oil service & drilling,2019-08-30,1.60132,0.40704,0.22343,0.59066,0.85101,0.72091,0.98112,104
2315,Oil service & drilling,2019-09-06,1.61459,0.40150,0.21639,0.58661,0.85286,0.72216,0.98355,104
2316,Oil service & drilling,2019-09-13,1.65211,0.38474,0.20189,0.56760,0.83639,0.70363,0.96914,104
2317,Oil service & drilling,2019-09-20,1.65292,0.34620,0.14102,0.55138,0.79487,0.64067,0.94907,104
2318,Oil service & drilling,2019-09-27,1.65664,0.34611,0.14087,0.55135,0.80087,0.64837,0.95337,104
2319,Oil service & drilling,2019-10-04,1.65831,0.33677,0.12633,0.54720,0.79744,0.64108,0.95381,104
2320,Oil service & drilling,2019-10-11,1.67239,0.34605,0.13803,0.55407,0.81364,0.66223,0.96505,104
2321,Oil service & drilling,2019-10-18,1.67655,0.34403,0.13691,0.55116,0.81033,0.65883,0.96183,104
2322,Oil service & drilling,2019-10-25,1.67599,0.33829,0.12834,0.54824,0.80601,0.65268,0.95933,104
2323,Oil service & drilling,2019-11-01,1.67643,0.33551,0.12493,0.54610,0.80047,0.64561,0.95534,104
2324,Oil service & drilling,2019-11-08,1.67895,0.33483,0.12069,0.54896,0.80630,0.65105,0.96155,104
2325,Oil service & drilling,2019-11-15,1.64324,0.34620,0.13612,0.55628,0.80327,0.64885,0.95770,104
2326,Oil service & drilling,2019-11-22,1.63236,0.35092,0.14044,0.56139,0.80524,0.65124,0.95925,104
2327,Oil service & drilling,2019-11-29,1.63766,0.35169,0.14089,0.56248,0.80822,0.65477,0.96167,104
2328,Oil service & drilling,2019-12-06,1.64032,0.35249,0.14198,0.56300,0.80766,0.65505,0.96026,104
2329,Oil service & drilling,2019-12-13,1.63489,0.35752,0.14693,0.56810,0.81140,0.65891,0.96390,104
2330,Oil service & drilling,2019-12-20,1.64326,0.35402,0.14352,0.56451,0.80879,0.65486,0.96273,104
2331,Oil service & drilling,2019-12-27,1.64319,0.35416,0.14478,0.56354,0.80716,0.65370,0.96062,104
2332,Oil service & drilling,2020-01-03,1.64161,0.35437,0.14463,0.56411,0.80459,0.65104,0.95813,104
2333,Oil service & drilling,2020-01-10,1.65075,0.34650,0.13882,0.55419,0.79381,0.64128,0.94633,104
2334,Oil service & drilling,2020-01-17,1.63974,0.35386,0.14650,0.56121,0.79774,0.64674,0.94875,104
2335,Oil service & drilling,2020-01-24,1.65602,0.35465,0.14468,0.56463,0.80360,0.65486,0.95233,104
2336,Oil service & drilling,2020-01-31,1.67350,0.35491,0.14432,0.56550,0.81382,0.66250,0.96513,104
2337,Oil service & drilling,2020-02-07,1.64956,0.39612,0.18710,0.60515,0.82647,0.68153,0.97140,104
2338,Oil service & drilling,2020-02-14,1.69257,0.39338,0.18866,0.59809,0.82483,0.68478,0.96488,104
2339,Oil service & drilling,2020-02-21,1.68595,0.38340,0.17939,0.58741,0.81161,0.67047,0.95275,104
2340,Oil service & drilling,2020-02-28,1.49806,0.38573,0.18316,0.58830,0.86467,0.70410,1.02525,104
2341,Oil service & drilling,2020-03-06,1.50785,0.42703,0.20816,0.64589,0.90640,0.77910,1.03371,104
2342,Oil service & drilling,2020-03-13,1.51191,0.43271,0.20342,0.66199,1.04614,0.95777,1.13450,104
2343,Oil service & drilling,2020-03-20,1.46472,0.46485,0.28478,0.64493,0.98553,0.90850,1.06256,104
2344,Oil service & drilling,2020-03-27,1.49332,0.44696,0.27418,0.61975,0.97008,0.89530,1.04486,104
2345,Oil service & drilling,2020-04-03,1.53108,0.39386,0.22871,0.55900,0.87827,0.80413,0.95240,104
2346,Oil service & drilling,2020-04-10,1.67456,0.33706,0.12470,0.54942,0.85993,0.77979,0.94007,104
2347,Oil service & drilling,2020-04-17,1.53572,0.40943,0.25343,0.56543,0.85350,0.78190,0.92509,104
2348,Oil service & drilling,2020-04-24,1.69136,0.29947,0.11456,0.48439,0.73230,0.62460,0.84000,104
2349,Oil service & drilling,2020-05-01,1.68401,0.27836,0.08145,0.47528,0.71225,0.58236,0.84215,104
2350,Oil service & drilling,2020-05-08,1.71077,0.25735,0.07592,0.43877,0.65835,0.53031,0.78639,104
2351,Oil service & drilling,2020-05-15,1.74901,0.24321,0.05790,0.42851,0.64666,0.51841,0.77491,104
2352,Oil service & drilling,2020-05-22,1.76085,0.24379,0.05961,0.42796,0.65153,0.52740,0.77567,104
2353,Oil service & drilling,2020-05-29,1.76208,0.24350,0.05975,0.42726,0.65147,0.52739,0.77554,104
2354,Oil service & drilling,2020-06-05,1.79469,0.25784,0.06852,0.44716,0.68566,0.55973,0.81160,104
2355,Oil service & drilling,2020-06-12,1.75568,0.24720,0.06434,0.43006,0.67023,0.54990,0.79055,104
2356,Oil service & drilling,2020-06-19,1.76265,0.24572,0.06717,0.42427,0.66553,0.54752,0.78354,104
2357,Oil service & drilling,2020-06-26,1.78205,0.24026,0.06266,0.41785,0.66839,0.55226,0.78451,104
2358,Oil service & drilling,2020-07-03,1.78465,0.23476,0.05938,0.41014,0.66431,0.54911,0.77951,104
2359,Oil service & drilling,2020-07-10,1.78783,0.23502,0.05970,0.41034,0.66524,0.55075,0.77974,104
2360,Oil service & drilling,2020-07-17,1.82087,0.22674,0.05578,0.39770,0.66604,0.55377,0.77831,104
2361,Oil service & drilling,2020-07-24,1.82075,0.22694,0.05598,0.39790,0.66519,0.55276,0.77762,104
2362,Oil service & drilling,2020-07-31,1.81740,0.22761,0.05682,0.39839,0.66490,0.55199,0.77781,104
2363,Oil service & drilling,2020-08-07,1.81813,0.22791,0.05740,0.39842,0.66776,0.55516,0.78037,104
2364,Oil service & drilling,2020-08-14,1.83340,0.22525,0.05523,0.39528,0.66930,0.55731,0.78129,104
2365,Oil service & drilling,2020-08-21,1.84450,0.22463,0.05459,0.39468,0.67057,0.55879,0.78234,104
2366,Oil service & drilling,2020-08-28,1.84443,0.22409,0.05404,0.39414,0.67040,0.55882,0.78197,104
2367,Oil service & drilling,2020-09-04,1.84181,0.22596,0.05526,0.39665,0.67267,0.56110,0.78425,104
2368,Oil service & drilling,2020-09-11,1.81191,0.23751,0.06568,0.40935,0.67095,0.55686,0.78505,104
2369,Oil service & drilling,2020-09-18,1.81009,0.23684,0.06742,0.40627,0.66673,0.55420,0.77927,104
2370,Oil service & drilling,2020-09-25,1.79402,0.24053,0.06939,0.41168,0.66783,0.55344,0.78221,104
2371,Oil service & drilling,2020-10-02,1.78226,0.24521,0.07436,0.41606,0.66553,0.55044,0.78061,104
2372,Oil service & drilling,2020-10-09,1.80873,0.24242,0.07285,0.41199,0.66740,0.55541,0.77939,104
2373,Oil service & drilling,2020-10-16,1.81967,0.23869,0.07080,0.40658,0.66616,0.55580,0.77652,104
2374,Oil service & drilling,2020-10-23,1.77618,0.24580,0.07513,0.41648,0.66145,0.54785,0.77504,104
2375,Oil service & drilling,2020-10-30,1.73637,0.24969,0.07243,0.42695,0.67150,0.55530,0.78770,104
2376,Oil service & drilling,2020-11-06,1.72624,0.24757,0.07134,0.42381,0.67156,0.55511,0.78802,104
2377,Oil service & drilling,2020-11-13,1.79232,0.24577,0.06813,0.42340,0.69299,0.57967,0.80631,104
2378,Oil service & drilling,2020-11-20,1.79042,0.24484,0.06586,0.42382,0.68843,0.57154,0.80531,104
2379,Oil service & drilling,2020-11-27,1.78603,0.24841,0.06723,0.42960,0.69523,0.57759,0.81288,104
2380,Oil service & drilling,2020-12-04,1.76881,0.25468,0.06792,0.44145,0.70066,0.58000,0.82133,104
2381,Oil service & drilling,2020-12-11,1.75848,0.25831,0.06939,0.44723,0.70088,0.57809,0.82368,104
2382,Oil service & drilling,2020-12-18,1.75799,0.25799,0.06790,0.44808,0.69871,0.57411,0.82331,104
2383,Oil service & drilling,2020-12-25,1.75525,0.26049,0.06941,0.45157,0.70017,0.57500,0.82535,104
2384,Oil service & drilling,2021-01-01,1.74226,0.26034,0.06972,0.45097,0.69371,0.56680,0.82063,104
2385,Oil service & drilling,2021-01-08,1.74403,0.25959,0.06889,0.45029,0.69400,0.56716,0.82085,104
2386,Oil service & drilling,2021-01-15,1.75172,0.25875,0.06854,0.44896,0.69434,0.56781,0.82087,104
2387,Oil service & drilling,2021-01-22,1.74835,0.25905,0.06862,0.44948,0.69340,0.56682,0.81999,104
2388,Oil service & drilling,2021-01-29,1.74958,0.25873,0.07012,0.44735,0.69373,0.56726,0.82019,104
2389,Oil service & drilling,2021-02-05,1.74726,0.25884,0.07013,0.44754,0.69565,0.56988,0.82142,104
2390,Oil service & drilling,2021-02-12,1.71687,0.27026,0.07734,0.46319,0.69278,0.56252,0.82304,104
2391,Oil service & drilling,2021-02-19,1.71752,0.27007,0.07731,0.46283,0.69261,0.56243,0.82278,104
2392,Oil service & drilling,2021-02-26,1.71768,0.26539,0.07553,0.45525,0.68793,0.55936,0.81651,104
2393,Oil service & drilling,2021-03-05,1.71670,0.26596,0.07568,0.45625,0.69114,0.56282,0.81947,104
2394,Oil service & drilling,2021-03-12,1.69622,0.27005,0.07879,0.46131,0.68936,0.55964,0.81908,104
2395,Oil service & drilling,2021-03-19,1.70037,0.27048,0.08014,0.46082,0.68996,0.56154,0.81837,104
2396,Oil service & drilling,2021-03-26,1.70249,0.26979,0.07885,0.46073,0.69084,0.56266,0.81901,104
2397,Oil service & drilling,2021-04-02,1.70151,0.26912,0.07884,0.45940,0.68831,0.56002,0.81661,104
2398,Oil service & drilling,2021-04-09,1.70144,0.26931,0.07871,0.45991,0.68867,0.56004,0.81729,104
2399,Oil service & drilling,2021-04-16,1.69609,0.26284,0.07551,0.45017,0.68155,0.55385,0.80926,104
2400,Oil service & drilling,2021-04-23,1.70158,0.26139,0.07444,0.44834,0.68197,0.55495,0.80900,104
2401,Oil service & drilling,2021-04-30,1.69915,0.26212,0.07489,0.44935,0.68191,0.55442,0.80939,104
2402,Oil service & drilling,2021-05-07,1.69086,0.26318,0.07560,0.45076,0.68119,0.55325,0.80914,104
2403,Oil service & drilling,2021-05-14,1.68196,0.26618,0.07814,0.45423,0.68126,0.55199,0.81052,104
2404,Oil service & drilling,2021-05-21,1.66668,0.27316,0.08335,0.46298,0.68236,0.55111,0.81361,104
2405,Oil service & drilling,2021-05-28,1.66655,0.27132,0.08292,0.45973,0.67816,0.54716,0.80917,104
2406,Oil service & drilling,2021-06-04,1.67743,0.26994,0.08101,0.45887,0.68124,0.55101,0.81147,104
2407,Oil service & drilling,2021-06-11,1.68024,0.26831,0.08039,0.45623,0.67971,0.55002,0.80940,104
2408,Oil service & drilling,2021-06-18,1.67214,0.26872,0.08187,0.45556,0.67778,0.54732,0.80824,104
2409,Oil service & drilling,2021-06-25,1.67346,0.26403,0.08101,0.44705,0.67590,0.54722,0.80458,104
2410,Oil service & drilling,2021-07-02,1.71099,0.25087,0.07297,0.42877,0.67506,0.54999,0.80012,104
2411,Oil service & drilling,2021-07-09,1.72056,0.24726,0.07001,0.42451,0.67548,0.55151,0.79944,104
2412,Oil service & drilling,2021-07-16,1.72303,0.24778,0.07006,0.42550,0.67518,0.55063,0.79972,104
2413,Oil service & drilling,2021-07-23,1.72337,0.24733,0.06983,0.42484,0.67482,0.55042,0.79922,104
2414,Oil service & drilling,2021-07-30,1.72219,0.24700,0.07000,0.42400,0.67274,0.54838,0.79710,104
2415,Oil service & drilling,2021-08-06,1.71491,0.24673,0.07336,0.42009,0.66389,0.53951,0.78827,104
2416,Oil service & drilling,2021-08-13,1.69665,0.25139,0.07634,0.42643,0.66402,0.53792,0.79013,104
2417,Oil service & drilling,2021-08-20,1.69407,0.24937,0.07597,0.42276,0.66235,0.53710,0.78761,104
2418,Oil service & drilling,2021-08-27,1.69380,0.24265,0.07347,0.41183,0.65428,0.53077,0.77778,104
2419,Oil service & drilling,2021-09-03,1.69108,0.24261,0.07342,0.41180,0.65357,0.52957,0.77756,104
2420,Oil service & drilling,2021-09-10,1.68778,0.24425,0.07400,0.41451,0.65591,0.53229,0.77952,104
2421,Oil service & drilling,2021-09-17,1.68291,0.25361,0.08062,0.42661,0.66241,0.53765,0.78716,104
2422,Oil service & drilling,2021-09-24,1.68223,0.25408,0.08100,0.42715,0.66119,0.53630,0.78608,104
2423,Oil service & drilling,2021-10-01,1.68774,0.25595,0.08125,0.43066,0.66365,0.53779,0.78952,104
2424,Oil service & drilling,2021-10-08,1.67721,0.25837,0.08315,0.43360,0.66197,0.53497,0.78897,104
2425,Oil service & drilling,2021-10-15,1.66572,0.26001,0.08396,0.43606,0.66255,0.53506,0.79003,104
2426,Oil service & drilling,2021-10-22,1.66288,0.26312,0.08543,0.44081,0.66532,0.53686,0.79377,104
2427,Oil service & drilling,2021-10-29,1.66117,0.26399,0.08615,0.44183,0.66662,0.53827,0.79497,104
2428,Oil service & drilling,2021-11-05,1.67587,0.25948,0.08547,0.43350,0.66336,0.53639,0.79034,104
2429,Oil service & drilling,2021-11-12,1.68753,0.25628,0.08334,0.42921,0.66347,0.53794,0.78899,104
2430,Oil service & drilling,2021-11-19,1.69143,0.25844,0.08486,0.43201,0.66671,0.54147,0.79194,104
2431,Oil service & drilling,2021-11-26,1.66731,0.25657,0.08411,0.42902,0.66354,0.53703,0.79006,104
2432,Oil service & drilling,2021-12-03,1.67019,0.25446,0.08315,0.42577,0.66177,0.53551,0.78803,104
2433,Oil service & drilling,2021-12-10,1.67977,0.24617,0.07909,0.41325,0.65373,0.52911,0.77835,104
2434,Oil service & drilling,2021-12-17,1.66420,0.24771,0.08023,0.41519,0.65171,0.52517,0.77824,104
2435,Oil service & drilling,2021-12-24,1.65871,0.24661,0.07952,0.41369,0.65060,0.52355,0.77765,104
2436,Oil service & drilling,2021-12-31,1.65752,0.24780,0.08053,0.41506,0.65107,0.52408,0.77805,104
2437,Oil service & drilling,2022-01-07,1.65076,0.25370,0.08295,0.42445,0.65614,0.52777,0.78452,104
2438,Oil service & drilling,2022-01-14,1.65224,0.25558,0.08413,0.42702,0.65780,0.52933,0.78628,104
2439,Oil service & drilling,2022-01-21,1.64384,0.25510,0.08429,0.42590,0.65494,0.52506,0.78481,104
2440,Oil service & drilling,2022-01-28,1.62868,0.25663,0.08567,0.42759,0.64963,0.51776,0.78151,104
2441,Oil service & drilling,2022-02-04,1.64040,0.24817,0.07923,0.41712,0.64867,0.51688,0.78045,104
2442,Oil service & drilling,2022-02-11,1.64443,0.24747,0.07823,0.41671,0.64975,0.51773,0.78177,104
2443,Oil service & drilling,2022-02-18,1.61836,0.25316,0.08101,0.42531,0.64969,0.51352,0.78586,104
2444,Oil service & drilling,2022-02-25,1.71787,0.24237,0.08035,0.40438,0.62542,0.48568,0.76517,104
2445,Oil service & drilling,2022-03-04,1.62172,0.27496,0.09702,0.45289,0.61466,0.47504,0.75427,104
2446,Oil service & drilling,2022-03-11,1.49992,0.27122,0.09945,0.44300,0.49166,0.34696,0.63636,104
2447,Oil service & drilling,2022-03-18,1.51021,0.24483,0.07306,0.41660,0.47616,0.33544,0.61688,104
2448,Oil service & drilling,2022-03-25,1.51022,0.24909,0.07461,0.42357,0.48360,0.34167,0.62553,104
2449,Oil service & drilling,2022-04-01,1.53094,0.23357,0.05474,0.41240,0.44328,0.28400,0.60257,104
2450,Oil service & drilling,2022-04-08,1.42918,0.25914,0.07873,0.43956,0.45974,0.29737,0.62211,104
2451,Oil service & drilling,2022-04-15,1.55269,0.19399,-0.02936,0.41735,0.43486,0.24422,0.62550,104
2452,Oil service & drilling,2022-04-22,1.48530,0.26522,0.06818,0.46225,0.53012,0.36688,0.69336,104
2453,Oil service & drilling,2022-04-29,1.52249,0.28746,0.10663,0.46830,0.54474,0.39465,0.69483,104
2454,Oil service & drilling,2022-05-06,1.38723,0.34798,0.16414,0.53182,0.62310,0.46405,0.78215,104
2455,Oil service & drilling,2022-05-13,1.31075,0.36320,0.18492,0.54148,0.62889,0.46989,0.78790,104
2456,Oil service & drilling,2022-05-20,1.30797,0.36072,0.18112,0.54032,0.62167,0.45982,0.78353,104
2457,Oil service & drilling,2022-05-27,1.30153,0.36075,0.18083,0.54067,0.62490,0.46448,0.78533,104
2458,Oil service & drilling,2022-06-03,1.20511,0.32483,0.12139,0.52826,0.54779,0.34788,0.74770,104
2459,Oil service & drilling,2022-06-10,1.31693,0.35588,0.16806,0.54370,0.58613,0.40811,0.76415,104
2460,Oil service & drilling,2022-06-17,1.35138,0.37849,0.18337,0.57360,0.63468,0.45075,0.81861,104
2461,Oil service & drilling,2022-06-24,1.34687,0.37275,0.17874,0.56676,0.62500,0.43955,0.81045,104
2462,Oil service & drilling,2022-07-01,1.34918,0.38345,0.19011,0.57680,0.63469,0.44715,0.82224,104
2463,Oil service & drilling,2022-07-08,1.35236,0.37722,0.18903,0.56542,0.62108,0.43713,0.80502,104
2464,Oil service & drilling,2022-07-15,1.30012,0.40288,0.21696,0.58880,0.64543,0.45938,0.83147,104
2465,Oil service & drilling,2022-07-22,1.27187,0.40674,0.22041,0.59308,0.64590,0.45967,0.83213,104
2466,Oil service & drilling,2022-07-29,1.29212,0.40931,0.22338,0.59524,0.65911,0.47499,0.84323,104
2467,Oil service & drilling,2022-08-05,1.32744,0.35020,0.15356,0.54685,0.58881,0.40398,0.77364,104
2468,Oil service & drilling,2022-08-12,1.30620,0.35647,0.16149,0.55144,0.59177,0.40890,0.77465,104
2469,Oil service & drilling,2022-08-19,1.27708,0.35988,0.16831,0.55144,0.58812,0.40736,0.76889,104
2470,Oil service & drilling,2022-08-26,1.26998,0.36613,0.17827,0.55399,0.59243,0.41421,0.77065,104
2471,Oil service & drilling,2022-09-02,1.22063,0.34578,0.15990,0.53166,0.56714,0.38710,0.74718,104
2472,Oil service & drilling,2022-09-09,1.26518,0.32501,0.13521,0.51480,0.56463,0.38273,0.74654,104
2473,Oil service & drilling,2022-09-16,1.22881,0.33371,0.14203,0.52538,0.57172,0.38570,0.75774,104
2474,Oil service & drilling,2022-09-23,1.31773,0.33267,0.13741,0.52792,0.59769,0.41441,0.78097,104
2475,Oil service & drilling,2022-09-30,1.32704,0.32642,0.12537,0.52748,0.60353,0.41754,0.78952,104
2476,Oil service & drilling,2022-10-07,1.33804,0.34409,0.14342,0.54476,0.62374,0.43492,0.81257,104
2477,Oil service & drilling,2022-10-14,1.32857,0.35434,0.15481,0.55387,0.63469,0.44474,0.82465,104
2478,Oil service & drilling,2022-10-21,1.34258,0.35537,0.15538,0.55535,0.63746,0.44650,0.82843,104
2479,Oil service & drilling,2022-10-28,1.38169,0.35887,0.15408,0.56366,0.62853,0.42469,0.83238,104
2480,Oil service & drilling,2022-11-04,1.43163,0.35721,0.15284,0.56159,0.63197,0.42441,0.83952,104
2481,Oil service & drilling,2022-11-11,1.29879,0.35451,0.15153,0.55748,0.58953,0.39404,0.78502,104
2482,Oil service & drilling,2022-11-18,1.28200,0.33962,0.14270,0.53654,0.57063,0.38408,0.75719,104
2483,Oil service & drilling,2022-11-25,1.18602,0.36026,0.16503,0.55549,0.55605,0.36754,0.74455,104
2484,Oil service & drilling,2022-12-02,1.18223,0.36275,0.16614,0.55936,0.55841,0.36970,0.74713,104
2485,Oil service & drilling,2022-12-09,1.18535,0.36103,0.17351,0.54854,0.55371,0.37488,0.73254,104
2486,Oil service & drilling,2022-12-16,1.19378,0.35731,0.17118,0.54344,0.54727,0.36811,0.72643,104
2487,Oil service & drilling,2022-12-23,1.20202,0.35991,0.17512,0.54470,0.55298,0.37533,0.73062,104
2488,Oil service & drilling,2022-12-30,1.20376,0.36088,0.17691,0.54485,0.55324,0.37600,0.73048,104
2489,Oil service & drilling,2023-01-06,1.20833,0.34629,0.16610,0.52649,0.53337,0.35955,0.70719,104
2490,Oil service & drilling,2023-01-13,1.19360,0.35584,0.18219,0.52950,0.53815,0.36913,0.70717,104
2491,Oil service & drilling,2023-01-20,1.19292,0.35880,0.18635,0.53125,0.53965,0.37110,0.70820,104
2492,Oil service & drilling,2023-01-27,1.15409,0.36437,0.19240,0.53635,0.53758,0.36938,0.70577,104
2493,Oil service & drilling,2023-02-03,1.17021,0.35644,0.18892,0.52397,0.52025,0.35410,0.68640,104
2494,Oil service & drilling,2023-02-10,1.20979,0.35601,0.18815,0.52387,0.53106,0.36540,0.69672,104
2495,Oil service & drilling,2023-02-17,1.20703,0.35358,0.18713,0.52003,0.52878,0.36484,0.69273,104
2496,Oil service & drilling,2023-02-24,1.21662,0.35996,0.19284,0.52708,0.53564,0.37084,0.70043,104
2497,Oil service & drilling,2023-03-03,1.22733,0.36029,0.19316,0.52742,0.53469,0.36915,0.70022,104
2498,Oil service & drilling,2023-03-10,1.27386,0.35656,0.18908,0.52404,0.54206,0.37687,0.70724,104
2499,Oil service & drilling,2023-03-17,1.28406,0.35353,0.18671,0.52034,0.56164,0.40181,0.72146,104
2500,Oil service & drilling,2023-03-24,1.30059,0.34758,0.18089,0.51426,0.55670,0.39739,0.71602,104
2501,Oil service & drilling,2023-03-31,1.28450,0.34803,0.18138,0.51468,0.56387,0.40644,0.72129,104
2502,Oil service & drilling,2023-04-07,1.28872,0.34391,0.17879,0.50903,0.55813,0.40215,0.71411,104
2503,Oil service & drilling,2023-04-14,1.27257,0.36042,0.19781,0.52303,0.57060,0.41651,0.72470,104
2504,Oil service & drilling,2023-04-21,1.26607,0.36237,0.20129,0.52346,0.57178,0.41965,0.72390,104
2505,Oil service & drilling,2023-04-28,1.25297,0.36592,0.20496,0.52688,0.57129,0.41918,0.72340,104
2506,Oil service & drilling,2023-05-05,1.26715,0.36504,0.20523,0.52484,0.57436,0.42398,0.72474,104
2507,Oil service & drilling,2023-05-12,1.27546,0.36221,0.20223,0.52220,0.57285,0.42268,0.72303,104
2508,Oil service & drilling,2023-05-19,1.29536,0.35601,0.19325,0.51878,0.57469,0.42399,0.72538,104
2509,Oil service & drilling,2023-05-26,1.31014,0.35780,0.19513,0.52048,0.57700,0.42579,0.72822,104
2510,Oil service & drilling,2023-06-02,1.29859,0.35701,0.19414,0.51988,0.57216,0.42011,0.72421,104
2511,Oil service & drilling,2023-06-09,1.28638,0.36148,0.19952,0.52344,0.57442,0.42288,0.72596,104
2512,Oil service & drilling,2023-06-16,1.27324,0.35869,0.19507,0.52231,0.57112,0.41903,0.72322,104
2513,Oil service & drilling,2023-06-23,1.28954,0.35977,0.19701,0.52253,0.57726,0.42567,0.72885,104
2514,Oil service & drilling,2023-06-30,1.30918,0.35888,0.19659,0.52116,0.58053,0.42971,0.73134,104
2515,Oil service & drilling,2023-07-07,1.31197,0.35609,0.19652,0.51565,0.57399,0.42438,0.72361,104
2516,Oil service & drilling,2023-07-14,1.31227,0.35574,0.19598,0.51551,0.57373,0.42389,0.72357,104
2517,Oil service & drilling,2023-07-21,1.30272,0.35696,0.19742,0.51649,0.57466,0.42494,0.72438,104
2518,Oil service & drilling,2023-07-28,1.30332,0.35625,0.19742,0.51509,0.57341,0.42441,0.72241,104
2519,Oil service & drilling,2023-08-04,1.31154,0.35390,0.19012,0.51769,0.58007,0.42803,0.73212,104
2520,Oil service & drilling,2023-08-11,1.32188,0.35129,0.18651,0.51606,0.57968,0.42751,0.73184,104
2521,Oil service & drilling,2023-08-18,1.31886,0.35253,0.18637,0.51869,0.57879,0.42429,0.73329,104
2522,Oil service & drilling,2023-08-25,1.33648,0.37086,0.20679,0.53494,0.59613,0.44254,0.74972,104
2523,Oil service & drilling,2023-09-01,1.31929,0.36880,0.20446,0.53313,0.59503,0.44172,0.74834,104
2524,Oil service & drilling,2023-09-08,1.30128,0.37179,0.20895,0.53463,0.59464,0.44188,0.74739,104
2525,Oil service & drilling,2023-09-15,1.27626,0.37255,0.20843,0.53667,0.59621,0.44266,0.74976,104
2526,Oil service & drilling,2023-09-22,1.27675,0.37272,0.20838,0.53706,0.59576,0.44171,0.74980,104
2527,Oil service & drilling,2023-09-29,1.26683,0.37025,0.20542,0.53509,0.59030,0.43578,0.74482,104
2528,Oil service & drilling,2023-10-06,1.25933,0.35738,0.19449,0.52027,0.58249,0.43160,0.73338,104
2529,Oil service & drilling,2023-10-13,1.24706,0.35485,0.19173,0.51797,0.58505,0.43314,0.73696,104
2530,Oil service & drilling,2023-10-20,1.22826,0.35974,0.19993,0.51955,0.58430,0.43328,0.73531,104
2531,Oil service & drilling,2023-10-27,1.22387,0.36267,0.20286,0.52249,0.58564,0.43522,0.73607,104
2532,Oil service & drilling,2023-11-03,1.22833,0.35508,0.19540,0.51475,0.57464,0.42429,0.72500,104
2533,Oil service & drilling,2023-11-10,1.22607,0.35772,0.19983,0.51561,0.57601,0.42692,0.72509,104
2534,Oil service & drilling,2023-11-17,1.22408,0.34987,0.19043,0.50932,0.56704,0.41512,0.71896,104
2535,Oil service & drilling,2023-11-24,1.24377,0.35558,0.19667,0.51448,0.56737,0.41600,0.71873,104
2536,Oil service & drilling,2023-12-01,1.24515,0.35696,0.19735,0.51657,0.57047,0.41875,0.72219,104
2537,Oil service & drilling,2023-12-08,1.23613,0.37512,0.22002,0.53021,0.58877,0.44180,0.73574,104
2538,Oil service & drilling,2023-12-15,1.24456,0.37683,0.22178,0.53188,0.59089,0.44389,0.73789,104
2539,Oil service & drilling,2023-12-22,1.26133,0.38170,0.22762,0.53578,0.59499,0.44778,0.74219,104
2540,Oil service & drilling,2023-12-29,1.26303,0.38088,0.22712,0.53465,0.59326,0.44605,0.74047,104
2541,Oil service & drilling,2024-01-05,1.26105,0.37456,0.21961,0.52951,0.58704,0.43950,0.73459,104
2542,Oil service & drilling,2024-01-12,1.27759,0.36937,0.21177,0.52697,0.58507,0.43565,0.73448,104
2543,Oil service & drilling,2024-01-19,1.26014,0.37320,0.21490,0.53150,0.58889,0.43963,0.73814,104
2544,Oil service & drilling,2024-01-26,1.25617,0.37183,0.21413,0.52952,0.58865,0.44091,0.73639,104
2545,Oil service & drilling,2024-02-02,1.26793,0.37284,0.21690,0.52877,0.59136,0.44575,0.73697,104
2546,Oil service & drilling,2024-02-09,1.27256,0.36974,0.21810,0.52139,0.57880,0.43468,0.72291,104
2547,Oil service & drilling,2024-02-16,1.30559,0.36560,0.21550,0.51570,0.58050,0.43474,0.72625,104
2548,Oil service & drilling,2024-02-23,1.29284,0.37438,0.21580,0.53296,0.58935,0.43835,0.74035,104
2549,Oil service & drilling,2024-03-01,1.36461,0.31686,0.17635,0.45736,0.57211,0.42917,0.71504,104
2550,Oil service & drilling,2024-03-08,1.36231,0.31895,0.17761,0.46029,0.57581,0.43231,0.71932,104
2551,Oil service & drilling,2024-03-15,1.39522,0.30664,0.15963,0.45364,0.57768,0.43355,0.72182,104
2552,Oil service & drilling,2024-03-22,1.38028,0.30895,0.15600,0.46190,0.57509,0.42344,0.72675,104
2553,Oil service & drilling,2024-03-29,1.33734,0.34180,0.18940,0.49420,0.62728,0.47164,0.78292,104
2554,Oil service & drilling,2024-04-05,1.32125,0.33490,0.18313,0.48666,0.61900,0.46360,0.77441,104
2555,Oil service & drilling,2024-04-12,1.33290,0.33724,0.18160,0.49288,0.62583,0.46821,0.78345,104
2556,Oil service & drilling,2024-04-19,1.33510,0.33722,0.18156,0.49289,0.62875,0.47169,0.78580,104
2557,Oil service & drilling,2024-04-26,1.31530,0.34286,0.18314,0.50259,0.63572,0.47817,0.79328,104
2558,Oil service & drilling,2024-05-03,1.39249,0.31471,0.16491,0.46451,0.62156,0.46794,0.77518,104
2559,Oil service & drilling,2024-05-10,1.40153,0.31552,0.16535,0.46568,0.62453,0.47089,0.77817,104
2560,Oil service & drilling,2024-05-17,1.40353,0.31446,0.16416,0.46477,0.62262,0.46891,0.77632,104
2561,Oil service & drilling,2024-05-24,1.41462,0.31314,0.16151,0.46476,0.61742,0.46067,0.77417,104
2562,Oil service & drilling,2024-05-31,1.45181,0.30241,0.15082,0.45399,0.61490,0.45892,0.77088,104
2563,Oil service & drilling,2024-06-07,1.42852,0.31168,0.15793,0.46544,0.62494,0.46780,0.78209,104
2564,Oil service & drilling,2024-06-14,1.41072,0.28820,0.13648,0.43993,0.58242,0.43223,0.73261,104
2565,Oil service & drilling,2024-06-21,1.37697,0.29253,0.14030,0.44476,0.58070,0.43100,0.73040,104
2566,Oil service & drilling,2024-06-28,1.38750,0.29091,0.13940,0.44242,0.58198,0.43328,0.73068,104
2567,Oil service & drilling,2024-07-05,1.37886,0.29458,0.14052,0.44864,0.58994,0.44013,0.73976,104
2568,Oil service & drilling,2024-07-12,1.35573,0.28506,0.12838,0.44175,0.57015,0.41616,0.72414,104
2569,Oil service & drilling,2024-07-19,1.40229,0.27501,0.11524,0.43478,0.56416,0.41177,0.71655,104
2570,Oil service & drilling,2024-07-26,1.37718,0.27175,0.10889,0.43461,0.54600,0.38530,0.70671,104
2571,Oil service & drilling,2024-08-02,1.32850,0.33143,0.19302,0.46984,0.61882,0.47148,0.76615,104
2572,Oil service & drilling,2024-08-09,1.33713,0.31551,0.17353,0.45749,0.60210,0.45243,0.75177,104
2573,Oil service & drilling,2024-08-16,1.32836,0.31538,0.17364,0.45712,0.60096,0.45064,0.75128,104
2574,Oil service & drilling,2024-08-23,1.33119,0.30823,0.16140,0.45505,0.59624,0.44098,0.75150,104
2575,Oil service & drilling,2024-08-30,1.36163,0.32740,0.18563,0.46917,0.61394,0.46179,0.76610,104
2576,Oil service & drilling,2024-09-06,1.34590,0.32564,0.18609,0.46520,0.62070,0.47414,0.76727,104
2577,Oil service & drilling,2024-09-13,1.37764,0.32039,0.18245,0.45833,0.62084,0.47221,0.76948,104
2578,Oil service & drilling,2024-09-20,1.27436,0.32742,0.18864,0.46620,0.58683,0.45160,0.72207,104
2579,Oil service & drilling,2024-09-27,1.27796,0.33197,0.19529,0.46866,0.59345,0.45954,0.72736,104
2580,Oil service & drilling,2024-10-04,1.26983,0.30889,0.18040,0.43739,0.57050,0.45627,0.68473,104
2581,Oil service & drilling,2024-10-11,1.25725,0.29715,0.16819,0.42612,0.55164,0.44217,0.66111,104
2582,Oil service & drilling,2024-10-18,1.24786,0.29695,0.17054,0.42337,0.54719,0.44073,0.65366,104
2583,Oil service & drilling,2024-10-25,1.21019,0.29385,0.16717,0.42053,0.53532,0.43108,0.63957,104
2584,Oil service & drilling,2024-11-01,1.15581,0.29288,0.16501,0.42076,0.52266,0.41900,0.62631,104
2585,Oil service & drilling,2024-11-08,1.14786,0.29043,0.16639,0.41447,0.51750,0.41541,0.61959,104
2586,Oil service & drilling,2024-11-15,1.13124,0.30227,0.17489,0.42966,0.52027,0.41412,0.62642,104
2587,Oil service & drilling,2024-11-22,1.22326,0.26915,0.16508,0.37322,0.51695,0.41714,0.61676,104
2588,Oil service & drilling,2024-11-29,1.24557,0.25808,0.15819,0.35797,0.51315,0.41504,0.61127,104
2589,Oil service & drilling,2024-12-06,1.25251,0.24909,0.14509,0.35309,0.51402,0.41229,0.61575,104
2590,Oil service & drilling,2024-12-13,1.23769,0.25632,0.15079,0.36185,0.51958,0.41806,0.62111,104
2591,Oil service & drilling,2024-12-20,1.19927,0.24983,0.14545,0.35421,0.50828,0.40750,0.60907,104
2592,Oil service & drilling,2024-12-27,1.21632,0.24312,0.13880,0.34744,0.50930,0.40853,0.61008,104
2593,Oil service & drilling,2025-01-03,1.21930,0.25656,0.14281,0.37032,0.53622,0.42997,0.64247,104
2594,Oil service & drilling,2025-01-10,1.23996,0.23638,0.12944,0.34332,0.52995,0.42770,0.63220,104
2595,Oil service & drilling,2025-01-17,1.25080,0.22675,0.12133,0.33218,0.52562,0.42469,0.62655,104
2596,Oil service & drilling,2025-01-24,1.25425,0.22623,0.12151,0.33094,0.52625,0.42596,0.62655,104
2597,Oil service & drilling,2025-01-31,1.23580,0.23732,0.12053,0.35410,0.54582,0.43748,0.65416,104
2598,Oil service & drilling,2025-02-07,1.22123,0.20560,0.09708,0.31411,0.51339,0.41959,0.60720,104
2599,Oil service & drilling,2025-02-14,1.22056,0.21050,0.10107,0.31993,0.51839,0.42220,0.61458,104
2600,Oil service & drilling,2025-02-21,1.21749,0.21153,0.10227,0.32079,0.51859,0.42222,0.61496,104
2601,Oil service & drilling,2025-02-28,1.20160,0.21055,0.10027,0.32083,0.51080,0.41946,0.60215,104
2602,Oil service & drilling,2025-03-07,1.15018,0.23253,0.11411,0.35094,0.51212,0.41913,0.60511,104
2603,Oil service & drilling,2025-03-14,1.11107,0.21822,0.09502,0.34142,0.46033,0.36364,0.55702,104
2604,Oil service & drilling,2025-03-21,1.09683,0.23051,0.10715,0.35387,0.47553,0.37763,0.57344,104
2605,Oil service & drilling,2025-03-28,1.07754,0.23248,0.10922,0.35573,0.45642,0.35565,0.55718,104
2606,Oil service & drilling,2025-04-04,1.16935,0.24484,0.11615,0.37353,0.54879,0.43249,0.66510,104
2607,Oil service & drilling,2025-04-11,1.21289,0.24202,0.11642,0.36761,0.55380,0.43773,0.66987,104
2608,Oil service & drilling,2025-04-18,1.20701,0.23816,0.11133,0.36499,0.55198,0.43457,0.66938,104
2609,Oil service & drilling,2025-04-25,1.22656,0.23097,0.10283,0.35910,0.55360,0.43547,0.67174,104
2610,Oil service & drilling,2025-05-02,1.22320,0.23240,0.11846,0.34635,0.51172,0.39698,0.62645,104
2611,Oil service & drilling,2025-05-09,1.19662,0.24997,0.13471,0.36524,0.51879,0.40316,0.63442,104
2612,Oil service & drilling,2025-05-16,1.21428,0.24821,0.13340,0.36302,0.52669,0.41074,0.64265,104
2613,Oil service & drilling,2025-05-23,1.21059,0.25192,0.13730,0.36654,0.53259,0.41659,0.64859,104
2614,Oil service & drilling,2025-05-30,1.21915,0.24760,0.13335,0.36185,0.53010,0.41456,0.64563,104
2615,Oil service & drilling,2025-06-06,1.22022,0.24060,0.12541,0.35578,0.52500,0.40963,0.64038,104
2616,Oil service & drilling,2025-06-13,1.22916,0.22537,0.10429,0.34645,0.50975,0.39181,0.62769,104
2617,Oil service & drilling,2025-06-20,1.24933,0.21903,0.09495,0.34311,0.49734,0.37605,0.61864,104
2618,Oil service & drilling,2025-06-27,1.22892,0.19210,0.05617,0.32803,0.46194,0.33045,0.59342,104
2619,Oil service & drilling,2025-07-04,1.24196,0.18911,0.04857,0.32965,0.47108,0.33917,0.60298,104
2620,Oil service & drilling,2025-07-11,1.24146,0.18934,0.05004,0.32863,0.46911,0.33778,0.60044,104
2621,Oil service & drilling,2025-07-18,1.24755,0.18936,0.04991,0.32880,0.46903,0.33802,0.60003,104
2622,Oil service & drilling,2025-07-25,1.24482,0.19010,0.04818,0.33201,0.47294,0.34004,0.60585,104
2623,Oil service & drilling,2025-08-01,1.24509,0.18657,0.04579,0.32735,0.46766,0.33552,0.59980,104
2624,Oil service & drilling,2025-08-08,1.26183,0.17872,0.03996,0.31749,0.45748,0.32705,0.58791,104
2625,Oil service & drilling,2025-08-15,1.26392,0.18073,0.04226,0.31920,0.45705,0.32660,0.58750,104
2626,Oil service & drilling,2025-08-22,1.26619,0.18394,0.04537,0.32251,0.46260,0.33198,0.59323,104
2627,Oil service & drilling,2025-08-29,1.25941,0.19103,0.05137,0.33069,0.46252,0.32971,0.59532,104
2628,Oil service & drilling,2025-09-05,1.26120,0.19115,0.05115,0.33116,0.46635,0.33408,0.59863,104
2629,Oil service & drilling,2025-09-12,1.26393,0.19098,0.05122,0.33074,0.46403,0.33261,0.59546,104
2630,Oil service & drilling,2025-09-19,1.26424,0.19118,0.05139,0.33097,0.46431,0.33298,0.59564,104
2631,Oil service & drilling,2025-09-26,1.26653,0.19095,0.05205,0.32985,0.46566,0.33576,0.59556,104
2632,Oil service & drilling,2025-10-03,1.27443,0.19678,0.05598,0.33758,0.45997,0.32807,0.59188,104
2633,Oil service & drilling,2025-10-10,1.29773,0.20283,0.05884,0.34682,0.45388,0.31822,0.58953,104
2634,Oil service & drilling,2025-10-17,1.37855,0.18723,0.03804,0.33642,0.46160,0.32752,0.59568,104
2635,Oil service & drilling,2025-10-24,1.36229,0.19631,0.05009,0.34253,0.46331,0.32930,0.59732,104
2636,Oil service & drilling,2025-10-31,1.28846,0.22176,0.07243,0.37109,0.48804,0.35026,0.62582,104
2637,Oil service & drilling,2025-11-07,1.28709,0.21484,0.06571,0.36397,0.48309,0.34554,0.62064,104
2638,Oil service & drilling,2025-11-14,1.28251,0.21572,0.06645,0.36499,0.48411,0.34666,0.62155,104
2639,Oil service & drilling,2025-11-21,1.26979,0.21437,0.06584,0.36290,0.48309,0.34581,0.62038,104
2640,Oil service & drilling,2025-11-28,1.25898,0.21430,0.06630,0.36230,0.48095,0.34348,0.61843,104
2641,Oil service & drilling,2025-12-05,1.26647,0.21294,0.06382,0.36206,0.48141,0.34290,0.61992,104
2642,Oil service & drilling,2025-12-12,1.26621,0.21271,0.06640,0.35903,0.47757,0.34126,0.61388,104
2643,Oil service & drilling,2025-12-19,1.26206,0.21053,0.06311,0.35794,0.47662,0.34026,0.61297,104
2644,Oil service & drilling,2025-12-26,1.25302,0.21787,0.06873,0.36702,0.48266,0.34503,0.62029,104
2645,Oil service & drilling,2026-01-02,1.25914,0.21766,0.07015,0.36517,0.47977,0.34223,0.61731,104
2646,Oil service & drilling,2026-01-09,1.22162,0.23189,0.08341,0.38037,0.48209,0.34263,0.62155,104
2647,Oil service & drilling,2026-01-16,1.22913,0.22857,0.08015,0.37700,0.48375,0.34530,0.62221,104
2648,Oil service & drilling,2026-01-23,1.20916,0.23637,0.08344,0.38930,0.48528,0.34247,0.62810,104
2649,Oil service & drilling,2026-01-30,1.21063,0.22773,0.07775,0.37772,0.47329,0.33108,0.61549,104
2650,Oil service & drilling,2026-02-06,1.21917,0.22413,0.06935,0.37890,0.48304,0.33963,0.62644,104
2651,Oil service & drilling,2026-02-13,1.22462,0.22272,0.06793,0.37751,0.48111,0.33755,0.62467,104
2652,Oil service & drilling,2026-02-20,1.22543,0.22238,0.06846,0.37630,0.48801,0.34691,0.62911,104
2653,Oil service & drilling,2026-02-27,1.22015,0.21778,0.06501,0.37055,0.48170,0.34139,0.62201,104
2654,Oil service & drilling,2026-03-06,1.35732,0.09521,-0.10365,0.29408,0.31429,0.14521,0.48338,104
2655,Oil service & drilling,2026-03-13,1.35596,0.07852,-0.12523,0.28228,0.29770,0.12223,0.47317,104
2656,Oil service & drilling,2026-03-20,1.36861,0.07479,-0.12405,0.27362,0.29305,0.12208,0.46403,104
2657,Oil service & drilling,2026-03-27,1.37611,0.07333,-0.12737,0.27402,0.29274,0.12118,0.46431,104
2658,Oil service & drilling,2026-04-03,1.34012,0.09549,-0.09437,0.28534,0.27946,0.10710,0.45182,104
2659,Oil service & drilling,2026-04-10,1.32154,0.09444,-0.09144,0.28032,0.27658,0.10767,0.44550,104
2660,Oil service & drilling,2026-04-17,1.29893,0.09393,-0.09155,0.27941,0.27752,0.10924,0.44581,104
2661,Oil service & drilling,2026-04-24,1.29164,0.10256,-0.07226,0.27739,0.27536,0.11642,0.43429,104
2662,Oil service & drilling,2026-05-01,1.29459,0.10177,-0.07435,0.27789,0.27820,0.11900,0.43740,104
2663,Oil service & drilling,2026-05-08,1.26869,0.10020,-0.06907,0.26947,0.27958,0.12904,0.43012,104
2664,Oil service & drilling,2026-05-15,1.26493,0.09995,-0.06750,0.26741,0.28205,0.13416,0.42994,104
2665,Oil service & drilling,2026-05-22,1.21654,0.12130,-0.05347,0.29607,0.29277,0.13895,0.44660,104
2666,Oil service & drilling,2026-05-29,1.20456,0.11437,-0.05053,0.27927,0.28803,0.14403,0.43203,104
2667,Oil service & drilling,2026-06-05,1.19333,0.11438,-0.05112,0.27988,0.28517,0.14010,0.43024,104
2668,Oil service & drilling,2026-06-12,1.17387,0.11699,-0.05106,0.28504,0.28875,0.14325,0.43424,104
2669,Oil service & drilling,2026-06-19,1.19120,0.12015,-0.04900,0.28930,0.30220,0.15877,0.44562,104
2670,Oil service & drilling,2026-06-26,1.17975,0.10992,-0.05161,0.27146,0.29038,0.15408,0.42667,104
2671,Oil service & drilling,2026-07-03,1.17099,0.11136,-0.05016,0.27288,0.29050,0.15389,0.42710,104
2672,Oil service & drilling,2026-07-10,1.15491,0.11944,-0.04344,0.28232,0.29457,0.15630,0.43283,104
2673,Oil service & drilling,2026-07-17,1.17148,0.09615,-0.05237,0.24467,0.26845,0.14061,0.39629,104
2674,Oil service & drilling,2026-07-24,1.17358,0.09630,-0.05005,0.24265,0.27106,0.14625,0.39586,104
2675,Oil service & drilling,2026-07-31,1.15066,0.09914,-0.04439,0.24266,0.26536,0.14114,0.38959,104
2676,Oil service & drilling,2026-08-07,1.14400,0.10298,-0.04096,0.24692,0.26616,0.14127,0.39106,104
2677,Oil service & drilling,2026-08-14,1.15624,0.10165,-0.04226,0.24557,0.26965,0.14599,0.39332,104
2678,Oil service & drilling,2026-08-21,1.16350,0.09944,-0.04115,0.24004,0.26653,0.14531,0.38776,104
2679,Oil service & drilling,2026-08-28,1.15549,0.10469,-0.03698,0.24637,0.26936,0.14706,0.39166,104
2680,Oil service & drilling,2026-09-04,1.13401,0.10388,-0.03524,0.24300,0.25435,0.13102,0.37768,104
2681,Oil service & drilling,2026-09-11,1.14843,0.09883,-0.03517,0.23283,0.24840,0.12881,0.36798,104
2682,Tankers & gas shipping,2009-07-31,0.68541,-0.04430,-0.16331,0.07470,0.34291,0.25836,0.42747,101
2683,Tankers & gas shipping,2009-08-07,0.68585,-0.04678,-0.16486,0.07130,0.34069,0.25747,0.42392,101
2684,Tankers & gas shipping,2009-08-14,0.68500,-0.04606,-0.16405,0.07192,0.34079,0.25746,0.42412,101
2685,Tankers & gas shipping,2009-08-21,0.67870,-0.04511,-0.16436,0.07414,0.33848,0.25586,0.42110,101
2686,Tankers & gas shipping,2009-08-28,0.67827,-0.04661,-0.16545,0.07224,0.33591,0.25317,0.41865,101
2687,Tankers & gas shipping,2009-09-04,0.67184,-0.03419,-0.15536,0.08698,0.34137,0.25524,0.42750,101
2688,Tankers & gas shipping,2009-09-11,0.66789,-0.03147,-0.15327,0.09033,0.34259,0.25672,0.42845,101
2689,Tankers & gas shipping,2009-09-18,0.66867,-0.03012,-0.15208,0.09184,0.34587,0.26008,0.43166,101
2690,Tankers & gas shipping,2009-09-25,0.67216,-0.03464,-0.15130,0.08201,0.33802,0.25477,0.42126,101
2691,Tankers & gas shipping,2009-10-02,0.67665,-0.03948,-0.15455,0.07558,0.33265,0.25040,0.41490,101
2692,Tankers & gas shipping,2009-10-09,0.69171,-0.04334,-0.15699,0.07031,0.33949,0.25693,0.42205,101
2693,Tankers & gas shipping,2009-10-16,0.68488,-0.02958,-0.14535,0.08620,0.34619,0.25925,0.43313,101
2694,Tankers & gas shipping,2009-10-23,0.68488,-0.02755,-0.14379,0.08869,0.34809,0.26017,0.43602,101
2695,Tankers & gas shipping,2009-10-30,0.68416,-0.02370,-0.14197,0.09456,0.35335,0.26299,0.44372,101
2696,Tankers & gas shipping,2009-11-06,0.68486,-0.02276,-0.14085,0.09533,0.35472,0.26417,0.44527,101
2697,Tankers & gas shipping,2009-11-13,0.69489,-0.02794,-0.14394,0.08805,0.35406,0.26341,0.44470,101
2698,Tankers & gas shipping,2009-11-20,0.70114,-0.03597,-0.15108,0.07914,0.35177,0.26231,0.44123,101
2699,Tankers & gas shipping,2009-11-27,0.70233,-0.03563,-0.15634,0.08509,0.36347,0.27289,0.45405,101
2700,Tankers & gas shipping,2009-12-04,0.70262,-0.03614,-0.15703,0.08475,0.36322,0.27253,0.45390,101
2701,Tankers & gas shipping,2009-12-11,0.69634,-0.02939,-0.15007,0.09128,0.36103,0.26858,0.45347,101
2702,Tankers & gas shipping,2009-12-18,0.69592,-0.02769,-0.14871,0.09334,0.36244,0.26963,0.45526,101
2703,Tankers & gas shipping,2009-12-25,0.69279,-0.02893,-0.15007,0.09222,0.35944,0.26773,0.45114,101
2704,Tankers & gas shipping,2010-01-01,0.69226,-0.02794,-0.15017,0.09429,0.36183,0.26995,0.45371,101
2705,Tankers & gas shipping,2010-01-08,0.68922,-0.02265,-0.14519,0.09990,0.36237,0.26932,0.45542,101
2706,Tankers & gas shipping,2010-01-15,0.69375,-0.02838,-0.14854,0.09177,0.35546,0.26509,0.44583,101
2707,Tankers & gas shipping,2010-01-22,0.69379,-0.02914,-0.14951,0.09123,0.35644,0.26605,0.44683,101
2708,Tankers & gas shipping,2010-01-29,0.68975,-0.02475,-0.14650,0.09701,0.35760,0.26552,0.44967,101
2709,Tankers & gas shipping,2010-02-05,0.69060,-0.02434,-0.14728,0.09861,0.36062,0.26762,0.45363,101
2710,Tankers & gas shipping,2010-02-12,0.68107,-0.01900,-0.14171,0.10371,0.35540,0.26226,0.44855,101
2711,Tankers & gas shipping,2010-02-19,0.68362,-0.01698,-0.13876,0.10480,0.35883,0.26644,0.45122,101
2712,Tankers & gas shipping,2010-02-26,0.68127,-0.01364,-0.13473,0.10745,0.36171,0.26901,0.45441,101
2713,Tankers & gas shipping,2010-03-05,0.66268,-0.00308,-0.12395,0.11779,0.36582,0.27400,0.45764,101
2714,Tankers & gas shipping,2010-03-12,0.65551,0.00433,-0.11764,0.12629,0.37128,0.27820,0.46435,101
2715,Tankers & gas shipping,2010-03-19,0.65440,0.00569,-0.11712,0.12849,0.37249,0.27901,0.46597,101
2716,Tankers & gas shipping,2010-03-26,0.65043,0.00689,-0.11663,0.13042,0.37010,0.27652,0.46369,101
2717,Tankers & gas shipping,2010-04-02,0.64541,0.01021,-0.11445,0.13486,0.36906,0.27575,0.46237,101
2718,Tankers & gas shipping,2010-04-09,0.64845,0.01261,-0.11248,0.13770,0.37446,0.27932,0.46960,101
2719,Tankers & gas shipping,2010-04-16,0.64718,0.00743,-0.11694,0.13180,0.36771,0.27422,0.46121,101
2720,Tankers & gas shipping,2010-04-23,0.64603,0.00706,-0.11748,0.13160,0.36647,0.27297,0.45997,101
2721,Tankers & gas shipping,2010-04-30,0.65108,0.00371,-0.12132,0.12873,0.36654,0.27317,0.45991,101
2722,Tankers & gas shipping,2010-05-07,0.65194,0.01885,-0.11330,0.15100,0.39166,0.28990,0.49341,101
2723,Tankers & gas shipping,2010-05-14,0.66020,0.01359,-0.11583,0.14301,0.39036,0.28927,0.49145,101
2724,Tankers & gas shipping,2010-05-21,0.66546,0.00610,-0.12157,0.13377,0.39048,0.29111,0.48984,101
2725,Tankers & gas shipping,2010-05-28,0.66663,0.00738,-0.12011,0.13486,0.39274,0.29290,0.49259,101
2726,Tankers & gas shipping,2010-06-04,0.66851,0.00488,-0.12404,0.13379,0.39690,0.29650,0.49730,101
2727,Tankers & gas shipping,2010-06-11,0.66854,0.00456,-0.12482,0.13394,0.39662,0.29648,0.49675,101
2728,Tankers & gas shipping,2010-06-18,0.67248,0.00091,-0.12841,0.13024,0.39460,0.29524,0.49396,101
2729,Tankers & gas shipping,2010-06-25,0.67320,0.00124,-0.12978,0.13226,0.39934,0.29908,0.49960,101
2730,Tankers & gas shipping,2010-07-02,0.66501,0.01509,-0.12132,0.15149,0.41375,0.30966,0.51784,101
2731,Tankers & gas shipping,2010-07-09,0.66143,0.01517,-0.12137,0.15171,0.41460,0.31251,0.51670,101
2732,Tankers & gas shipping,2010-07-16,0.66210,0.01295,-0.12541,0.15130,0.41688,0.31414,0.51961,101
2733,Tankers & gas shipping,2010-07-23,0.66213,0.01483,-0.12525,0.15490,0.41989,0.31622,0.52356,101
2734,Tankers & gas shipping,2010-07-30,0.66710,0.01229,-0.12665,0.15123,0.42013,0.31676,0.52351,101
2735,Tankers & gas shipping,2010-08-06,0.66317,0.01170,-0.13236,0.15576,0.42531,0.32156,0.52907,101
2736,Tankers & gas shipping,2010-08-13,0.66293,0.01366,-0.13053,0.15784,0.42759,0.32379,0.53139,101
2737,Tankers & gas shipping,2010-08-20,0.67386,0.01004,-0.13180,0.15189,0.43013,0.32573,0.53452,101
2738,Tankers & gas shipping,2010-08-27,0.68115,0.00074,-0.14010,0.14158,0.42350,0.32055,0.52644,101
2739,Tankers & gas shipping,2010-09-03,0.67773,0.00240,-0.13773,0.14253,0.41383,0.30943,0.51823,101
2740,Tankers & gas shipping,2010-09-10,0.67932,-0.00045,-0.14152,0.14063,0.41464,0.31042,0.51886,101
2741,Tankers & gas shipping,2010-09-17,0.67548,0.00335,-0.13970,0.14640,0.41790,0.31359,0.52221,101
2742,Tankers & gas shipping,2010-09-24,0.70498,-0.01959,-0.16640,0.12722,0.42168,0.31733,0.52602,101
2743,Tankers & gas shipping,2010-10-01,0.70675,-0.01133,-0.16074,0.13809,0.42817,0.31717,0.53918,101
2744,Tankers & gas shipping,2010-10-08,0.69790,-0.01214,-0.15967,0.13540,0.37469,0.25619,0.49320,101
2745,Tankers & gas shipping,2010-10-15,0.70432,0.00173,-0.14800,0.15145,0.38940,0.25914,0.51966,101
2746,Tankers & gas shipping,2010-10-22,0.70146,-0.00541,-0.15883,0.14802,0.37683,0.24802,0.50564,101
2747,Tankers & gas shipping,2010-10-29,0.65819,0.00511,-0.14206,0.15228,0.35736,0.23097,0.48375,101
2748,Tankers & gas shipping,2010-11-05,0.62253,0.04291,-0.11020,0.19603,0.39799,0.26983,0.52615,101
2749,Tankers & gas shipping,2010-11-12,0.64035,0.03366,-0.11938,0.18671,0.38965,0.26275,0.51654,101
2750,Tankers & gas shipping,2010-11-19,0.63113,0.03539,-0.11500,0.18578,0.35996,0.22917,0.49075,101
2751,Tankers & gas shipping,2010-11-26,0.66744,0.02742,-0.14057,0.19541,0.34988,0.22447,0.47529,101
2752,Tankers & gas shipping,2010-12-03,0.65989,0.09456,-0.04414,0.23326,0.42194,0.33147,0.51242,101
2753,Tankers & gas shipping,2010-12-10,0.66215,0.10614,-0.02993,0.24222,0.43032,0.33961,0.52103,101
2754,Tankers & gas shipping,2010-12-17,0.63440,0.12958,-0.00576,0.26491,0.45212,0.36600,0.53824,101
2755,Tankers & gas shipping,2010-12-24,0.64070,0.12983,-0.01140,0.27105,0.46611,0.37792,0.55429,101
2756,Tankers & gas shipping,2010-12-31,0.66046,0.14127,-0.00774,0.29027,0.47265,0.37661,0.56870,101
2757,Tankers & gas shipping,2011-01-07,0.66593,0.12956,-0.01422,0.27334,0.46706,0.37337,0.56075,101
2758,Tankers & gas shipping,2011-01-14,0.70324,0.09643,-0.04555,0.23841,0.46139,0.36701,0.55578,101
2759,Tankers & gas shipping,2011-01-21,0.69254,0.10658,-0.05053,0.26370,0.47459,0.37899,0.57019,101
2760,Tankers & gas shipping,2011-01-28,0.69477,0.10420,-0.05359,0.26199,0.48390,0.38761,0.58018,101
2761,Tankers & gas shipping,2011-02-04,0.76917,0.06400,-0.09906,0.22707,0.48404,0.38731,0.58078,101
2762,Tankers & gas shipping,2011-02-11,0.76866,0.06492,-0.09810,0.22795,0.48456,0.38790,0.58123,101
2763,Tankers & gas shipping,2011-02-18,0.74409,0.06942,-0.09274,0.23158,0.45183,0.34440,0.55926,101
2764,Tankers & gas shipping,2011-02-25,0.68503,0.14173,0.01233,0.27113,0.49189,0.41124,0.57255,101
2765,Tankers & gas shipping,2011-03-04,0.67103,0.14105,0.00614,0.27596,0.47404,0.39284,0.55524,101
2766,Tankers & gas shipping,2011-03-11,0.77007,0.09520,-0.03489,0.22530,0.48364,0.40219,0.56510,101
2767,Tankers & gas shipping,2011-03-18,0.76847,0.10242,-0.02951,0.23436,0.49246,0.40716,0.57776,101
2768,Tankers & gas shipping,2011-03-25,0.74824,0.11128,-0.02167,0.24423,0.49033,0.40475,0.57591,101
2769,Tankers & gas shipping,2011-04-01,0.74822,0.11002,-0.02395,0.24399,0.48979,0.40437,0.57521,101
2770,Tankers & gas shipping,2011-04-08,0.82222,0.05078,-0.12663,0.22820,0.45096,0.34506,0.55685,101
2771,Tankers & gas shipping,2011-04-15,0.82309,0.04663,-0.13344,0.22670,0.45064,0.34108,0.56020,101
2772,Tankers & gas shipping,2011-04-22,0.82305,0.04641,-0.13373,0.22655,0.45057,0.34096,0.56017,102
2773,Tankers & gas shipping,2011-04-29,0.82382,0.04675,-0.13297,0.22647,0.45281,0.34452,0.56110,103
2774,Tankers & gas shipping,2011-05-06,0.82804,0.03978,-0.12119,0.20075,0.42018,0.32111,0.51924,104
2775,Tankers & gas shipping,2011-05-13,0.82886,0.02960,-0.12818,0.18738,0.40698,0.31003,0.50392,104
2776,Tankers & gas shipping,2011-05-20,0.82789,0.03749,-0.12647,0.20145,0.41557,0.31280,0.51834,104
2777,Tankers & gas shipping,2011-05-27,0.85650,0.00915,-0.16157,0.17986,0.40358,0.29795,0.50921,104
2778,Tankers & gas shipping,2011-06-03,0.85391,0.00497,-0.16367,0.17361,0.39773,0.29237,0.50310,104
2779,Tankers & gas shipping,2011-06-10,0.86803,-0.01856,-0.18344,0.14632,0.37595,0.26926,0.48263,104
2780,Tankers & gas shipping,2011-06-17,0.92049,-0.04187,-0.21265,0.12891,0.37031,0.26077,0.47985,104
2781,Tankers & gas shipping,2011-06-24,0.90429,-0.03278,-0.19823,0.13268,0.36776,0.26288,0.47265,104
2782,Tankers & gas shipping,2011-07-01,0.89087,-0.03184,-0.19965,0.13597,0.37394,0.26828,0.47961,104
2783,Tankers & gas shipping,2011-07-08,0.87964,-0.04205,-0.20365,0.11954,0.33206,0.22418,0.43994,104
2784,Tankers & gas shipping,2011-07-15,0.90384,-0.03945,-0.20181,0.12290,0.33059,0.21870,0.44249,104
2785,Tankers & gas shipping,2011-07-22,0.89485,-0.04336,-0.20627,0.11956,0.31776,0.20340,0.43212,104
2786,Tankers & gas shipping,2011-07-29,0.88211,-0.04415,-0.20712,0.11882,0.31411,0.19884,0.42938,104
2787,Tankers & gas shipping,2011-08-05,0.96388,-0.06388,-0.22791,0.10015,0.37018,0.25347,0.48688,104
2788,Tankers & gas shipping,2011-08-12,0.95603,-0.05253,-0.21467,0.10962,0.37729,0.25646,0.49812,104
2789,Tankers & gas shipping,2011-08-19,0.95834,-0.04827,-0.20815,0.11161,0.38113,0.25924,0.50301,104
2790,Tankers & gas shipping,2011-08-26,0.94095,-0.04911,-0.20940,0.11118,0.37598,0.25573,0.49623,104
2791,Tankers & gas shipping,2011-09-02,0.96601,-0.07450,-0.23845,0.08944,0.36990,0.24463,0.49517,104
2792,Tankers & gas shipping,2011-09-09,0.98291,-0.08043,-0.24507,0.08422,0.37031,0.24583,0.49479,104
2793,Tankers & gas shipping,2011-09-16,0.98688,-0.07682,-0.24084,0.08720,0.36664,0.24110,0.49219,104
2794,Tankers & gas shipping,2011-09-23,0.97591,-0.06759,-0.24137,0.10619,0.40580,0.27648,0.53511,104
2795,Tankers & gas shipping,2011-09-30,0.95480,-0.04925,-0.23224,0.13375,0.42213,0.28931,0.55494,104
2796,Tankers & gas shipping,2011-10-07,0.96697,-0.06163,-0.24450,0.12125,0.40148,0.26856,0.53439,104
2797,Tankers & gas shipping,2011-10-14,1.01184,-0.10120,-0.27403,0.07163,0.42037,0.30188,0.53885,104
2798,Tankers & gas shipping,2011-10-21,1.00012,-0.08934,-0.25889,0.08021,0.41446,0.29437,0.53456,104
2799,Tankers & gas shipping,2011-10-28,0.99283,-0.08868,-0.25848,0.08111,0.40696,0.28517,0.52875,104
2800,Tankers & gas shipping,2011-11-04,1.01238,-0.10268,-0.27021,0.06486,0.39959,0.27896,0.52022,104
2801,Tankers & gas shipping,2011-11-11,0.99984,-0.08096,-0.25041,0.08849,0.41735,0.29261,0.54209,104
2802,Tankers & gas shipping,2011-11-18,1.00303,-0.05952,-0.23610,0.11706,0.44307,0.30535,0.58079,104
2803,Tankers & gas shipping,2011-11-25,1.13525,-0.11177,-0.30207,0.07852,0.46360,0.31227,0.61492,104
2804,Tankers & gas shipping,2011-12-02,1.18317,-0.12604,-0.32490,0.07281,0.48717,0.32673,0.64761,104
2805,Tankers & gas shipping,2011-12-09,1.21089,-0.16919,-0.37414,0.03576,0.49090,0.33892,0.64287,104
2806,Tankers & gas shipping,2011-12-16,1.21162,-0.18848,-0.40579,0.02882,0.47295,0.32417,0.62172,104
2807,Tankers & gas shipping,2011-12-23,1.22216,-0.18442,-0.40037,0.03153,0.48867,0.34149,0.63585,104
2808,Tankers & gas shipping,2011-12-30,1.22432,-0.18799,-0.40519,0.02922,0.48883,0.34129,0.63636,104
2809,Tankers & gas shipping,2012-01-06,1.21058,-0.19894,-0.41605,0.01817,0.46503,0.31851,0.61156,104
2810,Tankers & gas shipping,2012-01-13,1.20234,-0.18395,-0.40237,0.03447,0.47825,0.33074,0.62576,104
2811,Tankers & gas shipping,2012-01-20,1.21724,-0.18755,-0.40593,0.03084,0.47078,0.31876,0.62281,104
2812,Tankers & gas shipping,2012-01-27,1.23826,-0.20311,-0.41879,0.01257,0.47352,0.32268,0.62437,104
2813,Tankers & gas shipping,2012-02-03,1.22949,-0.20473,-0.42072,0.01126,0.46673,0.31537,0.61810,104
2814,Tankers & gas shipping,2012-02-10,1.25879,-0.23384,-0.45330,-0.01439,0.47054,0.31732,0.62377,104
2815,Tankers & gas shipping,2012-02-17,1.25837,-0.23499,-0.45575,-0.01422,0.46793,0.31024,0.62561,104
2816,Tankers & gas shipping,2012-02-24,1.26180,-0.23416,-0.45257,-0.01575,0.46423,0.30884,0.61963,104
2817,Tankers & gas shipping,2012-03-02,1.29791,-0.24810,-0.46640,-0.02980,0.46024,0.30397,0.61650,104
2818,Tankers & gas shipping,2012-03-09,1.30225,-0.25216,-0.47035,-0.03398,0.45749,0.30116,0.61382,104
2819,Tankers & gas shipping,2012-03-16,1.34062,-0.27689,-0.50137,-0.05241,0.45246,0.29444,0.61047,104
2820,Tankers & gas shipping,2012-03-23,1.34678,-0.28304,-0.50834,-0.05773,0.45283,0.29491,0.61075,104
2821,Tankers & gas shipping,2012-03-30,1.34769,-0.28612,-0.51102,-0.06122,0.45221,0.29427,0.61016,104
2822,Tankers & gas shipping,2012-04-06,1.34070,-0.28764,-0.51294,-0.06234,0.44460,0.28677,0.60244,104
2823,Tankers & gas shipping,2012-04-13,1.34234,-0.28837,-0.51410,-0.06265,0.44704,0.28907,0.60501,104
2824,Tankers & gas shipping,2012-04-20,1.31141,-0.25874,-0.48515,-0.03234,0.45130,0.29270,0.60989,104
2825,Tankers & gas shipping,2012-04-27,1.31119,-0.25806,-0.48582,-0.03030,0.45142,0.29272,0.61013,104
2826,Tankers & gas shipping,2012-05-04,1.31503,-0.26052,-0.48118,-0.03987,0.40236,0.23450,0.57022,104
2827,Tankers & gas shipping,2012-05-11,1.31330,-0.25942,-0.48802,-0.03082,0.41146,0.24355,0.57937,104
2828,Tankers & gas shipping,2012-05-18,1.32154,-0.25314,-0.47919,-0.02708,0.41074,0.24210,0.57938,104
2829,Tankers & gas shipping,2012-05-25,1.32518,-0.26101,-0.48763,-0.03440,0.40035,0.22948,0.57122,104
2830,Tankers & gas shipping,2012-06-01,1.31778,-0.22190,-0.44500,0.00120,0.43471,0.26816,0.60126,104
2831,Tankers & gas shipping,2012-06-08,1.29406,-0.21179,-0.43704,0.01345,0.43393,0.26870,0.59916,104
2832,Tankers & gas shipping,2012-06-15,1.29367,-0.21061,-0.43511,0.01389,0.43348,0.26603,0.60093,104
2833,Tankers & gas shipping,2012-06-22,1.30935,-0.21416,-0.43555,0.00723,0.42171,0.25928,0.58414,104
2834,Tankers & gas shipping,2012-06-29,1.30319,-0.22363,-0.44644,-0.00082,0.40731,0.24021,0.57442,104
2835,Tankers & gas shipping,2012-07-06,1.32884,-0.22143,-0.44350,0.00064,0.40323,0.23718,0.56927,104
2836,Tankers & gas shipping,2012-07-13,1.32991,-0.22990,-0.45284,-0.00696,0.39702,0.23167,0.56237,104
2837,Tankers & gas shipping,2012-07-20,1.33972,-0.23917,-0.46383,-0.01451,0.38467,0.21839,0.55095,104
2838,Tankers & gas shipping,2012-07-27,1.33861,-0.23855,-0.46245,-0.01465,0.38457,0.21862,0.55052,104
2839,Tankers & gas shipping,2012-08-03,1.36588,-0.24427,-0.46935,-0.01919,0.38361,0.21858,0.54864,104
2840,Tankers & gas shipping,2012-08-10,1.36453,-0.23567,-0.45867,-0.01267,0.37736,0.20913,0.54558,104
2841,Tankers & gas shipping,2012-08-17,1.36193,-0.23527,-0.45745,-0.01309,0.37677,0.20821,0.54533,104
2842,Tankers & gas shipping,2012-08-24,1.36158,-0.22671,-0.45247,-0.00095,0.39317,0.22454,0.56181,104
2843,Tankers & gas shipping,2012-08-31,1.39289,-0.24426,-0.47719,-0.01134,0.39193,0.22289,0.56098,104
2844,Tankers & gas shipping,2012-09-07,1.38376,-0.23811,-0.46802,-0.00820,0.39208,0.22317,0.56100,104
2845,Tankers & gas shipping,2012-09-14,1.37852,-0.23289,-0.46302,-0.00276,0.39503,0.22665,0.56341,104
2846,Tankers & gas shipping,2012-09-21,1.39977,-0.25288,-0.47539,-0.03036,0.36448,0.19720,0.53176,104
2847,Tankers & gas shipping,2012-09-28,1.40308,-0.25485,-0.48097,-0.02872,0.37150,0.20032,0.54268,104
2848,Tankers & gas shipping,2012-10-05,1.38531,-0.24549,-0.46894,-0.02205,0.37128,0.20098,0.54157,104
2849,Tankers & gas shipping,2012-10-12,1.40978,-0.26447,-0.49196,-0.03697,0.36508,0.19346,0.53670,104
2850,Tankers & gas shipping,2012-10-19,1.39207,-0.24012,-0.46309,-0.01715,0.37213,0.20232,0.54194,104
2851,Tankers & gas shipping,2012-10-26,1.38232,-0.23632,-0.45931,-0.01333,0.37249,0.20321,0.54177,104
2852,Tankers & gas shipping,2012-11-02,1.37346,-0.22319,-0.44454,-0.00184,0.37092,0.19872,0.54311,104
2853,Tankers & gas shipping,2012-11-09,1.34568,-0.19188,-0.41766,0.03390,0.38152,0.20688,0.55615,104
2854,Tankers & gas shipping,2012-11-16,1.32198,-0.17432,-0.40774,0.05910,0.38780,0.21031,0.56530,104
2855,Tankers & gas shipping,2012-11-23,1.31659,-0.17746,-0.41561,0.06069,0.38546,0.20899,0.56193,104
2856,Tankers & gas shipping,2012-11-30,1.31747,-0.17777,-0.41732,0.06178,0.38002,0.19806,0.56198,104
2857,Tankers & gas shipping,2012-12-07,1.31834,-0.17868,-0.41400,0.05665,0.37307,0.19310,0.55303,104
2858,Tankers & gas shipping,2012-12-14,1.32052,-0.16849,-0.40572,0.06873,0.38277,0.20090,0.56464,104
2859,Tankers & gas shipping,2012-12-21,1.32729,-0.17706,-0.41366,0.05954,0.37058,0.18732,0.55385,104
2860,Tankers & gas shipping,2012-12-28,1.31788,-0.16750,-0.40221,0.06721,0.37563,0.19326,0.55800,104
2861,Tankers & gas shipping,2013-01-04,1.32857,-0.17106,-0.40518,0.06306,0.37772,0.19498,0.56046,104
2862,Tankers & gas shipping,2013-01-11,1.32970,-0.16786,-0.40624,0.07053,0.38638,0.19959,0.57317,104
2863,Tankers & gas shipping,2013-01-18,1.31576,-0.16127,-0.39879,0.07624,0.38527,0.19894,0.57160,104
2864,Tankers & gas shipping,2013-01-25,1.32091,-0.16837,-0.40355,0.06680,0.38080,0.19689,0.56470,104
2865,Tankers & gas shipping,2013-02-01,1.31983,-0.16413,-0.39831,0.07005,0.37991,0.19665,0.56318,104
2866,Tankers & gas shipping,2013-02-08,1.31896,-0.16506,-0.39832,0.06819,0.37806,0.19583,0.56029,104
2867,Tankers & gas shipping,2013-02-15,1.32413,-0.16787,-0.39986,0.06413,0.37845,0.19716,0.55974,104
2868,Tankers & gas shipping,2013-02-22,1.33425,-0.18292,-0.42557,0.05973,0.39667,0.21153,0.58180,104
2869,Tankers & gas shipping,2013-03-01,1.31451,-0.15259,-0.40843,0.10324,0.41604,0.21941,0.61268,104
2870,Tankers & gas shipping,2013-03-08,1.30743,-0.15205,-0.40753,0.10344,0.40843,0.21042,0.60644,104
2871,Tankers & gas shipping,2013-03-15,1.31321,-0.15856,-0.41170,0.09458,0.40332,0.20677,0.59986,104
2872,Tankers & gas shipping,2013-03-22,1.30809,-0.16138,-0.41424,0.09148,0.39641,0.20022,0.59260,104
2873,Tankers & gas shipping,2013-03-29,1.30439,-0.15593,-0.40711,0.09524,0.39719,0.20101,0.59338,104
2874,Tankers & gas shipping,2013-04-05,1.26993,-0.09674,-0.33536,0.14187,0.45880,0.27379,0.64382,104
2875,Tankers & gas shipping,2013-04-12,1.27932,-0.09343,-0.33068,0.14382,0.45951,0.27401,0.64500,104
2876,Tankers & gas shipping,2013-04-19,1.27866,-0.08782,-0.32440,0.14875,0.46302,0.27781,0.64823,104
2877,Tankers & gas shipping,2013-04-26,1.26900,-0.09564,-0.33055,0.13928,0.45148,0.26802,0.63494,104
2878,Tankers & gas shipping,2013-05-03,1.26568,-0.08766,-0.36451,0.18918,0.51663,0.29965,0.73360,104
2879,Tankers & gas shipping,2013-05-10,1.27544,-0.09580,-0.38029,0.18869,0.52350,0.30171,0.74528,104
2880,Tankers & gas shipping,2013-05-17,1.27549,-0.09435,-0.37935,0.19065,0.52571,0.30349,0.74792,104
2881,Tankers & gas shipping,2013-05-24,1.25302,-0.06566,-0.34436,0.21304,0.54824,0.32854,0.76794,104
2882,Tankers & gas shipping,2013-05-31,1.25449,-0.06658,-0.34277,0.20961,0.54453,0.32557,0.76349,104
2883,Tankers & gas shipping,2013-06-07,1.23208,-0.04450,-0.31862,0.22961,0.54837,0.33040,0.76635,104
2884,Tankers & gas shipping,2013-06-14,1.23427,-0.02308,-0.29266,0.24650,0.56982,0.35663,0.78301,104
2885,Tankers & gas shipping,2013-06-21,1.23986,-0.03800,-0.31565,0.23965,0.56513,0.34302,0.78723,104
2886,Tankers & gas shipping,2013-06-28,1.25991,-0.02453,-0.30033,0.25127,0.56497,0.33776,0.79219,104
2887,Tankers & gas shipping,2013-07-05,1.25599,-0.00216,-0.29046,0.28614,0.61032,0.37973,0.84090,104
2888,Tankers & gas shipping,2013-07-12,1.24007,-0.00042,-0.28761,0.28676,0.60602,0.37722,0.83483,104
2889,Tankers & gas shipping,2013-07-19,1.25147,-0.00604,-0.29331,0.28122,0.60233,0.37225,0.83241,104
2890,Tankers & gas shipping,2013-07-26,1.26450,-0.01175,-0.30030,0.27680,0.59949,0.36811,0.83087,104
2891,Tankers & gas shipping,2013-08-02,1.27649,-0.00900,-0.30583,0.28782,0.50586,0.26339,0.74832,104
2892,Tankers & gas shipping,2013-08-09,1.28517,-0.02596,-0.32336,0.27143,0.49234,0.24685,0.73783,104
2893,Tankers & gas shipping,2013-08-16,1.30998,-0.03261,-0.34213,0.27690,0.49560,0.25072,0.74047,104
2894,Tankers & gas shipping,2013-08-23,1.33854,-0.02070,-0.33066,0.28927,0.51382,0.26779,0.75984,104
2895,Tankers & gas shipping,2013-08-30,1.31043,-0.01234,-0.31583,0.29114,0.49992,0.25688,0.74295,104
2896,Tankers & gas shipping,2013-09-06,1.32862,-0.00976,-0.32241,0.30289,0.51220,0.26610,0.75830,104
2897,Tankers & gas shipping,2013-09-13,1.33856,-0.01669,-0.32717,0.29380,0.50414,0.25966,0.74862,104
2898,Tankers & gas shipping,2013-09-20,1.40631,-0.00642,-0.30584,0.29300,0.46678,0.21629,0.71726,104
2899,Tankers & gas shipping,2013-09-27,1.41870,-0.02013,-0.32375,0.28348,0.46065,0.20775,0.71354,104
2900,Tankers & gas shipping,2013-10-04,1.39062,0.00140,-0.31102,0.31381,0.48566,0.23013,0.74119,104
2901,Tankers & gas shipping,2013-10-11,1.41932,-0.01245,-0.32307,0.29817,0.41892,0.14251,0.69532,104
2902,Tankers & gas shipping,2013-10-18,1.43478,-0.03109,-0.35218,0.29000,0.42801,0.14918,0.70684,104
2903,Tankers & gas shipping,2013-10-25,1.41757,-0.01066,-0.31018,0.28887,0.40618,0.13060,0.68176,104
2904,Tankers & gas shipping,2013-11-01,1.37867,0.00795,-0.29967,0.31558,0.42506,0.14067,0.70944,104
2905,Tankers & gas shipping,2013-11-08,1.38407,-0.03245,-0.34153,0.27662,0.38592,0.13861,0.63324,104
2906,Tankers & gas shipping,2013-11-15,1.35700,-0.06010,-0.38180,0.26161,0.32561,0.08957,0.56165,104
2907,Tankers & gas shipping,2013-11-22,1.02203,0.00289,-0.26604,0.27183,0.27709,0.05520,0.49898,104
2908,Tankers & gas shipping,2013-11-29,0.87827,0.00147,-0.26908,0.27203,0.21127,-0.01875,0.44129,104
2909,Tankers & gas shipping,2013-12-06,0.82050,0.04684,-0.21644,0.31012,0.23641,0.01373,0.45910,104
2910,Tankers & gas shipping,2013-12-13,0.86728,0.07593,-0.18617,0.33804,0.26535,0.04195,0.48876,104
2911,Tankers & gas shipping,2013-12-20,0.83755,0.06938,-0.19255,0.33130,0.23905,0.01339,0.46471,104
2912,Tankers & gas shipping,2013-12-27,0.86160,0.06584,-0.19555,0.32723,0.24110,0.01367,0.46852,104
2913,Tankers & gas shipping,2014-01-03,0.86450,0.06256,-0.19595,0.32108,0.23215,0.00490,0.45940,104
2914,Tankers & gas shipping,2014-01-10,0.89534,0.06266,-0.20171,0.32702,0.24380,0.01202,0.47558,104
2915,Tankers & gas shipping,2014-01-17,0.89563,0.06416,-0.20120,0.32952,0.24595,0.01378,0.47812,104
2916,Tankers & gas shipping,2014-01-24,0.91396,0.05373,-0.20986,0.31732,0.23574,0.00330,0.46818,104
2917,Tankers & gas shipping,2014-01-31,0.92623,0.06323,-0.20000,0.32645,0.24418,0.01199,0.47637,104
2918,Tankers & gas shipping,2014-02-07,0.91444,0.05911,-0.20433,0.32255,0.24141,0.01031,0.47251,104
2919,Tankers & gas shipping,2014-02-14,0.92312,0.06646,-0.19522,0.32814,0.24956,0.01972,0.47941,104
2920,Tankers & gas shipping,2014-02-21,0.91251,0.06999,-0.19597,0.33595,0.25213,0.01651,0.48774,104
2921,Tankers & gas shipping,2014-02-28,0.91258,0.07532,-0.18860,0.33924,0.25736,0.02292,0.49180,104
2922,Tankers & gas shipping,2014-03-07,0.89714,0.08585,-0.17846,0.35015,0.26885,0.03253,0.50517,104
2923,Tankers & gas shipping,2014-03-14,0.84298,0.09779,-0.16137,0.35695,0.27076,0.03981,0.50170,104
2924,Tankers & gas shipping,2014-03-21,0.85130,0.09447,-0.16212,0.35107,0.26355,0.03277,0.49433,104
2925,Tankers & gas shipping,2014-03-28,0.84635,0.08849,-0.16850,0.34549,0.25739,0.02723,0.48754,104
2926,Tankers & gas shipping,2014-04-04,0.83583,0.08589,-0.17266,0.34444,0.25201,0.02044,0.48358,104
2927,Tankers & gas shipping,2014-04-11,0.86441,0.07663,-0.18122,0.33448,0.24405,0.01280,0.47529,104
2928,Tankers & gas shipping,2014-04-18,0.87898,0.03966,-0.22173,0.30105,0.21739,-0.01675,0.45152,104
2929,Tankers & gas shipping,2014-04-25,0.88537,0.03799,-0.22412,0.30010,0.22025,-0.01397,0.45447,104
2930,Tankers & gas shipping,2014-05-02,0.85139,0.06229,-0.20414,0.32872,0.22719,-0.01591,0.47028,104
2931,Tankers & gas shipping,2014-05-09,0.82959,0.07252,-0.19346,0.33849,0.23119,-0.00965,0.47202,104
2932,Tankers & gas shipping,2014-05-16,0.82646,0.07632,-0.19008,0.34272,0.20508,-0.04250,0.45267,104
2933,Tankers & gas shipping,2014-05-23,0.81644,0.08002,-0.18773,0.34776,0.20762,-0.04002,0.45525,104
2934,Tankers & gas shipping,2014-05-30,0.75894,0.03300,-0.23754,0.30353,0.11941,-0.13729,0.37611,104
2935,Tankers & gas shipping,2014-06-06,0.80969,0.03825,-0.23293,0.30943,0.12490,-0.13419,0.38398,104
2936,Tankers & gas shipping,2014-06-13,0.81486,0.01911,-0.24647,0.28468,0.10491,-0.14840,0.35822,104
2937,Tankers & gas shipping,2014-06-20,0.82254,0.02480,-0.26448,0.31408,0.10152,-0.17846,0.38151,104
2938,Tankers & gas shipping,2014-06-27,0.79193,0.02191,-0.28529,0.32910,0.05173,-0.25325,0.35672,104
2939,Tankers & gas shipping,2014-07-04,0.77554,0.03440,-0.26666,0.33546,0.05882,-0.24036,0.35801,104
2940,Tankers & gas shipping,2014-07-11,0.83478,0.07879,-0.20674,0.36432,0.11592,-0.16529,0.39713,104
2941,Tankers & gas shipping,2014-07-18,0.84885,0.11117,-0.17161,0.39394,0.14108,-0.13803,0.42020,104
2942,Tankers & gas shipping,2014-07-25,0.84233,0.10387,-0.17880,0.38654,0.13481,-0.14399,0.41361,104
2943,Tankers & gas shipping,2014-08-01,0.85088,0.11790,-0.16208,0.39788,0.16582,-0.10777,0.43941,104
2944,Tankers & gas shipping,2014-08-08,0.84191,0.11544,-0.17198,0.40286,0.16132,-0.12019,0.44282,104
2945,Tankers & gas shipping,2014-08-15,0.87309,0.09025,-0.19548,0.37598,0.12458,-0.15727,0.40644,104
2946,Tankers & gas shipping,2014-08-22,0.81498,0.09008,-0.19785,0.37800,0.12250,-0.16196,0.40696,104
2947,Tankers & gas shipping,2014-08-29,0.82081,0.09551,-0.18950,0.38052,0.12800,-0.15347,0.40947,104
2948,Tankers & gas shipping,2014-09-05,0.81436,0.12411,-0.15460,0.40281,0.15426,-0.12074,0.42926,104
2949,Tankers & gas shipping,2014-09-12,0.80474,0.09254,-0.18695,0.37203,0.12381,-0.15219,0.39981,104
2950,Tankers & gas shipping,2014-09-19,0.76701,0.13583,-0.13010,0.40176,0.17879,-0.08333,0.44091,104
2951,Tankers & gas shipping,2014-09-26,0.79051,0.15816,-0.10358,0.41991,0.21102,-0.04573,0.46776,104
2952,Tankers & gas shipping,2014-10-03,0.69396,0.08339,-0.21201,0.37879,0.15517,-0.13860,0.44894,104
2953,Tankers & gas shipping,2014-10-10,0.72678,0.11743,-0.18488,0.41973,0.21751,-0.07333,0.50836,104
2954,Tankers & gas shipping,2014-10-17,0.75431,0.00561,-0.33171,0.34292,0.10593,-0.21852,0.43039,104
2955,Tankers & gas shipping,2014-10-24,0.73715,0.00203,-0.33739,0.34145,0.10853,-0.21735,0.43440,104
2956,Tankers & gas shipping,2014-10-31,0.70792,-0.00527,-0.34359,0.33304,0.10155,-0.22563,0.42873,104
2957,Tankers & gas shipping,2014-11-07,0.72630,-0.02180,-0.36125,0.31764,0.09928,-0.22935,0.42792,104
2958,Tankers & gas shipping,2014-11-14,0.70999,0.03919,-0.29544,0.37381,0.13989,-0.18359,0.46338,104
2959,Tankers & gas shipping,2014-11-21,0.75161,0.02300,-0.29599,0.34199,0.12943,-0.18042,0.43928,104
2960,Tankers & gas shipping,2014-11-28,0.77625,0.06266,-0.21882,0.34414,0.24647,-0.00970,0.50264,104
2961,Tankers & gas shipping,2014-12-05,0.77766,0.06042,-0.22430,0.34513,0.24631,-0.01240,0.50503,104
2962,Tankers & gas shipping,2014-12-12,0.69866,-0.13372,-0.49669,0.22925,0.04957,-0.29625,0.39539,104
2963,Tankers & gas shipping,2014-12-19,0.85031,-0.17993,-0.59595,0.23610,0.04168,-0.31475,0.39812,104
2964,Tankers & gas shipping,2014-12-26,0.84528,-0.17648,-0.59591,0.24295,0.04811,-0.30927,0.40548,104
2965,Tankers & gas shipping,2015-01-02,0.84202,-0.23102,-0.66213,0.20008,-0.02084,-0.38770,0.34603,104
2966,Tankers & gas shipping,2015-01-09,0.88369,-0.30695,-0.73205,0.11815,-0.11293,-0.48094,0.25508,104
2967,Tankers & gas shipping,2015-01-16,0.90088,-0.28560,-0.69232,0.12111,-0.09033,-0.44300,0.26234,104
2968,Tankers & gas shipping,2015-01-23,0.87001,-0.29280,-0.70242,0.11683,-0.09519,-0.45035,0.25996,104
2969,Tankers & gas shipping,2015-01-30,0.97481,-0.40898,-0.83234,0.01439,-0.21100,-0.58467,0.16266,104
2970,Tankers & gas shipping,2015-02-06,0.99073,-0.37000,-0.75962,0.01963,-0.15994,-0.49483,0.17494,104
2971,Tankers & gas shipping,2015-02-13,0.98151,-0.36655,-0.75550,0.02241,-0.15824,-0.49209,0.17561,104
2972,Tankers & gas shipping,2015-02-20,0.98537,-0.38069,-0.74824,-0.01315,-0.17840,-0.49629,0.13949,104
2973,Tankers & gas shipping,2015-02-27,1.00114,-0.40897,-0.76161,-0.05633,-0.20561,-0.51120,0.09998,104
2974,Tankers & gas shipping,2015-03-06,0.98568,-0.39360,-0.74738,-0.03982,-0.19757,-0.50491,0.10978,104
2975,Tankers & gas shipping,2015-03-13,0.98440,-0.39635,-0.73188,-0.06081,-0.20222,-0.49214,0.08769,104
2976,Tankers & gas shipping,2015-03-20,0.98281,-0.39824,-0.73415,-0.06232,-0.20355,-0.49383,0.08674,104
2977,Tankers & gas shipping,2015-03-27,0.97536,-0.39420,-0.73009,-0.05831,-0.20181,-0.49212,0.08849,104
2978,Tankers & gas shipping,2015-04-03,0.96105,-0.40840,-0.74170,-0.07511,-0.22224,-0.51159,0.06712,104
2979,Tankers & gas shipping,2015-04-10,1.01352,-0.41377,-0.74492,-0.08261,-0.20999,-0.49799,0.07800,104
2980,Tankers & gas shipping,2015-04-17,0.94873,-0.35405,-0.69345,-0.01465,-0.18513,-0.48752,0.11725,104
2981,Tankers & gas shipping,2015-04-24,0.96728,-0.35158,-0.68778,-0.01538,-0.18716,-0.48911,0.11480,104
2982,Tankers & gas shipping,2015-05-01,0.97676,-0.35528,-0.68605,-0.02450,-0.19436,-0.49400,0.10528,104
2983,Tankers & gas shipping,2015-05-08,0.97042,-0.35495,-0.68497,-0.02493,-0.19675,-0.49636,0.10287,104
2984,Tankers & gas shipping,2015-05-15,0.97377,-0.35032,-0.68155,-0.01909,-0.19120,-0.49190,0.10949,104
2985,Tankers & gas shipping,2015-05-22,0.97350,-0.35114,-0.68157,-0.02071,-0.19213,-0.49207,0.10782,104
2986,Tankers & gas shipping,2015-05-29,0.97424,-0.35301,-0.68337,-0.02266,-0.19339,-0.49310,0.10633,104
2987,Tankers & gas shipping,2015-06-05,0.98808,-0.35771,-0.69398,-0.02145,-0.18714,-0.48920,0.11491,104
2988,Tankers & gas shipping,2015-06-12,0.97416,-0.35394,-0.68881,-0.01907,-0.18804,-0.48955,0.11348,104
2989,Tankers & gas shipping,2015-06-19,0.98051,-0.34861,-0.68794,-0.00927,-0.18191,-0.48804,0.12423,104
2990,Tankers & gas shipping,2015-06-26,0.97590,-0.34541,-0.68637,-0.00446,-0.17745,-0.48438,0.12948,104
2991,Tankers & gas shipping,2015-07-03,0.95679,-0.36648,-0.70639,-0.02657,-0.20386,-0.51129,0.10356,104
2992,Tankers & gas shipping,2015-07-10,0.96336,-0.34691,-0.68578,-0.00804,-0.18895,-0.49638,0.11847,104
2993,Tankers & gas shipping,2015-07-17,0.95135,-0.34342,-0.68216,-0.00467,-0.18968,-0.49794,0.11857,104
2994,Tankers & gas shipping,2015-07-24,0.95702,-0.36187,-0.69281,-0.03093,-0.20528,-0.50628,0.09571,104
2995,Tankers & gas shipping,2015-07-31,0.95754,-0.35848,-0.68828,-0.02868,-0.20161,-0.50112,0.09790,104
2996,Tankers & gas shipping,2015-08-07,0.95075,-0.33404,-0.66346,-0.00462,-0.17995,-0.47877,0.11888,104
2997,Tankers & gas shipping,2015-08-14,0.95344,-0.33988,-0.66724,-0.01252,-0.18878,-0.48830,0.11074,104
2998,Tankers & gas shipping,2015-08-21,0.96809,-0.33547,-0.66103,-0.00991,-0.16572,-0.45875,0.12731,104
2999,Tankers & gas shipping,2015-08-28,0.95564,-0.26607,-0.62281,0.09067,-0.09930,-0.42413,0.22553,104
3000,Tankers & gas shipping,2015-09-04,0.94626,-0.27448,-0.63157,0.08262,-0.11019,-0.43567,0.21528,104
3001,Tankers & gas shipping,2015-09-11,0.94698,-0.27324,-0.63207,0.08559,-0.10721,-0.43364,0.21922,104
3002,Tankers & gas shipping,2015-09-18,0.95103,-0.27434,-0.63406,0.08537,-0.10607,-0.43298,0.22084,104
3003,Tankers & gas shipping,2015-09-25,0.94633,-0.26844,-0.62711,0.09024,-0.10362,-0.43017,0.22292,104
3004,Tankers & gas shipping,2015-10-02,0.94595,-0.26859,-0.62857,0.09138,-0.10336,-0.43095,0.22422,104
3005,Tankers & gas shipping,2015-10-09,0.96626,-0.24298,-0.59970,0.11375,-0.04771,-0.36284,0.26742,104
3006,Tankers & gas shipping,2015-10-16,0.96654,-0.23348,-0.58350,0.11654,-0.04037,-0.35000,0.26927,104
3007,Tankers & gas shipping,2015-10-23,0.97975,-0.23849,-0.59655,0.11957,-0.03507,-0.34635,0.27622,104
3008,Tankers & gas shipping,2015-10-30,0.96286,-0.22707,-0.58301,0.12888,-0.03251,-0.34356,0.27854,104
3009,Tankers & gas shipping,2015-11-06,0.96214,-0.22779,-0.57783,0.12224,-0.03849,-0.34714,0.27016,104
3010,Tankers & gas shipping,2015-11-13,0.96816,-0.22161,-0.56852,0.12531,-0.02493,-0.32773,0.27787,104
3011,Tankers & gas shipping,2015-11-20,0.96506,-0.21446,-0.56533,0.13642,-0.01199,-0.31545,0.29147,104
3012,Tankers & gas shipping,2015-11-27,0.95338,-0.20930,-0.56244,0.14383,-0.00949,-0.31422,0.29524,104
3013,Tankers & gas shipping,2015-12-04,1.01009,-0.23595,-0.58546,0.11355,-0.01800,-0.31915,0.28316,104
3014,Tankers & gas shipping,2015-12-11,1.00788,-0.22938,-0.56095,0.10220,-0.00684,-0.28737,0.27368,104
3015,Tankers & gas shipping,2015-12-18,1.00881,-0.22913,-0.56211,0.10385,-0.00767,-0.29019,0.27486,104
3016,Tankers & gas shipping,2015-12-25,0.99439,-0.22848,-0.56220,0.10525,-0.00921,-0.29144,0.27303,104
3017,Tankers & gas shipping,2016-01-01,0.99832,-0.23082,-0.56576,0.10412,-0.01067,-0.29440,0.27306,104
3018,Tankers & gas shipping,2016-01-08,1.01980,-0.23020,-0.56702,0.10663,0.01836,-0.26015,0.29688,104
3019,Tankers & gas shipping,2016-01-15,1.03920,-0.22304,-0.56119,0.11512,0.04205,-0.23501,0.31911,104
3020,Tankers & gas shipping,2016-01-22,1.04739,-0.21710,-0.55799,0.12379,0.05822,-0.21823,0.33467,104
3021,Tankers & gas shipping,2016-01-29,1.06382,-0.22937,-0.55873,0.09999,0.04616,-0.21868,0.31101,104
3022,Tankers & gas shipping,2016-02-05,1.06614,-0.22381,-0.55514,0.10752,0.04953,-0.21821,0.31727,104
3023,Tankers & gas shipping,2016-02-12,1.08595,-0.22774,-0.55394,0.09847,0.05418,-0.21294,0.32130,104
3024,Tankers & gas shipping,2016-02-19,1.06481,-0.21891,-0.54231,0.10448,0.05700,-0.21098,0.32497,104
3025,Tankers & gas shipping,2016-02-26,1.06231,-0.22282,-0.54167,0.09603,0.05607,-0.20578,0.31793,104
3026,Tankers & gas shipping,2016-03-04,1.06432,-0.21664,-0.52542,0.09215,0.06741,-0.18145,0.31627,104
3027,Tankers & gas shipping,2016-03-11,1.05204,-0.21192,-0.51710,0.09325,0.06495,-0.18132,0.31121,104
3028,Tankers & gas shipping,2016-03-18,1.05128,-0.21351,-0.51983,0.09282,0.06402,-0.18165,0.30970,104
3029,Tankers & gas shipping,2016-03-25,1.05454,-0.21218,-0.51857,0.09422,0.06594,-0.17983,0.31170,104
3030,Tankers & gas shipping,2016-04-01,1.04605,-0.21036,-0.51698,0.09627,0.06685,-0.17893,0.31264,104
3031,Tankers & gas shipping,2016-04-08,1.00276,-0.17918,-0.48789,0.12954,0.08242,-0.16301,0.32786,104
3032,Tankers & gas shipping,2016-04-15,1.02822,-0.17451,-0.48265,0.13363,0.09638,-0.14864,0.34139,104
3033,Tankers & gas shipping,2016-04-22,1.03017,-0.16013,-0.47137,0.15111,0.11034,-0.13795,0.35863,104
3034,Tankers & gas shipping,2016-04-29,1.05865,-0.18925,-0.48977,0.11127,0.08843,-0.14881,0.32567,104
3035,Tankers & gas shipping,2016-05-06,1.07318,-0.19160,-0.48804,0.10483,0.09074,-0.14244,0.32393,104
3036,Tankers & gas shipping,2016-05-13,1.07261,-0.19271,-0.48480,0.09939,0.08593,-0.14479,0.31665,104
3037,Tankers & gas shipping,2016-05-20,1.06947,-0.19442,-0.48674,0.09790,0.08364,-0.14701,0.31429,104
3038,Tankers & gas shipping,2016-05-27,1.07916,-0.19619,-0.48743,0.09505,0.08598,-0.14351,0.31547,104
3039,Tankers & gas shipping,2016-06-03,1.07934,-0.19517,-0.48602,0.09567,0.08581,-0.14326,0.31488,104
3040,Tankers & gas shipping,2016-06-10,1.07972,-0.19276,-0.48587,0.10036,0.08893,-0.14209,0.31995,104
3041,Tankers & gas shipping,2016-06-17,1.09136,-0.19571,-0.48997,0.09856,0.09006,-0.14162,0.32174,104
3042,Tankers & gas shipping,2016-06-24,1.10142,-0.19513,-0.49143,0.10117,0.09271,-0.14089,0.32631,104
3043,Tankers & gas shipping,2016-07-01,1.12251,-0.20068,-0.49689,0.09553,0.09787,-0.13390,0.32964,104
3044,Tankers & gas shipping,2016-07-08,1.10250,-0.18786,-0.48234,0.10661,0.09857,-0.13399,0.33114,104
3045,Tankers & gas shipping,2016-07-15,1.11302,-0.18642,-0.48038,0.10754,0.10374,-0.12871,0.33620,104
3046,Tankers & gas shipping,2016-07-22,1.11445,-0.18410,-0.47560,0.10740,0.10398,-0.12748,0.33544,104
3047,Tankers & gas shipping,2016-07-29,1.11053,-0.18484,-0.47227,0.10258,0.10111,-0.12644,0.32865,104
3048,Tankers & gas shipping,2016-08-05,1.11589,-0.18262,-0.46935,0.10411,0.10332,-0.12291,0.32955,104
3049,Tankers & gas shipping,2016-08-12,1.09957,-0.17108,-0.45891,0.11675,0.11206,-0.11268,0.33679,104
3050,Tankers & gas shipping,2016-08-19,1.09139,-0.16281,-0.43847,0.11285,0.10474,-0.11506,0.32455,104
3051,Tankers & gas shipping,2016-08-26,1.07792,-0.15426,-0.43192,0.12340,0.10920,-0.11191,0.33032,104
3052,Tankers & gas shipping,2016-09-02,1.06173,-0.13690,-0.42104,0.14724,0.11866,-0.10666,0.34397,104
3053,Tankers & gas shipping,2016-09-09,1.05282,-0.12814,-0.41464,0.15837,0.12399,-0.10315,0.35112,104
3054,Tankers & gas shipping,2016-09-16,1.06159,-0.12536,-0.41192,0.16120,0.13192,-0.09440,0.35824,104
3055,Tankers & gas shipping,2016-09-23,1.04695,-0.12296,-0.40723,0.16130,0.13126,-0.09479,0.35731,104
3056,Tankers & gas shipping,2016-09-30,1.09225,-0.12047,-0.40124,0.16030,0.13700,-0.08608,0.36008,104
3057,Tankers & gas shipping,2016-10-07,1.06994,-0.10408,-0.38472,0.17655,0.14335,-0.07996,0.36665,104
3058,Tankers & gas shipping,2016-10-14,1.04700,-0.08820,-0.37841,0.20201,0.15741,-0.07106,0.38587,104
3059,Tankers & gas shipping,2016-10-21,1.06057,-0.08953,-0.37913,0.20006,0.15664,-0.07197,0.38525,104
3060,Tankers & gas shipping,2016-10-28,1.08932,-0.09746,-0.38155,0.18664,0.15405,-0.07182,0.37991,104
3061,Tankers & gas shipping,2016-11-04,1.09395,-0.09323,-0.37474,0.18828,0.16264,-0.05879,0.38407,104
3062,Tankers & gas shipping,2016-11-11,1.15087,-0.12302,-0.40699,0.16096,0.15643,-0.06618,0.37903,104
3063,Tankers & gas shipping,2016-11-18,1.15188,-0.11898,-0.40195,0.16400,0.15966,-0.06241,0.38173,104
3064,Tankers & gas shipping,2016-11-25,1.13333,-0.12407,-0.41538,0.16723,0.12878,-0.11364,0.37121,104
3065,Tankers & gas shipping,2016-12-02,1.12196,-0.11359,-0.37913,0.15195,0.11626,-0.11006,0.34257,104
3066,Tankers & gas shipping,2016-12-09,1.21826,-0.07227,-0.30472,0.16017,0.16675,-0.01896,0.35247,104
3067,Tankers & gas shipping,2016-12-16,1.12520,-0.05235,-0.27647,0.17176,0.16934,-0.01740,0.35609,104
3068,Tankers & gas shipping,2016-12-23,1.12484,-0.05220,-0.27615,0.17174,0.16926,-0.01737,0.35588,104
3069,Tankers & gas shipping,2016-12-30,1.10872,-0.02485,-0.22946,0.17977,0.19733,0.02911,0.36554,104
3070,Tankers & gas shipping,2017-01-06,1.06138,0.02848,-0.14479,0.20176,0.25439,0.11323,0.39556,104
3071,Tankers & gas shipping,2017-01-13,1.06863,0.01808,-0.16193,0.19808,0.24596,0.09898,0.39294,104
3072,Tankers & gas shipping,2017-01-20,1.12003,0.01127,-0.17507,0.19762,0.24662,0.10256,0.39067,104
3073,Tankers & gas shipping,2017-01-27,1.01700,0.08024,-0.05265,0.21313,0.30469,0.18905,0.42034,104
3074,Tankers & gas shipping,2017-02-03,1.03757,0.06631,-0.07152,0.20414,0.28918,0.16913,0.40923,104
3075,Tankers & gas shipping,2017-02-10,1.03580,0.06904,-0.06830,0.20639,0.29167,0.17206,0.41127,104
3076,Tankers & gas shipping,2017-02-17,1.03598,0.07123,-0.06760,0.21006,0.29813,0.17788,0.41838,104
3077,Tankers & gas shipping,2017-02-24,1.02920,0.07864,-0.05865,0.21593,0.30528,0.18647,0.42409,104
3078,Tankers & gas shipping,2017-03-03,1.04304,0.07163,-0.06960,0.21285,0.30415,0.18247,0.42582,104
3079,Tankers & gas shipping,2017-03-10,1.04588,0.08385,-0.05090,0.21860,0.30931,0.19315,0.42546,104
3080,Tankers & gas shipping,2017-03-17,1.06199,0.08345,-0.05122,0.21812,0.31165,0.19507,0.42824,104
3081,Tankers & gas shipping,2017-03-24,1.07429,0.08173,-0.05345,0.21692,0.31523,0.19872,0.43175,104
3082,Tankers & gas shipping,2017-03-31,1.06276,0.09074,-0.04292,0.22441,0.31796,0.20135,0.43457,104
3083,Tankers & gas shipping,2017-04-07,1.03284,0.09058,-0.04338,0.22453,0.30743,0.19349,0.42137,104
3084,Tankers & gas shipping,2017-04-14,1.05807,0.07084,-0.06934,0.21102,0.30585,0.18948,0.42222,104
3085,Tankers & gas shipping,2017-04-21,1.05688,0.08150,-0.05721,0.22021,0.31892,0.20366,0.43418,104
3086,Tankers & gas shipping,2017-04-28,1.02969,0.09031,-0.04948,0.23009,0.32432,0.20891,0.43974,104
3087,Tankers & gas shipping,2017-05-05,0.99053,0.11073,-0.03367,0.25512,0.33118,0.21363,0.44873,104
3088,Tankers & gas shipping,2017-05-12,0.98452,0.10589,-0.03667,0.24846,0.32586,0.21055,0.44117,104
3089,Tankers & gas shipping,2017-05-19,0.98788,0.10336,-0.03622,0.24294,0.32144,0.20797,0.43490,104
3090,Tankers & gas shipping,2017-05-26,0.99251,0.10784,-0.03246,0.24813,0.32730,0.21345,0.44115,104
3091,Tankers & gas shipping,2017-06-02,0.99352,0.10347,-0.03695,0.24388,0.32523,0.21209,0.43837,104
3092,Tankers & gas shipping,2017-06-09,1.00093,0.10504,-0.03554,0.24563,0.32981,0.21700,0.44263,104
3093,Tankers & gas shipping,2017-06-16,1.00577,0.10513,-0.03550,0.24576,0.33125,0.21820,0.44429,104
3094,Tankers & gas shipping,2017-06-23,1.00359,0.09789,-0.04246,0.23824,0.32328,0.21107,0.43549,104
3095,Tankers & gas shipping,2017-06-30,1.01511,0.09486,-0.04462,0.23435,0.32066,0.20935,0.43197,104
3096,Tankers & gas shipping,2017-07-07,1.02263,0.08852,-0.05437,0.23140,0.31926,0.20574,0.43278,104
3097,Tankers & gas shipping,2017-07-14,1.03593,0.08901,-0.05577,0.23379,0.32980,0.21703,0.44257,104
3098,Tankers & gas shipping,2017-07-21,1.03650,0.10732,-0.03610,0.25074,0.34771,0.23724,0.45817,104
3099,Tankers & gas shipping,2017-07-28,1.04055,0.09792,-0.04372,0.23955,0.33753,0.22969,0.44538,104
3100,Tankers & gas shipping,2017-08-04,1.04147,0.09257,-0.05005,0.23520,0.33589,0.22766,0.44412,104
3101,Tankers & gas shipping,2017-08-11,1.04398,0.09203,-0.05260,0.23666,0.33784,0.22963,0.44605,104
3102,Tankers & gas shipping,2017-08-18,1.06396,0.09443,-0.05296,0.24182,0.33414,0.21764,0.45064,104
3103,Tankers & gas shipping,2017-08-25,1.08492,0.06162,-0.07636,0.19961,0.31083,0.20447,0.41720,104
3104,Tankers & gas shipping,2017-09-01,1.06641,0.06674,-0.07039,0.20387,0.31059,0.20454,0.41664,104
3105,Tankers & gas shipping,2017-09-08,1.05406,0.07500,-0.06406,0.21406,0.31445,0.20732,0.42159,104
3106,Tankers & gas shipping,2017-09-15,1.03760,0.07618,-0.06292,0.21527,0.31389,0.20747,0.42030,104
3107,Tankers & gas shipping,2017-09-22,1.04569,0.07137,-0.06789,0.21064,0.31369,0.20744,0.41994,104
3108,Tankers & gas shipping,2017-09-29,1.05623,0.06986,-0.06971,0.20942,0.31512,0.20853,0.42172,104
3109,Tankers & gas shipping,2017-10-06,1.04790,0.07419,-0.06407,0.21246,0.29887,0.18957,0.40817,104
3110,Tankers & gas shipping,2017-10-13,1.04649,0.07695,-0.06639,0.22029,0.30422,0.19107,0.41738,104
3111,Tankers & gas shipping,2017-10-20,1.05634,0.07419,-0.07061,0.21899,0.30506,0.19122,0.41889,104
3112,Tankers & gas shipping,2017-10-27,1.08189,0.05487,-0.09289,0.20263,0.29415,0.17966,0.40864,104
3113,Tankers & gas shipping,2017-11-03,1.06509,0.06265,-0.08823,0.21354,0.30590,0.19121,0.42058,104
3114,Tankers & gas shipping,2017-11-10,1.06867,0.06879,-0.08371,0.22129,0.30539,0.18703,0.42375,104
3115,Tankers & gas shipping,2017-11-17,1.05986,0.06923,-0.08315,0.22162,0.30285,0.18467,0.42104,104
3116,Tankers & gas shipping,2017-11-24,1.06207,0.06928,-0.08336,0.22192,0.30338,0.18511,0.42165,104
3117,Tankers & gas shipping,2017-12-01,1.06915,0.07303,-0.07905,0.22511,0.30637,0.18934,0.42340,104
3118,Tankers & gas shipping,2017-12-08,1.08188,0.09279,-0.06334,0.24891,0.32390,0.20296,0.44484,104
3119,Tankers & gas shipping,2017-12-15,1.08284,0.08992,-0.06710,0.24695,0.32033,0.19812,0.44253,104
3120,Tankers & gas shipping,2017-12-22,1.08888,0.09028,-0.06761,0.24816,0.32285,0.20059,0.44511,104
3121,Tankers & gas shipping,2017-12-29,1.07969,0.09736,-0.06154,0.25626,0.33047,0.20800,0.45295,104
3122,Tankers & gas shipping,2018-01-05,1.08715,0.09861,-0.05993,0.25716,0.29783,0.16862,0.42703,104
3123,Tankers & gas shipping,2018-01-12,1.06754,0.09520,-0.06490,0.25530,0.26841,0.13276,0.40406,104
3124,Tankers & gas shipping,2018-01-19,1.05073,0.09498,-0.06422,0.25419,0.26208,0.12688,0.39728,104
3125,Tankers & gas shipping,2018-01-26,1.03570,0.11809,-0.04354,0.27971,0.27984,0.14102,0.41867,104
3126,Tankers & gas shipping,2018-02-02,1.05445,0.11217,-0.05004,0.27438,0.28023,0.14063,0.41983,104
3127,Tankers & gas shipping,2018-02-09,1.02210,0.11419,-0.04465,0.27303,0.27499,0.14320,0.40678,104
3128,Tankers & gas shipping,2018-02-16,1.04334,0.10466,-0.06452,0.27384,0.27744,0.14495,0.40993,104
3129,Tankers & gas shipping,2018-02-23,1.07858,0.11365,-0.05516,0.28246,0.28781,0.15753,0.41809,104
3130,Tankers & gas shipping,2018-03-02,1.08041,0.12133,-0.04779,0.29045,0.29393,0.16329,0.42456,104
3131,Tankers & gas shipping,2018-03-09,1.12976,0.11900,-0.05263,0.29063,0.30556,0.17351,0.43761,104
3132,Tankers & gas shipping,2018-03-16,1.14116,0.11884,-0.05276,0.29044,0.30607,0.17345,0.43868,104
3133,Tankers & gas shipping,2018-03-23,1.13434,0.12027,-0.04599,0.28653,0.29710,0.16594,0.42827,104
3134,Tankers & gas shipping,2018-03-30,1.16934,0.11833,-0.04673,0.28338,0.29461,0.16160,0.42762,104
3135,Tankers & gas shipping,2018-04-06,1.19542,0.10541,-0.05811,0.26892,0.28840,0.15732,0.41949,104
3136,Tankers & gas shipping,2018-04-13,1.13026,0.09275,-0.06803,0.25352,0.26982,0.14050,0.39915,104
3137,Tankers & gas shipping,2018-04-20,1.11729,0.08671,-0.07923,0.25265,0.25983,0.12137,0.39830,104
3138,Tankers & gas shipping,2018-04-27,1.08459,0.12217,-0.02933,0.27368,0.28824,0.17163,0.40485,104
3139,Tankers & gas shipping,2018-05-04,1.09505,0.12805,-0.02482,0.28092,0.29077,0.17182,0.40972,104
3140,Tankers & gas shipping,2018-05-11,1.10662,0.13512,-0.02043,0.29066,0.30412,0.18402,0.42421,104
3141,Tankers & gas shipping,2018-05-18,1.10269,0.13550,-0.01987,0.29088,0.30404,0.18429,0.42380,104
3142,Tankers & gas shipping,2018-05-25,1.01724,0.13847,-0.01802,0.29496,0.29928,0.17985,0.41871,104
3143,Tankers & gas shipping,2018-06-01,1.09139,0.13194,-0.02473,0.28861,0.30583,0.18644,0.42522,104
3144,Tankers & gas shipping,2018-06-08,1.10997,0.12547,-0.03173,0.28267,0.30168,0.18116,0.42221,104
3145,Tankers & gas shipping,2018-06-15,1.06459,0.12911,-0.02420,0.28241,0.29184,0.17650,0.40718,104
3146,Tankers & gas shipping,2018-06-22,1.01501,0.13534,-0.01749,0.28817,0.28699,0.17219,0.40178,104
3147,Tankers & gas shipping,2018-06-29,1.02309,0.12694,-0.02188,0.27575,0.27172,0.15918,0.38427,104
3148,Tankers & gas shipping,2018-07-06,1.02831,0.11544,-0.03745,0.26833,0.26303,0.14758,0.37849,104
3149,Tankers & gas shipping,2018-07-13,1.00521,0.11336,-0.03854,0.26527,0.25690,0.14197,0.37182,104
3150,Tankers & gas shipping,2018-07-20,1.00615,0.11163,-0.04193,0.26519,0.25663,0.14076,0.37251,104
3151,Tankers & gas shipping,2018-07-27,1.01337,0.12193,-0.03409,0.27795,0.26221,0.14183,0.38259,104
3152,Tankers & gas shipping,2018-08-03,1.01771,0.11919,-0.03639,0.27478,0.26252,0.14318,0.38185,104
3153,Tankers & gas shipping,2018-08-10,1.01130,0.12030,-0.03454,0.27515,0.26142,0.14196,0.38088,104
3154,Tankers & gas shipping,2018-08-17,0.99588,0.12624,-0.04584,0.29831,0.28221,0.15558,0.40885,104
3155,Tankers & gas shipping,2018-08-24,1.02243,0.11067,-0.04870,0.27004,0.27535,0.15914,0.39155,104
3156,Tankers & gas shipping,2018-08-31,1.08225,0.06623,-0.07122,0.20368,0.24780,0.15238,0.34322,104
3157,Tankers & gas shipping,2018-09-07,1.10413,0.06016,-0.07652,0.19684,0.24921,0.15540,0.34301,104
3158,Tankers & gas shipping,2018-09-14,1.09375,0.05877,-0.07783,0.19537,0.23619,0.14009,0.33229,104
3159,Tankers & gas shipping,2018-09-21,1.08200,0.06102,-0.07812,0.20016,0.23748,0.14117,0.33378,104
3160,Tankers & gas shipping,2018-09-28,1.07374,0.06236,-0.08219,0.20692,0.24215,0.14175,0.34255,104
3161,Tankers & gas shipping,2018-10-05,1.04178,0.05313,-0.08619,0.19245,0.22654,0.13009,0.32299,104
3162,Tankers & gas shipping,2018-10-12,1.05693,0.04850,-0.09224,0.18924,0.23781,0.14338,0.33225,104
3163,Tankers & gas shipping,2018-10-19,1.07489,0.04059,-0.09981,0.18100,0.23271,0.13703,0.32838,104
3164,Tankers & gas shipping,2018-10-26,0.99685,0.05316,-0.09129,0.19761,0.24331,0.14215,0.34447,104
3165,Tankers & gas shipping,2018-11-02,0.98770,0.04864,-0.08373,0.18102,0.20738,0.10312,0.31164,104
3166,Tankers & gas shipping,2018-11-09,0.96788,0.06229,-0.07035,0.19492,0.21737,0.11639,0.31834,104
3167,Tankers & gas shipping,2018-11-16,0.98024,0.06956,-0.06422,0.20335,0.23118,0.13047,0.33188,104
3168,Tankers & gas shipping,2018-11-23,0.94261,0.03681,-0.09401,0.16763,0.21075,0.11232,0.30919,104
3169,Tankers & gas shipping,2018-11-30,0.91909,0.05136,-0.09295,0.19568,0.25091,0.14084,0.36098,104
3170,Tankers & gas shipping,2018-12-07,0.82892,0.07380,-0.06037,0.20796,0.24445,0.13745,0.35145,104
3171,Tankers & gas shipping,2018-12-14,0.83714,0.07598,-0.05811,0.21008,0.25123,0.14584,0.35661,104
3172,Tankers & gas shipping,2018-12-21,0.85193,0.09503,-0.03560,0.22566,0.28069,0.17919,0.38220,104
3173,Tankers & gas shipping,2018-12-28,0.85105,0.08955,-0.03839,0.21748,0.27507,0.17763,0.37250,104
3174,Tankers & gas shipping,2019-01-04,0.83889,0.08742,-0.03978,0.21462,0.27729,0.18505,0.36952,104
3175,Tankers & gas shipping,2019-01-11,0.83556,0.07253,-0.05724,0.20229,0.26258,0.16817,0.35699,104
3176,Tankers & gas shipping,2019-01-18,0.81230,0.07640,-0.05082,0.20362,0.26208,0.16733,0.35682,104
3177,Tankers & gas shipping,2019-01-25,0.81186,0.07663,-0.05072,0.20397,0.26390,0.16948,0.35831,104
3178,Tankers & gas shipping,2019-02-01,0.76795,0.09536,-0.02644,0.21716,0.27416,0.18050,0.36781,104
3179,Tankers & gas shipping,2019-02-08,0.74126,0.10235,-0.01909,0.22380,0.27467,0.18125,0.36810,104
3180,Tankers & gas shipping,2019-02-15,0.76050,0.10570,-0.01716,0.22857,0.28892,0.19461,0.38323,104
3181,Tankers & gas shipping,2019-02-22,0.76438,0.10498,-0.01841,0.22837,0.28930,0.19476,0.38383,104
3182,Tankers & gas shipping,2019-03-01,0.74922,0.10611,-0.01356,0.22578,0.28694,0.19418,0.37971,104
3183,Tankers & gas shipping,2019-03-08,0.72126,0.12622,-0.00043,0.25288,0.31171,0.21413,0.40929,104
3184,Tankers & gas shipping,2019-03-15,0.70336,0.12737,0.00117,0.25357,0.30923,0.21192,0.40654,104
3185,Tankers & gas shipping,2019-03-22,0.67506,0.12991,0.00381,0.25601,0.30354,0.20753,0.39955,104
3186,Tankers & gas shipping,2019-03-29,0.67382,0.12686,0.00064,0.25309,0.30195,0.20710,0.39681,104
3187,Tankers & gas shipping,2019-04-05,0.68014,0.13401,0.00346,0.26457,0.31387,0.21544,0.41229,104
3188,Tankers & gas shipping,2019-04-12,0.66966,0.14018,0.00724,0.27312,0.31683,0.21750,0.41616,104
3189,Tankers & gas shipping,2019-04-19,0.66399,0.12914,0.00343,0.25484,0.30332,0.20868,0.39796,104
3190,Tankers & gas shipping,2019-04-26,0.66574,0.12861,0.00382,0.25339,0.30376,0.20952,0.39800,104
3191,Tankers & gas shipping,2019-05-03,0.72750,0.09376,-0.01997,0.20749,0.29356,0.20466,0.38247,104
3192,Tankers & gas shipping,2019-05-10,0.73027,0.09620,-0.01781,0.21021,0.29625,0.20621,0.38628,104
3193,Tankers & gas shipping,2019-05-17,0.72530,0.10549,-0.01458,0.22555,0.30827,0.21436,0.40219,104
3194,Tankers & gas shipping,2019-05-24,0.72320,0.10021,-0.01646,0.21688,0.30048,0.21036,0.39060,104
3195,Tankers & gas shipping,2019-05-31,0.72079,0.10469,-0.01253,0.22191,0.30837,0.21929,0.39746,104
3196,Tankers & gas shipping,2019-06-07,0.73866,0.08958,-0.02572,0.20488,0.29602,0.20680,0.38523,104
3197,Tankers & gas shipping,2019-06-14,0.72590,0.08827,-0.02743,0.20397,0.29095,0.19999,0.38191,104
3198,Tankers & gas shipping,2019-06-21,0.72112,0.10660,-0.00485,0.21806,0.30751,0.21989,0.39512,104
3199,Tankers & gas shipping,2019-06-28,0.73582,0.10322,-0.00882,0.21526,0.30881,0.21985,0.39777,104
3200,Tankers & gas shipping,2019-07-05,0.74887,0.09749,-0.01078,0.20575,0.30049,0.21199,0.38898,104
3201,Tankers & gas shipping,2019-07-12,0.72973,0.09243,-0.01441,0.19926,0.28265,0.19343,0.37186,104
3202,Tankers & gas shipping,2019-07-19,0.73111,0.08957,-0.01715,0.19629,0.28259,0.19516,0.37003,104
3203,Tankers & gas shipping,2019-07-26,0.72278,0.10433,-0.00624,0.21490,0.29931,0.20818,0.39043,104
3204,Tankers & gas shipping,2019-08-02,0.74891,0.10301,-0.00727,0.21329,0.30663,0.21504,0.39822,104
3205,Tankers & gas shipping,2019-08-09,0.74537,0.10957,-0.00176,0.22090,0.31304,0.22048,0.40560,104
3206,Tankers & gas shipping,2019-08-16,0.74486,0.11068,-0.00104,0.22239,0.31429,0.22143,0.40715,104
3207,Tankers & gas shipping,2019-08-23,0.78195,0.10625,-0.00577,0.21828,0.32094,0.22573,0.41614,104
3208,Tankers & gas shipping,2019-08-30,0.81928,0.09458,-0.01228,0.20144,0.32173,0.22743,0.41602,104
3209,Tankers & gas shipping,2019-09-06,0.83947,0.08661,-0.01956,0.19278,0.32129,0.22577,0.41680,104
3210,Tankers & gas shipping,2019-09-13,0.89069,0.07568,-0.03317,0.18452,0.31916,0.22301,0.41532,104
3211,Tankers & gas shipping,2019-09-20,0.89631,0.07209,-0.03618,0.18035,0.31538,0.22156,0.40921,104
3212,Tankers & gas shipping,2019-09-27,0.85039,0.06891,-0.04114,0.17896,0.30235,0.20427,0.40043,104
3213,Tankers & gas shipping,2019-10-04,0.86135,0.04300,-0.07805,0.16405,0.28228,0.17198,0.39258,104
3214,Tankers & gas shipping,2019-10-11,0.89978,0.05686,-0.06061,0.17434,0.30843,0.20617,0.41070,104
3215,Tankers & gas shipping,2019-10-18,0.89266,0.05933,-0.05753,0.17618,0.30760,0.20486,0.41035,104
3216,Tankers & gas shipping,2019-10-25,0.88478,0.06509,-0.04574,0.17593,0.31201,0.21494,0.40908,104
3217,Tankers & gas shipping,2019-11-01,0.88854,0.06542,-0.04552,0.17635,0.31185,0.21414,0.40957,104
3218,Tankers & gas shipping,2019-11-08,0.85773,0.06927,-0.04169,0.18024,0.31013,0.21180,0.40847,104
3219,Tankers & gas shipping,2019-11-15,0.81726,0.08405,-0.02825,0.19635,0.31138,0.21337,0.40939,104
3220,Tankers & gas shipping,2019-11-22,0.83336,0.08012,-0.03165,0.19189,0.31207,0.21316,0.41097,104
3221,Tankers & gas shipping,2019-11-29,0.83654,0.08064,-0.03132,0.19261,0.31385,0.21496,0.41273,104
3222,Tankers & gas shipping,2019-12-06,0.82087,0.08312,-0.02796,0.19421,0.31090,0.21265,0.40916,104
3223,Tankers & gas shipping,2019-12-13,0.81817,0.08067,-0.03021,0.19155,0.30782,0.21027,0.40536,104
3224,Tankers & gas shipping,2019-12-20,0.83517,0.07774,-0.03374,0.18922,0.30888,0.21059,0.40716,104
3225,Tankers & gas shipping,2019-12-27,0.83616,0.07616,-0.03508,0.18741,0.30668,0.20884,0.40451,104
3226,Tankers & gas shipping,2020-01-03,0.86088,0.07270,-0.03980,0.18519,0.30880,0.20996,0.40763,104
3227,Tankers & gas shipping,2020-01-10,0.87290,0.06163,-0.05383,0.17708,0.29816,0.19814,0.39817,104
3228,Tankers & gas shipping,2020-01-17,0.85947,0.06356,-0.04961,0.17673,0.29622,0.19723,0.39522,104
3229,Tankers & gas shipping,2020-01-24,0.84942,0.08101,-0.03344,0.19546,0.31128,0.21283,0.40973,104
3230,Tankers & gas shipping,2020-01-31,0.88201,0.08114,-0.03413,0.19642,0.32301,0.21610,0.42992,104
3231,Tankers & gas shipping,2020-02-07,0.77035,0.14518,-0.04946,0.33982,0.34615,0.18534,0.50696,104
3232,Tankers & gas shipping,2020-02-14,0.78825,0.15672,-0.05220,0.36563,0.35765,0.18373,0.53157,104
3233,Tankers & gas shipping,2020-02-21,0.78364,0.15001,-0.05542,0.35545,0.34905,0.17944,0.51866,104
3234,Tankers & gas shipping,2020-02-28,0.81889,0.14957,-0.05609,0.35523,0.41138,0.25583,0.56693,104
3235,Tankers & gas shipping,2020-03-06,0.78375,0.19768,-0.02201,0.41737,0.44685,0.27166,0.62203,104
3236,Tankers & gas shipping,2020-03-13,0.40520,0.13107,-0.06875,0.33089,0.29547,0.07672,0.51423,104
3237,Tankers & gas shipping,2020-03-20,0.24081,0.24761,0.05506,0.44016,0.33321,0.18078,0.48565,104
3238,Tankers & gas shipping,2020-03-27,0.27873,0.22107,0.04947,0.39267,0.31871,0.16499,0.47243,104
3239,Tankers & gas shipping,2020-04-03,0.37383,0.12098,-0.05123,0.29318,0.23925,0.08523,0.39328,104
3240,Tankers & gas shipping,2020-04-10,0.36774,0.12956,-0.03378,0.29289,0.24438,0.08475,0.40401,104
3241,Tankers & gas shipping,2020-04-17,0.49478,0.05868,-0.14340,0.26077,0.20175,0.05007,0.35344,104
3242,Tankers & gas shipping,2020-04-24,0.67624,-0.05524,-0.33897,0.22848,0.11781,-0.05987,0.29549,104
3243,Tankers & gas shipping,2020-05-01,0.67108,-0.06978,-0.36065,0.22108,0.10312,-0.08009,0.28634,104
3244,Tankers & gas shipping,2020-05-08,0.70428,-0.09337,-0.35791,0.17116,0.07171,-0.10212,0.24553,104
3245,Tankers & gas shipping,2020-05-15,0.74914,-0.10852,-0.37433,0.15729,0.06429,-0.10774,0.23631,104
3246,Tankers & gas shipping,2020-05-22,0.76002,-0.11129,-0.37649,0.15391,0.06470,-0.10499,0.23439,104
3247,Tankers & gas shipping,2020-05-29,0.74054,-0.10974,-0.37453,0.15505,0.06171,-0.10768,0.23111,104
3248,Tankers & gas shipping,2020-06-05,0.70793,-0.11550,-0.37737,0.14637,0.05326,-0.10761,0.21412,104
3249,Tankers & gas shipping,2020-06-12,0.72084,-0.11686,-0.37880,0.14508,0.05683,-0.10108,0.21473,104
3250,Tankers & gas shipping,2020-06-19,0.74497,-0.12608,-0.37973,0.12756,0.05135,-0.10117,0.20387,104
3251,Tankers & gas shipping,2020-06-26,0.74280,-0.12439,-0.38060,0.13183,0.05407,-0.09951,0.20764,104
3252,Tankers & gas shipping,2020-07-03,0.74579,-0.12225,-0.37981,0.13531,0.05726,-0.09721,0.21172,104
3253,Tankers & gas shipping,2020-07-10,0.74524,-0.12189,-0.37964,0.13587,0.05745,-0.09727,0.21217,104
3254,Tankers & gas shipping,2020-07-17,0.74390,-0.12126,-0.37371,0.13120,0.05822,-0.09694,0.21337,104
3255,Tankers & gas shipping,2020-07-24,0.74674,-0.12191,-0.37416,0.13035,0.05783,-0.09709,0.21276,104
3256,Tankers & gas shipping,2020-07-31,0.73895,-0.11999,-0.37273,0.13276,0.05782,-0.09815,0.21378,104
3257,Tankers & gas shipping,2020-08-07,0.73828,-0.12026,-0.37234,0.13182,0.05835,-0.09752,0.21422,104
3258,Tankers & gas shipping,2020-08-14,0.74230,-0.12098,-0.37238,0.13043,0.05881,-0.09701,0.21462,104
3259,Tankers & gas shipping,2020-08-21,0.74062,-0.12146,-0.37273,0.12981,0.05759,-0.09859,0.21377,104
3260,Tankers & gas shipping,2020-08-28,0.73957,-0.12085,-0.37264,0.13095,0.05811,-0.09842,0.21464,104
3261,Tankers & gas shipping,2020-09-04,0.74043,-0.11817,-0.37109,0.13474,0.06141,-0.09539,0.21822,104
3262,Tankers & gas shipping,2020-09-11,0.74607,-0.12117,-0.36724,0.12491,0.05730,-0.09715,0.21176,104
3263,Tankers & gas shipping,2020-09-18,0.74425,-0.12169,-0.36535,0.12196,0.05506,-0.09753,0.20766,104
3264,Tankers & gas shipping,2020-09-25,0.75190,-0.12255,-0.36566,0.12056,0.05653,-0.09606,0.20913,104
3265,Tankers & gas shipping,2020-10-02,0.75176,-0.12219,-0.36036,0.11598,0.05510,-0.09628,0.20648,104
3266,Tankers & gas shipping,2020-10-09,0.74743,-0.11513,-0.35633,0.12607,0.06049,-0.09379,0.21477,104
3267,Tankers & gas shipping,2020-10-16,0.73846,-0.11280,-0.35500,0.12941,0.06068,-0.09409,0.21546,104
3268,Tankers & gas shipping,2020-10-23,0.75039,-0.11497,-0.35775,0.12781,0.06063,-0.09335,0.21462,104
3269,Tankers & gas shipping,2020-10-30,0.77211,-0.11607,-0.36751,0.13537,0.07150,-0.08114,0.22413,104
3270,Tankers & gas shipping,2020-11-06,0.76840,-0.11840,-0.36903,0.13222,0.07032,-0.08085,0.22150,104
3271,Tankers & gas shipping,2020-11-13,0.78415,-0.12072,-0.37099,0.12954,0.07494,-0.07561,0.22550,104
3272,Tankers & gas shipping,2020-11-20,0.78826,-0.11785,-0.37118,0.13547,0.07744,-0.07827,0.23315,104
3273,Tankers & gas shipping,2020-11-27,0.79364,-0.11841,-0.37350,0.13668,0.08014,-0.07461,0.23489,104
3274,Tankers & gas shipping,2020-12-04,0.79281,-0.11825,-0.37706,0.14056,0.08165,-0.07354,0.23684,104
3275,Tankers & gas shipping,2020-12-11,0.78674,-0.11716,-0.37654,0.14222,0.08085,-0.07493,0.23664,104
3276,Tankers & gas shipping,2020-12-18,0.78100,-0.12361,-0.38191,0.13468,0.07218,-0.08356,0.22792,104
3277,Tankers & gas shipping,2020-12-25,0.77727,-0.12115,-0.38017,0.13787,0.07355,-0.08305,0.23016,104
3278,Tankers & gas shipping,2021-01-01,0.77288,-0.12206,-0.38000,0.13588,0.07018,-0.08772,0.22809,104
3279,Tankers & gas shipping,2021-01-08,0.77135,-0.11750,-0.37780,0.14281,0.07464,-0.08526,0.23454,104
3280,Tankers & gas shipping,2021-01-15,0.76963,-0.11655,-0.37715,0.14404,0.07482,-0.08579,0.23544,104
3281,Tankers & gas shipping,2021-01-22,0.76635,-0.11599,-0.37707,0.14510,0.07441,-0.08656,0.23537,104
3282,Tankers & gas shipping,2021-01-29,0.78032,-0.11916,-0.37668,0.13836,0.07485,-0.08496,0.23467,104
3283,Tankers & gas shipping,2021-02-05,0.79665,-0.12045,-0.37767,0.13678,0.07872,-0.08008,0.23752,104
3284,Tankers & gas shipping,2021-02-12,0.77263,-0.11532,-0.37228,0.14165,0.07483,-0.08628,0.23593,104
3285,Tankers & gas shipping,2021-02-19,0.77213,-0.11518,-0.37221,0.14186,0.07478,-0.08643,0.23599,104
3286,Tankers & gas shipping,2021-02-26,0.77228,-0.11754,-0.37322,0.13815,0.07244,-0.08728,0.23217,104
3287,Tankers & gas shipping,2021-03-05,0.75887,-0.11585,-0.37217,0.14047,0.07210,-0.08782,0.23202,104
3288,Tankers & gas shipping,2021-03-12,0.78089,-0.12087,-0.37487,0.13312,0.07217,-0.08646,0.23079,104
3289,Tankers & gas shipping,2021-03-19,0.78735,-0.12550,-0.37620,0.12519,0.06873,-0.08701,0.22448,104
3290,Tankers & gas shipping,2021-03-26,0.79853,-0.12932,-0.37944,0.12079,0.06816,-0.08605,0.22238,104
3291,Tankers & gas shipping,2021-04-02,0.78728,-0.12647,-0.37688,0.12393,0.06748,-0.08734,0.22230,104
3292,Tankers & gas shipping,2021-04-09,0.79112,-0.12849,-0.37786,0.12088,0.06650,-0.08727,0.22027,104
3293,Tankers & gas shipping,2021-04-16,0.79145,-0.12935,-0.37819,0.11949,0.06604,-0.08681,0.21888,104
3294,Tankers & gas shipping,2021-04-23,0.79222,-0.13013,-0.37885,0.11859,0.06569,-0.08678,0.21816,104
3295,Tankers & gas shipping,2021-04-30,0.79138,-0.12927,-0.37841,0.11987,0.06625,-0.08671,0.21921,104
3296,Tankers & gas shipping,2021-05-07,0.79318,-0.12945,-0.37868,0.11978,0.06664,-0.08634,0.21962,104
3297,Tankers & gas shipping,2021-05-14,0.77850,-0.12648,-0.37563,0.12267,0.06564,-0.08848,0.21975,104
3298,Tankers & gas shipping,2021-05-21,0.80260,-0.13693,-0.37966,0.10581,0.06012,-0.09106,0.21131,104
3299,Tankers & gas shipping,2021-05-28,0.79856,-0.14191,-0.38294,0.09912,0.05304,-0.09738,0.20345,104
3300,Tankers & gas shipping,2021-06-04,0.79748,-0.14110,-0.38435,0.10214,0.05444,-0.09629,0.20516,104
3301,Tankers & gas shipping,2021-06-11,0.79311,-0.13974,-0.38333,0.10385,0.05445,-0.09714,0.20605,104
3302,Tankers & gas shipping,2021-06-18,0.80227,-0.14400,-0.38527,0.09728,0.05227,-0.09792,0.20245,104
3303,Tankers & gas shipping,2021-06-25,0.79679,-0.14196,-0.38452,0.10060,0.05415,-0.09679,0.20509,104
3304,Tankers & gas shipping,2021-07-02,0.79762,-0.14237,-0.38905,0.10430,0.05537,-0.09599,0.20673,104
3305,Tankers & gas shipping,2021-07-09,0.79859,-0.14213,-0.39001,0.10576,0.05663,-0.09473,0.20799,104
3306,Tankers & gas shipping,2021-07-16,0.79609,-0.14159,-0.38981,0.10663,0.05588,-0.09654,0.20831,104
3307,Tankers & gas shipping,2021-07-23,0.79839,-0.14287,-0.39038,0.10465,0.05518,-0.09638,0.20674,104
3308,Tankers & gas shipping,2021-07-30,0.78868,-0.14201,-0.38965,0.10563,0.05295,-0.09939,0.20530,104
3309,Tankers & gas shipping,2021-08-06,0.76012,-0.13119,-0.37824,0.11586,0.05371,-0.10205,0.20947,104
3310,Tankers & gas shipping,2021-08-13,0.75446,-0.12968,-0.37734,0.11798,0.05381,-0.10237,0.20999,104
3311,Tankers & gas shipping,2021-08-20,0.74117,-0.12723,-0.37439,0.11994,0.05346,-0.10115,0.20807,104
3312,Tankers & gas shipping,2021-08-27,0.74079,-0.12822,-0.37308,0.11665,0.05181,-0.10005,0.20367,104
3313,Tankers & gas shipping,2021-09-03,0.73999,-0.12896,-0.37341,0.11550,0.05087,-0.10052,0.20226,104
3314,Tankers & gas shipping,2021-09-10,0.72302,-0.12369,-0.37238,0.12500,0.05266,-0.10073,0.20604,104
3315,Tankers & gas shipping,2021-09-17,0.71369,-0.12116,-0.37008,0.12776,0.05220,-0.10285,0.20726,104
3316,Tankers & gas shipping,2021-09-24,0.72566,-0.12073,-0.36983,0.12837,0.05489,-0.10045,0.21023,104
3317,Tankers & gas shipping,2021-10-01,0.73145,-0.11798,-0.36909,0.13313,0.05871,-0.09925,0.21668,104
3318,Tankers & gas shipping,2021-10-08,0.71512,-0.12009,-0.36912,0.12894,0.05200,-0.10428,0.20827,104
3319,Tankers & gas shipping,2021-10-15,0.70693,-0.11989,-0.36949,0.12971,0.05094,-0.10549,0.20737,104
3320,Tankers & gas shipping,2021-10-22,0.71030,-0.11889,-0.36900,0.13121,0.05290,-0.10430,0.21010,104
3321,Tankers & gas shipping,2021-10-29,0.70933,-0.11864,-0.36866,0.13137,0.05328,-0.10390,0.21047,104
3322,Tankers & gas shipping,2021-11-05,0.71323,-0.11846,-0.36474,0.12782,0.05343,-0.10387,0.21072,104
3323,Tankers & gas shipping,2021-11-12,0.72979,-0.12325,-0.36806,0.12157,0.05285,-0.10225,0.20794,104
3324,Tankers & gas shipping,2021-11-19,0.72555,-0.11864,-0.36456,0.12728,0.05649,-0.09900,0.21199,104
3325,Tankers & gas shipping,2021-11-26,0.73280,-0.11785,-0.36406,0.12836,0.06102,-0.09319,0.21523,104
3326,Tankers & gas shipping,2021-12-03,0.73140,-0.11683,-0.36267,0.12902,0.06154,-0.09257,0.21566,104
3327,Tankers & gas shipping,2021-12-10,0.72309,-0.10967,-0.35742,0.13808,0.06577,-0.09122,0.22276,104
3328,Tankers & gas shipping,2021-12-17,0.71265,-0.10813,-0.35654,0.14027,0.06487,-0.09218,0.22192,104
3329,Tankers & gas shipping,2021-12-24,0.71489,-0.10822,-0.35685,0.14040,0.06589,-0.09104,0.22283,104
3330,Tankers & gas shipping,2021-12-31,0.70908,-0.10665,-0.35568,0.14237,0.06586,-0.09135,0.22307,104
3331,Tankers & gas shipping,2022-01-07,0.70407,-0.10228,-0.35507,0.15050,0.06936,-0.09079,0.22951,104
3332,Tankers & gas shipping,2022-01-14,0.70736,-0.10329,-0.35504,0.14846,0.06891,-0.09059,0.22842,104
3333,Tankers & gas shipping,2022-01-21,0.72046,-0.11138,-0.35721,0.13445,0.06386,-0.09251,0.22023,104
3334,Tankers & gas shipping,2022-01-28,0.68730,-0.10744,-0.35434,0.13946,0.05841,-0.09863,0.21544,104
3335,Tankers & gas shipping,2022-02-04,0.73282,-0.12922,-0.36725,0.10882,0.04970,-0.09603,0.19542,104
3336,Tankers & gas shipping,2022-02-11,0.74596,-0.13517,-0.37111,0.10077,0.04731,-0.09600,0.19062,104
3337,Tankers & gas shipping,2022-02-18,0.73001,-0.13187,-0.36913,0.10539,0.04700,-0.09819,0.19219,104
3338,Tankers & gas shipping,2022-02-25,0.61341,-0.11844,-0.36825,0.13137,0.01834,-0.13242,0.16911,104
3339,Tankers & gas shipping,2022-03-04,0.57728,-0.12828,-0.34795,0.09138,-0.00736,-0.14747,0.13274,104
3340,Tankers & gas shipping,2022-03-11,0.83660,-0.12566,-0.34521,0.09389,-0.00271,-0.19020,0.18478,104
3341,Tankers & gas shipping,2022-03-18,0.89027,-0.19370,-0.35369,-0.03372,-0.05734,-0.19764,0.08296,104
3342,Tankers & gas shipping,2022-03-25,0.88898,-0.18472,-0.35090,-0.01855,-0.04668,-0.19134,0.09797,104
3343,Tankers & gas shipping,2022-04-01,0.90518,-0.19657,-0.36763,-0.02551,-0.07257,-0.23155,0.08640,104
3344,Tankers & gas shipping,2022-04-08,0.94279,-0.20895,-0.38401,-0.03388,-0.07662,-0.23489,0.08166,104
3345,Tankers & gas shipping,2022-04-15,0.91681,-0.19532,-0.37630,-0.01435,-0.05310,-0.21487,0.10868,104
3346,Tankers & gas shipping,2022-04-22,0.84774,-0.12224,-0.26981,0.02533,0.02895,-0.10348,0.16139,104
3347,Tankers & gas shipping,2022-04-29,0.86099,-0.10220,-0.24408,0.03969,0.04330,-0.08493,0.17153,104
3348,Tankers & gas shipping,2022-05-06,0.80017,-0.06965,-0.21754,0.07824,0.08904,-0.04590,0.22399,104
3349,Tankers & gas shipping,2022-05-13,0.73912,-0.04706,-0.18707,0.09295,0.10276,-0.03043,0.23596,104
3350,Tankers & gas shipping,2022-05-20,0.77702,-0.05196,-0.19086,0.08693,0.10306,-0.03004,0.23616,104
3351,Tankers & gas shipping,2022-05-27,0.79918,-0.04673,-0.18659,0.09313,0.11547,-0.01983,0.25077,104
3352,Tankers & gas shipping,2022-06-03,0.85116,-0.01048,-0.14800,0.12704,0.14700,0.02164,0.27235,104
3353,Tankers & gas shipping,2022-06-10,0.86186,-0.01951,-0.15890,0.11988,0.13117,0.00131,0.26103,104
3354,Tankers & gas shipping,2022-06-17,0.83723,-0.01528,-0.15744,0.12687,0.14344,0.01429,0.27258,104
3355,Tankers & gas shipping,2022-06-24,0.80379,-0.01103,-0.15455,0.13249,0.13951,0.00735,0.27167,104
3356,Tankers & gas shipping,2022-07-01,0.79990,-0.01372,-0.15611,0.12867,0.13524,0.00374,0.26673,104
3357,Tankers & gas shipping,2022-07-08,0.78305,-0.00602,-0.14731,0.13527,0.13517,0.00407,0.26627,104
3358,Tankers & gas shipping,2022-07-15,0.77489,-0.01676,-0.15595,0.12243,0.12780,-0.00107,0.25667,104
3359,Tankers & gas shipping,2022-07-22,0.77286,-0.01657,-0.15525,0.12212,0.12876,-0.00034,0.25786,104
3360,Tankers & gas shipping,2022-07-29,0.77223,-0.01922,-0.15716,0.11873,0.13008,0.00167,0.25848,104
3361,Tankers & gas shipping,2022-08-05,0.79243,-0.02751,-0.14907,0.09405,0.11493,-0.00064,0.23049,104
3362,Tankers & gas shipping,2022-08-12,0.79940,-0.02215,-0.14401,0.09972,0.12186,0.00706,0.23667,104
3363,Tankers & gas shipping,2022-08-19,0.80822,-0.02780,-0.14836,0.09277,0.11665,0.00254,0.23076,104
3364,Tankers & gas shipping,2022-08-26,0.81028,-0.03047,-0.15079,0.08984,0.11391,0.00016,0.22767,104
3365,Tankers & gas shipping,2022-09-02,0.78988,-0.03879,-0.15796,0.08038,0.10445,-0.00757,0.21647,104
3366,Tankers & gas shipping,2022-09-09,0.76524,-0.03149,-0.15719,0.09421,0.11345,-0.00318,0.23008,104
3367,Tankers & gas shipping,2022-09-16,0.74796,-0.02408,-0.15434,0.10618,0.12080,-0.00004,0.24164,104
3368,Tankers & gas shipping,2022-09-23,0.70509,-0.02321,-0.15460,0.10819,0.11860,-0.00178,0.23898,104
3369,Tankers & gas shipping,2022-09-30,0.70689,-0.02699,-0.16123,0.10724,0.12062,0.00024,0.24099,104
3370,Tankers & gas shipping,2022-10-07,0.70178,-0.03089,-0.16230,0.10051,0.11578,0.00084,0.23073,104
3371,Tankers & gas shipping,2022-10-14,0.69458,-0.03742,-0.16480,0.08997,0.10915,-0.00246,0.22077,104
3372,Tankers & gas shipping,2022-10-21,0.70333,-0.03886,-0.16601,0.08829,0.10892,-0.00257,0.22042,104
3373,Tankers & gas shipping,2022-10-28,0.63858,-0.04443,-0.17253,0.08366,0.08020,-0.03429,0.19468,104
3374,Tankers & gas shipping,2022-11-04,0.69587,-0.04719,-0.17399,0.07960,0.08636,-0.02809,0.20080,104
3375,Tankers & gas shipping,2022-11-11,0.67108,-0.04685,-0.17293,0.07922,0.07458,-0.04016,0.18933,104
3376,Tankers & gas shipping,2022-11-18,0.66804,-0.05089,-0.17167,0.06988,0.06949,-0.03969,0.17867,104
3377,Tankers & gas shipping,2022-11-25,0.60024,-0.02753,-0.15437,0.09931,0.07156,-0.04281,0.18593,104
3378,Tankers & gas shipping,2022-12-02,0.60724,-0.02971,-0.15570,0.09628,0.07079,-0.04294,0.18452,104
3379,Tankers & gas shipping,2022-12-09,0.60027,-0.01198,-0.14300,0.11905,0.08560,-0.03014,0.20134,104
3380,Tankers & gas shipping,2022-12-16,0.57118,-0.00406,-0.14260,0.13448,0.08683,-0.03346,0.20711,104
3381,Tankers & gas shipping,2022-12-23,0.57117,-0.01460,-0.14852,0.11932,0.07714,-0.03854,0.19282,104
3382,Tankers & gas shipping,2022-12-30,0.58966,-0.01988,-0.15275,0.11299,0.07435,-0.04030,0.18900,104
3383,Tankers & gas shipping,2023-01-06,0.57560,-0.00034,-0.13431,0.13364,0.08878,-0.02778,0.20534,104
3384,Tankers & gas shipping,2023-01-13,0.57036,0.00692,-0.12891,0.14276,0.09404,-0.02434,0.21242,104
3385,Tankers & gas shipping,2023-01-20,0.56140,0.01214,-0.12681,0.15110,0.09726,-0.02365,0.21816,104
3386,Tankers & gas shipping,2023-01-27,0.50674,0.02144,-0.12056,0.16343,0.09749,-0.02530,0.22027,104
3387,Tankers & gas shipping,2023-02-03,0.52798,-0.00357,-0.13609,0.12894,0.07033,-0.04666,0.18733,104
3388,Tankers & gas shipping,2023-02-10,0.54472,-0.00050,-0.13210,0.13110,0.07832,-0.03684,0.19348,104
3389,Tankers & gas shipping,2023-02-17,0.53740,-0.01059,-0.14402,0.12283,0.06741,-0.04933,0.18415,104
3390,Tankers & gas shipping,2023-02-24,0.53919,-0.00349,-0.13589,0.12890,0.07437,-0.04104,0.18977,104
3391,Tankers & gas shipping,2023-03-03,0.56576,-0.00234,-0.13450,0.12982,0.07805,-0.03659,0.19270,104
3392,Tankers & gas shipping,2023-03-10,0.52620,0.00251,-0.12991,0.13492,0.07913,-0.03512,0.19339,104
3393,Tankers & gas shipping,2023-03-17,0.57546,0.01832,-0.11571,0.15234,0.11158,-0.00053,0.22369,104
3394,Tankers & gas shipping,2023-03-24,0.58266,0.01584,-0.11694,0.14863,0.10953,-0.00153,0.22059,104
3395,Tankers & gas shipping,2023-03-31,0.57540,0.01093,-0.12220,0.14406,0.10762,-0.00213,0.21737,104
3396,Tankers & gas shipping,2023-04-07,0.59680,-0.00643,-0.14019,0.12733,0.09277,-0.01649,0.20204,104
3397,Tankers & gas shipping,2023-04-14,0.62530,-0.00580,-0.14040,0.12879,0.09748,-0.01197,0.20692,104
3398,Tankers & gas shipping,2023-04-21,0.62835,-0.00661,-0.13991,0.12670,0.09732,-0.01068,0.20533,104
3399,Tankers & gas shipping,2023-04-28,0.61261,-0.00135,-0.13232,0.12962,0.09906,-0.00818,0.20629,104
3400,Tankers & gas shipping,2023-05-05,0.62451,0.00450,-0.12631,0.13531,0.10766,0.00075,0.21457,104
3401,Tankers & gas shipping,2023-05-12,0.63752,0.00182,-0.12913,0.13276,0.10710,0.00080,0.21341,104
3402,Tankers & gas shipping,2023-05-19,0.60053,0.01263,-0.11815,0.14341,0.11400,0.00797,0.22003,104
3403,Tankers & gas shipping,2023-05-26,0.61524,0.02125,-0.10929,0.15180,0.12419,0.01879,0.22959,104
3404,Tankers & gas shipping,2023-06-02,0.61253,0.02237,-0.10766,0.15241,0.12386,0.01845,0.22927,104
3405,Tankers & gas shipping,2023-06-09,0.60946,0.02419,-0.10555,0.15392,0.12507,0.01992,0.23022,104
3406,Tankers & gas shipping,2023-06-16,0.59193,0.03014,-0.10110,0.16138,0.12890,0.02235,0.23545,104
3407,Tankers & gas shipping,2023-06-23,0.61545,0.02894,-0.10198,0.15986,0.13274,0.02676,0.23872,104
3408,Tankers & gas shipping,2023-06-30,0.60599,0.02946,-0.10128,0.16020,0.13206,0.02625,0.23786,104
3409,Tankers & gas shipping,2023-07-07,0.60303,0.02927,-0.10018,0.15873,0.12943,0.02379,0.23507,104
3410,Tankers & gas shipping,2023-07-14,0.60658,0.02336,-0.10515,0.15187,0.12412,0.01942,0.22883,104
3411,Tankers & gas shipping,2023-07-21,0.58475,0.02635,-0.10249,0.15519,0.12407,0.01852,0.22963,104
3412,Tankers & gas shipping,2023-07-28,0.58100,0.03041,-0.09933,0.16015,0.12722,0.02109,0.23334,104
3413,Tankers & gas shipping,2023-08-04,0.61837,0.01447,-0.11488,0.14383,0.12111,0.01509,0.22713,104
3414,Tankers & gas shipping,2023-08-11,0.62846,0.01230,-0.11730,0.14190,0.12088,0.01483,0.22693,104
3415,Tankers & gas shipping,2023-08-18,0.62036,0.01094,-0.12084,0.14272,0.11736,0.00836,0.22637,104
3416,Tankers & gas shipping,2023-08-25,0.62650,0.02062,-0.11387,0.15511,0.12622,0.01413,0.23831,104
3417,Tankers & gas shipping,2023-09-01,0.61874,0.01987,-0.11456,0.15431,0.12597,0.01426,0.23769,104
3418,Tankers & gas shipping,2023-09-08,0.61931,0.01931,-0.11496,0.15358,0.12537,0.01374,0.23699,104
3419,Tankers & gas shipping,2023-09-15,0.61217,0.01743,-0.11701,0.15187,0.12471,0.01337,0.23605,104
3420,Tankers & gas shipping,2023-09-22,0.61074,0.01555,-0.11894,0.15003,0.12224,0.01038,0.23410,104
3421,Tankers & gas shipping,2023-09-29,0.60701,0.01270,-0.12096,0.14635,0.11813,0.00675,0.22951,104
3422,Tankers & gas shipping,2023-10-06,0.60235,0.01478,-0.11512,0.14468,0.12245,0.01706,0.22785,104
3423,Tankers & gas shipping,2023-10-13,0.66676,0.01675,-0.11412,0.14762,0.13983,0.03455,0.24511,104
3424,Tankers & gas shipping,2023-10-20,0.64002,0.02268,-0.10889,0.15424,0.13969,0.03312,0.24625,104
3425,Tankers & gas shipping,2023-10-27,0.62965,0.02115,-0.11020,0.15251,0.13587,0.02967,0.24207,104
3426,Tankers & gas shipping,2023-11-03,0.64307,0.01836,-0.10955,0.14628,0.13332,0.02938,0.23725,104
3427,Tankers & gas shipping,2023-11-10,0.63831,0.02334,-0.10481,0.15148,0.13698,0.03289,0.24107,104
3428,Tankers & gas shipping,2023-11-17,0.62319,0.01910,-0.10677,0.14496,0.12966,0.02968,0.22964,104
3429,Tankers & gas shipping,2023-11-24,0.58937,0.01638,-0.10847,0.14123,0.11674,0.01781,0.21567,104
3430,Tankers & gas shipping,2023-12-01,0.60097,0.01448,-0.11073,0.13968,0.11752,0.01856,0.21648,104
3431,Tankers & gas shipping,2023-12-08,0.60560,0.01447,-0.11187,0.14080,0.11914,0.01905,0.21924,104
3432,Tankers & gas shipping,2023-12-15,0.60412,0.01266,-0.11290,0.13821,0.11656,0.01699,0.21613,104
3433,Tankers & gas shipping,2023-12-22,0.59118,0.02400,-0.10631,0.15431,0.12397,0.01944,0.22849,104
3434,Tankers & gas shipping,2023-12-29,0.57067,0.03316,-0.10094,0.16727,0.12912,0.02167,0.23657,104
3435,Tankers & gas shipping,2024-01-05,0.57586,0.03485,-0.10124,0.17094,0.13188,0.02227,0.24149,104
3436,Tankers & gas shipping,2024-01-12,0.58005,0.03805,-0.09836,0.17446,0.13598,0.02530,0.24666,104
3437,Tankers & gas shipping,2024-01-19,0.52447,0.05070,-0.09045,0.19185,0.14047,0.02683,0.25411,104
3438,Tankers & gas shipping,2024-01-26,0.52927,0.04538,-0.09366,0.18442,0.13674,0.02559,0.24788,104
3439,Tankers & gas shipping,2024-02-02,0.52695,0.04520,-0.09166,0.18206,0.13602,0.02725,0.24479,104
3440,Tankers & gas shipping,2024-02-09,0.52141,0.04322,-0.08876,0.17520,0.12888,0.02133,0.23642,104
3441,Tankers & gas shipping,2024-02-16,0.55007,0.04050,-0.09164,0.17265,0.13104,0.02433,0.23776,104
3442,Tankers & gas shipping,2024-02-23,0.55440,0.04008,-0.09374,0.17389,0.13226,0.02447,0.24006,104
3443,Tankers & gas shipping,2024-03-01,0.52028,0.06568,-0.07941,0.21077,0.16300,0.05020,0.27580,104
3444,Tankers & gas shipping,2024-03-08,0.51800,0.06649,-0.08106,0.21403,0.16416,0.04978,0.27853,104
3445,Tankers & gas shipping,2024-03-15,0.54104,0.06257,-0.09525,0.22039,0.16768,0.05028,0.28507,104
3446,Tankers & gas shipping,2024-03-22,0.51520,0.07113,-0.08721,0.22948,0.17047,0.05177,0.28918,104
3447,Tankers & gas shipping,2024-03-29,0.44612,0.12088,-0.01665,0.25841,0.21612,0.11398,0.31825,104
3448,Tankers & gas shipping,2024-04-05,0.43908,0.13310,-0.00546,0.27165,0.22751,0.12424,0.33079,104
3449,Tankers & gas shipping,2024-04-12,0.45309,0.13525,-0.00234,0.27284,0.23335,0.12939,0.33731,104
3450,Tankers & gas shipping,2024-04-19,0.44379,0.13505,-0.00237,0.27247,0.23195,0.12905,0.33485,104
3451,Tankers & gas shipping,2024-04-26,0.43587,0.13804,-0.00116,0.27723,0.23509,0.13194,0.33823,104
3452,Tankers & gas shipping,2024-05-03,0.44228,0.13354,-0.00244,0.26952,0.23100,0.13067,0.33133,104
3453,Tankers & gas shipping,2024-05-10,0.48321,0.12396,-0.01269,0.26060,0.23050,0.12990,0.33110,104
3454,Tankers & gas shipping,2024-05-17,0.45172,0.12749,-0.00876,0.26374,0.22667,0.12808,0.32525,104
3455,Tankers & gas shipping,2024-05-24,0.43035,0.11989,-0.01626,0.25605,0.21246,0.11568,0.30924,104
3456,Tankers & gas shipping,2024-05-31,0.43288,0.11911,-0.01698,0.25520,0.21228,0.11555,0.30902,104
3457,Tankers & gas shipping,2024-06-07,0.40262,0.13497,-0.00172,0.27165,0.22326,0.12639,0.32013,104
3458,Tankers & gas shipping,2024-06-14,0.48088,0.10924,-0.03425,0.25273,0.20953,0.10979,0.30927,104
3459,Tankers & gas shipping,2024-06-21,0.49789,0.10543,-0.03927,0.25013,0.20963,0.10998,0.30928,104
3460,Tankers & gas shipping,2024-06-28,0.50748,0.10606,-0.03853,0.25065,0.21252,0.11244,0.31260,104
3461,Tankers & gas shipping,2024-07-05,0.53211,0.09698,-0.05365,0.24761,0.21096,0.10862,0.31331,104
3462,Tankers & gas shipping,2024-07-12,0.51706,0.11441,-0.03394,0.26276,0.22314,0.12231,0.32396,104
3463,Tankers & gas shipping,2024-07-19,0.51328,0.11448,-0.03336,0.26232,0.22031,0.12011,0.32052,104
3464,Tankers & gas shipping,2024-07-26,0.53042,0.11668,-0.03033,0.26369,0.22231,0.12257,0.32205,104
3465,Tankers & gas shipping,2024-08-02,0.52063,0.14557,-0.01437,0.30552,0.25820,0.14781,0.36859,104
3466,Tankers & gas shipping,2024-08-09,0.51378,0.13392,-0.02519,0.29303,0.24404,0.13520,0.35288,104
3467,Tankers & gas shipping,2024-08-16,0.50861,0.13820,-0.01886,0.29525,0.24754,0.13957,0.35551,104
3468,Tankers & gas shipping,2024-08-23,0.50785,0.14489,-0.01271,0.30248,0.25476,0.14741,0.36212,104
3469,Tankers & gas shipping,2024-08-30,0.51544,0.14863,-0.01069,0.30795,0.25710,0.14559,0.36861,104
3470,Tankers & gas shipping,2024-09-06,0.55801,0.16336,0.00214,0.32458,0.28569,0.16841,0.40298,104
3471,Tankers & gas shipping,2024-09-13,0.57190,0.16131,-0.00003,0.32264,0.28603,0.16837,0.40370,104
3472,Tankers & gas shipping,2024-09-20,0.61828,0.15422,-0.00481,0.31325,0.28007,0.16216,0.39799,104
3473,Tankers & gas shipping,2024-09-27,0.63830,0.14735,-0.01200,0.30670,0.27795,0.16030,0.39560,104
3474,Tankers & gas shipping,2024-10-04,0.64600,0.15377,-0.00895,0.31648,0.28685,0.16437,0.40934,104
3475,Tankers & gas shipping,2024-10-11,0.66897,0.16070,-0.00229,0.32368,0.29610,0.17093,0.42128,104
3476,Tankers & gas shipping,2024-10-18,0.65058,0.18063,0.01614,0.34512,0.31109,0.18171,0.44048,104
3477,Tankers & gas shipping,2024-10-25,0.65720,0.16789,0.00681,0.32897,0.29902,0.17603,0.42201,104
3478,Tankers & gas shipping,2024-11-01,0.63408,0.17151,0.01018,0.33285,0.29757,0.17547,0.41967,104
3479,Tankers & gas shipping,2024-11-08,0.67542,0.15915,-0.00248,0.32077,0.29276,0.16997,0.41554,104
3480,Tankers & gas shipping,2024-11-15,0.68145,0.17178,0.00416,0.33940,0.30309,0.17270,0.43349,104
3481,Tankers & gas shipping,2024-11-22,0.74894,0.14268,-0.02351,0.30887,0.29440,0.16486,0.42394,104
3482,Tankers & gas shipping,2024-11-29,0.76213,0.14840,-0.01816,0.31496,0.30447,0.17504,0.43391,104
3483,Tankers & gas shipping,2024-12-06,0.76596,0.14557,-0.03177,0.32291,0.30758,0.16808,0.44709,104
3484,Tankers & gas shipping,2024-12-13,0.84500,0.10679,-0.07035,0.28393,0.28653,0.14791,0.42515,104
3485,Tankers & gas shipping,2024-12-20,0.84165,0.12024,-0.06027,0.30075,0.30162,0.15861,0.44463,104
3486,Tankers & gas shipping,2024-12-27,0.84389,0.12747,-0.05904,0.31398,0.31215,0.16654,0.45776,104
3487,Tankers & gas shipping,2025-01-03,0.86843,0.10874,-0.07931,0.29679,0.30792,0.16162,0.45423,104
3488,Tankers & gas shipping,2025-01-10,0.88034,0.11389,-0.08344,0.31122,0.32232,0.16723,0.47740,104
3489,Tankers & gas shipping,2025-01-17,0.89804,0.09925,-0.10332,0.30183,0.31383,0.15817,0.46949,104
3490,Tankers & gas shipping,2025-01-24,0.90615,0.10747,-0.10437,0.31932,0.32423,0.16152,0.48695,104
3491,Tankers & gas shipping,2025-01-31,0.87639,0.13983,-0.05112,0.33078,0.35861,0.20618,0.51104,104
3492,Tankers & gas shipping,2025-02-07,0.86443,0.13028,-0.06714,0.32770,0.34815,0.19022,0.50607,104
3493,Tankers & gas shipping,2025-02-14,0.86125,0.15280,-0.04379,0.34939,0.37005,0.21579,0.52430,104
3494,Tankers & gas shipping,2025-02-21,0.85757,0.15374,-0.04284,0.35032,0.37003,0.21572,0.52433,104
3495,Tankers & gas shipping,2025-02-28,0.87283,0.15638,-0.04073,0.35348,0.37447,0.21856,0.53039,104
3496,Tankers & gas shipping,2025-03-07,0.89799,0.16666,-0.03225,0.36557,0.38495,0.22905,0.54084,104
3497,Tankers & gas shipping,2025-03-14,0.90647,0.17470,-0.02725,0.37664,0.37223,0.20415,0.54030,104
3498,Tankers & gas shipping,2025-03-21,0.92523,0.17802,-0.02650,0.38253,0.38471,0.21420,0.55522,104
3499,Tankers & gas shipping,2025-03-28,1.02390,0.16433,-0.03275,0.36141,0.37712,0.21529,0.53895,104
3500,Tankers & gas shipping,2025-04-04,1.15027,0.22119,0.03589,0.40649,0.52018,0.34375,0.69661,104
3501,Tankers & gas shipping,2025-04-11,1.16801,0.20634,0.01996,0.39272,0.50659,0.33649,0.67669,104
3502,Tankers & gas shipping,2025-04-18,1.15811,0.21977,0.02971,0.40984,0.52088,0.34644,0.69532,104
3503,Tankers & gas shipping,2025-04-25,1.17493,0.21781,0.02739,0.40824,0.52687,0.34990,0.70384,104
3504,Tankers & gas shipping,2025-05-02,1.20030,0.19972,0.03478,0.36466,0.47380,0.30593,0.64168,104
3505,Tankers & gas shipping,2025-05-09,1.19965,0.19935,0.03617,0.36253,0.46885,0.30193,0.63576,104
3506,Tankers & gas shipping,2025-05-16,1.23856,0.19588,0.03287,0.35889,0.47993,0.31373,0.64614,104
3507,Tankers & gas shipping,2025-05-23,1.26320,0.19187,0.02765,0.35610,0.48475,0.31902,0.65047,104
3508,Tankers & gas shipping,2025-05-30,1.26690,0.19014,0.02625,0.35404,0.48370,0.31829,0.64910,104
3509,Tankers & gas shipping,2025-06-06,1.26976,0.18358,0.02104,0.34612,0.47953,0.31553,0.64354,104
3510,Tankers & gas shipping,2025-06-13,1.26807,0.16595,0.01008,0.32182,0.45933,0.30442,0.61424,104
3511,Tankers & gas shipping,2025-06-20,1.30876,0.16446,0.00954,0.31938,0.45601,0.30144,0.61058,104
3512,Tankers & gas shipping,2025-06-27,1.31891,0.16722,0.02309,0.31135,0.45681,0.31804,0.59559,104
3513,Tankers & gas shipping,2025-07-04,1.34235,0.15888,0.01105,0.30671,0.46364,0.32438,0.60290,104
3514,Tankers & gas shipping,2025-07-11,1.30708,0.18028,0.02841,0.33214,0.47484,0.33224,0.61744,104
3515,Tankers & gas shipping,2025-07-18,1.33575,0.17718,0.02639,0.32796,0.47662,0.33383,0.61942,104
3516,Tankers & gas shipping,2025-07-25,1.34178,0.16929,0.01813,0.32044,0.47416,0.33182,0.61651,104
3517,Tankers & gas shipping,2025-08-01,1.34010,0.16426,0.01501,0.31352,0.46680,0.32499,0.60861,104
3518,Tankers & gas shipping,2025-08-08,1.37819,0.14332,-0.00560,0.29223,0.44778,0.30746,0.58809,104
3519,Tankers & gas shipping,2025-08-15,1.39663,0.14641,-0.00125,0.29408,0.45175,0.31284,0.59066,104
3520,Tankers & gas shipping,2025-08-22,1.42167,0.14971,0.00235,0.29707,0.46259,0.32394,0.60124,104
3521,Tankers & gas shipping,2025-08-29,1.43391,0.15509,0.00816,0.30202,0.46419,0.32513,0.60326,104
3522,Tankers & gas shipping,2025-09-05,1.42559,0.14996,0.00245,0.29748,0.46104,0.32361,0.59846,104
3523,Tankers & gas shipping,2025-09-12,1.44525,0.15233,0.00554,0.29911,0.46455,0.33051,0.59859,104
3524,Tankers & gas shipping,2025-09-19,1.44395,0.15402,0.00723,0.30082,0.46597,0.33289,0.59906,104
3525,Tankers & gas shipping,2025-09-26,1.44964,0.14376,-0.00368,0.29120,0.45819,0.32534,0.59105,104
3526,Tankers & gas shipping,2025-10-03,1.46959,0.18383,0.03950,0.32817,0.48734,0.37287,0.60181,104
3527,Tankers & gas shipping,2025-10-10,1.46832,0.18513,0.04086,0.32939,0.46918,0.35096,0.58740,104
3528,Tankers & gas shipping,2025-10-17,1.55236,0.15953,0.01820,0.30086,0.46850,0.35248,0.58452,104
3529,Tankers & gas shipping,2025-10-24,1.56839,0.16744,0.02970,0.30519,0.47483,0.36298,0.58669,104
3530,Tankers & gas shipping,2025-10-31,1.49393,0.18032,0.03366,0.32699,0.48907,0.37329,0.60484,104
3531,Tankers & gas shipping,2025-11-07,1.49341,0.17702,0.03037,0.32366,0.48827,0.37211,0.60442,104
3532,Tankers & gas shipping,2025-11-14,1.50744,0.17361,0.02756,0.31967,0.48907,0.37344,0.60470,104
3533,Tankers & gas shipping,2025-11-21,1.49040,0.17104,0.02573,0.31636,0.48645,0.37011,0.60279,104
3534,Tankers & gas shipping,2025-11-28,1.46311,0.17129,0.02632,0.31626,0.48118,0.36449,0.59787,104
3535,Tankers & gas shipping,2025-12-05,1.44661,0.16961,0.02586,0.31336,0.47626,0.35940,0.59312,104
3536,Tankers & gas shipping,2025-12-12,1.43362,0.17842,0.03227,0.32458,0.47830,0.36047,0.59613,104
3537,Tankers & gas shipping,2025-12-19,1.45345,0.15867,0.03323,0.28411,0.46512,0.36054,0.56969,104
3538,Tankers & gas shipping,2025-12-26,1.48271,0.14035,0.02395,0.25675,0.45367,0.35259,0.55475,104
3539,Tankers & gas shipping,2026-01-02,1.45766,0.14211,0.02760,0.25662,0.44555,0.34363,0.54747,104
3540,Tankers & gas shipping,2026-01-09,1.42282,0.17497,0.03508,0.31486,0.46638,0.35079,0.58197,104
3541,Tankers & gas shipping,2026-01-16,1.49302,0.15919,0.01983,0.29855,0.46915,0.35408,0.58423,104
3542,Tankers & gas shipping,2026-01-23,1.51315,0.15721,0.02398,0.29045,0.46870,0.35716,0.58025,104
3543,Tankers & gas shipping,2026-01-30,1.52205,0.16938,0.03362,0.30514,0.47810,0.36669,0.58951,104
3544,Tankers & gas shipping,2026-02-06,1.54830,0.15779,0.02007,0.29551,0.48660,0.37643,0.59676,104
3545,Tankers & gas shipping,2026-02-13,1.53988,0.15795,0.02043,0.29547,0.48286,0.37253,0.59319,104
3546,Tankers & gas shipping,2026-02-20,1.55764,0.16162,0.02349,0.29976,0.49926,0.38955,0.60896,104
3547,Tankers & gas shipping,2026-02-27,1.55565,0.16850,0.02844,0.30856,0.50499,0.39341,0.61657,104
3548,Tankers & gas shipping,2026-03-06,1.69727,0.04146,-0.14465,0.22757,0.31541,0.16461,0.46621,104
3549,Tankers & gas shipping,2026-03-13,1.69219,-0.02034,-0.25336,0.21268,0.25318,0.04648,0.45989,104
3550,Tankers & gas shipping,2026-03-20,1.71271,-0.00656,-0.21892,0.20579,0.26658,0.07934,0.45382,104
3551,Tankers & gas shipping,2026-03-27,1.71747,-0.00730,-0.22097,0.20637,0.26655,0.07876,0.45434,104
3552,Tankers & gas shipping,2026-04-03,1.66557,0.00352,-0.19113,0.19816,0.23217,0.05058,0.41376,104
3553,Tankers & gas shipping,2026-04-10,1.64979,0.01028,-0.18494,0.20549,0.23766,0.05637,0.41894,104
3554,Tankers & gas shipping,2026-04-17,1.59150,0.00847,-0.18479,0.20174,0.23342,0.05522,0.41161,104
3555,Tankers & gas shipping,2026-04-24,1.60562,-0.01309,-0.18029,0.15411,0.20171,0.04025,0.36317,104
3556,Tankers & gas shipping,2026-05-01,1.59925,-0.00251,-0.17325,0.16823,0.21544,0.05256,0.37832,104
3557,Tankers & gas shipping,2026-05-08,1.55760,-0.01812,-0.18383,0.14759,0.20211,0.04134,0.36288,104
3558,Tankers & gas shipping,2026-05-15,1.54671,-0.02615,-0.18850,0.13620,0.19652,0.03707,0.35597,104
3559,Tankers & gas shipping,2026-05-22,1.53343,-0.02018,-0.17987,0.13951,0.19596,0.03780,0.35411,104
3560,Tankers & gas shipping,2026-05-29,1.54612,-0.00409,-0.16605,0.15788,0.21881,0.06237,0.37526,104
3561,Tankers & gas shipping,2026-06-05,1.52870,-0.00264,-0.16722,0.16194,0.21615,0.05718,0.37512,104
3562,Tankers & gas shipping,2026-06-12,1.50453,-0.00603,-0.17022,0.15815,0.21411,0.05792,0.37029,104
3563,Tankers & gas shipping,2026-06-19,1.47694,-0.01052,-0.17236,0.15132,0.21519,0.06326,0.36712,104
3564,Tankers & gas shipping,2026-06-26,1.46445,-0.01805,-0.17356,0.13746,0.20595,0.06026,0.35164,104
3565,Tankers & gas shipping,2026-07-03,1.44838,-0.01520,-0.17192,0.14151,0.20637,0.05939,0.35336,104
3566,Tankers & gas shipping,2026-07-10,1.46057,-0.01331,-0.17030,0.14367,0.20817,0.06093,0.35540,104
3567,Tankers & gas shipping,2026-07-17,1.46328,-0.01732,-0.16191,0.12726,0.19789,0.06111,0.33467,104
3568,Tankers & gas shipping,2026-07-24,1.47268,-0.01308,-0.15783,0.13167,0.20622,0.07062,0.34182,104
3569,Tankers & gas shipping,2026-07-31,1.45868,-0.01104,-0.15455,0.13247,0.19968,0.06390,0.33546,104
3570,Tankers & gas shipping,2026-08-07,1.44980,-0.00552,-0.14985,0.13881,0.20128,0.06484,0.33772,104
3571,Tankers & gas shipping,2026-08-14,1.43383,-0.00630,-0.14955,0.13696,0.20204,0.06792,0.33616,104
3572,Tankers & gas shipping,2026-08-21,1.41393,0.00534,-0.14400,0.15467,0.20839,0.06943,0.34736,104
3573,Tankers & gas shipping,2026-08-28,1.41421,0.00518,-0.14249,0.15286,0.20672,0.06911,0.34432,104
3574,Tankers & gas shipping,2026-09-04,1.36677,0.01767,-0.13845,0.17380,0.19903,0.05170,0.34635,104
3575,Tankers & gas shipping,2026-09-11,1.35232,0.02658,-0.13357,0.18673,0.20270,0.05197,0.35343,104
3576,Other shipping,2011-12-23,0.96625,-0.20842,-0.37436,-0.04248,0.28852,0.12913,0.44790,78
3577,Other shipping,2011-12-30,0.96072,-0.20164,-0.36760,-0.03568,0.29194,0.13166,0.45223,79
3578,Other shipping,2012-01-06,0.95964,-0.19280,-0.36033,-0.02528,0.29907,0.13993,0.45822,80
3579,Other shipping,2012-01-13,0.96544,-0.19847,-0.36060,-0.03633,0.28985,0.13207,0.44763,81
3580,Other shipping,2012-01-20,0.96438,-0.19766,-0.35837,-0.03694,0.28878,0.13111,0.44644,82
3581,Other shipping,2012-01-27,0.96443,-0.19749,-0.35824,-0.03674,0.28907,0.13170,0.44645,83
3582,Other shipping,2012-02-03,0.95806,-0.19896,-0.35981,-0.03811,0.28723,0.13017,0.44429,84
3583,Other shipping,2012-02-10,0.95837,-0.19803,-0.35892,-0.03714,0.28873,0.13246,0.44500,85
3584,Other shipping,2012-02-17,0.96072,-0.19198,-0.35333,-0.03064,0.29622,0.14063,0.45181,86
3585,Other shipping,2012-02-24,0.96170,-0.19429,-0.35408,-0.03450,0.29059,0.13758,0.44361,87
3586,Other shipping,2012-03-02,0.96285,-0.19629,-0.35511,-0.03747,0.28797,0.13544,0.44050,88
3587,Other shipping,2012-03-09,0.96493,-0.19811,-0.35649,-0.03974,0.28538,0.13303,0.43773,89
3588,Other shipping,2012-03-16,0.95364,-0.19101,-0.34711,-0.03491,0.28552,0.13346,0.43757,90
3589,Other shipping,2012-03-23,0.95448,-0.19113,-0.34717,-0.03509,0.28700,0.13505,0.43895,91
3590,Other shipping,2012-03-30,0.95640,-0.19464,-0.34950,-0.03978,0.28292,0.13146,0.43439,92
3591,Other shipping,2012-04-06,0.95926,-0.19423,-0.34898,-0.03948,0.28527,0.13378,0.43676,93
3592,Other shipping,2012-04-13,0.95977,-0.19436,-0.34900,-0.03972,0.28663,0.13522,0.43804,94
3593,Other shipping,2012-04-20,0.96289,-0.19754,-0.34854,-0.04653,0.27842,0.12784,0.42899,95
3594,Other shipping,2012-04-27,0.95905,-0.19410,-0.34492,-0.04328,0.27976,0.12972,0.42980,96
3595,Other shipping,2012-05-04,0.96039,-0.19883,-0.34605,-0.05161,0.27114,0.12476,0.41752,97
3596,Other shipping,2012-05-11,0.95580,-0.19990,-0.34725,-0.05256,0.26851,0.12206,0.41496,98
3597,Other shipping,2012-05-18,0.93042,-0.20853,-0.35798,-0.05908,0.25772,0.10551,0.40993,99
3598,Other shipping,2012-05-25,0.91937,-0.20057,-0.34670,-0.05443,0.25959,0.10551,0.41367,100
3599,Other shipping,2012-06-01,0.92151,-0.22390,-0.37407,-0.07374,0.23514,0.07483,0.39545,101
3600,Other shipping,2012-06-08,0.90228,-0.21743,-0.36401,-0.07085,0.23325,0.07073,0.39578,102
3601,Other shipping,2012-06-15,0.88040,-0.19531,-0.34074,-0.04988,0.24191,0.08350,0.40033,103
3602,Other shipping,2012-06-22,0.88157,-0.19766,-0.33606,-0.05926,0.23047,0.07724,0.38370,104
3603,Other shipping,2012-06-29,0.87679,-0.20504,-0.34555,-0.06453,0.21946,0.06051,0.37842,104
3604,Other shipping,2012-07-06,0.92235,-0.20314,-0.34318,-0.06311,0.23043,0.08020,0.38066,104
3605,Other shipping,2012-07-13,0.92524,-0.20779,-0.34832,-0.06727,0.22836,0.07884,0.37788,104
3606,Other shipping,2012-07-20,0.92941,-0.21003,-0.35117,-0.06889,0.22275,0.07468,0.37081,104
3607,Other shipping,2012-07-27,0.92899,-0.20915,-0.34967,-0.06863,0.22329,0.07610,0.37048,104
3608,Other shipping,2012-08-03,0.95806,-0.20523,-0.34860,-0.06187,0.23518,0.09793,0.37242,104
3609,Other shipping,2012-08-10,0.96379,-0.16340,-0.31557,-0.01123,0.26959,0.13678,0.40240,104
3610,Other shipping,2012-08-17,0.97236,-0.16580,-0.31640,-0.01521,0.27117,0.13821,0.40412,104
3611,Other shipping,2012-08-24,0.98629,-0.17173,-0.32206,-0.02139,0.27730,0.14240,0.41220,104
3612,Other shipping,2012-08-31,1.04648,-0.20277,-0.34754,-0.05800,0.27521,0.14131,0.40911,104
3613,Other shipping,2012-09-07,1.02073,-0.18754,-0.33293,-0.04214,0.27733,0.14197,0.41269,104
3614,Other shipping,2012-09-14,1.02016,-0.19689,-0.34166,-0.05212,0.26779,0.13066,0.40493,104
3615,Other shipping,2012-09-21,1.02112,-0.19696,-0.33432,-0.05959,0.25340,0.11881,0.38798,104
3616,Other shipping,2012-09-28,1.03557,-0.20557,-0.34685,-0.06430,0.25671,0.11776,0.39567,104
3617,Other shipping,2012-10-05,1.01745,-0.19619,-0.33553,-0.05686,0.25680,0.11703,0.39657,104
3618,Other shipping,2012-10-12,1.01384,-0.19389,-0.33695,-0.05083,0.25885,0.11721,0.40049,104
3619,Other shipping,2012-10-19,1.02765,-0.21361,-0.36158,-0.06565,0.23836,0.09543,0.38129,104
3620,Other shipping,2012-10-26,1.04168,-0.21873,-0.36672,-0.07075,0.24005,0.09795,0.38216,104
3621,Other shipping,2012-11-02,1.02675,-0.22235,-0.37017,-0.07453,0.22178,0.07439,0.36917,104
3622,Other shipping,2012-11-09,1.00294,-0.19318,-0.33749,-0.04888,0.23417,0.08922,0.37912,104
3623,Other shipping,2012-11-16,0.97746,-0.16946,-0.32014,-0.01878,0.24617,0.10040,0.39194,104
3624,Other shipping,2012-11-23,0.98185,-0.17072,-0.31976,-0.02169,0.24907,0.10347,0.39468,104
3625,Other shipping,2012-11-30,0.98257,-0.16859,-0.31942,-0.01776,0.24741,0.09660,0.39822,104
3626,Other shipping,2012-12-07,0.98821,-0.17543,-0.32322,-0.02764,0.23815,0.08857,0.38774,104
3627,Other shipping,2012-12-14,0.97734,-0.16766,-0.31466,-0.02065,0.24035,0.09121,0.38948,104
3628,Other shipping,2012-12-21,0.97382,-0.17268,-0.31975,-0.02561,0.22912,0.07859,0.37965,104
3629,Other shipping,2012-12-28,0.96483,-0.16392,-0.30862,-0.01922,0.23371,0.08368,0.38374,104
3630,Other shipping,2013-01-04,0.97123,-0.16597,-0.31012,-0.02181,0.23521,0.08593,0.38448,104
3631,Other shipping,2013-01-11,0.96799,-0.15314,-0.29770,-0.00858,0.25033,0.10158,0.39909,104
3632,Other shipping,2013-01-18,0.97205,-0.15375,-0.29891,-0.00859,0.25002,0.10044,0.39960,104
3633,Other shipping,2013-01-25,0.97300,-0.15764,-0.30309,-0.01219,0.24689,0.09712,0.39666,104
3634,Other shipping,2013-02-01,0.97826,-0.16038,-0.30432,-0.01644,0.24287,0.09462,0.39111,104
3635,Other shipping,2013-02-08,0.97831,-0.15823,-0.30172,-0.01474,0.24462,0.09695,0.39229,104
3636,Other shipping,2013-02-15,0.98167,-0.16053,-0.30511,-0.01595,0.24450,0.09588,0.39312,104
3637,Other shipping,2013-02-22,0.96342,-0.13292,-0.29575,0.02991,0.28558,0.12272,0.44844,104
3638,Other shipping,2013-03-01,0.96774,-0.13999,-0.30100,0.02103,0.27864,0.11624,0.44105,104
3639,Other shipping,2013-03-08,0.95946,-0.13837,-0.29986,0.02312,0.27294,0.11048,0.43540,104
3640,Other shipping,2013-03-15,0.96794,-0.14523,-0.30410,0.01365,0.26892,0.10982,0.42803,104
3641,Other shipping,2013-03-22,0.95843,-0.14073,-0.30123,0.01978,0.26796,0.10526,0.43066,104
3642,Other shipping,2013-03-29,0.95576,-0.13123,-0.29100,0.02854,0.27406,0.11197,0.43616,104
3643,Other shipping,2013-04-05,0.95947,-0.14080,-0.30756,0.02596,0.27893,0.11249,0.44537,104
3644,Other shipping,2013-04-12,0.95411,-0.13039,-0.29929,0.03851,0.28199,0.11381,0.45017,104
3645,Other shipping,2013-04-19,0.95188,-0.12458,-0.29524,0.04607,0.28548,0.11640,0.45456,104
3646,Other shipping,2013-04-26,0.96905,-0.10904,-0.28198,0.06391,0.30876,0.13872,0.47880,104
3647,Other shipping,2013-05-03,0.95928,-0.08346,-0.29353,0.12660,0.37454,0.17245,0.57663,104
3648,Other shipping,2013-05-10,0.96402,-0.09953,-0.31377,0.11470,0.36855,0.16264,0.57446,104
3649,Other shipping,2013-05-17,0.97225,-0.11418,-0.32821,0.09985,0.35846,0.15543,0.56150,104
3650,Other shipping,2013-05-24,0.95655,-0.09088,-0.30042,0.11866,0.37776,0.17633,0.57919,104
3651,Other shipping,2013-05-31,0.95634,-0.09001,-0.30042,0.12039,0.37586,0.17368,0.57803,104
3652,Other shipping,2013-06-07,0.92925,-0.06559,-0.27215,0.14098,0.38156,0.18137,0.58176,104
3653,Other shipping,2013-06-14,0.92468,-0.07435,-0.28465,0.13596,0.36983,0.16782,0.57185,104
3654,Other shipping,2013-06-21,0.91318,-0.02633,-0.24555,0.19289,0.41788,0.19085,0.64491,104
3655,Other shipping,2013-06-28,0.87667,-0.05520,-0.26916,0.15875,0.35498,0.14116,0.56880,104
3656,Other shipping,2013-07-05,0.87494,-0.06319,-0.28440,0.15801,0.36347,0.14800,0.57895,104
3657,Other shipping,2013-07-12,0.87510,-0.06391,-0.28446,0.15663,0.36405,0.15028,0.57782,104
3658,Other shipping,2013-07-19,0.86785,-0.06387,-0.28475,0.15701,0.35802,0.14303,0.57300,104
3659,Other shipping,2013-07-26,0.87029,-0.06298,-0.28437,0.15841,0.35771,0.14190,0.57352,104
3660,Other shipping,2013-08-02,0.91387,-0.07048,-0.29180,0.15085,0.29812,0.07186,0.52439,104
3661,Other shipping,2013-08-09,0.92271,-0.08666,-0.30254,0.12922,0.28547,0.06462,0.50632,104
3662,Other shipping,2013-08-16,0.92680,-0.07828,-0.29799,0.14143,0.29542,0.07572,0.51512,104
3663,Other shipping,2013-08-23,0.92209,-0.07905,-0.29905,0.14095,0.28916,0.06809,0.51024,104
3664,Other shipping,2013-08-30,0.92387,-0.07728,-0.29256,0.13800,0.28387,0.06463,0.50311,104
3665,Other shipping,2013-09-06,0.92662,-0.07673,-0.29509,0.14164,0.28730,0.06886,0.50574,104
3666,Other shipping,2013-09-13,0.95142,-0.10194,-0.31795,0.11407,0.26825,0.05356,0.48293,104
3667,Other shipping,2013-09-20,0.95542,-0.08547,-0.29882,0.12788,0.23601,0.00637,0.46565,104
3668,Other shipping,2013-09-27,0.96858,-0.09516,-0.30558,0.11526,0.23308,0.00659,0.45957,104
3669,Other shipping,2013-10-04,0.95936,-0.08819,-0.30577,0.12938,0.24589,0.01617,0.47561,104
3670,Other shipping,2013-10-11,0.92118,-0.11314,-0.32942,0.10313,0.16682,-0.06411,0.39776,104
3671,Other shipping,2013-10-18,0.91486,-0.11305,-0.33853,0.11243,0.17969,-0.05642,0.41579,104
3672,Other shipping,2013-10-25,0.83064,-0.06855,-0.29717,0.16006,0.17570,-0.06239,0.41378,104
3673,Other shipping,2013-11-01,0.82462,-0.05773,-0.29240,0.17694,0.19175,-0.05175,0.43525,104
3674,Other shipping,2013-11-08,0.82571,-0.06518,-0.30368,0.17333,0.18442,-0.05894,0.42778,104
3675,Other shipping,2013-11-15,0.83187,-0.06375,-0.29878,0.17128,0.17269,-0.07908,0.42447,104
3676,Other shipping,2013-11-22,0.62365,-0.01429,-0.22802,0.19943,0.15302,-0.08118,0.38722,104
3677,Other shipping,2013-11-29,0.51183,-0.00691,-0.22002,0.20621,0.11536,-0.11022,0.34094,104
3678,Other shipping,2013-12-06,0.51523,-0.00317,-0.21407,0.20772,0.11587,-0.11125,0.34299,104
3679,Other shipping,2013-12-13,0.50605,-0.00506,-0.21653,0.20642,0.10547,-0.12080,0.33174,104
3680,Other shipping,2013-12-20,0.45931,-0.01474,-0.22431,0.19483,0.07830,-0.14003,0.29664,104
3681,Other shipping,2013-12-27,0.48421,-0.02211,-0.22942,0.18519,0.07638,-0.13974,0.29250,104
3682,Other shipping,2014-01-03,0.47693,-0.03361,-0.24366,0.17644,0.05995,-0.15837,0.27826,104
3683,Other shipping,2014-01-10,0.45741,-0.02287,-0.23427,0.18853,0.06967,-0.14956,0.28891,104
3684,Other shipping,2014-01-17,0.44803,-0.02025,-0.23233,0.19183,0.07069,-0.14898,0.29035,104
3685,Other shipping,2014-01-24,0.39377,-0.00533,-0.21930,0.20864,0.07309,-0.14443,0.29061,104
3686,Other shipping,2014-01-31,0.42965,-0.00157,-0.21811,0.21498,0.08237,-0.14298,0.30772,104
3687,Other shipping,2014-02-07,0.42722,-0.00414,-0.21987,0.21159,0.08103,-0.14232,0.30438,104
3688,Other shipping,2014-02-14,0.41622,-0.01903,-0.23649,0.19843,0.06353,-0.16054,0.28761,104
3689,Other shipping,2014-02-21,0.41584,-0.01430,-0.23962,0.21102,0.06871,-0.16374,0.30115,104
3690,Other shipping,2014-02-28,0.41416,-0.00938,-0.23584,0.21708,0.07324,-0.16116,0.30764,104
3691,Other shipping,2014-03-07,0.40506,-0.00315,-0.23228,0.22598,0.07948,-0.15656,0.31551,104
3692,Other shipping,2014-03-14,0.43122,-0.00807,-0.23620,0.22006,0.08041,-0.15682,0.31765,104
3693,Other shipping,2014-03-21,0.40276,0.00078,-0.22762,0.22919,0.08077,-0.15584,0.31739,104
3694,Other shipping,2014-03-28,0.40157,0.00410,-0.22428,0.23247,0.08424,-0.15290,0.32137,104
3695,Other shipping,2014-04-04,0.38776,0.00645,-0.22142,0.23432,0.08352,-0.15212,0.31915,104
3696,Other shipping,2014-04-11,0.40496,0.00063,-0.22541,0.22668,0.07907,-0.15674,0.31487,104
3697,Other shipping,2014-04-18,0.38206,0.00738,-0.22026,0.23503,0.08464,-0.15107,0.32034,104
3698,Other shipping,2014-04-25,0.41563,-0.00210,-0.23178,0.22758,0.08346,-0.15541,0.32232,104
3699,Other shipping,2014-05-02,0.46344,-0.00795,-0.24559,0.22970,0.08181,-0.16408,0.32770,104
3700,Other shipping,2014-05-09,0.46900,-0.00098,-0.23948,0.23752,0.08872,-0.15775,0.33520,104
3701,Other shipping,2014-05-16,0.55261,0.00413,-0.23214,0.24040,0.09022,-0.14498,0.32543,104
3702,Other shipping,2014-05-23,0.56712,-0.00038,-0.23804,0.23728,0.08825,-0.14768,0.32418,104
3703,Other shipping,2014-05-30,0.62502,0.05303,-0.18565,0.29171,0.12420,-0.10640,0.35479,104
3704,Other shipping,2014-06-06,0.66927,0.05526,-0.18356,0.29409,0.12688,-0.10462,0.35839,104
3705,Other shipping,2014-06-13,0.69462,0.00959,-0.22969,0.24887,0.08273,-0.14947,0.31493,104
3706,Other shipping,2014-06-20,0.69991,0.03094,-0.21641,0.27830,0.09623,-0.14433,0.33679,104
3707,Other shipping,2014-06-27,0.73735,0.05112,-0.21056,0.31279,0.07889,-0.18089,0.33867,104
3708,Other shipping,2014-07-04,0.72289,0.05847,-0.20112,0.31807,0.08124,-0.17694,0.33942,104
3709,Other shipping,2014-07-11,0.73393,0.07153,-0.19300,0.33607,0.10418,-0.15820,0.36655,104
3710,Other shipping,2014-07-18,0.73079,0.07954,-0.20078,0.35987,0.10530,-0.17370,0.38430,104
3711,Other shipping,2014-07-25,0.73802,0.08610,-0.19340,0.36559,0.11320,-0.16481,0.39121,104
3712,Other shipping,2014-08-01,0.74217,0.06412,-0.19832,0.32657,0.10593,-0.15311,0.36496,104
3713,Other shipping,2014-08-08,0.72308,0.01820,-0.23434,0.27075,0.05761,-0.19052,0.30573,104
3714,Other shipping,2014-08-15,0.69983,0.01086,-0.23903,0.26076,0.03838,-0.20887,0.28564,104
3715,Other shipping,2014-08-22,0.66728,0.01329,-0.23740,0.26397,0.03983,-0.20869,0.28835,104
3716,Other shipping,2014-08-29,0.67130,0.01730,-0.22877,0.26337,0.04387,-0.19969,0.28744,104
3717,Other shipping,2014-09-05,0.70305,0.02715,-0.21876,0.27307,0.05319,-0.18930,0.29568,104
3718,Other shipping,2014-09-12,0.71340,0.05424,-0.16397,0.27245,0.08196,-0.13252,0.29644,104
3719,Other shipping,2014-09-19,0.69751,0.06712,-0.14843,0.28267,0.10619,-0.10452,0.31690,104
3720,Other shipping,2014-09-26,0.64921,0.07755,-0.13241,0.28752,0.12096,-0.08540,0.32733,104
3721,Other shipping,2014-10-03,0.72062,0.10861,-0.10277,0.32000,0.18315,-0.02129,0.38758,104
3722,Other shipping,2014-10-10,0.72575,0.13411,-0.06542,0.33364,0.23406,0.03864,0.42948,104
3723,Other shipping,2014-10-17,0.71156,0.18007,-0.00431,0.36444,0.27470,0.09439,0.45502,104
3724,Other shipping,2014-10-24,0.72761,0.18713,0.00048,0.37378,0.29225,0.10922,0.47528,104
3725,Other shipping,2014-10-31,0.74884,0.17284,-0.01082,0.35651,0.28584,0.10465,0.46703,104
3726,Other shipping,2014-11-07,0.76028,0.17256,-0.01081,0.35592,0.29931,0.11656,0.48206,104
3727,Other shipping,2014-11-14,0.82324,0.11554,-0.05110,0.28218,0.23231,0.06703,0.39759,104
3728,Other shipping,2014-11-21,0.79747,0.08749,-0.09234,0.26732,0.20041,0.02191,0.37892,104
3729,Other shipping,2014-11-28,0.76413,0.04940,-0.12652,0.22531,0.23034,0.05755,0.40313,104
3730,Other shipping,2014-12-05,0.75722,0.06802,-0.11724,0.25329,0.24903,0.06601,0.43206,104
3731,Other shipping,2014-12-12,0.76164,0.06102,-0.09812,0.22017,0.26084,0.11296,0.40871,104
3732,Other shipping,2014-12-19,0.80340,0.04705,-0.11614,0.21025,0.25644,0.10722,0.40566,104
3733,Other shipping,2014-12-26,0.80897,0.04588,-0.11905,0.21081,0.26082,0.11079,0.41084,104
3734,Other shipping,2015-01-02,0.80419,0.01801,-0.13605,0.17207,0.21876,0.08397,0.35354,104
3735,Other shipping,2015-01-09,0.79862,0.02514,-0.10754,0.15782,0.20048,0.08125,0.31972,104
3736,Other shipping,2015-01-16,0.79694,0.04577,-0.09109,0.18263,0.21851,0.09419,0.34283,104
3737,Other shipping,2015-01-23,0.78910,0.05197,-0.08599,0.18992,0.23119,0.10712,0.35526,104
3738,Other shipping,2015-01-30,0.84288,-0.00706,-0.15701,0.14289,0.16412,0.03289,0.29535,104
3739,Other shipping,2015-02-06,0.83408,-0.03558,-0.19715,0.12599,0.14126,-0.00149,0.28402,104
3740,Other shipping,2015-02-13,0.83190,-0.03494,-0.19669,0.12681,0.14161,-0.00199,0.28522,104
3741,Other shipping,2015-02-20,0.83220,-0.04020,-0.19047,0.11007,0.13065,-0.00453,0.26582,104
3742,Other shipping,2015-02-27,0.83056,-0.03702,-0.18561,0.11156,0.13169,-0.00196,0.26534,104
3743,Other shipping,2015-03-06,0.83874,-0.04250,-0.18909,0.10410,0.12431,-0.00855,0.25718,104
3744,Other shipping,2015-03-13,0.83592,-0.03828,-0.17965,0.10309,0.12657,-0.00056,0.25369,104
3745,Other shipping,2015-03-20,0.82610,-0.03690,-0.17842,0.10461,0.12674,-0.00080,0.25428,104
3746,Other shipping,2015-03-27,0.83875,-0.04471,-0.18402,0.09460,0.12073,-0.00467,0.24613,104
3747,Other shipping,2015-04-03,0.84783,-0.03397,-0.17901,0.11107,0.13027,-0.00167,0.26221,104
3748,Other shipping,2015-04-10,0.88483,-0.04013,-0.18440,0.10414,0.13777,0.00554,0.27000,104
3749,Other shipping,2015-04-17,0.88275,-0.04554,-0.17346,0.08239,0.11164,-0.00734,0.23061,104
3750,Other shipping,2015-04-24,0.84854,-0.04309,-0.16838,0.08221,0.10115,-0.01555,0.21786,104
3751,Other shipping,2015-05-01,0.82647,-0.03505,-0.16325,0.09315,0.10110,-0.01836,0.22056,104
3752,Other shipping,2015-05-08,0.83226,-0.03490,-0.16384,0.09404,0.10078,-0.01988,0.22144,104
3753,Other shipping,2015-05-15,0.83311,-0.03470,-0.16323,0.09384,0.10144,-0.01853,0.22141,104
3754,Other shipping,2015-05-22,0.82997,-0.03565,-0.16377,0.09246,0.09992,-0.01986,0.21969,104
3755,Other shipping,2015-05-29,0.82280,-0.03385,-0.16209,0.09438,0.10096,-0.01922,0.22114,104
3756,Other shipping,2015-06-05,0.83002,-0.03543,-0.16748,0.09663,0.10786,-0.01414,0.22985,104
3757,Other shipping,2015-06-12,0.85205,-0.04155,-0.17185,0.08876,0.10356,-0.01705,0.22417,104
3758,Other shipping,2015-06-19,0.85575,-0.03984,-0.17082,0.09114,0.10565,-0.01547,0.22677,104
3759,Other shipping,2015-06-26,0.85251,-0.04326,-0.17414,0.08762,0.10347,-0.01673,0.22367,104
3760,Other shipping,2015-07-03,0.85067,-0.03638,-0.17142,0.09866,0.10820,-0.01725,0.23365,104
3761,Other shipping,2015-07-10,0.83443,-0.02433,-0.16125,0.11259,0.11249,-0.01458,0.23956,104
3762,Other shipping,2015-07-17,0.84114,-0.02686,-0.16252,0.10881,0.10907,-0.01755,0.23568,104
3763,Other shipping,2015-07-24,0.83559,-0.03470,-0.16694,0.09754,0.10202,-0.02151,0.22556,104
3764,Other shipping,2015-07-31,0.83561,-0.03300,-0.16604,0.10004,0.10389,-0.02044,0.22822,104
3765,Other shipping,2015-08-07,0.82976,-0.01969,-0.15429,0.11492,0.11479,-0.01038,0.23996,104
3766,Other shipping,2015-08-14,0.81203,-0.02392,-0.15544,0.10760,0.10477,-0.01796,0.22749,104
3767,Other shipping,2015-08-21,0.85914,-0.00830,-0.15482,0.13823,0.14235,0.00276,0.28194,104
3768,Other shipping,2015-08-28,0.87033,-0.04500,-0.17041,0.08041,0.10688,-0.00749,0.22125,104
3769,Other shipping,2015-09-04,0.86762,-0.04713,-0.17243,0.07816,0.10350,-0.01131,0.21831,104
3770,Other shipping,2015-09-11,0.85501,-0.03815,-0.16451,0.08821,0.11176,-0.00359,0.22711,104
3771,Other shipping,2015-09-18,0.86034,-0.04153,-0.16773,0.08468,0.11070,-0.00445,0.22586,104
3772,Other shipping,2015-09-25,0.86843,-0.04708,-0.17237,0.07821,0.10417,-0.01017,0.21850,104
3773,Other shipping,2015-10-02,0.87027,-0.04941,-0.17415,0.07534,0.10260,-0.01114,0.21634,104
3774,Other shipping,2015-10-09,0.86039,-0.05122,-0.17359,0.07115,0.12265,0.01599,0.22931,104
3775,Other shipping,2015-10-16,0.86633,-0.05631,-0.17647,0.06384,0.11678,0.01134,0.22221,104
3776,Other shipping,2015-10-23,0.89057,-0.06536,-0.18357,0.05285,0.11954,0.01549,0.22360,104
3777,Other shipping,2015-10-30,0.82645,-0.02820,-0.16826,0.11187,0.13880,0.02336,0.25423,104
3778,Other shipping,2015-11-06,0.79582,-0.01123,-0.16757,0.14512,0.14535,0.02097,0.26973,104
3779,Other shipping,2015-11-13,0.79393,-0.01241,-0.16708,0.14226,0.14887,0.02757,0.27016,104
3780,Other shipping,2015-11-20,0.78275,-0.02260,-0.17389,0.12870,0.14162,0.02648,0.25677,104
3781,Other shipping,2015-11-27,0.79184,-0.03186,-0.18018,0.11647,0.13410,0.02050,0.24769,104
3782,Other shipping,2015-12-04,0.78896,-0.04496,-0.19659,0.10667,0.12528,0.00705,0.24351,104
3783,Other shipping,2015-12-11,0.78833,-0.04251,-0.18858,0.10355,0.13155,0.02169,0.24141,104
3784,Other shipping,2015-12-18,0.78335,-0.04574,-0.19222,0.10074,0.12623,0.01507,0.23739,104
3785,Other shipping,2015-12-25,0.76684,-0.04501,-0.19097,0.10095,0.12408,0.01397,0.23420,104
3786,Other shipping,2016-01-01,0.77354,-0.04744,-0.19427,0.09939,0.12315,0.01226,0.23403,104
3787,Other shipping,2016-01-08,0.71256,-0.04970,-0.19496,0.09556,0.12397,0.01122,0.23672,104
3788,Other shipping,2016-01-15,0.69727,-0.05390,-0.19942,0.09161,0.12396,0.00830,0.23962,104
3789,Other shipping,2016-01-22,0.72925,-0.07322,-0.21731,0.07087,0.11848,0.00134,0.23561,104
3790,Other shipping,2016-01-29,0.73118,-0.09029,-0.23581,0.05523,0.09909,-0.02470,0.22288,104
3791,Other shipping,2016-02-05,0.73045,-0.09184,-0.23824,0.05456,0.09543,-0.03008,0.22095,104
3792,Other shipping,2016-02-12,0.57364,-0.05652,-0.20062,0.08758,0.09240,-0.03115,0.21595,104
3793,Other shipping,2016-02-19,0.60412,-0.06477,-0.20454,0.07501,0.09177,-0.03313,0.21668,104
3794,Other shipping,2016-02-26,0.59606,-0.07915,-0.21523,0.05693,0.07733,-0.05111,0.20577,104
3795,Other shipping,2016-03-04,0.60270,-0.05992,-0.19624,0.07641,0.10093,-0.01873,0.22060,104
3796,Other shipping,2016-03-11,0.59191,-0.04996,-0.18912,0.08920,0.10581,-0.01462,0.22624,104
3797,Other shipping,2016-03-18,0.60159,-0.05286,-0.19230,0.08657,0.10595,-0.01434,0.22624,104
3798,Other shipping,2016-03-25,0.59820,-0.05320,-0.19274,0.08634,0.10456,-0.01579,0.22491,104
3799,Other shipping,2016-04-01,0.58494,-0.05100,-0.19049,0.08849,0.10401,-0.01600,0.22402,104
3800,Other shipping,2016-04-08,0.58631,-0.05475,-0.19190,0.08240,0.09821,-0.01967,0.21609,104
3801,Other shipping,2016-04-15,0.58476,-0.05426,-0.19137,0.08285,0.09980,-0.01801,0.21761,104
3802,Other shipping,2016-04-22,0.57355,-0.04625,-0.18204,0.08954,0.10434,-0.01175,0.22043,104
3803,Other shipping,2016-04-29,0.54742,-0.04278,-0.17507,0.08952,0.10081,-0.01122,0.21283,104
3804,Other shipping,2016-05-06,0.55639,-0.04068,-0.17340,0.09205,0.10571,-0.00601,0.21742,104
3805,Other shipping,2016-05-13,0.55435,-0.03462,-0.16489,0.09565,0.10938,-0.00124,0.22000,104
3806,Other shipping,2016-05-20,0.55222,-0.03485,-0.16481,0.09510,0.10872,-0.00137,0.21881,104
3807,Other shipping,2016-05-27,0.54511,-0.03400,-0.16370,0.09570,0.10853,-0.00085,0.21791,104
3808,Other shipping,2016-06-03,0.51479,-0.02218,-0.15369,0.10934,0.11184,0.00214,0.22154,104
3809,Other shipping,2016-06-10,0.50141,-0.01046,-0.14519,0.12427,0.12035,0.00879,0.23190,104
3810,Other shipping,2016-06-17,0.51984,-0.01060,-0.14541,0.12421,0.12552,0.01260,0.23844,104
3811,Other shipping,2016-06-24,0.51301,-0.00847,-0.14403,0.12709,0.12560,0.01266,0.23853,104
3812,Other shipping,2016-07-01,0.50619,-0.01051,-0.14632,0.12531,0.12412,0.01283,0.23541,104
3813,Other shipping,2016-07-08,0.50551,-0.01222,-0.14626,0.12183,0.11912,0.00877,0.22946,104
3814,Other shipping,2016-07-15,0.50915,-0.01198,-0.14610,0.12215,0.12076,0.01026,0.23126,104
3815,Other shipping,2016-07-22,0.50475,-0.01322,-0.14644,0.12000,0.11725,0.00766,0.22684,104
3816,Other shipping,2016-07-29,0.49941,-0.01779,-0.15046,0.11488,0.11080,0.00226,0.21935,104
3817,Other shipping,2016-08-05,0.50775,-0.02185,-0.15453,0.11083,0.10826,0.00069,0.21583,104
3818,Other shipping,2016-08-12,0.50253,-0.02088,-0.15298,0.11121,0.10852,0.00283,0.21420,104
3819,Other shipping,2016-08-19,0.49664,-0.01829,-0.14188,0.10530,0.10346,0.00119,0.20572,104
3820,Other shipping,2016-08-26,0.50294,-0.01961,-0.14321,0.10399,0.10332,0.00055,0.20609,104
3821,Other shipping,2016-09-02,0.50369,-0.01834,-0.14030,0.10363,0.10290,0.00094,0.20486,104
3822,Other shipping,2016-09-09,0.46804,0.00710,-0.12614,0.14034,0.11919,0.01018,0.22820,104
3823,Other shipping,2016-09-16,0.46625,0.00792,-0.12559,0.14143,0.12092,0.01213,0.22971,104
3824,Other shipping,2016-09-23,0.44903,0.01079,-0.12428,0.14587,0.11983,0.01227,0.22739,104
3825,Other shipping,2016-09-30,0.41757,0.01697,-0.11890,0.15285,0.11540,0.00994,0.22087,104
3826,Other shipping,2016-10-07,0.38078,0.01948,-0.11505,0.15401,0.10754,0.00549,0.20959,104
3827,Other shipping,2016-10-14,0.38424,0.01703,-0.11932,0.15338,0.10717,0.00424,0.21010,104
3828,Other shipping,2016-10-21,0.35974,0.01916,-0.11688,0.15520,0.10266,0.00004,0.20528,104
3829,Other shipping,2016-10-28,0.35482,0.01341,-0.12278,0.14960,0.09533,-0.00784,0.19851,104
3830,Other shipping,2016-11-04,0.36672,0.01879,-0.11745,0.15503,0.10456,0.00300,0.20612,104
3831,Other shipping,2016-11-11,0.38186,0.02296,-0.11694,0.16286,0.11568,0.01198,0.21937,104
3832,Other shipping,2016-11-18,0.38023,0.03259,-0.10853,0.17372,0.12457,0.01677,0.23237,104
3833,Other shipping,2016-11-25,0.36852,0.02906,-0.11129,0.16941,0.11128,-0.00018,0.22274,104
3834,Other shipping,2016-12-02,0.37259,0.02532,-0.09949,0.15012,0.10165,-0.00022,0.20351,104
3835,Other shipping,2016-12-09,0.37821,0.01132,-0.11576,0.13841,0.08553,-0.01875,0.18981,104
3836,Other shipping,2016-12-16,0.30826,0.02762,-0.09935,0.15460,0.08836,-0.01442,0.19114,104
3837,Other shipping,2016-12-23,0.30506,0.02785,-0.09903,0.15473,0.08791,-0.01476,0.19059,104
3838,Other shipping,2016-12-30,0.30083,0.03820,-0.09218,0.16857,0.09848,-0.00763,0.20458,104
3839,Other shipping,2017-01-06,0.31670,0.03553,-0.10491,0.17598,0.10294,-0.01051,0.21640,104
3840,Other shipping,2017-01-13,0.33201,0.01539,-0.13352,0.16430,0.08619,-0.03358,0.20597,104
3841,Other shipping,2017-01-20,0.33074,0.01482,-0.13481,0.16446,0.08432,-0.03688,0.20552,104
3842,Other shipping,2017-01-27,0.27685,0.05086,-0.08141,0.18312,0.11196,0.00572,0.21820,104
3843,Other shipping,2017-02-03,0.30065,0.05242,-0.07931,0.18415,0.11700,0.01003,0.22396,104
3844,Other shipping,2017-02-10,0.30415,0.05291,-0.07799,0.18382,0.11828,0.01196,0.22461,104
3845,Other shipping,2017-02-17,0.29979,0.05339,-0.08008,0.18687,0.11905,0.01166,0.22645,104
3846,Other shipping,2017-02-24,0.29582,0.05713,-0.07752,0.19178,0.12227,0.01405,0.23050,104
3847,Other shipping,2017-03-03,0.28621,0.06249,-0.07304,0.19803,0.12630,0.01772,0.23487,104
3848,Other shipping,2017-03-10,0.27846,0.06723,-0.06641,0.20087,0.12726,0.01824,0.23627,104
3849,Other shipping,2017-03-17,0.27246,0.06807,-0.06557,0.20171,0.12662,0.01755,0.23569,104
3850,Other shipping,2017-03-24,0.24494,0.07250,-0.06193,0.20692,0.12573,0.01666,0.23480,104
3851,Other shipping,2017-03-31,0.25192,0.06378,-0.06804,0.19560,0.11764,0.00935,0.22593,104
3852,Other shipping,2017-04-07,0.19604,0.07467,-0.05454,0.20388,0.11583,0.00983,0.22182,104
3853,Other shipping,2017-04-14,0.17848,0.08878,-0.04929,0.22684,0.12842,0.01846,0.23838,104
3854,Other shipping,2017-04-21,0.18742,0.09028,-0.04611,0.22666,0.13238,0.02463,0.24012,104
3855,Other shipping,2017-04-28,0.22015,0.08100,-0.05687,0.21887,0.13103,0.02216,0.23991,104
3856,Other shipping,2017-05-05,0.23091,0.07513,-0.06049,0.21075,0.12652,0.01873,0.23431,104
3857,Other shipping,2017-05-12,0.23177,0.07568,-0.05970,0.21106,0.12746,0.02009,0.23483,104
3858,Other shipping,2017-05-19,0.23154,0.07602,-0.05693,0.20896,0.12713,0.02118,0.23308,104
3859,Other shipping,2017-05-26,0.23537,0.07481,-0.05829,0.20791,0.12685,0.02121,0.23249,104
3860,Other shipping,2017-06-02,0.23884,0.06053,-0.07661,0.19766,0.11384,0.00523,0.22245,104
3861,Other shipping,2017-06-09,0.21291,0.06832,-0.07028,0.20692,0.11613,0.00799,0.22428,104
3862,Other shipping,2017-06-16,0.21349,0.06812,-0.07051,0.20674,0.11611,0.00825,0.22398,104
3863,Other shipping,2017-06-23,0.22253,0.06722,-0.07134,0.20579,0.11720,0.00951,0.22488,104
3864,Other shipping,2017-06-30,0.22524,0.06228,-0.07493,0.19948,0.11238,0.00557,0.21919,104
3865,Other shipping,2017-07-07,0.23665,0.05367,-0.08559,0.19293,0.10707,-0.00063,0.21476,104
3866,Other shipping,2017-07-14,0.22701,0.05944,-0.08147,0.20036,0.11221,0.00569,0.21872,104
3867,Other shipping,2017-07-21,0.22560,0.06435,-0.07748,0.20618,0.11667,0.00798,0.22536,104
3868,Other shipping,2017-07-28,0.22762,0.05997,-0.07873,0.19867,0.11239,0.00681,0.21797,104
3869,Other shipping,2017-08-04,0.23752,0.04816,-0.09403,0.19035,0.10365,-0.00057,0.20788,104
3870,Other shipping,2017-08-11,0.22824,0.05061,-0.09470,0.19593,0.10435,0.00011,0.20860,104
3871,Other shipping,2017-08-18,0.15909,0.03750,-0.11359,0.18859,0.07334,-0.03707,0.18375,104
3872,Other shipping,2017-08-25,0.14055,0.06566,-0.07915,0.21047,0.09794,-0.00699,0.20287,104
3873,Other shipping,2017-09-01,0.12149,0.06920,-0.07519,0.21358,0.09698,-0.00798,0.20194,104
3874,Other shipping,2017-09-08,0.12698,0.06483,-0.07895,0.20860,0.09367,-0.01143,0.19878,104
3875,Other shipping,2017-09-15,0.12986,0.06660,-0.07783,0.21104,0.09636,-0.00848,0.20119,104
3876,Other shipping,2017-09-22,0.11059,0.07439,-0.07193,0.22071,0.10001,-0.00567,0.20570,104
3877,Other shipping,2017-09-29,0.10578,0.07192,-0.07392,0.21776,0.09648,-0.00866,0.20163,104
3878,Other shipping,2017-10-06,0.08318,0.07130,-0.07142,0.21402,0.08913,-0.01568,0.19395,104
3879,Other shipping,2017-10-13,0.08093,0.06827,-0.07846,0.21500,0.08585,-0.02207,0.19376,104
3880,Other shipping,2017-10-20,0.09986,0.06089,-0.08005,0.20183,0.08271,-0.02371,0.18914,104
3881,Other shipping,2017-10-27,0.15581,0.03915,-0.07818,0.15649,0.07362,-0.02405,0.17129,104
3882,Other shipping,2017-11-03,0.18991,0.01963,-0.09291,0.13218,0.06300,-0.03341,0.15941,104
3883,Other shipping,2017-11-10,0.13549,0.03226,-0.08825,0.15277,0.06226,-0.03893,0.16345,104
3884,Other shipping,2017-11-17,0.16273,0.03066,-0.08962,0.15094,0.06653,-0.03556,0.16862,104
3885,Other shipping,2017-11-24,0.15094,0.03393,-0.08786,0.15571,0.06719,-0.03614,0.17053,104
3886,Other shipping,2017-12-01,0.16385,0.04042,-0.08318,0.16402,0.07618,-0.03084,0.18320,104
3887,Other shipping,2017-12-08,0.16512,0.02007,-0.10453,0.14467,0.05535,-0.05447,0.16517,104
3888,Other shipping,2017-12-15,0.16230,0.02280,-0.10197,0.14758,0.05734,-0.05292,0.16759,104
3889,Other shipping,2017-12-22,0.16184,0.02272,-0.10227,0.14771,0.05729,-0.05252,0.16710,104
3890,Other shipping,2017-12-29,0.15450,0.02955,-0.09580,0.15490,0.06291,-0.04714,0.17295,104
3891,Other shipping,2018-01-05,0.12913,0.02901,-0.09651,0.15452,0.05267,-0.06297,0.16831,104
3892,Other shipping,2018-01-12,0.11311,0.02841,-0.09873,0.15556,0.04676,-0.07695,0.17048,104
3893,Other shipping,2018-01-19,0.12684,0.02742,-0.09897,0.15381,0.04759,-0.07367,0.16884,104
3894,Other shipping,2018-01-26,0.14233,0.04544,-0.07445,0.16533,0.06767,-0.03711,0.17244,104
3895,Other shipping,2018-02-02,0.14640,0.04755,-0.07259,0.16768,0.07088,-0.03254,0.17431,104
3896,Other shipping,2018-02-09,0.39120,0.04073,-0.08539,0.16685,0.10228,0.00769,0.19686,104
3897,Other shipping,2018-02-16,0.30284,0.05823,-0.07297,0.18942,0.10838,0.01410,0.20265,104
3898,Other shipping,2018-02-23,0.34525,0.06659,-0.06633,0.19951,0.12234,0.02575,0.21892,104
3899,Other shipping,2018-03-02,0.36771,0.05706,-0.07289,0.18700,0.11580,0.01876,0.21284,104
3900,Other shipping,2018-03-09,0.32468,0.05715,-0.07545,0.18975,0.11076,0.01299,0.20854,104
3901,Other shipping,2018-03-16,0.33534,0.05573,-0.07528,0.18675,0.11075,0.01344,0.20806,104
3902,Other shipping,2018-03-23,0.35471,0.05272,-0.07204,0.17748,0.10802,0.01457,0.20146,104
3903,Other shipping,2018-03-30,0.37436,0.05241,-0.07222,0.17705,0.10885,0.01686,0.20084,104
3904,Other shipping,2018-04-06,0.32721,0.07728,-0.05031,0.20487,0.12737,0.03464,0.22010,104
3905,Other shipping,2018-04-13,0.35352,0.07845,-0.05009,0.20699,0.13383,0.04326,0.22441,104
3906,Other shipping,2018-04-20,0.34351,0.07408,-0.05405,0.20221,0.12731,0.03632,0.21830,104
3907,Other shipping,2018-04-27,0.33951,0.08311,-0.04662,0.21285,0.13510,0.04121,0.22899,104
3908,Other shipping,2018-05-04,0.32499,0.07530,-0.05337,0.20398,0.12360,0.02769,0.21950,104
3909,Other shipping,2018-05-11,0.27510,0.06871,-0.06336,0.20077,0.11072,0.00788,0.21356,104
3910,Other shipping,2018-05-18,0.26577,0.06856,-0.06369,0.20082,0.10918,0.00468,0.21369,104
3911,Other shipping,2018-05-25,0.29680,0.06667,-0.06505,0.19839,0.11359,0.01085,0.21633,104
3912,Other shipping,2018-06-01,0.35572,0.05675,-0.07170,0.18520,0.11343,0.01263,0.21423,104
3913,Other shipping,2018-06-08,0.35804,0.05658,-0.07064,0.18380,0.11342,0.01407,0.21277,104
3914,Other shipping,2018-06-15,0.29771,0.04549,-0.07985,0.17084,0.09100,-0.00767,0.18967,104
3915,Other shipping,2018-06-22,0.37348,0.02087,-0.11089,0.15262,0.07667,-0.02519,0.17853,104
3916,Other shipping,2018-06-29,0.40942,0.01835,-0.11101,0.14770,0.07629,-0.02394,0.17652,104
3917,Other shipping,2018-07-06,0.41059,0.02983,-0.09854,0.15820,0.08876,-0.01057,0.18810,104
3918,Other shipping,2018-07-13,0.41628,0.03205,-0.09621,0.16031,0.09149,-0.00782,0.19080,104
3919,Other shipping,2018-07-20,0.41948,0.02903,-0.10065,0.15870,0.08948,-0.01083,0.18979,104
3920,Other shipping,2018-07-27,0.44546,0.03524,-0.09246,0.16295,0.09691,-0.00238,0.19620,104
3921,Other shipping,2018-08-03,0.44146,0.04349,-0.08528,0.17226,0.10566,0.00614,0.20518,104
3922,Other shipping,2018-08-10,0.42198,0.05685,-0.07537,0.18907,0.11573,0.01321,0.21826,104
3923,Other shipping,2018-08-17,0.42283,0.06318,-0.08458,0.21093,0.12940,0.02065,0.23815,104
3924,Other shipping,2018-08-24,0.42209,0.07403,-0.07952,0.22758,0.14201,0.03099,0.25303,104
3925,Other shipping,2018-08-31,0.43397,0.06556,-0.08649,0.21761,0.13837,0.02843,0.24830,104
3926,Other shipping,2018-09-07,0.54619,0.03004,-0.09686,0.15693,0.12355,0.02002,0.22708,104
3927,Other shipping,2018-09-14,0.55059,0.03162,-0.09590,0.15914,0.12093,0.01526,0.22661,104
3928,Other shipping,2018-09-21,0.60565,0.02172,-0.10317,0.14662,0.12050,0.01516,0.22584,104
3929,Other shipping,2018-09-28,0.61346,0.01048,-0.11897,0.13994,0.11320,0.00370,0.22270,104
3930,Other shipping,2018-10-05,0.61159,0.01861,-0.10891,0.14612,0.12041,0.01149,0.22933,104
3931,Other shipping,2018-10-12,0.66770,0.02145,-0.10711,0.15000,0.14105,0.03199,0.25010,104
3932,Other shipping,2018-10-19,0.66413,0.02297,-0.10506,0.15099,0.14166,0.03267,0.25066,104
3933,Other shipping,2018-10-26,0.74576,0.03746,-0.09245,0.16737,0.17971,0.06047,0.29895,104
3934,Other shipping,2018-11-02,0.77299,0.00262,-0.12243,0.12767,0.12685,0.01449,0.23921,104
3935,Other shipping,2018-11-09,0.71582,0.01048,-0.11666,0.13763,0.12518,0.01436,0.23599,104
3936,Other shipping,2018-11-16,0.71388,-0.00306,-0.13244,0.12632,0.11464,0.00440,0.22488,104
3937,Other shipping,2018-11-23,0.73587,0.00925,-0.11388,0.13238,0.14505,0.04835,0.24174,104
3938,Other shipping,2018-11-30,0.72084,0.01139,-0.13818,0.16096,0.16790,0.05556,0.28023,104
3939,Other shipping,2018-12-07,0.75919,-0.01216,-0.16095,0.13663,0.14414,0.03276,0.25552,104
3940,Other shipping,2018-12-14,0.76710,-0.01791,-0.16747,0.13166,0.14268,0.03142,0.25393,104
3941,Other shipping,2018-12-21,0.77611,-0.00769,-0.15268,0.13729,0.16145,0.06000,0.26289,104
3942,Other shipping,2018-12-28,0.77491,-0.01309,-0.15916,0.13298,0.15583,0.05469,0.25697,104
3943,Other shipping,2019-01-04,0.74045,-0.01937,-0.16692,0.12818,0.14822,0.05019,0.24624,104
3944,Other shipping,2019-01-11,0.72330,-0.00730,-0.15169,0.13709,0.15723,0.06313,0.25132,104
3945,Other shipping,2019-01-18,0.70792,-0.00724,-0.15286,0.13837,0.15457,0.06014,0.24900,104
3946,Other shipping,2019-01-25,0.71472,-0.00769,-0.15324,0.13786,0.15718,0.06302,0.25134,104
3947,Other shipping,2019-02-01,0.69524,0.00062,-0.14730,0.14854,0.16249,0.06855,0.25642,104
3948,Other shipping,2019-02-08,0.68888,0.00194,-0.14571,0.14960,0.16209,0.06832,0.25586,104
3949,Other shipping,2019-02-15,0.68912,0.00017,-0.14873,0.14906,0.16619,0.07379,0.25859,104
3950,Other shipping,2019-02-22,0.69529,-0.00106,-0.15003,0.14791,0.16660,0.07417,0.25902,104
3951,Other shipping,2019-03-01,0.70231,0.00041,-0.14796,0.14878,0.16992,0.07810,0.26175,104
3952,Other shipping,2019-03-08,0.71718,-0.01061,-0.16751,0.14630,0.17383,0.07794,0.26972,104
3953,Other shipping,2019-03-15,0.71656,-0.01034,-0.16783,0.14714,0.17493,0.07865,0.27120,104
3954,Other shipping,2019-03-22,0.73835,-0.00759,-0.16620,0.15102,0.18232,0.08632,0.27832,104
3955,Other shipping,2019-03-29,0.73324,-0.00428,-0.16556,0.15700,0.18625,0.08894,0.28356,104
3956,Other shipping,2019-04-05,0.73401,-0.01069,-0.17375,0.15236,0.18341,0.08634,0.28048,104
3957,Other shipping,2019-04-12,0.73368,-0.01139,-0.17416,0.15137,0.18214,0.08512,0.27916,104
3958,Other shipping,2019-04-19,0.73625,-0.01851,-0.18202,0.14500,0.17463,0.07479,0.27447,104
3959,Other shipping,2019-04-26,0.69651,-0.00601,-0.17174,0.15971,0.17724,0.07672,0.27776,104
3960,Other shipping,2019-05-03,0.67700,0.00327,-0.17443,0.18098,0.18920,0.08716,0.29125,104
3961,Other shipping,2019-05-10,0.64233,0.00776,-0.16991,0.18543,0.18371,0.08065,0.28678,104
3962,Other shipping,2019-05-17,0.64362,-0.00315,-0.18799,0.18168,0.17680,0.06781,0.28579,104
3963,Other shipping,2019-05-24,0.63143,0.01621,-0.17278,0.20519,0.19106,0.08493,0.29720,104
3964,Other shipping,2019-05-31,0.67211,0.06767,-0.13996,0.27530,0.25760,0.12902,0.38617,104
3965,Other shipping,2019-06-07,0.67634,0.07016,-0.13253,0.27285,0.25918,0.13065,0.38771,104
3966,Other shipping,2019-06-14,0.67549,0.06972,-0.13258,0.27201,0.25832,0.13062,0.38601,104
3967,Other shipping,2019-06-21,0.67274,0.07863,-0.12529,0.28255,0.26606,0.13604,0.39607,104
3968,Other shipping,2019-06-28,0.66516,0.08480,-0.12128,0.29089,0.27065,0.13841,0.40289,104
3969,Other shipping,2019-07-05,0.67533,0.08145,-0.11386,0.27677,0.26452,0.13313,0.39592,104
3970,Other shipping,2019-07-12,0.67959,0.07585,-0.11467,0.26638,0.25300,0.12136,0.38464,104
3971,Other shipping,2019-07-19,0.67809,0.07328,-0.11571,0.26228,0.25231,0.12464,0.37999,104
3972,Other shipping,2019-07-26,0.67585,0.07964,-0.11841,0.27769,0.26196,0.12744,0.39647,104
3973,Other shipping,2019-08-02,0.67321,0.08118,-0.11801,0.28037,0.26421,0.13013,0.39829,104
3974,Other shipping,2019-08-09,0.69592,0.09581,-0.11013,0.30175,0.28578,0.14531,0.42625,104
3975,Other shipping,2019-08-16,0.73442,0.08472,-0.11718,0.28661,0.28548,0.14494,0.42602,104
3976,Other shipping,2019-08-23,0.74816,0.08271,-0.11787,0.28328,0.28811,0.14690,0.42932,104
3977,Other shipping,2019-08-30,0.70930,0.08655,-0.11876,0.29185,0.28320,0.14389,0.42251,104
3978,Other shipping,2019-09-06,0.71037,0.08920,-0.11851,0.29691,0.28778,0.14772,0.42784,104
3979,Other shipping,2019-09-13,0.75696,0.06532,-0.13331,0.26396,0.27226,0.13269,0.41182,104
3980,Other shipping,2019-09-20,0.75886,0.05970,-0.13621,0.25561,0.26568,0.12894,0.40243,104
3981,Other shipping,2019-09-27,0.75673,0.05711,-0.13779,0.25201,0.26484,0.12847,0.40121,104
3982,Other shipping,2019-10-04,0.75510,0.05887,-0.13683,0.25457,0.26863,0.13445,0.40281,104
3983,Other shipping,2019-10-11,0.75493,0.06280,-0.13446,0.26006,0.27387,0.13894,0.40880,104
3984,Other shipping,2019-10-18,0.74087,0.06954,-0.12888,0.26795,0.27559,0.14067,0.41052,104
3985,Other shipping,2019-10-25,0.74809,0.05622,-0.13597,0.24842,0.26499,0.13331,0.39668,104
3986,Other shipping,2019-11-01,0.75424,0.05514,-0.13623,0.24652,0.26433,0.13141,0.39726,104
3987,Other shipping,2019-11-08,0.86543,0.01188,-0.14979,0.17355,0.25491,0.12768,0.38215,104
3988,Other shipping,2019-11-15,0.88244,0.00879,-0.15107,0.16866,0.25425,0.12666,0.38183,104
3989,Other shipping,2019-11-22,0.88223,0.00711,-0.15271,0.16692,0.25265,0.12511,0.38020,104
3990,Other shipping,2019-11-29,0.88124,0.00696,-0.15268,0.16660,0.25262,0.12537,0.37987,104
3991,Other shipping,2019-12-06,0.89237,0.00221,-0.15622,0.16064,0.24983,0.12335,0.37631,104
3992,Other shipping,2019-12-13,0.89534,0.00184,-0.15610,0.15978,0.25041,0.12401,0.37681,104
3993,Other shipping,2019-12-20,0.92592,-0.00222,-0.15816,0.15373,0.25404,0.12632,0.38175,104
3994,Other shipping,2019-12-27,0.92102,-0.00194,-0.15712,0.15324,0.25197,0.12478,0.37915,104
3995,Other shipping,2020-01-03,0.94929,-0.00578,-0.15885,0.14729,0.25457,0.12600,0.38314,104
3996,Other shipping,2020-01-10,0.96426,-0.02531,-0.17444,0.12382,0.23598,0.11103,0.36092,104
3997,Other shipping,2020-01-17,0.96472,-0.02130,-0.17168,0.12907,0.23985,0.11452,0.36519,104
3998,Other shipping,2020-01-24,0.96744,-0.01265,-0.16196,0.13665,0.24962,0.12566,0.37357,104
3999,Other shipping,2020-01-31,1.00302,-0.01093,-0.16096,0.13910,0.26412,0.13767,0.39056,104
4000,Other shipping,2020-02-07,1.00200,-0.01068,-0.15667,0.13531,0.25072,0.12119,0.38026,104
4001,Other shipping,2020-02-14,1.02023,-0.03697,-0.18245,0.10850,0.22309,0.09600,0.35019,104
4002,Other shipping,2020-02-21,1.02379,-0.03243,-0.17821,0.11334,0.22760,0.10023,0.35496,104
4003,Other shipping,2020-02-28,0.98309,-0.03191,-0.17777,0.11394,0.28239,0.16591,0.39887,104
4004,Other shipping,2020-03-06,1.02887,0.02405,-0.15537,0.20347,0.35115,0.21030,0.49199,104
4005,Other shipping,2020-03-13,1.04775,0.02056,-0.15105,0.19218,0.44567,0.34751,0.54383,104
4006,Other shipping,2020-03-20,0.69430,0.27424,-0.17121,0.71970,0.52105,0.30136,0.74075,104
4007,Other shipping,2020-03-27,0.75574,0.23062,-0.16300,0.62425,0.49536,0.29397,0.69676,104
4008,Other shipping,2020-04-03,0.88359,0.09024,-0.22489,0.40537,0.36980,0.18906,0.55053,104
4009,Other shipping,2020-04-10,0.96823,0.05667,-0.27232,0.38565,0.35899,0.17438,0.54360,104
4010,Other shipping,2020-04-17,0.95067,0.06560,-0.20928,0.34048,0.34050,0.16858,0.51241,104
4011,Other shipping,2020-04-24,0.93659,0.07720,-0.13391,0.28830,0.31687,0.17402,0.45973,104
4012,Other shipping,2020-05-01,0.93772,0.07962,-0.12507,0.28432,0.32123,0.18701,0.45545,104
4013,Other shipping,2020-05-08,0.89979,0.11291,-0.07548,0.30131,0.32382,0.19167,0.45597,104
4014,Other shipping,2020-05-15,0.93371,0.10175,-0.07933,0.28283,0.31713,0.18943,0.44483,104
4015,Other shipping,2020-05-22,0.96944,0.10850,-0.07560,0.29260,0.33298,0.20279,0.46318,104
4016,Other shipping,2020-05-29,0.94403,0.11304,-0.07170,0.29779,0.33161,0.20069,0.46253,104
4017,Other shipping,2020-06-05,0.92374,0.09870,-0.08205,0.27946,0.31891,0.19245,0.44536,104
4018,Other shipping,2020-06-12,0.89938,0.10029,-0.08007,0.28065,0.31699,0.18731,0.44668,104
4019,Other shipping,2020-06-19,0.89153,0.10148,-0.07640,0.27937,0.31382,0.18340,0.44424,104
4020,Other shipping,2020-06-26,0.91021,0.09790,-0.08252,0.27833,0.31658,0.18801,0.44514,104
4021,Other shipping,2020-07-03,0.91439,0.09780,-0.08243,0.27802,0.31788,0.18985,0.44591,104
4022,Other shipping,2020-07-10,0.93988,0.08978,-0.09296,0.27252,0.31595,0.19023,0.44168,104
4023,Other shipping,2020-07-17,0.99019,0.07870,-0.10643,0.26384,0.31759,0.19374,0.44145,104
4024,Other shipping,2020-07-24,0.97944,0.08090,-0.10352,0.26531,0.31664,0.19221,0.44108,104
4025,Other shipping,2020-07-31,0.96765,0.08380,-0.09947,0.26707,0.31663,0.19122,0.44204,104
4026,Other shipping,2020-08-07,0.91585,0.09035,-0.09178,0.27249,0.31192,0.18329,0.44055,104
4027,Other shipping,2020-08-14,0.92998,0.08789,-0.09390,0.26969,0.31313,0.18500,0.44127,104
4028,Other shipping,2020-08-21,0.91313,0.08920,-0.09292,0.27132,0.30996,0.17960,0.44033,104
4029,Other shipping,2020-08-28,0.91470,0.08793,-0.09439,0.27024,0.30926,0.17899,0.43954,104
4030,Other shipping,2020-09-04,0.89705,0.08362,-0.09869,0.26594,0.30120,0.16631,0.43608,104
4031,Other shipping,2020-09-11,0.91336,0.07751,-0.10265,0.25767,0.29600,0.16146,0.43054,104
4032,Other shipping,2020-09-18,0.90475,0.08627,-0.09056,0.26310,0.30114,0.16915,0.43314,104
4033,Other shipping,2020-09-25,0.89923,0.08702,-0.08995,0.26398,0.30119,0.16848,0.43391,104
4034,Other shipping,2020-10-02,0.87577,0.09641,-0.07846,0.27127,0.30294,0.17074,0.43514,104
4035,Other shipping,2020-10-09,0.87525,0.10312,-0.07234,0.27857,0.30877,0.17604,0.44150,104
4036,Other shipping,2020-10-16,0.87055,0.10466,-0.07117,0.28050,0.30917,0.17583,0.44251,104
4037,Other shipping,2020-10-23,0.83230,0.10976,-0.06502,0.28454,0.30453,0.16750,0.44156,104
4038,Other shipping,2020-10-30,0.78164,0.11855,-0.05868,0.29577,0.30843,0.16947,0.44739,104
4039,Other shipping,2020-11-06,0.81166,0.11723,-0.06111,0.29557,0.31659,0.18043,0.45274,104
4040,Other shipping,2020-11-13,0.86085,0.11755,-0.06239,0.29748,0.33235,0.19974,0.46495,104
4041,Other shipping,2020-11-20,0.86869,0.12321,-0.05890,0.30531,0.33843,0.20162,0.47524,104
4042,Other shipping,2020-11-27,0.86317,0.12137,-0.06157,0.30431,0.33731,0.20194,0.47269,104
4043,Other shipping,2020-12-04,0.83332,0.13260,-0.05163,0.31682,0.34271,0.20498,0.48043,104
4044,Other shipping,2020-12-11,0.83535,0.13290,-0.05139,0.31719,0.34314,0.20548,0.48080,104
4045,Other shipping,2020-12-18,0.83678,0.13694,-0.04992,0.32380,0.34672,0.20640,0.48704,104
4046,Other shipping,2020-12-25,0.83618,0.13781,-0.04905,0.32468,0.34727,0.20705,0.48750,104
4047,Other shipping,2021-01-01,0.85549,0.13721,-0.05011,0.32453,0.35000,0.20948,0.49052,104
4048,Other shipping,2021-01-08,0.85419,0.13619,-0.05120,0.32357,0.34895,0.20852,0.48939,104
4049,Other shipping,2021-01-15,0.85819,0.13618,-0.05132,0.32369,0.34958,0.20920,0.48997,104
4050,Other shipping,2021-01-22,0.85906,0.13636,-0.05125,0.32397,0.34979,0.20925,0.49032,104
4051,Other shipping,2021-01-29,0.89381,0.12810,-0.05941,0.31562,0.35033,0.21266,0.48800,104
4052,Other shipping,2021-02-05,0.91097,0.13028,-0.05764,0.31821,0.35803,0.22114,0.49491,104
4053,Other shipping,2021-02-12,0.93113,0.12648,-0.06027,0.31323,0.35563,0.22002,0.49124,104
4054,Other shipping,2021-02-19,0.92934,0.12763,-0.05916,0.31442,0.35626,0.21995,0.49258,104
4055,Other shipping,2021-02-26,0.92942,0.12531,-0.06118,0.31179,0.35394,0.21800,0.48988,104
4056,Other shipping,2021-03-05,0.93170,0.12461,-0.06190,0.31113,0.35537,0.22010,0.49064,104
4057,Other shipping,2021-03-12,0.94937,0.12002,-0.06651,0.30656,0.35471,0.22004,0.48938,104
4058,Other shipping,2021-03-19,0.96231,0.10735,-0.08012,0.29481,0.34475,0.20961,0.47988,104
4059,Other shipping,2021-03-26,0.95780,0.10881,-0.07926,0.29688,0.34568,0.20978,0.48159,104
4060,Other shipping,2021-04-02,0.96084,0.10922,-0.07843,0.29687,0.34593,0.21028,0.48159,104
4061,Other shipping,2021-04-09,0.96029,0.10952,-0.07814,0.29719,0.34621,0.21043,0.48199,104
4062,Other shipping,2021-04-16,0.96476,0.11493,-0.07289,0.30275,0.35310,0.21773,0.48848,104
4063,Other shipping,2021-04-23,0.96567,0.11497,-0.07300,0.30293,0.35365,0.21840,0.48891,104
4064,Other shipping,2021-04-30,0.96453,0.11597,-0.07213,0.30407,0.35426,0.21869,0.48983,104
4065,Other shipping,2021-05-07,0.98165,0.11269,-0.07546,0.30083,0.35537,0.22102,0.48972,104
4066,Other shipping,2021-05-14,0.97621,0.11623,-0.07157,0.30403,0.35714,0.22143,0.49284,104
4067,Other shipping,2021-05-21,1.02360,0.09784,-0.09112,0.28679,0.34915,0.21489,0.48340,104
4068,Other shipping,2021-05-28,1.00379,0.09458,-0.09449,0.28365,0.33962,0.20306,0.47618,104
4069,Other shipping,2021-06-04,1.00835,0.09340,-0.09714,0.28395,0.34065,0.20422,0.47707,104
4070,Other shipping,2021-06-11,1.00470,0.09460,-0.09568,0.28488,0.34060,0.20363,0.47757,104
4071,Other shipping,2021-06-18,0.98713,0.09969,-0.08990,0.28928,0.34118,0.20239,0.47996,104
4072,Other shipping,2021-06-25,1.00138,0.09869,-0.09157,0.28896,0.34515,0.20703,0.48327,104
4073,Other shipping,2021-07-02,1.01607,0.09479,-0.09843,0.28801,0.34669,0.21007,0.48331,104
4074,Other shipping,2021-07-09,1.01162,0.09742,-0.09640,0.29124,0.34919,0.21232,0.48607,104
4075,Other shipping,2021-07-16,1.01345,0.09619,-0.09822,0.29059,0.34757,0.20955,0.48559,104
4076,Other shipping,2021-07-23,1.01666,0.09434,-0.10004,0.28873,0.34653,0.20937,0.48368,104
4077,Other shipping,2021-07-30,1.01242,0.09633,-0.09760,0.29026,0.34661,0.20894,0.48428,104
4078,Other shipping,2021-08-06,1.02529,0.08336,-0.10928,0.27599,0.33276,0.19405,0.47147,104
4079,Other shipping,2021-08-13,1.01694,0.08510,-0.10802,0.27823,0.33243,0.19188,0.47298,104
4080,Other shipping,2021-08-20,1.00985,0.07995,-0.11413,0.27402,0.32613,0.18388,0.46839,104
4081,Other shipping,2021-08-27,1.03418,0.07403,-0.12024,0.26831,0.32536,0.18564,0.46508,104
4082,Other shipping,2021-09-03,1.03710,0.07331,-0.12104,0.26765,0.32533,0.18630,0.46436,104
4083,Other shipping,2021-09-10,1.02460,0.07718,-0.11788,0.27225,0.32708,0.18756,0.46661,104
4084,Other shipping,2021-09-17,1.02566,0.07979,-0.11457,0.27415,0.32893,0.18933,0.46854,104
4085,Other shipping,2021-09-24,1.02741,0.07475,-0.12014,0.26964,0.32339,0.18349,0.46329,104
4086,Other shipping,2021-10-01,1.02549,0.07405,-0.12154,0.26964,0.32177,0.18068,0.46286,104
4087,Other shipping,2021-10-08,1.03737,0.06918,-0.12744,0.26580,0.31881,0.17789,0.45972,104
4088,Other shipping,2021-10-15,1.05032,0.06558,-0.13284,0.26400,0.31940,0.17837,0.46042,104
4089,Other shipping,2021-10-22,1.05208,0.06717,-0.13102,0.26536,0.32163,0.18050,0.46276,104
4090,Other shipping,2021-10-29,1.03815,0.06975,-0.12787,0.26737,0.32137,0.17908,0.46366,104
4091,Other shipping,2021-11-05,1.03882,0.06851,-0.12645,0.26346,0.31886,0.17691,0.46082,104
4092,Other shipping,2021-11-12,1.03416,0.06893,-0.12664,0.26450,0.31846,0.17521,0.46171,104
4093,Other shipping,2021-11-19,1.03550,0.06876,-0.12652,0.26404,0.31870,0.17594,0.46146,104
4094,Other shipping,2021-11-26,1.04266,0.06944,-0.12541,0.26428,0.32394,0.18387,0.46401,104
4095,Other shipping,2021-12-03,1.04480,0.06786,-0.12696,0.26269,0.32266,0.18222,0.46311,104
4096,Other shipping,2021-12-10,1.04336,0.06913,-0.12388,0.26214,0.32228,0.18269,0.46187,104
4097,Other shipping,2021-12-17,1.02849,0.07074,-0.12200,0.26348,0.32042,0.17974,0.46110,104
4098,Other shipping,2021-12-24,1.02801,0.07097,-0.12185,0.26379,0.32136,0.18081,0.46190,104
4099,Other shipping,2021-12-31,1.01886,0.07389,-0.11800,0.26578,0.32178,0.18153,0.46202,104
4100,Other shipping,2022-01-07,1.00920,0.08233,-0.11038,0.27505,0.32837,0.18672,0.47002,104
4101,Other shipping,2022-01-14,1.01357,0.07941,-0.11316,0.27199,0.32616,0.18493,0.46739,104
4102,Other shipping,2022-01-21,1.01869,0.07450,-0.11934,0.26834,0.32228,0.17908,0.46548,104
4103,Other shipping,2022-01-28,1.00629,0.07478,-0.11870,0.26826,0.31760,0.17179,0.46341,104
4104,Other shipping,2022-02-04,1.01376,0.07295,-0.12473,0.27064,0.32045,0.17333,0.46758,104
4105,Other shipping,2022-02-11,1.03626,0.07497,-0.12459,0.27453,0.32847,0.18090,0.47604,104
4106,Other shipping,2022-02-18,1.03007,0.07623,-0.12319,0.27565,0.32862,0.18027,0.47697,104
4107,Other shipping,2022-02-25,1.06550,0.07009,-0.12682,0.26700,0.30768,0.15187,0.46349,104
4108,Other shipping,2022-03-04,1.10889,0.01080,-0.19769,0.21929,0.24308,0.09194,0.39422,104
4109,Other shipping,2022-03-11,1.05902,0.01364,-0.19092,0.21821,0.16928,0.00282,0.33574,104
4110,Other shipping,2022-03-18,1.19793,-0.10846,-0.32942,0.11249,0.07503,-0.10808,0.25814,104
4111,Other shipping,2022-03-25,1.18108,-0.10908,-0.33156,0.11340,0.07432,-0.10808,0.25672,104
4112,Other shipping,2022-04-01,1.24659,-0.08929,-0.33790,0.15933,0.08148,-0.13667,0.29962,104
4113,Other shipping,2022-04-08,1.20190,-0.07214,-0.32218,0.17790,0.09656,-0.11741,0.31052,104
4114,Other shipping,2022-04-15,1.27658,-0.11321,-0.36334,0.13692,0.08482,-0.12769,0.29734,104
4115,Other shipping,2022-04-22,1.33079,-0.19639,-0.41991,0.02713,0.04096,-0.14279,0.22470,104
4116,Other shipping,2022-04-29,1.29774,-0.19599,-0.42015,0.02817,0.02331,-0.16768,0.21430,104
4117,Other shipping,2022-05-06,1.39558,-0.27292,-0.46516,-0.08069,0.00386,-0.15677,0.16448,104
4118,Other shipping,2022-05-13,1.35802,-0.26139,-0.46298,-0.05979,0.01389,-0.15109,0.17887,104
4119,Other shipping,2022-05-20,1.32134,-0.27649,-0.47368,-0.07930,-0.01287,-0.18129,0.15556,104
4120,Other shipping,2022-05-27,1.37276,-0.28960,-0.48812,-0.09109,-0.01099,-0.17606,0.15408,104
4121,Other shipping,2022-06-03,1.41162,-0.26803,-0.47513,-0.06092,-0.00686,-0.18566,0.17195,104
4122,Other shipping,2022-06-10,1.48430,-0.27733,-0.48303,-0.07162,-0.01781,-0.19973,0.16410,104
4123,Other shipping,2022-06-17,1.51093,-0.25956,-0.47522,-0.04389,0.02688,-0.16093,0.21470,104
4124,Other shipping,2022-06-24,1.46477,-0.26098,-0.47584,-0.04611,0.01335,-0.17464,0.20134,104
4125,Other shipping,2022-07-01,1.45752,-0.25455,-0.47285,-0.03624,0.01687,-0.17568,0.20942,104
4126,Other shipping,2022-07-08,1.38761,-0.24119,-0.46218,-0.02020,0.00902,-0.18922,0.20726,104
4127,Other shipping,2022-07-15,1.34005,-0.25326,-0.47301,-0.03351,-0.00326,-0.19764,0.19111,104
4128,Other shipping,2022-07-22,1.37734,-0.25833,-0.47643,-0.04023,0.00066,-0.19098,0.19231,104
4129,Other shipping,2022-07-29,1.34854,-0.26392,-0.48092,-0.04691,-0.00320,-0.19501,0.18860,104
4130,Other shipping,2022-08-05,1.45365,-0.24911,-0.45068,-0.04753,0.01218,-0.15835,0.18272,104
4131,Other shipping,2022-08-12,1.45889,-0.24240,-0.44743,-0.03736,0.02042,-0.15281,0.19364,104
4132,Other shipping,2022-08-19,1.45937,-0.23023,-0.44152,-0.01894,0.03060,-0.14670,0.20789,104
4133,Other shipping,2022-08-26,1.46628,-0.23967,-0.44402,-0.03532,0.02161,-0.14995,0.19316,104
4134,Other shipping,2022-09-02,1.51633,-0.21921,-0.43150,-0.00692,0.05577,-0.12116,0.23269,104
4135,Other shipping,2022-09-09,1.51536,-0.22669,-0.43767,-0.01571,0.06032,-0.11471,0.23535,104
4136,Other shipping,2022-09-16,1.50196,-0.24028,-0.44072,-0.03983,0.05064,-0.11653,0.21781,104
4137,Other shipping,2022-09-23,1.49430,-0.24024,-0.44085,-0.03963,0.06030,-0.10551,0.22610,104
4138,Other shipping,2022-09-30,1.58236,-0.28661,-0.45002,-0.12320,0.04381,-0.09982,0.18744,104
4139,Other shipping,2022-10-07,1.57929,-0.28576,-0.44968,-0.12185,0.04432,-0.09974,0.18837,104
4140,Other shipping,2022-10-14,1.56787,-0.30081,-0.45894,-0.14267,0.03004,-0.10892,0.16900,104
4141,Other shipping,2022-10-21,1.58894,-0.29674,-0.45474,-0.13874,0.03712,-0.10197,0.17620,104
4142,Other shipping,2022-10-28,1.59521,-0.29008,-0.45108,-0.12907,0.02126,-0.12869,0.17121,104
4143,Other shipping,2022-11-04,1.61760,-0.29385,-0.45444,-0.13326,0.01659,-0.13035,0.16354,104
4144,Other shipping,2022-11-11,1.55464,-0.30027,-0.45920,-0.14135,-0.01895,-0.16405,0.12616,104
4145,Other shipping,2022-11-18,1.54067,-0.28637,-0.44747,-0.12526,-0.00874,-0.15970,0.14222,104
4146,Other shipping,2022-11-25,1.50124,-0.25521,-0.43699,-0.07344,-0.00739,-0.17371,0.15893,104
4147,Other shipping,2022-12-02,1.50996,-0.25803,-0.43815,-0.07791,-0.00813,-0.17306,0.15679,104
4148,Other shipping,2022-12-09,1.51486,-0.26983,-0.43420,-0.10546,-0.02359,-0.17512,0.12795,104
4149,Other shipping,2022-12-16,1.48615,-0.26675,-0.43178,-0.10172,-0.03027,-0.18288,0.12235,104
4150,Other shipping,2022-12-23,1.49563,-0.26479,-0.43095,-0.09862,-0.02456,-0.17697,0.12786,104
4151,Other shipping,2022-12-30,1.49870,-0.26644,-0.43105,-0.10182,-0.02694,-0.17840,0.12451,104
4152,Other shipping,2023-01-06,1.49020,-0.24201,-0.41196,-0.07207,-0.01130,-0.16885,0.14625,104
4153,Other shipping,2023-01-13,1.48501,-0.23994,-0.40653,-0.07335,-0.01313,-0.16798,0.14172,104
4154,Other shipping,2023-01-20,1.47669,-0.23594,-0.40430,-0.06758,-0.01206,-0.16862,0.14450,104
4155,Other shipping,2023-01-27,1.39358,-0.21998,-0.39482,-0.04513,-0.01083,-0.17162,0.14996,104
4156,Other shipping,2023-02-03,1.33964,-0.21755,-0.39068,-0.04443,-0.03003,-0.19042,0.13036,104
4157,Other shipping,2023-02-10,1.31325,-0.22698,-0.39560,-0.05836,-0.03696,-0.19304,0.11911,104
4158,Other shipping,2023-02-17,1.31261,-0.23096,-0.39837,-0.06355,-0.04043,-0.19565,0.11479,104
4159,Other shipping,2023-02-24,1.30681,-0.22678,-0.39591,-0.05766,-0.03808,-0.19549,0.11933,104
4160,Other shipping,2023-03-03,1.28625,-0.22742,-0.39635,-0.05848,-0.04464,-0.20347,0.11419,104
4161,Other shipping,2023-03-10,1.23508,-0.22452,-0.39365,-0.05540,-0.04467,-0.20518,0.11584,104
4162,Other shipping,2023-03-17,1.32129,-0.19469,-0.37046,-0.01892,0.01945,-0.14244,0.18134,104
4163,Other shipping,2023-03-24,1.32572,-0.19605,-0.36960,-0.02251,0.01711,-0.14329,0.17751,104
4164,Other shipping,2023-03-31,1.31462,-0.20006,-0.37219,-0.02794,0.02083,-0.13545,0.17712,104
4165,Other shipping,2023-04-07,1.32772,-0.21032,-0.37687,-0.04378,0.01038,-0.14091,0.16167,104
4166,Other shipping,2023-04-14,1.33250,-0.22260,-0.38645,-0.05874,-0.00251,-0.15018,0.14515,104
4167,Other shipping,2023-04-21,1.32391,-0.22584,-0.38920,-0.06249,-0.00687,-0.15392,0.14018,104
4168,Other shipping,2023-04-28,1.31841,-0.22461,-0.38700,-0.06222,-0.00852,-0.15540,0.13835,104
4169,Other shipping,2023-05-05,1.33646,-0.21320,-0.37711,-0.04930,0.00757,-0.14107,0.15620,104
4170,Other shipping,2023-05-12,1.36367,-0.22059,-0.38356,-0.05761,0.00462,-0.14202,0.15125,104
4171,Other shipping,2023-05-19,1.30866,-0.20717,-0.37291,-0.04143,0.01375,-0.13459,0.16209,104
4172,Other shipping,2023-05-26,1.30173,-0.20439,-0.37123,-0.03754,0.01341,-0.13689,0.16370,104
4173,Other shipping,2023-06-02,1.29790,-0.20376,-0.37073,-0.03679,0.01128,-0.13971,0.16226,104
4174,Other shipping,2023-06-09,1.29965,-0.20400,-0.37071,-0.03728,0.01114,-0.13946,0.16173,104
4175,Other shipping,2023-06-16,1.33046,-0.21093,-0.37626,-0.04560,0.01106,-0.13700,0.15911,104
4176,Other shipping,2023-06-23,1.26334,-0.20843,-0.37436,-0.04251,0.00464,-0.14496,0.15425,104
4177,Other shipping,2023-06-30,1.24249,-0.20595,-0.37306,-0.03883,0.00441,-0.14664,0.15546,104
4178,Other shipping,2023-07-07,1.20343,-0.19146,-0.36306,-0.01986,0.00842,-0.14561,0.16244,104
4179,Other shipping,2023-07-14,1.20428,-0.19173,-0.36228,-0.02118,0.00832,-0.14492,0.16156,104
4180,Other shipping,2023-07-21,1.14662,-0.18518,-0.35861,-0.01174,0.00644,-0.14839,0.16126,104
4181,Other shipping,2023-07-28,1.14983,-0.18860,-0.36047,-0.01673,0.00299,-0.15049,0.15646,104
4182,Other shipping,2023-08-04,1.14349,-0.18299,-0.36071,-0.00527,0.01420,-0.14247,0.17087,104
4183,Other shipping,2023-08-11,1.11783,-0.17833,-0.35680,0.00015,0.01480,-0.14243,0.17204,104
4184,Other shipping,2023-08-18,1.08123,-0.17209,-0.35460,0.01043,0.01340,-0.15016,0.17696,104
4185,Other shipping,2023-08-25,1.07843,-0.17566,-0.36227,0.01096,0.00612,-0.16384,0.17607,104
4186,Other shipping,2023-09-01,1.07428,-0.17566,-0.36220,0.01087,0.00855,-0.16055,0.17765,104
4187,Other shipping,2023-09-08,1.07527,-0.17522,-0.36163,0.01119,0.00892,-0.15985,0.17769,104
4188,Other shipping,2023-09-15,1.07370,-0.17589,-0.36389,0.01212,0.01228,-0.15634,0.18090,104
4189,Other shipping,2023-09-22,1.08836,-0.16674,-0.35625,0.02277,0.02339,-0.14539,0.19217,104
4190,Other shipping,2023-09-29,1.10195,-0.16939,-0.35733,0.01856,0.02202,-0.14575,0.18979,104
4191,Other shipping,2023-10-06,1.08484,-0.17199,-0.35680,0.01281,0.02193,-0.14154,0.18539,104
4192,Other shipping,2023-10-13,1.04411,-0.17377,-0.35808,0.01053,0.01896,-0.14458,0.18251,104
4193,Other shipping,2023-10-20,1.05007,-0.17550,-0.35769,0.00668,0.01648,-0.14658,0.17954,104
4194,Other shipping,2023-10-27,1.06153,-0.17904,-0.36067,0.00259,0.01435,-0.14880,0.17751,104
4195,Other shipping,2023-11-03,1.04434,-0.17151,-0.35229,0.00928,0.01517,-0.14698,0.17733,104
4196,Other shipping,2023-11-10,1.03426,-0.16229,-0.34564,0.02106,0.02185,-0.14133,0.18504,104
4197,Other shipping,2023-11-17,1.02441,-0.16171,-0.34580,0.02239,0.02004,-0.14367,0.18374,104
4198,Other shipping,2023-11-24,0.99664,-0.16881,-0.35114,0.01352,0.00090,-0.16386,0.16566,104
4199,Other shipping,2023-12-01,0.99480,-0.16487,-0.34948,0.01975,0.00571,-0.16045,0.17187,104
4200,Other shipping,2023-12-08,0.99843,-0.16906,-0.35435,0.01623,0.00351,-0.16328,0.17030,104
4201,Other shipping,2023-12-15,1.00758,-0.16828,-0.35371,0.01716,0.00502,-0.16211,0.17215,104
4202,Other shipping,2023-12-22,0.99728,-0.16381,-0.35033,0.02270,0.00482,-0.16417,0.17381,104
4203,Other shipping,2023-12-29,0.98408,-0.16146,-0.34846,0.02554,0.00401,-0.16512,0.17314,104
4204,Other shipping,2024-01-05,0.99282,-0.16916,-0.35355,0.01522,-0.00187,-0.16882,0.16507,104
4205,Other shipping,2024-01-12,0.99443,-0.16734,-0.35369,0.01901,0.00055,-0.16855,0.16966,104
4206,Other shipping,2024-01-19,0.96586,-0.16171,-0.35342,0.02999,0.00361,-0.16793,0.17514,104
4207,Other shipping,2024-01-26,0.96716,-0.16528,-0.35459,0.02403,0.00166,-0.16681,0.17014,104
4208,Other shipping,2024-02-02,0.95459,-0.16937,-0.35580,0.01706,-0.00485,-0.17048,0.16079,104
4209,Other shipping,2024-02-09,0.79284,-0.12839,-0.33114,0.07435,0.00185,-0.17702,0.18072,104
4210,Other shipping,2024-02-16,0.77511,-0.12816,-0.33248,0.07616,-0.00058,-0.17800,0.17683,104
4211,Other shipping,2024-02-23,0.76911,-0.12589,-0.32901,0.07724,0.00200,-0.17483,0.17883,104
4212,Other shipping,2024-03-01,0.69503,-0.07160,-0.26346,0.12026,0.05840,-0.11019,0.22699,104
4213,Other shipping,2024-03-08,0.68836,-0.06934,-0.26951,0.13083,0.06045,-0.11220,0.23310,104
4214,Other shipping,2024-03-15,0.64831,-0.05346,-0.24609,0.13918,0.07249,-0.09662,0.24159,104
4215,Other shipping,2024-03-22,0.62728,-0.02697,-0.20393,0.14999,0.09398,-0.05972,0.24768,104
4216,Other shipping,2024-03-29,0.53880,0.03681,-0.11918,0.19280,0.15183,0.01569,0.28797,104
4217,Other shipping,2024-04-05,0.56818,0.03406,-0.12340,0.19152,0.15624,0.01867,0.29380,104
4218,Other shipping,2024-04-12,0.55512,0.05033,-0.10743,0.20810,0.17053,0.03334,0.30771,104
4219,Other shipping,2024-04-19,0.56476,0.05000,-0.10827,0.20827,0.17332,0.03684,0.30979,104
4220,Other shipping,2024-04-26,0.61945,0.04722,-0.11314,0.20757,0.18514,0.04619,0.32410,104
4221,Other shipping,2024-05-03,0.65798,0.02381,-0.13537,0.18300,0.16881,0.03555,0.30206,104
4222,Other shipping,2024-05-10,0.68593,0.01820,-0.14099,0.17739,0.16943,0.03645,0.30242,104
4223,Other shipping,2024-05-17,0.68413,0.01763,-0.14217,0.17743,0.16783,0.03485,0.30082,104
4224,Other shipping,2024-05-24,0.68031,0.01855,-0.14104,0.17813,0.16488,0.03002,0.29974,104
4225,Other shipping,2024-05-31,0.69400,0.01537,-0.14386,0.17459,0.16475,0.02986,0.29963,104
4226,Other shipping,2024-06-07,0.61351,0.04551,-0.11202,0.20305,0.18005,0.04074,0.31936,104
4227,Other shipping,2024-06-14,0.66605,0.00378,-0.16072,0.16827,0.14269,0.00490,0.28047,104
4228,Other shipping,2024-06-21,0.65520,0.01555,-0.14552,0.17662,0.15267,0.01586,0.28948,104
4229,Other shipping,2024-06-28,0.66922,0.01305,-0.14763,0.17373,0.15344,0.01545,0.29144,104
4230,Other shipping,2024-07-05,0.66937,0.01324,-0.15211,0.17859,0.15662,0.01784,0.29540,104
4231,Other shipping,2024-07-12,0.67723,0.03507,-0.12892,0.19906,0.17748,0.04121,0.31375,104
4232,Other shipping,2024-07-19,0.60286,0.04771,-0.11749,0.21291,0.17201,0.03440,0.30963,104
4233,Other shipping,2024-07-26,0.63236,0.05118,-0.11372,0.21609,0.17711,0.03737,0.31685,104
4234,Other shipping,2024-08-02,0.63598,0.06546,-0.12329,0.25421,0.20304,0.04665,0.35943,104
4235,Other shipping,2024-08-09,0.61406,0.06171,-0.12649,0.24991,0.19332,0.03827,0.34838,104
4236,Other shipping,2024-08-16,0.66308,0.04594,-0.14001,0.23189,0.18850,0.03339,0.34360,104
4237,Other shipping,2024-08-23,0.65119,0.06493,-0.12271,0.25258,0.20582,0.04661,0.36504,104
4238,Other shipping,2024-08-30,0.63595,0.05626,-0.13083,0.24336,0.19009,0.02855,0.35164,104
4239,Other shipping,2024-09-06,0.63001,0.04986,-0.13582,0.23554,0.18798,0.03452,0.34143,104
4240,Other shipping,2024-09-13,0.66258,0.04586,-0.14078,0.23249,0.19036,0.03698,0.34373,104
4241,Other shipping,2024-09-20,0.60065,0.06365,-0.12268,0.24997,0.18592,0.02967,0.34217,104
4242,Other shipping,2024-09-27,0.59845,0.06241,-0.12378,0.24859,0.18485,0.02943,0.34028,104
4243,Other shipping,2024-10-04,0.57767,0.03667,-0.15281,0.22615,0.15568,-0.00463,0.31600,104
4244,Other shipping,2024-10-11,0.60611,0.05286,-0.13615,0.24186,0.17554,0.01370,0.33738,104
4245,Other shipping,2024-10-18,0.59964,0.05941,-0.12590,0.24472,0.17966,0.02280,0.33652,104
4246,Other shipping,2024-10-25,0.57347,0.04933,-0.13660,0.23527,0.16376,0.00599,0.32153,104
4247,Other shipping,2024-11-01,0.52829,0.05650,-0.13132,0.24433,0.16153,0.01204,0.31101,104
4248,Other shipping,2024-11-08,0.52856,0.05956,-0.12824,0.24737,0.16412,0.01359,0.31465,104
4249,Other shipping,2024-11-15,0.57408,0.02560,-0.16132,0.21252,0.13623,-0.01802,0.29048,104
4250,Other shipping,2024-11-22,0.60288,0.02652,-0.17238,0.22543,0.14865,-0.00665,0.30395,104
4251,Other shipping,2024-11-29,0.61639,0.03821,-0.16222,0.23864,0.16444,0.00587,0.32301,104
4252,Other shipping,2024-12-06,0.58970,0.07742,-0.13149,0.28634,0.20216,0.03572,0.36859,104
4253,Other shipping,2024-12-13,0.62436,0.05931,-0.15049,0.26911,0.19211,0.02935,0.35487,104
4254,Other shipping,2024-12-20,0.66288,0.04455,-0.16554,0.25465,0.18741,0.02412,0.35070,104
4255,Other shipping,2024-12-27,0.65707,0.05186,-0.16156,0.26529,0.19566,0.03081,0.36051,104
4256,Other shipping,2025-01-03,0.66524,0.03953,-0.18291,0.26197,0.19211,0.02229,0.36193,104
4257,Other shipping,2025-01-10,0.65750,0.04198,-0.19067,0.27463,0.19765,0.02324,0.37206,104
4258,Other shipping,2025-01-17,0.65521,0.02978,-0.20731,0.26686,0.18633,0.01064,0.36202,104
4259,Other shipping,2025-01-24,0.68308,0.01816,-0.22133,0.25765,0.18155,0.00468,0.35843,104
4260,Other shipping,2025-01-31,0.66401,0.02864,-0.22108,0.27836,0.19440,0.01416,0.37464,104
4261,Other shipping,2025-02-07,0.65223,0.05865,-0.18592,0.30323,0.22304,0.05214,0.39394,104
4262,Other shipping,2025-02-14,0.65109,0.06683,-0.18089,0.31455,0.23107,0.05803,0.40410,104
4263,Other shipping,2025-02-21,0.65069,0.06664,-0.18162,0.31489,0.23074,0.05849,0.40299,104
4264,Other shipping,2025-02-28,0.68173,0.07063,-0.17897,0.32023,0.24097,0.06383,0.41812,104
4265,Other shipping,2025-03-07,0.71384,0.07456,-0.17392,0.32304,0.24809,0.06484,0.43133,104
4266,Other shipping,2025-03-14,0.62741,0.04240,-0.20239,0.28719,0.17912,0.00263,0.35561,104
4267,Other shipping,2025-03-21,0.61049,0.04899,-0.19794,0.29592,0.18537,0.00969,0.36105,104
4268,Other shipping,2025-03-28,0.63041,0.04149,-0.20014,0.28312,0.17251,-0.00737,0.35238,104
4269,Other shipping,2025-04-04,0.82879,0.09128,-0.16168,0.34423,0.30670,0.08247,0.53093,104
4270,Other shipping,2025-04-11,0.82321,0.07957,-0.17068,0.32982,0.29118,0.07317,0.50919,104
4271,Other shipping,2025-04-18,0.78125,0.09762,-0.15541,0.35064,0.30074,0.07949,0.52199,104
4272,Other shipping,2025-04-25,0.77409,0.10431,-0.15351,0.36213,0.30793,0.08354,0.53232,104
4273,Other shipping,2025-05-02,0.79989,0.05942,-0.15987,0.27870,0.24207,0.03273,0.45141,104
4274,Other shipping,2025-05-09,0.79081,0.06222,-0.15609,0.28052,0.23987,0.03201,0.44773,104
4275,Other shipping,2025-05-16,0.89452,0.05659,-0.16387,0.27706,0.26174,0.05454,0.46895,104
4276,Other shipping,2025-05-23,0.91623,0.05145,-0.17150,0.27440,0.26388,0.05665,0.47110,104
4277,Other shipping,2025-05-30,0.90918,0.05496,-0.16782,0.27774,0.26563,0.05808,0.47318,104
4278,Other shipping,2025-06-06,0.91500,0.06684,-0.15703,0.29072,0.28011,0.06893,0.49129,104
4279,Other shipping,2025-06-13,0.91722,0.04399,-0.16818,0.25616,0.25620,0.06363,0.44876,104
4280,Other shipping,2025-06-20,0.95749,0.03522,-0.17801,0.24845,0.24852,0.05469,0.44235,104
4281,Other shipping,2025-06-27,0.96704,0.02167,-0.18121,0.22456,0.23401,0.05459,0.41343,104
4282,Other shipping,2025-07-04,1.00523,-0.00190,-0.20581,0.20200,0.22632,0.04652,0.40611,104
4283,Other shipping,2025-07-11,0.95820,0.02596,-0.17665,0.22858,0.24190,0.06240,0.42141,104
4284,Other shipping,2025-07-18,1.00659,0.01899,-0.18268,0.22065,0.24464,0.06587,0.42341,104
4285,Other shipping,2025-07-25,1.00138,0.02209,-0.18327,0.22745,0.24962,0.06865,0.43059,104
4286,Other shipping,2025-08-01,1.00304,0.01887,-0.18460,0.22235,0.24532,0.06461,0.42603,104
4287,Other shipping,2025-08-08,1.03896,0.00228,-0.19708,0.20164,0.23180,0.05346,0.41013,104
4288,Other shipping,2025-08-15,1.10033,0.00266,-0.19836,0.20367,0.24321,0.06572,0.42071,104
4289,Other shipping,2025-08-22,1.10766,0.00413,-0.19699,0.20525,0.24791,0.07104,0.42477,104
4290,Other shipping,2025-08-29,1.11932,0.00335,-0.19723,0.20394,0.24464,0.06530,0.42399,104
4291,Other shipping,2025-09-05,1.11592,-0.00142,-0.20311,0.20027,0.24208,0.06373,0.42043,104
4292,Other shipping,2025-09-12,1.10657,-0.00322,-0.20457,0.19814,0.23584,0.05751,0.41416,104
4293,Other shipping,2025-09-19,1.10295,-0.00229,-0.20334,0.19876,0.23599,0.05780,0.41418,104
4294,Other shipping,2025-09-26,1.09164,-0.00335,-0.19969,0.19298,0.23343,0.05995,0.40691,104
4295,Other shipping,2025-10-03,1.10382,0.04571,-0.13372,0.22513,0.27367,0.12459,0.42275,104
4296,Other shipping,2025-10-10,1.15239,0.06358,-0.11773,0.24489,0.28651,0.13511,0.43792,104
4297,Other shipping,2025-10-17,1.13721,0.06570,-0.12242,0.25382,0.29204,0.14080,0.44329,104
4298,Other shipping,2025-10-24,1.15664,0.05838,-0.12459,0.24135,0.28507,0.14008,0.43006,104
4299,Other shipping,2025-10-31,1.12672,0.06150,-0.13051,0.25351,0.29435,0.14584,0.44286,104
4300,Other shipping,2025-11-07,1.12565,0.05094,-0.14048,0.24237,0.28555,0.13711,0.43399,104
4301,Other shipping,2025-11-14,1.12894,0.04671,-0.14549,0.23892,0.28296,0.13451,0.43142,104
4302,Other shipping,2025-11-21,1.09613,0.04821,-0.14423,0.24064,0.28018,0.13092,0.42944,104
4303,Other shipping,2025-11-28,1.10257,0.04771,-0.14440,0.23981,0.28123,0.13190,0.43057,104
4304,Other shipping,2025-12-05,1.10790,0.04755,-0.14496,0.24006,0.28241,0.13180,0.43301,104
4305,Other shipping,2025-12-12,1.12270,0.03782,-0.15170,0.22735,0.27266,0.12375,0.42157,104
4306,Other shipping,2025-12-19,1.11947,0.03387,-0.15327,0.22101,0.26990,0.12334,0.41646,104
4307,Other shipping,2025-12-26,1.13649,0.02459,-0.16041,0.20959,0.26475,0.12011,0.40939,104
4308,Other shipping,2026-01-02,1.12993,0.01798,-0.16234,0.19829,0.25319,0.10929,0.39709,104
4309,Other shipping,2026-01-09,1.11422,0.03049,-0.14938,0.21037,0.25870,0.11412,0.40328,104
4310,Other shipping,2026-01-16,1.15060,0.01951,-0.15632,0.19533,0.25838,0.11544,0.40133,104
4311,Other shipping,2026-01-23,1.15230,0.02688,-0.15404,0.20781,0.26409,0.11734,0.41084,104
4312,Other shipping,2026-01-30,1.15495,0.05824,-0.14267,0.25916,0.29251,0.13173,0.45328,104
4313,Other shipping,2026-02-06,1.30260,-0.00481,-0.16272,0.15311,0.27182,0.11929,0.42435,104
4314,Other shipping,2026-02-13,1.33616,-0.00529,-0.16329,0.15272,0.27664,0.12497,0.42830,104
4315,Other shipping,2026-02-20,1.37033,0.00731,-0.15669,0.17131,0.30435,0.14653,0.46216,104
4316,Other shipping,2026-02-27,1.37239,0.01934,-0.14937,0.18805,0.31619,0.15459,0.47778,104
4317,Other shipping,2026-03-06,1.39250,0.00024,-0.11055,0.11102,0.22499,0.10951,0.34047,104
4318,Other shipping,2026-03-13,1.38913,-0.04373,-0.16709,0.07963,0.18080,0.05515,0.30645,104
4319,Other shipping,2026-03-20,1.42235,-0.04248,-0.15780,0.07284,0.18435,0.06552,0.30319,104
4320,Other shipping,2026-03-27,1.42069,-0.04209,-0.15719,0.07302,0.18444,0.06557,0.30331,104
4321,Other shipping,2026-04-03,1.38189,-0.03513,-0.13811,0.06785,0.15458,0.04200,0.26716,104
4322,Other shipping,2026-04-10,1.38715,-0.03925,-0.14046,0.06195,0.15193,0.04141,0.26245,104
4323,Other shipping,2026-04-17,1.42093,-0.03866,-0.14029,0.06297,0.16218,0.05240,0.27195,104
4324,Other shipping,2026-04-24,1.39834,-0.06600,-0.16435,0.03235,0.12107,0.01605,0.22609,104
4325,Other shipping,2026-05-01,1.38278,-0.05291,-0.14813,0.04231,0.13554,0.03136,0.23971,104
4326,Other shipping,2026-05-08,1.35849,-0.06276,-0.16254,0.03702,0.12931,0.02287,0.23576,104
4327,Other shipping,2026-05-15,1.37201,-0.05490,-0.15147,0.04166,0.14262,0.04091,0.24433,104
4328,Other shipping,2026-05-22,1.34383,-0.04286,-0.13992,0.05419,0.14655,0.04405,0.24905,104
4329,Other shipping,2026-05-29,1.32083,-0.04753,-0.13732,0.04225,0.14288,0.04726,0.23851,104
4330,Other shipping,2026-06-05,1.29842,-0.04512,-0.13664,0.04640,0.14071,0.04426,0.23716,104
4331,Other shipping,2026-06-12,1.23665,-0.03862,-0.13114,0.05390,0.14233,0.04366,0.24099,104
4332,Other shipping,2026-06-19,1.26397,-0.03861,-0.12846,0.05125,0.15456,0.06087,0.24825,104
4333,Other shipping,2026-06-26,1.25112,-0.05242,-0.14222,0.03738,0.13895,0.04865,0.22924,104
4334,Other shipping,2026-07-03,1.23597,-0.04998,-0.13895,0.03898,0.13910,0.04863,0.22957,104
4335,Other shipping,2026-07-10,1.26095,-0.05643,-0.14102,0.02816,0.13478,0.04666,0.22289,104
4336,Other shipping,2026-07-17,1.26732,-0.05860,-0.13716,0.01996,0.12779,0.04563,0.20996,104
4337,Other shipping,2026-07-24,1.27855,-0.05407,-0.13300,0.02485,0.13632,0.05468,0.21796,104
4338,Other shipping,2026-07-31,1.26286,-0.05467,-0.13192,0.02259,0.12776,0.04751,0.20801,104
4339,Other shipping,2026-08-07,1.27054,-0.05914,-0.13522,0.01694,0.12209,0.04328,0.20089,104
4340,Other shipping,2026-08-14,1.27312,-0.05475,-0.13134,0.02183,0.13023,0.05025,0.21021,104
4341,Other shipping,2026-08-21,1.27544,-0.05669,-0.13177,0.01839,0.12648,0.04784,0.20511,104
4342,Other shipping,2026-08-28,1.27003,-0.05304,-0.12792,0.02184,0.12795,0.04923,0.20668,104
4343,Other shipping,2026-09-04,1.29312,-0.03974,-0.11782,0.03834,0.13184,0.04950,0.21418,104
4344,Other shipping,2026-09-11,1.27083,-0.03557,-0.11348,0.04234,0.12994,0.04801,0.21187,104
4345,Seafood,2009-07-31,0.55858,-0.10842,-0.24755,0.03072,0.20714,0.00014,0.41415,101
4346,Seafood,2009-08-07,0.55904,-0.10569,-0.24575,0.03437,0.21014,0.00149,0.41879,101
4347,Seafood,2009-08-14,0.55972,-0.10737,-0.24712,0.03237,0.20873,-0.00004,0.41750,101
4348,Seafood,2009-08-21,0.56681,-0.11044,-0.24904,0.02815,0.20991,0.00127,0.41855,101
4349,Seafood,2009-08-28,0.56960,-0.11629,-0.25470,0.02211,0.20494,-0.00338,0.41326,101
4350,Seafood,2009-09-04,0.57025,-0.11715,-0.25359,0.01928,0.20162,-0.00375,0.40699,101
4351,Seafood,2009-09-11,0.56808,-0.11574,-0.25237,0.02090,0.20242,-0.00309,0.40793,101
4352,Seafood,2009-09-18,0.56326,-0.11672,-0.25372,0.02027,0.20000,-0.00521,0.40520,101
4353,Seafood,2009-09-25,0.56309,-0.11665,-0.25073,0.01743,0.19554,-0.00579,0.39687,101
4354,Seafood,2009-10-02,0.56460,-0.11822,-0.25042,0.01398,0.19229,-0.00807,0.39265,101
4355,Seafood,2009-10-09,0.56592,-0.11761,-0.25000,0.01477,0.19560,-0.00471,0.39591,101
4356,Seafood,2009-10-16,0.56437,-0.11457,-0.24450,0.01536,0.19507,-0.00229,0.39243,101
4357,Seafood,2009-10-23,0.56459,-0.11097,-0.24030,0.01836,0.19870,0.00021,0.39720,101
4358,Seafood,2009-10-30,0.56152,-0.10994,-0.23865,0.01877,0.19953,0.00120,0.39785,101
4359,Seafood,2009-11-06,0.56213,-0.10957,-0.23806,0.01892,0.20026,0.00174,0.39878,101
4360,Seafood,2009-11-13,0.52874,-0.09410,-0.22261,0.03441,0.19656,-0.00338,0.39651,101
4361,Seafood,2009-11-20,0.51845,-0.08168,-0.21315,0.04980,0.20504,0.00303,0.40704,101
4362,Seafood,2009-11-27,0.52327,-0.08679,-0.22054,0.04697,0.21056,0.00599,0.41513,101
4363,Seafood,2009-12-04,0.52324,-0.08693,-0.22080,0.04693,0.21047,0.00599,0.41494,101
4364,Seafood,2009-12-11,0.51395,-0.07748,-0.21678,0.06182,0.21068,0.00792,0.41344,101
4365,Seafood,2009-12-18,0.51317,-0.07472,-0.21475,0.06530,0.21296,0.00958,0.41634,101
4366,Seafood,2009-12-25,0.51093,-0.07491,-0.21511,0.06530,0.21151,0.00862,0.41440,101
4367,Seafood,2010-01-01,0.50914,-0.07433,-0.21497,0.06632,0.21234,0.00957,0.41511,101
4368,Seafood,2010-01-08,0.50054,-0.07336,-0.21320,0.06648,0.20625,0.00213,0.41038,101
4369,Seafood,2010-01-15,0.50745,-0.08582,-0.22479,0.05316,0.19495,-0.00815,0.39805,101
4370,Seafood,2010-01-22,0.50858,-0.08425,-0.22309,0.05459,0.19840,-0.00348,0.40028,101
4371,Seafood,2010-01-29,0.51760,-0.09063,-0.22970,0.04845,0.19629,-0.00551,0.39809,101
4372,Seafood,2010-02-05,0.51944,-0.09437,-0.23359,0.04485,0.19518,-0.00645,0.39681,101
4373,Seafood,2010-02-12,0.52429,-0.09343,-0.22979,0.04293,0.19479,-0.00670,0.39628,101
4374,Seafood,2010-02-19,0.52470,-0.09141,-0.22690,0.04408,0.19703,-0.00295,0.39701,101
4375,Seafood,2010-02-26,0.52803,-0.09877,-0.23349,0.03595,0.19215,-0.00707,0.39137,101
4376,Seafood,2010-03-05,0.52044,-0.09383,-0.23060,0.04294,0.19589,-0.00365,0.39543,101
4377,Seafood,2010-03-12,0.52639,-0.10015,-0.23757,0.03726,0.19452,-0.00491,0.39394,101
4378,Seafood,2010-03-19,0.52584,-0.09778,-0.23605,0.04049,0.19696,-0.00357,0.39750,101
4379,Seafood,2010-03-26,0.52785,-0.09786,-0.23591,0.04019,0.19690,-0.00398,0.39777,101
4380,Seafood,2010-04-02,0.53103,-0.09648,-0.23380,0.04084,0.19878,-0.00187,0.39943,101
4381,Seafood,2010-04-09,0.53095,-0.09224,-0.23017,0.04569,0.20404,0.00236,0.40572,101
4382,Seafood,2010-04-16,0.53099,-0.09161,-0.22976,0.04654,0.20399,0.00137,0.40661,101
4383,Seafood,2010-04-23,0.52840,-0.09242,-0.23078,0.04593,0.20155,-0.00089,0.40399,101
4384,Seafood,2010-04-30,0.52811,-0.09221,-0.23102,0.04661,0.20210,-0.00067,0.40487,101
4385,Seafood,2010-05-07,0.53454,-0.08181,-0.22677,0.06314,0.22386,0.02047,0.42725,101
4386,Seafood,2010-05-14,0.55554,-0.09494,-0.23592,0.04603,0.22209,0.01937,0.42482,101
4387,Seafood,2010-05-21,0.56489,-0.09075,-0.23396,0.05246,0.23554,0.03123,0.43984,101
4388,Seafood,2010-05-28,0.56703,-0.08850,-0.23136,0.05436,0.23929,0.03361,0.44496,101
4389,Seafood,2010-06-04,0.58895,-0.11715,-0.24790,0.01359,0.22822,0.02611,0.43032,101
4390,Seafood,2010-06-11,0.58882,-0.11982,-0.24981,0.01017,0.22549,0.02430,0.42668,101
4391,Seafood,2010-06-18,0.58738,-0.12025,-0.24941,0.00891,0.22362,0.02371,0.42353,101
4392,Seafood,2010-06-25,0.59267,-0.12332,-0.25484,0.00821,0.22716,0.02680,0.42753,101
4393,Seafood,2010-07-02,0.60000,-0.11971,-0.25354,0.01412,0.23999,0.04105,0.43892,101
4394,Seafood,2010-07-09,0.60800,-0.11960,-0.25337,0.01417,0.24757,0.04860,0.44654,101
4395,Seafood,2010-07-16,0.61146,-0.12450,-0.25965,0.01065,0.24854,0.04634,0.45073,101
4396,Seafood,2010-07-23,0.61533,-0.12730,-0.26124,0.00665,0.24914,0.04627,0.45200,101
4397,Seafood,2010-07-30,0.61897,-0.12895,-0.26217,0.00427,0.24947,0.04652,0.45242,101
4398,Seafood,2010-08-06,0.62091,-0.13578,-0.27090,-0.00066,0.25147,0.04601,0.45694,101
4399,Seafood,2010-08-13,0.61829,-0.13914,-0.27351,-0.00477,0.24692,0.04291,0.45093,101
4400,Seafood,2010-08-20,0.62451,-0.14138,-0.27466,-0.00810,0.24794,0.04376,0.45211,101
4401,Seafood,2010-08-27,0.63096,-0.14718,-0.27925,-0.01510,0.24443,0.04106,0.44780,101
4402,Seafood,2010-09-03,0.64121,-0.14623,-0.27754,-0.01491,0.24304,0.03586,0.45022,101
4403,Seafood,2010-09-10,0.64978,-0.15875,-0.29365,-0.02385,0.23829,0.03201,0.44457,101
4404,Seafood,2010-09-17,0.65727,-0.16513,-0.30598,-0.02428,0.23825,0.03324,0.44326,101
4405,Seafood,2010-09-24,0.60312,-0.12437,-0.26102,0.01229,0.25315,0.03772,0.46857,101
4406,Seafood,2010-10-01,0.60096,-0.12640,-0.26343,0.01063,0.24732,0.02986,0.46478,101
4407,Seafood,2010-10-08,0.47916,-0.12216,-0.26316,0.01884,0.14343,-0.01859,0.30544,101
4408,Seafood,2010-10-15,0.48734,-0.12612,-0.26660,0.01437,0.14213,-0.02295,0.30720,101
4409,Seafood,2010-10-22,0.47113,-0.15942,-0.31696,-0.00189,0.09730,-0.05823,0.25284,101
4410,Seafood,2010-10-29,0.48113,-0.16211,-0.32189,-0.00234,0.09537,-0.06041,0.25115,101
4411,Seafood,2010-11-05,0.43098,-0.10269,-0.24611,0.04072,0.14313,-0.01668,0.30294,101
4412,Seafood,2010-11-12,0.38826,-0.08785,-0.23172,0.05603,0.12800,-0.03418,0.29017,101
4413,Seafood,2010-11-19,0.39497,-0.09001,-0.23690,0.05687,0.11311,-0.05296,0.27919,101
4414,Seafood,2010-11-26,0.47852,-0.11833,-0.27183,0.03518,0.11286,-0.04786,0.27357,101
4415,Seafood,2010-12-03,0.48015,-0.12861,-0.32079,0.06357,0.10960,-0.11696,0.33615,101
4416,Seafood,2010-12-10,0.49520,-0.05181,-0.28044,0.17681,0.19063,-0.05676,0.43801,101
4417,Seafood,2010-12-17,0.53123,-0.08261,-0.29510,0.12988,0.18748,-0.05453,0.42950,101
4418,Seafood,2010-12-24,0.55408,-0.11834,-0.32236,0.08567,0.17248,-0.05977,0.40472,101
4419,Seafood,2010-12-31,0.51922,-0.16903,-0.38891,0.05086,0.09149,-0.14113,0.32412,101
4420,Seafood,2011-01-07,0.51597,-0.16005,-0.37802,0.05792,0.10144,-0.13373,0.33661,101
4421,Seafood,2011-01-14,0.45227,-0.11246,-0.30898,0.08406,0.12226,-0.11150,0.35601,101
4422,Seafood,2011-01-21,0.46059,-0.11886,-0.32256,0.08483,0.12588,-0.10851,0.36027,101
4423,Seafood,2011-01-28,0.42273,-0.08014,-0.29347,0.13319,0.15089,-0.08466,0.38644,101
4424,Seafood,2011-02-04,0.46703,-0.10419,-0.31456,0.10618,0.15085,-0.08482,0.38653,101
4425,Seafood,2011-02-11,0.46980,-0.10389,-0.31416,0.10638,0.15259,-0.08133,0.38651,101
4426,Seafood,2011-02-18,0.52246,-0.11261,-0.32366,0.09844,0.15589,-0.07882,0.39060,101
4427,Seafood,2011-02-25,0.54285,-0.13612,-0.35068,0.07845,0.14137,-0.09380,0.37653,101
4428,Seafood,2011-03-04,0.63167,-0.16705,-0.37741,0.04332,0.14641,-0.08579,0.37861,101
4429,Seafood,2011-03-11,0.65659,-0.17415,-0.39410,0.04579,0.15705,-0.07291,0.38700,101
4430,Seafood,2011-03-18,0.65710,-0.17687,-0.40502,0.05127,0.15664,-0.08609,0.39938,101
4431,Seafood,2011-03-25,0.65254,-0.17449,-0.40441,0.05544,0.15608,-0.08679,0.39896,101
4432,Seafood,2011-04-01,0.66735,-0.19278,-0.42476,0.03920,0.14595,-0.09829,0.39018,101
4433,Seafood,2011-04-08,0.66889,-0.18612,-0.41165,0.03942,0.13943,-0.10227,0.38114,101
4434,Seafood,2011-04-15,0.68253,-0.19097,-0.42457,0.04263,0.14405,-0.09579,0.38389,101
4435,Seafood,2011-04-22,0.68280,-0.18950,-0.42207,0.04307,0.14579,-0.09288,0.38445,102
4436,Seafood,2011-04-29,0.68502,-0.18853,-0.42147,0.04441,0.14911,-0.08894,0.38717,103
4437,Seafood,2011-05-06,0.66508,-0.15555,-0.36117,0.05007,0.14999,-0.06527,0.36524,104
4438,Seafood,2011-05-13,0.67405,-0.12144,-0.30026,0.05737,0.18545,-0.00844,0.37935,104
4439,Seafood,2011-05-20,0.66981,-0.11072,-0.29218,0.07073,0.19517,-0.00476,0.39509,104
4440,Seafood,2011-05-27,0.66126,-0.09547,-0.28079,0.08985,0.20905,0.00218,0.41592,104
4441,Seafood,2011-06-03,0.66118,-0.09849,-0.28357,0.08658,0.20562,-0.00158,0.41282,104
4442,Seafood,2011-06-10,0.68763,-0.13046,-0.31565,0.05473,0.18206,-0.02274,0.38685,104
4443,Seafood,2011-06-17,0.67148,-0.11223,-0.29161,0.06716,0.18845,-0.01617,0.39307,104
4444,Seafood,2011-06-24,0.68337,-0.09769,-0.27489,0.07952,0.20500,0.00226,0.40775,104
4445,Seafood,2011-07-01,0.66116,-0.10896,-0.28973,0.07180,0.19219,-0.00624,0.39062,104
4446,Seafood,2011-07-08,0.70064,-0.10687,-0.27936,0.06563,0.19112,0.00760,0.37464,104
4447,Seafood,2011-07-15,0.75132,-0.10168,-0.27282,0.06945,0.20592,0.03635,0.37550,104
4448,Seafood,2011-07-22,0.77478,-0.07843,-0.24333,0.08647,0.23423,0.07597,0.39249,104
4449,Seafood,2011-07-29,0.77951,-0.08006,-0.24511,0.08500,0.23654,0.07908,0.39399,104
4450,Seafood,2011-08-05,0.75483,-0.07549,-0.23840,0.08743,0.26443,0.11060,0.41826,104
4451,Seafood,2011-08-12,0.75635,-0.07264,-0.23424,0.08897,0.26741,0.11458,0.42023,104
4452,Seafood,2011-08-19,0.79546,-0.09140,-0.25587,0.07306,0.26501,0.11266,0.41737,104
4453,Seafood,2011-08-26,0.79393,-0.08384,-0.24654,0.07885,0.27483,0.12462,0.42503,104
4454,Seafood,2011-09-02,0.78200,-0.06679,-0.23238,0.09880,0.29296,0.14141,0.44451,104
4455,Seafood,2011-09-09,0.79610,-0.07212,-0.23957,0.09533,0.29295,0.14208,0.44382,104
4456,Seafood,2011-09-16,0.81626,-0.06388,-0.22911,0.10136,0.30292,0.15783,0.44801,104
4457,Seafood,2011-09-23,0.82489,-0.05145,-0.22813,0.12523,0.34868,0.20114,0.49623,104
4458,Seafood,2011-09-30,0.79850,-0.02902,-0.21386,0.15581,0.36519,0.21479,0.51558,104
4459,Seafood,2011-10-07,0.85370,-0.05996,-0.24333,0.12341,0.34889,0.20182,0.49597,104
4460,Seafood,2011-10-14,0.80979,-0.08539,-0.28360,0.11281,0.33202,0.15923,0.50482,104
4461,Seafood,2011-10-21,0.80589,-0.08039,-0.26965,0.10886,0.32557,0.15620,0.49494,104
4462,Seafood,2011-10-28,0.82768,-0.07851,-0.27244,0.11541,0.33468,0.16391,0.50545,104
4463,Seafood,2011-11-04,0.80854,-0.06566,-0.25498,0.12367,0.33548,0.16661,0.50435,104
4464,Seafood,2011-11-11,0.84802,-0.09194,-0.27397,0.09009,0.33071,0.16137,0.50004,104
4465,Seafood,2011-11-18,0.84622,-0.10272,-0.28225,0.07681,0.32130,0.15386,0.48874,104
4466,Seafood,2011-11-25,0.84900,-0.10430,-0.28282,0.07423,0.32600,0.15877,0.49323,104
4467,Seafood,2011-12-02,0.87822,-0.11302,-0.29270,0.06665,0.34214,0.17602,0.50827,104
4468,Seafood,2011-12-09,0.92121,-0.16892,-0.33047,-0.00738,0.33325,0.17098,0.49552,104
4469,Seafood,2011-12-16,0.92333,-0.15378,-0.31293,0.00537,0.35027,0.18681,0.51372,104
4470,Seafood,2011-12-23,0.92761,-0.15251,-0.31145,0.00642,0.35836,0.19504,0.52167,104
4471,Seafood,2011-12-30,0.92606,-0.14954,-0.30541,0.00633,0.36240,0.19962,0.52517,104
4472,Seafood,2012-01-06,0.92152,-0.13630,-0.29748,0.02489,0.36913,0.20064,0.53762,104
4473,Seafood,2012-01-13,0.93374,-0.12909,-0.25724,-0.00095,0.38518,0.23565,0.53470,104
4474,Seafood,2012-01-20,0.94056,-0.12462,-0.25121,0.00197,0.38407,0.23470,0.53343,104
4475,Seafood,2012-01-27,0.92131,-0.10792,-0.23448,0.01863,0.39552,0.24783,0.54320,104
4476,Seafood,2012-02-03,0.92686,-0.10388,-0.23195,0.02419,0.40231,0.25560,0.54901,104
4477,Seafood,2012-02-10,0.94003,-0.12462,-0.25455,0.00531,0.40139,0.25143,0.55135,104
4478,Seafood,2012-02-17,0.94014,-0.12560,-0.25770,0.00649,0.39955,0.24467,0.55443,104
4479,Seafood,2012-02-24,0.94698,-0.12438,-0.25389,0.00512,0.39976,0.24839,0.55112,104
4480,Seafood,2012-03-02,0.95518,-0.11867,-0.24797,0.01062,0.40261,0.25059,0.55464,104
4481,Seafood,2012-03-09,0.95201,-0.11573,-0.24592,0.01445,0.40306,0.25132,0.55479,104
4482,Seafood,2012-03-16,0.97790,-0.13245,-0.26145,-0.00346,0.39956,0.24720,0.55192,104
4483,Seafood,2012-03-23,0.98345,-0.13363,-0.26351,-0.00375,0.40372,0.25133,0.55610,104
4484,Seafood,2012-03-30,0.98461,-0.13759,-0.26534,-0.00983,0.40183,0.24859,0.55508,104
4485,Seafood,2012-04-06,0.97976,-0.13848,-0.26638,-0.01058,0.39663,0.24291,0.55035,104
4486,Seafood,2012-04-13,0.99048,-0.14343,-0.27194,-0.01492,0.39922,0.24514,0.55330,104
4487,Seafood,2012-04-20,0.97646,-0.13232,-0.26016,-0.00448,0.39637,0.24249,0.55025,104
4488,Seafood,2012-04-27,0.98484,-0.13473,-0.26554,-0.00392,0.39817,0.24384,0.55249,104
4489,Seafood,2012-05-04,0.98627,-0.14100,-0.27280,-0.00921,0.35615,0.19282,0.51949,104
4490,Seafood,2012-05-11,0.93619,-0.11555,-0.24449,0.01340,0.36270,0.19730,0.52809,104
4491,Seafood,2012-05-18,0.92719,-0.12304,-0.25378,0.00771,0.34273,0.18000,0.50546,104
4492,Seafood,2012-05-25,0.92057,-0.12951,-0.26200,0.00297,0.32992,0.16564,0.49421,104
4493,Seafood,2012-06-01,0.92093,-0.14472,-0.27841,-0.01103,0.31415,0.15272,0.47559,104
4494,Seafood,2012-06-08,0.93076,-0.14403,-0.27936,-0.00869,0.32041,0.15766,0.48317,104
4495,Seafood,2012-06-15,0.94552,-0.15566,-0.30289,-0.00843,0.31509,0.14532,0.48486,104
4496,Seafood,2012-06-22,0.93924,-0.14305,-0.27723,-0.00888,0.31308,0.15048,0.47567,104
4497,Seafood,2012-06-29,0.95253,-0.13238,-0.27155,0.00679,0.32879,0.15690,0.50069,104
4498,Seafood,2012-07-06,0.93868,-0.13257,-0.27296,0.00782,0.30868,0.13455,0.48281,104
4499,Seafood,2012-07-13,0.93393,-0.12905,-0.26912,0.01102,0.31121,0.13828,0.48414,104
4500,Seafood,2012-07-20,0.92509,-0.13846,-0.27490,-0.00202,0.29231,0.12294,0.46167,104
4501,Seafood,2012-07-27,0.92514,-0.13897,-0.27576,-0.00218,0.29168,0.12166,0.46170,104
4502,Seafood,2012-08-03,0.94168,-0.13993,-0.27651,-0.00334,0.29295,0.12570,0.46021,104
4503,Seafood,2012-08-10,0.95726,-0.12042,-0.24996,0.00912,0.30964,0.15117,0.46811,104
4504,Seafood,2012-08-17,0.96096,-0.12023,-0.24992,0.00946,0.31162,0.15323,0.47001,104
4505,Seafood,2012-08-24,0.94092,-0.10947,-0.24226,0.02331,0.31890,0.15986,0.47794,104
4506,Seafood,2012-08-31,0.96614,-0.12077,-0.25120,0.00965,0.32051,0.16065,0.48038,104
4507,Seafood,2012-09-07,0.98191,-0.13008,-0.26110,0.00093,0.31710,0.15578,0.47842,104
4508,Seafood,2012-09-14,0.98457,-0.13751,-0.27047,-0.00455,0.31096,0.14964,0.47228,104
4509,Seafood,2012-09-21,0.97364,-0.12632,-0.25285,0.00021,0.30309,0.14468,0.46151,104
4510,Seafood,2012-09-28,0.97364,-0.13219,-0.26381,-0.00057,0.30245,0.13928,0.46563,104
4511,Seafood,2012-10-05,0.98912,-0.14092,-0.27264,-0.00919,0.29946,0.13542,0.46351,104
4512,Seafood,2012-10-12,0.97669,-0.13157,-0.26339,0.00024,0.30458,0.14152,0.46765,104
4513,Seafood,2012-10-19,0.96750,-0.11977,-0.24915,0.00962,0.30575,0.14369,0.46780,104
4514,Seafood,2012-10-26,0.96337,-0.11916,-0.24883,0.01052,0.30514,0.14327,0.46700,104
4515,Seafood,2012-11-02,0.95655,-0.12735,-0.25684,0.00214,0.28642,0.12335,0.44949,104
4516,Seafood,2012-11-09,0.92903,-0.10417,-0.24813,0.03979,0.29170,0.12745,0.45595,104
4517,Seafood,2012-11-16,0.93583,-0.10615,-0.24610,0.03381,0.29178,0.12827,0.45528,104
4518,Seafood,2012-11-23,0.94790,-0.11051,-0.24951,0.02850,0.29477,0.13016,0.45939,104
4519,Seafood,2012-11-30,0.94623,-0.11186,-0.25497,0.03125,0.28875,0.11769,0.45981,104
4520,Seafood,2012-12-07,0.95001,-0.11691,-0.25907,0.02525,0.28068,0.11056,0.45080,104
4521,Seafood,2012-12-14,0.95082,-0.11397,-0.25499,0.02705,0.28296,0.11330,0.45262,104
4522,Seafood,2012-12-21,0.95501,-0.11671,-0.25850,0.02507,0.27733,0.10576,0.44890,104
4523,Seafood,2012-12-28,0.95237,-0.11427,-0.25553,0.02700,0.27823,0.10745,0.44900,104
4524,Seafood,2013-01-04,0.94881,-0.11300,-0.25453,0.02852,0.27891,0.10840,0.44942,104
4525,Seafood,2013-01-11,0.95025,-0.11539,-0.26022,0.02943,0.28068,0.10591,0.45545,104
4526,Seafood,2013-01-18,0.96610,-0.12089,-0.26531,0.02353,0.28041,0.10495,0.45587,104
4527,Seafood,2013-01-25,0.96876,-0.12399,-0.26835,0.02036,0.27877,0.10367,0.45387,104
4528,Seafood,2013-02-01,0.95934,-0.11341,-0.25691,0.03009,0.28204,0.10823,0.45584,104
4529,Seafood,2013-02-08,0.95848,-0.10916,-0.25373,0.03540,0.28552,0.11094,0.46010,104
4530,Seafood,2013-02-15,0.95739,-0.10843,-0.25308,0.03622,0.28658,0.11168,0.46148,104
4531,Seafood,2013-02-22,0.95465,-0.10438,-0.25577,0.04701,0.31032,0.12504,0.49560,104
4532,Seafood,2013-03-01,0.96548,-0.11831,-0.27824,0.04162,0.29934,0.10851,0.49017,104
4533,Seafood,2013-03-08,0.94172,-0.11317,-0.27141,0.04507,0.29053,0.10057,0.48049,104
4534,Seafood,2013-03-15,0.93641,-0.10707,-0.26351,0.04937,0.29359,0.10478,0.48240,104
4535,Seafood,2013-03-22,0.93152,-0.10669,-0.26315,0.04977,0.29052,0.10134,0.47971,104
4536,Seafood,2013-03-29,0.92725,-0.10281,-0.25947,0.05386,0.29039,0.10066,0.48013,104
4537,Seafood,2013-04-05,0.93662,-0.13164,-0.29643,0.03315,0.27810,0.08012,0.47607,104
4538,Seafood,2013-04-12,0.94441,-0.13493,-0.30132,0.03147,0.27327,0.07416,0.47237,104
4539,Seafood,2013-04-19,0.94506,-0.13809,-0.30483,0.02864,0.26904,0.07000,0.46807,104
4540,Seafood,2013-04-26,0.94082,-0.14195,-0.30939,0.02549,0.26368,0.06446,0.46289,104
4541,Seafood,2013-05-03,0.94905,-0.15632,-0.35418,0.04154,0.29680,0.06881,0.52479,104
4542,Seafood,2013-05-10,0.94680,-0.15304,-0.35724,0.05116,0.30669,0.07314,0.54024,104
4543,Seafood,2013-05-17,0.94960,-0.15938,-0.36326,0.04450,0.30225,0.06933,0.53517,104
4544,Seafood,2013-05-24,0.95295,-0.16229,-0.36843,0.04386,0.30460,0.06982,0.53938,104
4545,Seafood,2013-05-31,0.95146,-0.16043,-0.36673,0.04587,0.30306,0.06809,0.53803,104
4546,Seafood,2013-06-07,0.93319,-0.14653,-0.35308,0.06002,0.30252,0.06976,0.53527,104
4547,Seafood,2013-06-14,0.92873,-0.16508,-0.37014,0.03998,0.28105,0.04720,0.51489,104
4548,Seafood,2013-06-21,0.93886,-0.20452,-0.42814,0.01909,0.25218,-0.00144,0.50581,104
4549,Seafood,2013-06-28,0.96091,-0.16264,-0.37790,0.05263,0.28696,0.03919,0.53474,104
4550,Seafood,2013-07-05,0.95144,-0.15172,-0.36991,0.06647,0.31225,0.06403,0.56046,104
4551,Seafood,2013-07-12,0.92851,-0.15072,-0.36941,0.06797,0.30336,0.05616,0.55057,104
4552,Seafood,2013-07-19,0.92918,-0.14809,-0.36704,0.07086,0.30360,0.05576,0.55145,104
4553,Seafood,2013-07-26,0.92633,-0.14629,-0.36550,0.07292,0.30148,0.05303,0.54994,104
4554,Seafood,2013-08-02,1.00150,-0.15799,-0.37347,0.05750,0.24596,-0.00764,0.49956,104
4555,Seafood,2013-08-09,1.00234,-0.15837,-0.37380,0.05707,0.24587,-0.00784,0.49959,104
4556,Seafood,2013-08-16,0.94952,-0.14216,-0.35098,0.06666,0.24070,-0.00998,0.49139,104
4557,Seafood,2013-08-23,0.94382,-0.14378,-0.35342,0.06587,0.23311,-0.01986,0.48608,104
4558,Seafood,2013-08-30,0.96332,-0.15087,-0.35676,0.05501,0.22570,-0.02595,0.47735,104
4559,Seafood,2013-09-06,0.95918,-0.15250,-0.35869,0.05369,0.22432,-0.02620,0.47485,104
4560,Seafood,2013-09-13,0.96630,-0.15585,-0.35999,0.04830,0.22013,-0.02914,0.46941,104
4561,Seafood,2013-09-20,0.95293,-0.18800,-0.40641,0.03042,0.13265,-0.14030,0.40560,104
4562,Seafood,2013-09-27,0.98106,-0.21335,-0.45126,0.02456,0.11912,-0.16772,0.40597,104
4563,Seafood,2013-10-04,0.93693,-0.17938,-0.38922,0.03045,0.14689,-0.12169,0.41547,104
4564,Seafood,2013-10-11,1.04926,-0.10283,-0.30021,0.09455,0.21606,0.01071,0.42142,104
4565,Seafood,2013-10-18,1.06521,-0.11864,-0.32108,0.08381,0.22221,0.01164,0.43278,104
4566,Seafood,2013-10-25,0.99487,-0.07815,-0.28920,0.13291,0.21439,0.00224,0.42655,104
4567,Seafood,2013-11-01,1.03450,-0.09544,-0.31603,0.12515,0.21754,0.00031,0.43476,104
4568,Seafood,2013-11-08,1.03716,-0.08707,-0.30337,0.12924,0.22645,0.01403,0.43886,104
4569,Seafood,2013-11-15,1.05801,-0.08471,-0.30176,0.13233,0.21601,-0.00008,0.43210,104
4570,Seafood,2013-11-22,1.08204,-0.09374,-0.31087,0.12340,0.19656,-0.01884,0.41197,104
4571,Seafood,2013-11-29,1.06576,-0.10010,-0.31944,0.11924,0.15449,-0.06473,0.37371,104
4572,Seafood,2013-12-06,1.04099,-0.08261,-0.29587,0.13066,0.15791,-0.06139,0.37721,104
4573,Seafood,2013-12-13,0.99240,-0.10504,-0.31259,0.10252,0.11171,-0.09726,0.32069,104
4574,Seafood,2013-12-20,0.98791,-0.10904,-0.31669,0.09861,0.09109,-0.12136,0.30354,104
4575,Seafood,2013-12-27,0.96916,-0.10630,-0.31341,0.10082,0.09084,-0.12171,0.30338,104
4576,Seafood,2014-01-03,0.95816,-0.13499,-0.35173,0.08175,0.05297,-0.16945,0.27538,104
4577,Seafood,2014-01-10,0.87989,-0.09770,-0.29578,0.10037,0.08032,-0.13357,0.29421,104
4578,Seafood,2014-01-17,0.90156,-0.10356,-0.30344,0.09632,0.07944,-0.13448,0.29336,104
4579,Seafood,2014-01-24,0.88024,-0.09727,-0.29593,0.10140,0.07803,-0.13652,0.29259,104
4580,Seafood,2014-01-31,0.89524,-0.09357,-0.29245,0.10531,0.08134,-0.13208,0.29475,104
4581,Seafood,2014-02-07,0.88955,-0.08631,-0.28272,0.11010,0.09102,-0.11975,0.30180,104
4582,Seafood,2014-02-14,0.89524,-0.08390,-0.28067,0.11288,0.09368,-0.11709,0.30444,104
4583,Seafood,2014-02-21,0.89461,-0.08202,-0.28582,0.12177,0.09654,-0.12181,0.31490,104
4584,Seafood,2014-02-28,0.89409,-0.09198,-0.29710,0.11314,0.08637,-0.13186,0.30461,104
4585,Seafood,2014-03-07,0.89635,-0.09342,-0.30087,0.11403,0.08942,-0.13039,0.30923,104
4586,Seafood,2014-03-14,0.84428,-0.08278,-0.28767,0.12211,0.09046,-0.13118,0.31209,104
4587,Seafood,2014-03-21,0.80585,-0.07562,-0.28021,0.12897,0.08443,-0.13807,0.30694,104
4588,Seafood,2014-03-28,0.81335,-0.07820,-0.28268,0.12628,0.08411,-0.13719,0.30541,104
4589,Seafood,2014-04-04,0.81105,-0.07758,-0.28190,0.12674,0.08361,-0.13756,0.30479,104
4590,Seafood,2014-04-11,0.76609,-0.07074,-0.27694,0.13547,0.07764,-0.14536,0.30063,104
4591,Seafood,2014-04-18,0.78322,-0.08929,-0.29280,0.11422,0.06908,-0.15337,0.29153,104
4592,Seafood,2014-04-25,0.79225,-0.09634,-0.29999,0.10732,0.06676,-0.15562,0.28913,104
4593,Seafood,2014-05-02,0.77688,-0.09204,-0.30492,0.12084,0.05842,-0.17390,0.29075,104
4594,Seafood,2014-05-09,0.81085,-0.08874,-0.30051,0.12303,0.06635,-0.16374,0.29643,104
4595,Seafood,2014-05-16,0.74586,-0.09584,-0.31676,0.12508,0.02036,-0.22234,0.26307,104
4596,Seafood,2014-05-23,0.74794,-0.09605,-0.31685,0.12474,0.02084,-0.22165,0.26333,104
4597,Seafood,2014-05-30,0.76820,-0.07772,-0.32513,0.16970,0.00975,-0.25826,0.27776,104
4598,Seafood,2014-06-06,0.75689,-0.08067,-0.32950,0.16816,0.00033,-0.26768,0.26833,104
4599,Seafood,2014-06-13,0.74268,-0.06138,-0.31875,0.19600,0.01683,-0.25925,0.29290,104
4600,Seafood,2014-06-20,0.74004,-0.08642,-0.33217,0.15934,-0.01739,-0.27735,0.24257,104
4601,Seafood,2014-06-27,0.56643,-0.19393,-0.38640,-0.00147,-0.17260,-0.36517,0.01996,104
4602,Seafood,2014-07-04,0.57412,-0.19903,-0.39007,-0.00800,-0.18095,-0.37214,0.01023,104
4603,Seafood,2014-07-11,0.57650,-0.20253,-0.39857,-0.00649,-0.17689,-0.37318,0.01940,104
4604,Seafood,2014-07-18,0.59935,-0.16975,-0.36429,0.02478,-0.14863,-0.34332,0.04606,104
4605,Seafood,2014-07-25,0.59854,-0.17187,-0.36585,0.02212,-0.14988,-0.34397,0.04420,104
4606,Seafood,2014-08-01,0.63261,-0.15420,-0.35278,0.04438,-0.11857,-0.31782,0.08068,104
4607,Seafood,2014-08-08,0.74106,-0.15662,-0.36539,0.05214,-0.11624,-0.32576,0.09329,104
4608,Seafood,2014-08-15,0.74298,-0.16326,-0.36888,0.04237,-0.13404,-0.34006,0.07198,104
4609,Seafood,2014-08-22,0.77521,-0.16281,-0.37054,0.04491,-0.13198,-0.33997,0.07601,104
4610,Seafood,2014-08-29,0.77357,-0.16427,-0.37226,0.04372,-0.13365,-0.34199,0.07469,104
4611,Seafood,2014-09-05,0.73987,-0.15461,-0.35898,0.04975,-0.12721,-0.33244,0.07801,104
4612,Seafood,2014-09-12,0.75364,-0.11355,-0.32245,0.09535,-0.08426,-0.29430,0.12578,104
4613,Seafood,2014-09-19,0.77190,-0.12244,-0.34225,0.09738,-0.07920,-0.29988,0.14148,104
4614,Seafood,2014-09-26,0.75139,-0.12677,-0.34364,0.09011,-0.07652,-0.29352,0.14048,104
4615,Seafood,2014-10-03,0.72341,-0.11947,-0.32931,0.09036,-0.04465,-0.25214,0.16283,104
4616,Seafood,2014-10-10,0.71841,-0.10730,-0.32760,0.11301,-0.00836,-0.22278,0.20606,104
4617,Seafood,2014-10-17,0.72748,-0.13804,-0.33126,0.05518,-0.04128,-0.23016,0.14759,104
4618,Seafood,2014-10-24,0.77771,-0.12680,-0.32220,0.06861,-0.01444,-0.20567,0.17678,104
4619,Seafood,2014-10-31,0.79035,-0.14252,-0.33240,0.04736,-0.02326,-0.20917,0.16265,104
4620,Seafood,2014-11-07,0.83383,-0.18534,-0.37416,0.00348,-0.04633,-0.22676,0.13411,104
4621,Seafood,2014-11-14,0.79341,-0.14896,-0.32700,0.02907,-0.03642,-0.21147,0.13862,104
4622,Seafood,2014-11-21,0.76537,-0.15345,-0.32424,0.01734,-0.04507,-0.21300,0.12286,104
4623,Seafood,2014-11-28,0.79086,-0.13107,-0.28720,0.02505,0.05620,-0.08206,0.19445,104
4624,Seafood,2014-12-05,0.79195,-0.13226,-0.28904,0.02453,0.05706,-0.08156,0.19568,104
4625,Seafood,2014-12-12,0.81110,-0.09546,-0.25923,0.06830,0.11733,-0.02877,0.26342,104
4626,Seafood,2014-12-19,0.76402,-0.08373,-0.25400,0.08655,0.11539,-0.03295,0.26374,104
4627,Seafood,2014-12-26,0.76438,-0.07990,-0.25416,0.09437,0.12319,-0.02760,0.27399,104
4628,Seafood,2015-01-02,0.77466,-0.08898,-0.24937,0.07141,0.10439,-0.03535,0.24414,104
4629,Seafood,2015-01-09,0.76667,-0.07496,-0.21595,0.06603,0.09336,-0.03044,0.21717,104
4630,Seafood,2015-01-16,0.75949,-0.06529,-0.20459,0.07401,0.09933,-0.02217,0.22084,104
4631,Seafood,2015-01-23,0.67223,-0.07550,-0.21936,0.06837,0.07718,-0.05753,0.21190,104
4632,Seafood,2015-01-30,0.65747,-0.06020,-0.19546,0.07507,0.07333,-0.04614,0.19280,104
4633,Seafood,2015-02-06,0.64672,-0.10032,-0.23674,0.03610,0.03680,-0.09641,0.17000,104
4634,Seafood,2015-02-13,0.64662,-0.10023,-0.23656,0.03610,0.03700,-0.09606,0.17006,104
4635,Seafood,2015-02-20,0.64494,-0.09527,-0.22282,0.03229,0.03714,-0.08859,0.16287,104
4636,Seafood,2015-02-27,0.62831,-0.06637,-0.18198,0.04923,0.06126,-0.05330,0.17582,104
4637,Seafood,2015-03-06,0.64669,-0.05967,-0.17443,0.05509,0.06894,-0.04477,0.18266,104
4638,Seafood,2015-03-13,0.64896,-0.06037,-0.17321,0.05247,0.06761,-0.04370,0.17891,104
4639,Seafood,2015-03-20,0.63396,-0.06261,-0.17532,0.05010,0.06297,-0.04770,0.17364,104
4640,Seafood,2015-03-27,0.67048,-0.08436,-0.20184,0.03312,0.04789,-0.06258,0.15836,104
4641,Seafood,2015-04-03,0.68213,-0.07309,-0.18288,0.03670,0.05904,-0.04348,0.16156,104
4642,Seafood,2015-04-10,0.68490,-0.07189,-0.18087,0.03709,0.06581,-0.03477,0.16640,104
4643,Seafood,2015-04-17,0.68398,-0.06814,-0.16437,0.02809,0.05364,-0.03798,0.14526,104
4644,Seafood,2015-04-24,0.67912,-0.05407,-0.15058,0.04243,0.06137,-0.03377,0.15650,104
4645,Seafood,2015-05-01,0.68967,-0.06435,-0.15666,0.02796,0.04927,-0.04183,0.14037,104
4646,Seafood,2015-05-08,0.67827,-0.05825,-0.15075,0.03425,0.05232,-0.03925,0.14390,104
4647,Seafood,2015-05-15,0.67934,-0.05111,-0.14615,0.04394,0.05990,-0.03507,0.15488,104
4648,Seafood,2015-05-22,0.67608,-0.05208,-0.14799,0.04383,0.05835,-0.03760,0.15431,104
4649,Seafood,2015-05-29,0.67232,-0.05150,-0.14838,0.04539,0.05866,-0.03824,0.15556,104
4650,Seafood,2015-06-05,0.65678,-0.04381,-0.14248,0.05486,0.06957,-0.02939,0.16852,104
4651,Seafood,2015-06-12,0.65117,-0.04186,-0.14000,0.05628,0.06904,-0.03008,0.16815,104
4652,Seafood,2015-06-19,0.65876,-0.03855,-0.13525,0.05815,0.07345,-0.02391,0.17082,104
4653,Seafood,2015-06-26,0.66873,-0.04588,-0.14230,0.05055,0.06922,-0.02702,0.16546,104
4654,Seafood,2015-07-03,0.66656,-0.04353,-0.14224,0.05519,0.06976,-0.03006,0.16958,104
4655,Seafood,2015-07-10,0.68169,-0.04715,-0.14566,0.05136,0.06462,-0.03515,0.16440,104
4656,Seafood,2015-07-17,0.69662,-0.05205,-0.15242,0.04832,0.06052,-0.04034,0.16137,104
4657,Seafood,2015-07-24,0.69124,-0.05191,-0.15278,0.04896,0.06119,-0.04031,0.16269,104
4658,Seafood,2015-07-31,0.69124,-0.04915,-0.14947,0.05117,0.06409,-0.03736,0.16554,104
4659,Seafood,2015-08-07,0.69381,-0.06562,-0.17291,0.04166,0.04682,-0.05962,0.15327,104
4660,Seafood,2015-08-14,0.66333,-0.05026,-0.15240,0.05188,0.05487,-0.05155,0.16128,104
4661,Seafood,2015-08-21,0.70213,-0.03621,-0.13624,0.06382,0.08690,-0.01701,0.19081,104
4662,Seafood,2015-08-28,0.69107,-0.01093,-0.11617,0.09430,0.10967,-0.00169,0.22103,104
4663,Seafood,2015-09-04,0.69450,-0.00815,-0.11276,0.09647,0.11243,0.00078,0.22407,104
4664,Seafood,2015-09-11,0.69219,-0.01127,-0.11431,0.09178,0.11009,0.00030,0.21988,104
4665,Seafood,2015-09-18,0.67923,-0.00155,-0.10345,0.10035,0.11863,0.00937,0.22789,104
4666,Seafood,2015-09-25,0.67593,0.00375,-0.09735,0.10485,0.12147,0.01264,0.23030,104
4667,Seafood,2015-10-02,0.67468,0.00507,-0.09730,0.10745,0.12292,0.01291,0.23293,104
4668,Seafood,2015-10-09,0.64806,-0.02090,-0.12167,0.07986,0.11006,0.00126,0.21886,104
4669,Seafood,2015-10-16,0.64066,-0.00211,-0.09896,0.09473,0.12589,0.02449,0.22729,104
4670,Seafood,2015-10-23,0.66668,-0.01125,-0.10967,0.08717,0.12717,0.02581,0.22854,104
4671,Seafood,2015-10-30,0.64605,-0.00050,-0.10043,0.09943,0.13004,0.02734,0.23274,104
4672,Seafood,2015-11-06,0.62158,0.01234,-0.09400,0.11868,0.13463,0.02893,0.24034,104
4673,Seafood,2015-11-13,0.61807,0.01466,-0.08750,0.11683,0.14022,0.03807,0.24238,104
4674,Seafood,2015-11-20,0.60832,0.01913,-0.08436,0.12263,0.14676,0.04413,0.24938,104
4675,Seafood,2015-11-27,0.60256,0.02063,-0.08255,0.12381,0.14692,0.04512,0.24872,104
4676,Seafood,2015-12-04,0.60547,0.00879,-0.09698,0.11457,0.13944,0.03556,0.24332,104
4677,Seafood,2015-12-11,0.60698,0.02268,-0.07953,0.12489,0.15670,0.05792,0.25548,104
4678,Seafood,2015-12-18,0.60759,0.02337,-0.07914,0.12588,0.15676,0.05700,0.25651,104
4679,Seafood,2015-12-25,0.60471,0.02241,-0.08007,0.12489,0.15576,0.05702,0.25449,104
4680,Seafood,2016-01-01,0.61149,0.02125,-0.08104,0.12354,0.15610,0.05725,0.25495,104
4681,Seafood,2016-01-08,0.60522,0.02112,-0.08224,0.12448,0.16863,0.06944,0.26782,104
4682,Seafood,2016-01-15,0.56522,0.01492,-0.09181,0.12164,0.15909,0.05456,0.26363,104
4683,Seafood,2016-01-22,0.56315,0.01091,-0.09830,0.12012,0.15894,0.05366,0.26422,104
4684,Seafood,2016-01-29,0.55602,0.01959,-0.08471,0.12389,0.16360,0.06500,0.26220,104
4685,Seafood,2016-02-05,0.56577,0.02503,-0.07847,0.12853,0.17008,0.07108,0.26908,104
4686,Seafood,2016-02-12,0.56145,0.02681,-0.07441,0.12803,0.17256,0.07286,0.27226,104
4687,Seafood,2016-02-19,0.61313,0.01377,-0.08781,0.11534,0.17264,0.07212,0.27316,104
4688,Seafood,2016-02-26,0.61859,0.02218,-0.07621,0.12057,0.18458,0.08385,0.28530,104
4689,Seafood,2016-03-04,0.61191,0.00371,-0.09956,0.10699,0.16702,0.07159,0.26245,104
4690,Seafood,2016-03-11,0.59241,0.01720,-0.08128,0.11568,0.17311,0.08023,0.26598,104
4691,Seafood,2016-03-18,0.59441,0.01956,-0.07916,0.11828,0.17648,0.08384,0.26912,104
4692,Seafood,2016-03-25,0.58730,0.01688,-0.08239,0.11616,0.17177,0.07900,0.26455,104
4693,Seafood,2016-04-01,0.59616,0.01536,-0.08304,0.11376,0.17335,0.08079,0.26590,104
4694,Seafood,2016-04-08,0.58617,0.02099,-0.07671,0.11869,0.17391,0.08262,0.26520,104
4695,Seafood,2016-04-15,0.57449,0.02012,-0.07779,0.11804,0.17147,0.08092,0.26203,104
4696,Seafood,2016-04-22,0.56845,0.00616,-0.09510,0.10743,0.15541,0.06086,0.24995,104
4697,Seafood,2016-04-29,0.57346,0.00263,-0.09822,0.10347,0.15304,0.05997,0.24611,104
4698,Seafood,2016-05-06,0.57306,-0.00366,-0.10809,0.10077,0.14711,0.04983,0.24439,104
4699,Seafood,2016-05-13,0.56212,0.00739,-0.09260,0.10738,0.15341,0.06054,0.24629,104
4700,Seafood,2016-05-20,0.55852,0.00631,-0.09325,0.10588,0.15153,0.05946,0.24360,104
4701,Seafood,2016-05-27,0.56717,0.00646,-0.09305,0.10598,0.15476,0.06236,0.24716,104
4702,Seafood,2016-06-03,0.55228,0.01176,-0.08853,0.11205,0.15554,0.06270,0.24837,104
4703,Seafood,2016-06-10,0.54794,0.01504,-0.08673,0.11680,0.15799,0.06347,0.25250,104
4704,Seafood,2016-06-17,0.55282,0.01252,-0.08827,0.11330,0.15727,0.06344,0.25110,104
4705,Seafood,2016-06-24,0.56127,0.01048,-0.09024,0.11119,0.15716,0.06361,0.25070,104
4706,Seafood,2016-07-01,0.55516,0.01295,-0.08801,0.11390,0.16060,0.06810,0.25310,104
4707,Seafood,2016-07-08,0.55667,0.01063,-0.08935,0.11061,0.15526,0.06328,0.24724,104
4708,Seafood,2016-07-15,0.55177,0.01011,-0.08987,0.11008,0.15395,0.06261,0.24530,104
4709,Seafood,2016-07-22,0.54849,0.01342,-0.08569,0.11254,0.15520,0.06384,0.24656,104
4710,Seafood,2016-07-29,0.53803,0.01274,-0.08646,0.11194,0.15128,0.06019,0.24236,104
4711,Seafood,2016-08-05,0.48125,0.02857,-0.06304,0.12017,0.15188,0.06027,0.24349,104
4712,Seafood,2016-08-12,0.47455,0.02109,-0.07326,0.11545,0.14329,0.05151,0.23507,104
4713,Seafood,2016-08-19,0.56459,-0.04435,-0.21078,0.12208,0.09406,-0.03484,0.22296,104
4714,Seafood,2016-08-26,0.57449,-0.04952,-0.22238,0.12333,0.09089,-0.04093,0.22271,104
4715,Seafood,2016-09-02,0.57903,-0.05203,-0.22325,0.11919,0.08734,-0.04409,0.21878,104
4716,Seafood,2016-09-09,0.59251,-0.06305,-0.23822,0.11213,0.07885,-0.05440,0.21209,104
4717,Seafood,2016-09-16,0.56999,-0.06851,-0.24611,0.10909,0.06963,-0.06848,0.20773,104
4718,Seafood,2016-09-23,0.58509,-0.07101,-0.24862,0.10660,0.07106,-0.06621,0.20833,104
4719,Seafood,2016-09-30,0.57553,-0.06144,-0.23527,0.11240,0.07423,-0.06019,0.20864,104
4720,Seafood,2016-10-07,0.56294,-0.06047,-0.23392,0.11297,0.06971,-0.06253,0.20195,104
4721,Seafood,2016-10-14,0.56837,-0.05924,-0.23515,0.11666,0.07409,-0.05965,0.20783,104
4722,Seafood,2016-10-21,0.53913,-0.05662,-0.23270,0.11946,0.06852,-0.06582,0.20286,104
4723,Seafood,2016-10-28,0.53517,-0.05722,-0.23280,0.11835,0.06634,-0.06779,0.20046,104
4724,Seafood,2016-11-04,0.53938,-0.04879,-0.22314,0.12556,0.07737,-0.05471,0.20944,104
4725,Seafood,2016-11-11,0.52148,-0.04602,-0.22613,0.13408,0.08060,-0.05261,0.21381,104
4726,Seafood,2016-11-18,0.51608,-0.03785,-0.22100,0.14529,0.08699,-0.04927,0.22324,104
4727,Seafood,2016-11-25,0.49903,-0.04334,-0.22717,0.14048,0.06799,-0.07265,0.20863,104
4728,Seafood,2016-12-02,0.50673,-0.05099,-0.21425,0.11227,0.05282,-0.07520,0.18083,104
4729,Seafood,2016-12-09,0.47469,-0.06103,-0.22353,0.10146,0.03210,-0.09705,0.16125,104
4730,Seafood,2016-12-16,0.48451,-0.06356,-0.22846,0.10134,0.03191,-0.09668,0.16049,104
4731,Seafood,2016-12-23,0.48054,-0.06334,-0.22812,0.10144,0.03127,-0.09730,0.15984,104
4732,Seafood,2016-12-30,0.47854,-0.06049,-0.23004,0.10905,0.03540,-0.09604,0.16684,104
4733,Seafood,2017-01-06,0.46625,-0.06602,-0.24524,0.11321,0.03322,-0.10427,0.17071,104
4734,Seafood,2017-01-13,0.46415,-0.06616,-0.24521,0.11289,0.03282,-0.10579,0.17143,104
4735,Seafood,2017-01-20,0.53747,-0.07428,-0.25165,0.10309,0.03865,-0.09829,0.17560,104
4736,Seafood,2017-01-27,0.54431,-0.08344,-0.27062,0.10374,0.03669,-0.10576,0.17914,104
4737,Seafood,2017-02-03,0.55586,-0.07007,-0.25887,0.11873,0.04933,-0.09589,0.19455,104
4738,Seafood,2017-02-10,0.55408,-0.07000,-0.25882,0.11883,0.04909,-0.09626,0.19444,104
4739,Seafood,2017-02-17,0.56042,-0.06720,-0.25992,0.12552,0.05554,-0.09189,0.20297,104
4740,Seafood,2017-02-24,0.56664,-0.07497,-0.26748,0.11755,0.04981,-0.09753,0.19715,104
4741,Seafood,2017-03-03,0.56502,-0.07759,-0.27188,0.11669,0.04836,-0.09964,0.19637,104
4742,Seafood,2017-03-10,0.55234,-0.06929,-0.26283,0.12425,0.04977,-0.10020,0.19975,104
4743,Seafood,2017-03-17,0.56262,-0.07006,-0.26367,0.12355,0.05084,-0.09895,0.20064,104
4744,Seafood,2017-03-24,0.55370,-0.05730,-0.25211,0.13750,0.06304,-0.08823,0.21432,104
4745,Seafood,2017-03-31,0.57952,-0.07340,-0.26403,0.11723,0.05050,-0.09802,0.19902,104
4746,Seafood,2017-04-07,0.56322,-0.06768,-0.25811,0.12276,0.05058,-0.09650,0.19766,104
4747,Seafood,2017-04-14,0.56187,-0.06835,-0.27153,0.13483,0.05645,-0.09710,0.21001,104
4748,Seafood,2017-04-21,0.56903,-0.07827,-0.27927,0.12273,0.04956,-0.10108,0.20021,104
4749,Seafood,2017-04-28,0.58946,-0.08113,-0.28682,0.12455,0.05283,-0.09901,0.20467,104
4750,Seafood,2017-05-05,0.62433,-0.09789,-0.30023,0.10444,0.04106,-0.10961,0.19173,104
4751,Seafood,2017-05-12,0.62013,-0.10153,-0.30315,0.10009,0.03702,-0.11258,0.18662,104
4752,Seafood,2017-05-19,0.61141,-0.09200,-0.28974,0.10574,0.04297,-0.10436,0.19030,104
4753,Seafood,2017-05-26,0.61688,-0.08673,-0.28493,0.11147,0.04967,-0.09808,0.19743,104
4754,Seafood,2017-06-02,0.61349,-0.09352,-0.29189,0.10485,0.04342,-0.10339,0.19022,104
4755,Seafood,2017-06-09,0.62009,-0.09307,-0.29271,0.10657,0.04617,-0.10014,0.19249,104
4756,Seafood,2017-06-16,0.61831,-0.09343,-0.29327,0.10641,0.04558,-0.10094,0.19210,104
4757,Seafood,2017-06-23,0.62038,-0.09636,-0.29595,0.10323,0.04296,-0.10333,0.18926,104
4758,Seafood,2017-06-30,0.62967,-0.10994,-0.30808,0.08820,0.03012,-0.11601,0.17625,104
4759,Seafood,2017-07-07,0.62633,-0.10559,-0.30578,0.09460,0.03573,-0.11073,0.18220,104
4760,Seafood,2017-07-14,0.60011,-0.10151,-0.30346,0.10044,0.03798,-0.10745,0.18341,104
4761,Seafood,2017-07-21,0.59973,-0.10182,-0.30459,0.10096,0.03727,-0.10927,0.18381,104
4762,Seafood,2017-07-28,0.59629,-0.09328,-0.29180,0.10524,0.04403,-0.09795,0.18602,104
4763,Seafood,2017-08-04,0.59147,-0.08247,-0.28835,0.12340,0.05571,-0.09233,0.20375,104
4764,Seafood,2017-08-11,0.62131,-0.09002,-0.29607,0.11603,0.05627,-0.09072,0.20326,104
4765,Seafood,2017-08-18,0.57145,-0.09395,-0.29928,0.11137,0.03479,-0.10697,0.17656,104
4766,Seafood,2017-08-25,0.58359,-0.11327,-0.32283,0.09630,0.02078,-0.12399,0.16556,104
4767,Seafood,2017-09-01,0.58756,-0.11441,-0.32368,0.09486,0.01995,-0.12484,0.16473,104
4768,Seafood,2017-09-08,0.58891,-0.11151,-0.31914,0.09611,0.02227,-0.12170,0.16625,104
4769,Seafood,2017-09-15,0.58410,-0.11067,-0.31861,0.09728,0.02315,-0.11985,0.16615,104
4770,Seafood,2017-09-22,0.59330,-0.11684,-0.32472,0.09104,0.02064,-0.12174,0.16302,104
4771,Seafood,2017-09-29,0.59068,-0.11629,-0.32421,0.09164,0.02087,-0.12131,0.16306,104
4772,Seafood,2017-10-06,0.61935,-0.11234,-0.32068,0.09601,0.02045,-0.13099,0.17190,104
4773,Seafood,2017-10-13,0.63171,-0.12839,-0.33197,0.07519,0.00880,-0.13806,0.15567,104
4774,Seafood,2017-10-20,0.62828,-0.12751,-0.33243,0.07740,0.00980,-0.13698,0.15658,104
4775,Seafood,2017-10-27,0.65925,-0.15165,-0.35258,0.04927,-0.00585,-0.15001,0.13831,104
4776,Seafood,2017-11-03,0.68506,-0.17145,-0.37355,0.03064,-0.01500,-0.15943,0.12943,104
4777,Seafood,2017-11-10,0.68341,-0.17062,-0.37283,0.03160,-0.01931,-0.16783,0.12921,104
4778,Seafood,2017-11-17,0.69018,-0.17087,-0.37284,0.03110,-0.01874,-0.16743,0.12996,104
4779,Seafood,2017-11-24,0.69002,-0.17325,-0.37493,0.02843,-0.02115,-0.16966,0.12735,104
4780,Seafood,2017-12-01,0.70152,-0.16708,-0.37091,0.03675,-0.01397,-0.16730,0.13935,104
4781,Seafood,2017-12-08,0.70048,-0.19794,-0.40329,0.00742,-0.04830,-0.20459,0.10800,104
4782,Seafood,2017-12-15,0.69867,-0.19447,-0.39995,0.01102,-0.04580,-0.20239,0.11078,104
4783,Seafood,2017-12-22,0.70510,-0.19773,-0.40344,0.00797,-0.04713,-0.20268,0.10841,104
4784,Seafood,2017-12-29,0.69709,-0.18856,-0.39527,0.01814,-0.03806,-0.19238,0.11626,104
4785,Seafood,2018-01-05,0.70163,-0.18701,-0.39299,0.01896,-0.05844,-0.21807,0.10119,104
4786,Seafood,2018-01-12,0.75220,-0.18745,-0.39312,0.01822,-0.06540,-0.23025,0.09944,104
4787,Seafood,2018-01-19,0.76947,-0.18207,-0.38745,0.02332,-0.05970,-0.22509,0.10569,104
4788,Seafood,2018-01-26,0.75920,-0.19342,-0.39920,0.01236,-0.07485,-0.24218,0.09248,104
4789,Seafood,2018-02-02,0.73092,-0.20302,-0.40991,0.00388,-0.08652,-0.25499,0.08195,104
4790,Seafood,2018-02-09,0.74484,-0.22357,-0.43587,-0.01126,-0.10639,-0.27540,0.06263,104
4791,Seafood,2018-02-16,0.66299,-0.19940,-0.42248,0.02368,-0.08961,-0.25689,0.07768,104
4792,Seafood,2018-02-23,0.64355,-0.20111,-0.42222,0.01999,-0.09720,-0.26324,0.06883,104
4793,Seafood,2018-03-02,0.69737,-0.19274,-0.41937,0.03388,-0.08134,-0.25744,0.09476,104
4794,Seafood,2018-03-09,0.77831,-0.21488,-0.44055,0.01079,-0.08636,-0.26176,0.08904,104
4795,Seafood,2018-03-16,0.79457,-0.22161,-0.44512,0.00190,-0.09125,-0.26629,0.08380,104
4796,Seafood,2018-03-23,0.76842,-0.19762,-0.41555,0.02032,-0.07783,-0.25370,0.09805,104
4797,Seafood,2018-03-30,0.76094,-0.20112,-0.41808,0.01584,-0.08641,-0.26167,0.08885,104
4798,Seafood,2018-04-06,0.80470,-0.22415,-0.44352,-0.00477,-0.10097,-0.27889,0.07696,104
4799,Seafood,2018-04-13,0.89587,-0.20391,-0.42503,0.01721,-0.06356,-0.24377,0.11666,104
4800,Seafood,2018-04-20,0.91789,-0.19417,-0.41639,0.02805,-0.05194,-0.23200,0.12812,104
4801,Seafood,2018-04-27,0.95817,-0.20066,-0.42524,0.02392,-0.05395,-0.23889,0.13099,104
4802,Seafood,2018-05-04,0.97599,-0.19101,-0.41987,0.03785,-0.04598,-0.23744,0.14548,104
4803,Seafood,2018-05-11,0.97994,-0.21746,-0.44479,0.00987,-0.06780,-0.25715,0.12155,104
4804,Seafood,2018-05-18,0.99132,-0.21679,-0.44428,0.01071,-0.06527,-0.25449,0.12395,104
4805,Seafood,2018-05-25,1.00538,-0.21524,-0.44305,0.01257,-0.05631,-0.24486,0.13224,104
4806,Seafood,2018-06-01,1.01975,-0.22056,-0.44845,0.00733,-0.05808,-0.24650,0.13033,104
4807,Seafood,2018-06-08,1.05774,-0.23232,-0.46036,-0.00428,-0.06439,-0.25295,0.12416,104
4808,Seafood,2018-06-15,1.04071,-0.23275,-0.45820,-0.00730,-0.07367,-0.26110,0.11377,104
4809,Seafood,2018-06-22,1.02771,-0.22769,-0.44902,-0.00636,-0.07414,-0.26077,0.11248,104
4810,Seafood,2018-06-29,1.02993,-0.22831,-0.44437,-0.01225,-0.08256,-0.26717,0.10205,104
4811,Seafood,2018-07-06,1.02910,-0.23427,-0.45527,-0.01327,-0.08656,-0.27527,0.10214,104
4812,Seafood,2018-07-13,1.03397,-0.23483,-0.45543,-0.01423,-0.08719,-0.27568,0.10130,104
4813,Seafood,2018-07-20,1.04718,-0.24719,-0.47172,-0.02266,-0.09628,-0.28737,0.09480,104
4814,Seafood,2018-07-27,1.04589,-0.24722,-0.47576,-0.01867,-0.10243,-0.30037,0.09551,104
4815,Seafood,2018-08-03,1.04412,-0.25350,-0.48741,-0.01960,-0.10646,-0.30815,0.09523,104
4816,Seafood,2018-08-10,1.04404,-0.24254,-0.46852,-0.01655,-0.09685,-0.29276,0.09906,104
4817,Seafood,2018-08-17,0.88161,-0.16562,-0.31610,-0.01514,-0.02754,-0.17748,0.12240,104
4818,Seafood,2018-08-24,0.84067,-0.16923,-0.31871,-0.01975,-0.03383,-0.18436,0.11671,104
4819,Seafood,2018-08-31,0.83292,-0.16630,-0.32059,-0.01202,-0.02656,-0.18029,0.12717,104
4820,Seafood,2018-09-07,0.79202,-0.15505,-0.30555,-0.00456,-0.01944,-0.16990,0.13101,104
4821,Seafood,2018-09-14,0.88703,-0.14559,-0.29865,0.00747,-0.00170,-0.15420,0.15079,104
4822,Seafood,2018-09-21,0.84385,-0.13924,-0.29248,0.01400,-0.00162,-0.15339,0.15016,104
4823,Seafood,2018-09-28,0.85727,-0.15943,-0.31620,-0.00266,-0.01589,-0.16881,0.13704,104
4824,Seafood,2018-10-05,0.78721,-0.14141,-0.30062,0.01779,-0.01038,-0.16415,0.14339,104
4825,Seafood,2018-10-12,0.73535,-0.13806,-0.29592,0.01981,-0.00634,-0.15669,0.14400,104
4826,Seafood,2018-10-19,0.74673,-0.14308,-0.30054,0.01437,-0.00962,-0.16075,0.14151,104
4827,Seafood,2018-10-26,0.78893,-0.14190,-0.30510,0.02129,0.00858,-0.14559,0.16275,104
4828,Seafood,2018-11-02,0.80533,-0.17648,-0.33060,-0.02235,-0.04705,-0.19936,0.10526,104
4829,Seafood,2018-11-09,0.85521,-0.18682,-0.33831,-0.03534,-0.04979,-0.20213,0.10255,104
4830,Seafood,2018-11-16,0.89779,-0.17473,-0.32122,-0.02824,-0.02671,-0.18102,0.12759,104
4831,Seafood,2018-11-23,0.90623,-0.17101,-0.30699,-0.03502,-0.00378,-0.14307,0.13551,104
4832,Seafood,2018-11-30,0.90651,-0.18057,-0.34125,-0.01989,0.01624,-0.14555,0.17804,104
4833,Seafood,2018-12-07,0.96760,-0.19627,-0.34963,-0.04290,0.00294,-0.15630,0.16218,104
4834,Seafood,2018-12-14,0.99015,-0.19485,-0.34917,-0.04053,0.01242,-0.14767,0.17252,104
4835,Seafood,2018-12-21,0.96993,-0.22669,-0.38280,-0.07058,-0.01531,-0.17541,0.14480,104
4836,Seafood,2018-12-28,0.97177,-0.21406,-0.36429,-0.06383,-0.00223,-0.15558,0.15112,104
4837,Seafood,2019-01-04,0.99954,-0.21691,-0.36393,-0.06989,0.00932,-0.13767,0.15631,104
4838,Seafood,2019-01-11,1.01129,-0.22124,-0.36363,-0.07885,0.00879,-0.13401,0.15160,104
4839,Seafood,2019-01-18,1.00705,-0.21848,-0.36038,-0.07658,0.01171,-0.12959,0.15301,104
4840,Seafood,2019-01-25,1.03123,-0.22368,-0.36514,-0.08221,0.01420,-0.12750,0.15590,104
4841,Seafood,2019-02-01,1.04130,-0.22798,-0.37085,-0.08511,0.01445,-0.12792,0.15682,104
4842,Seafood,2019-02-08,1.04073,-0.22722,-0.36969,-0.08475,0.01472,-0.12766,0.15709,104
4843,Seafood,2019-02-15,1.03159,-0.22626,-0.36780,-0.08472,0.02227,-0.11536,0.15990,104
4844,Seafood,2019-02-22,1.03000,-0.22756,-0.36895,-0.08618,0.02080,-0.11661,0.15821,104
4845,Seafood,2019-03-01,1.04231,-0.22841,-0.36709,-0.08973,0.02317,-0.11335,0.15969,104
4846,Seafood,2019-03-08,1.07977,-0.25660,-0.39847,-0.11473,0.02109,-0.11624,0.15841,104
4847,Seafood,2019-03-15,1.03497,-0.25448,-0.39674,-0.11221,0.01312,-0.12417,0.15041,104
4848,Seafood,2019-03-22,1.01114,-0.25546,-0.39695,-0.11397,0.00461,-0.13380,0.14302,104
4849,Seafood,2019-03-29,0.96427,-0.23185,-0.36665,-0.09704,0.01871,-0.11833,0.15576,104
4850,Seafood,2019-04-05,0.95833,-0.23901,-0.37841,-0.09961,0.01441,-0.12512,0.15395,104
4851,Seafood,2019-04-12,0.96313,-0.24053,-0.37926,-0.10181,0.01352,-0.12591,0.15296,104
4852,Seafood,2019-04-19,0.96556,-0.23932,-0.38051,-0.09814,0.01397,-0.12975,0.15770,104
4853,Seafood,2019-04-26,0.93070,-0.22839,-0.36677,-0.09001,0.01648,-0.12654,0.15949,104
4854,Seafood,2019-05-03,0.90654,-0.21852,-0.36627,-0.07077,0.03046,-0.11567,0.17658,104
4855,Seafood,2019-05-10,0.89714,-0.21582,-0.36356,-0.06808,0.02994,-0.11793,0.17780,104
4856,Seafood,2019-05-17,0.92503,-0.23671,-0.38160,-0.09183,0.02192,-0.12583,0.16967,104
4857,Seafood,2019-05-24,0.94167,-0.27028,-0.42165,-0.11892,-0.00951,-0.16394,0.14492,104
4858,Seafood,2019-05-31,0.95058,-0.24837,-0.39205,-0.10470,0.02025,-0.12374,0.16423,104
4859,Seafood,2019-06-07,0.92440,-0.24231,-0.38554,-0.09908,0.01604,-0.12933,0.16141,104
4860,Seafood,2019-06-14,0.92645,-0.24011,-0.38370,-0.09651,0.01856,-0.12721,0.16434,104
4861,Seafood,2019-06-21,0.92682,-0.23856,-0.37832,-0.09881,0.01965,-0.12224,0.16153,104
4862,Seafood,2019-06-28,0.89708,-0.21311,-0.35280,-0.07343,0.03754,-0.10285,0.17792,104
4863,Seafood,2019-07-05,1.00333,-0.26506,-0.42352,-0.10660,0.00692,-0.14018,0.15402,104
4864,Seafood,2019-07-12,1.01954,-0.25923,-0.41056,-0.10790,0.00653,-0.14082,0.15389,104
4865,Seafood,2019-07-19,1.02210,-0.25959,-0.40731,-0.11186,0.01027,-0.13247,0.15300,104
4866,Seafood,2019-07-26,1.03665,-0.28525,-0.43772,-0.13278,-0.00561,-0.15427,0.14305,104
4867,Seafood,2019-08-02,1.03572,-0.28062,-0.43258,-0.12867,0.00097,-0.14592,0.14786,104
4868,Seafood,2019-08-09,1.03048,-0.28597,-0.43678,-0.13517,-0.00467,-0.14979,0.14045,104
4869,Seafood,2019-08-16,1.00946,-0.28322,-0.43317,-0.13327,-0.00727,-0.15272,0.13817,104
4870,Seafood,2019-08-23,0.98472,-0.27968,-0.43019,-0.12916,-0.00932,-0.15501,0.13637,104
4871,Seafood,2019-08-30,0.95222,-0.27474,-0.42724,-0.12224,-0.01073,-0.15691,0.13544,104
4872,Seafood,2019-09-06,0.95352,-0.27810,-0.43190,-0.12430,-0.01154,-0.15902,0.13594,104
4873,Seafood,2019-09-13,0.84648,-0.23381,-0.41018,-0.05745,-0.00241,-0.14869,0.14387,104
4874,Seafood,2019-09-20,0.85223,-0.22747,-0.40666,-0.04829,0.00386,-0.13943,0.14715,104
4875,Seafood,2019-09-27,0.85058,-0.22852,-0.40713,-0.04991,0.00497,-0.13685,0.14679,104
4876,Seafood,2019-10-04,0.85198,-0.23194,-0.41026,-0.05362,0.00474,-0.13505,0.14453,104
4877,Seafood,2019-10-11,0.84853,-0.24003,-0.42031,-0.05975,-0.00279,-0.14495,0.13937,104
4878,Seafood,2019-10-18,0.88563,-0.25820,-0.44084,-0.07556,-0.01188,-0.15641,0.13265,104
4879,Seafood,2019-10-25,0.87405,-0.24286,-0.42239,-0.06334,0.00106,-0.13741,0.13953,104
4880,Seafood,2019-11-01,0.88732,-0.23933,-0.41787,-0.06079,0.00677,-0.13078,0.14433,104
4881,Seafood,2019-11-08,0.92108,-0.24384,-0.42496,-0.06272,0.01481,-0.12241,0.15203,104
4882,Seafood,2019-11-15,0.97826,-0.26706,-0.45702,-0.07709,0.00505,-0.13359,0.14368,104
4883,Seafood,2019-11-22,0.97520,-0.26236,-0.45147,-0.07326,0.00906,-0.12917,0.14729,104
4884,Seafood,2019-11-29,0.96274,-0.26432,-0.45417,-0.07446,0.00407,-0.13532,0.14346,104
4885,Seafood,2019-12-06,0.94613,-0.25549,-0.44372,-0.06726,0.00705,-0.13034,0.14443,104
4886,Seafood,2019-12-13,0.95155,-0.25812,-0.44690,-0.06935,0.00605,-0.13151,0.14361,104
4887,Seafood,2019-12-20,0.95348,-0.25514,-0.44317,-0.06712,0.00874,-0.12847,0.14594,104
4888,Seafood,2019-12-27,0.94992,-0.25741,-0.44504,-0.06977,0.00447,-0.13316,0.14211,104
4889,Seafood,2020-01-03,0.96366,-0.25945,-0.44812,-0.07079,0.00484,-0.13225,0.14193,104
4890,Seafood,2020-01-10,0.95166,-0.23709,-0.41949,-0.05470,0.02078,-0.10913,0.15069,104
4891,Seafood,2020-01-17,0.94447,-0.24006,-0.42280,-0.05731,0.01562,-0.11638,0.14762,104
4892,Seafood,2020-01-24,0.96118,-0.24948,-0.43204,-0.06691,0.01109,-0.11938,0.14156,104
4893,Seafood,2020-01-31,1.00532,-0.24685,-0.42905,-0.06466,0.02883,-0.09694,0.15459,104
4894,Seafood,2020-02-07,0.98330,-0.20565,-0.38198,-0.02933,0.05087,-0.08101,0.18275,104
4895,Seafood,2020-02-14,0.95861,-0.20745,-0.38100,-0.03391,0.03691,-0.08991,0.16373,104
4896,Seafood,2020-02-21,0.95089,-0.21275,-0.38670,-0.03881,0.02876,-0.09559,0.15312,104
4897,Seafood,2020-02-28,1.07734,-0.21436,-0.38770,-0.04103,0.13007,-0.00212,0.26227,104
4898,Seafood,2020-03-06,1.05601,-0.20525,-0.37546,-0.03504,0.13048,0.00176,0.25920,104
4899,Seafood,2020-03-13,1.00215,-0.20688,-0.38371,-0.03005,0.19972,0.11124,0.28821,104
4900,Seafood,2020-03-20,0.94141,-0.15996,-0.31982,-0.00010,0.17469,0.08842,0.26096,104
4901,Seafood,2020-03-27,0.86814,-0.11110,-0.30400,0.08179,0.19301,0.09666,0.28936,104
4902,Seafood,2020-04-03,0.82299,-0.07151,-0.24772,0.10470,0.18887,0.10439,0.27335,104
4903,Seafood,2020-04-10,0.83727,-0.08932,-0.26133,0.08269,0.17211,0.08168,0.26254,104
4904,Seafood,2020-04-17,0.86251,-0.10184,-0.24787,0.04419,0.14756,0.06200,0.23312,104
4905,Seafood,2020-04-24,0.76209,-0.04189,-0.16178,0.07800,0.15314,0.07477,0.23150,104
4906,Seafood,2020-05-01,0.76089,-0.04503,-0.16213,0.07206,0.15101,0.07806,0.22397,104
4907,Seafood,2020-05-08,0.70270,-0.00633,-0.12159,0.10894,0.15838,0.08778,0.22899,104
4908,Seafood,2020-05-15,0.71022,-0.01045,-0.12120,0.10031,0.15338,0.08301,0.22375,104
4909,Seafood,2020-05-22,0.69776,-0.00680,-0.11632,0.10272,0.15478,0.08485,0.22470,104
4910,Seafood,2020-05-29,0.69712,-0.00586,-0.11522,0.10350,0.15554,0.08639,0.22469,104
4911,Seafood,2020-06-05,0.69159,0.00023,-0.10562,0.10607,0.16509,0.10132,0.22886,104
4912,Seafood,2020-06-12,0.69044,0.00133,-0.10428,0.10693,0.16769,0.10504,0.23033,104
4913,Seafood,2020-06-19,0.71160,-0.00957,-0.12076,0.10162,0.15991,0.09355,0.22627,104
4914,Seafood,2020-06-26,0.70019,-0.00620,-0.11577,0.10337,0.16202,0.09646,0.22758,104
4915,Seafood,2020-07-03,0.69747,-0.00405,-0.11227,0.10417,0.16382,0.09963,0.22802,104
4916,Seafood,2020-07-10,0.70383,-0.00590,-0.11548,0.10368,0.16347,0.09865,0.22829,104
4917,Seafood,2020-07-17,0.67039,0.00307,-0.09953,0.10566,0.16481,0.10222,0.22739,104
4918,Seafood,2020-07-24,0.67199,0.00234,-0.10060,0.10527,0.16409,0.10119,0.22698,104
4919,Seafood,2020-07-31,0.66785,0.00406,-0.09794,0.10606,0.16475,0.10253,0.22697,104
4920,Seafood,2020-08-07,0.67561,0.00280,-0.09924,0.10485,0.16625,0.10404,0.22846,104
4921,Seafood,2020-08-14,0.69002,0.00039,-0.10237,0.10315,0.16751,0.10511,0.22992,104
4922,Seafood,2020-08-21,0.70469,0.00189,-0.09979,0.10357,0.17226,0.11161,0.23291,104
4923,Seafood,2020-08-28,0.70804,-0.00026,-0.10318,0.10266,0.17106,0.10953,0.23260,104
4924,Seafood,2020-09-04,0.71033,-0.00208,-0.10604,0.10188,0.17020,0.10814,0.23226,104
4925,Seafood,2020-09-11,0.71098,-0.00430,-0.10753,0.09892,0.16578,0.10291,0.22865,104
4926,Seafood,2020-09-18,0.72024,-0.00699,-0.11067,0.09668,0.16406,0.10093,0.22719,104
4927,Seafood,2020-09-25,0.73467,-0.00910,-0.11382,0.09562,0.16588,0.10231,0.22945,104
4928,Seafood,2020-10-02,0.77126,-0.02295,-0.13426,0.08837,0.15894,0.09015,0.22774,104
4929,Seafood,2020-10-09,0.78564,-0.02307,-0.13372,0.08757,0.16152,0.09424,0.22880,104
4930,Seafood,2020-10-16,0.78310,-0.02281,-0.13334,0.08773,0.16116,0.09357,0.22874,104
4931,Seafood,2020-10-23,0.78327,-0.02167,-0.13193,0.08858,0.16162,0.09429,0.22896,104
4932,Seafood,2020-10-30,0.76980,-0.01162,-0.11847,0.09524,0.17539,0.11183,0.23895,104
4933,Seafood,2020-11-06,0.77848,-0.01091,-0.11723,0.09541,0.18029,0.11663,0.24396,104
4934,Seafood,2020-11-13,0.81798,-0.01473,-0.12243,0.09297,0.18937,0.12044,0.25831,104
4935,Seafood,2020-11-20,0.81632,-0.01614,-0.12541,0.09313,0.18611,0.11771,0.25451,104
4936,Seafood,2020-11-27,0.82132,-0.01666,-0.12722,0.09390,0.18881,0.12065,0.25698,104
4937,Seafood,2020-12-04,0.81710,-0.01499,-0.12574,0.09576,0.19103,0.12359,0.25846,104
4938,Seafood,2020-12-11,0.81186,-0.01516,-0.12609,0.09576,0.18917,0.12126,0.25708,104
4939,Seafood,2020-12-18,0.81968,-0.00270,-0.10546,0.10005,0.20279,0.13966,0.26592,104
4940,Seafood,2020-12-25,0.82166,-0.00611,-0.11047,0.09825,0.19971,0.13642,0.26300,104
4941,Seafood,2021-01-01,0.82952,-0.00544,-0.10862,0.09774,0.20089,0.13712,0.26466,104
4942,Seafood,2021-01-08,0.82927,-0.00788,-0.11270,0.09694,0.19868,0.13418,0.26319,104
4943,Seafood,2021-01-15,0.83259,-0.00963,-0.11546,0.09621,0.19741,0.13198,0.26283,104
4944,Seafood,2021-01-22,0.83468,-0.00965,-0.11557,0.09627,0.19772,0.13241,0.26303,104
4945,Seafood,2021-01-29,0.81834,-0.00566,-0.10836,0.09704,0.19781,0.13417,0.26145,104
4946,Seafood,2021-02-05,0.82329,-0.00640,-0.10956,0.09676,0.19942,0.13568,0.26316,104
4947,Seafood,2021-02-12,0.82201,-0.00648,-0.10879,0.09584,0.19582,0.13191,0.25973,104
4948,Seafood,2021-02-19,0.82175,-0.00533,-0.10699,0.09633,0.19684,0.13379,0.25988,104
4949,Seafood,2021-02-26,0.82172,-0.00516,-0.10676,0.09644,0.19698,0.13411,0.25986,104
4950,Seafood,2021-03-05,0.83490,-0.00769,-0.11026,0.09488,0.19909,0.13499,0.26319,104
4951,Seafood,2021-03-12,0.84227,-0.00694,-0.10854,0.09467,0.20127,0.13771,0.26483,104
4952,Seafood,2021-03-19,0.83981,-0.00573,-0.10612,0.09465,0.20144,0.13879,0.26410,104
4953,Seafood,2021-03-26,0.83920,-0.00553,-0.10632,0.09527,0.20202,0.13941,0.26463,104
4954,Seafood,2021-04-02,0.84669,-0.00701,-0.10830,0.09427,0.20158,0.13874,0.26442,104
4955,Seafood,2021-04-09,0.84607,-0.00661,-0.10759,0.09436,0.20192,0.13942,0.26442,104
4956,Seafood,2021-04-16,0.84065,-0.01063,-0.11464,0.09337,0.19690,0.13243,0.26136,104
4957,Seafood,2021-04-23,0.82924,-0.00763,-0.10988,0.09462,0.19734,0.13431,0.26036,104
4958,Seafood,2021-04-30,0.82903,-0.00660,-0.10820,0.09500,0.19821,0.13540,0.26102,104
4959,Seafood,2021-05-07,0.84289,-0.00857,-0.11120,0.09407,0.19981,0.13660,0.26303,104
4960,Seafood,2021-05-14,0.87214,-0.01655,-0.12426,0.09115,0.19867,0.13204,0.26530,104
4961,Seafood,2021-05-21,0.89084,-0.01861,-0.12807,0.09085,0.20010,0.13226,0.26794,104
4962,Seafood,2021-05-28,0.88958,-0.01918,-0.12914,0.09077,0.19798,0.12974,0.26623,104
4963,Seafood,2021-06-04,0.90089,-0.02056,-0.13214,0.09101,0.20033,0.13180,0.26887,104
4964,Seafood,2021-06-11,0.90359,-0.02224,-0.13501,0.09054,0.19900,0.12976,0.26825,104
4965,Seafood,2021-06-18,0.89260,-0.01784,-0.12701,0.09134,0.20052,0.13310,0.26795,104
4966,Seafood,2021-06-25,0.87636,-0.01760,-0.12806,0.09285,0.19809,0.13055,0.26562,104
4967,Seafood,2021-07-02,0.83052,-0.00165,-0.10111,0.09781,0.20425,0.14194,0.26656,104
4968,Seafood,2021-07-09,0.83211,-0.00232,-0.10274,0.09811,0.20478,0.14209,0.26747,104
4969,Seafood,2021-07-16,0.83497,-0.00254,-0.10290,0.09782,0.20458,0.14152,0.26763,104
4970,Seafood,2021-07-23,0.83420,-0.00174,-0.10163,0.09816,0.20519,0.14263,0.26775,104
4971,Seafood,2021-07-30,0.83407,-0.00267,-0.10301,0.09767,0.20352,0.14065,0.26639,104
4972,Seafood,2021-08-06,0.84606,-0.00468,-0.10420,0.09484,0.20113,0.13765,0.26460,104
4973,Seafood,2021-08-13,0.85890,-0.00776,-0.10796,0.09245,0.20114,0.13588,0.26639,104
4974,Seafood,2021-08-20,0.86681,-0.00847,-0.10834,0.09141,0.20285,0.13815,0.26755,104
4975,Seafood,2021-08-27,0.87751,-0.01159,-0.11214,0.08896,0.20166,0.13709,0.26624,104
4976,Seafood,2021-09-03,0.87850,-0.01134,-0.11184,0.08915,0.20214,0.13759,0.26669,104
4977,Seafood,2021-09-10,0.91960,-0.02417,-0.13047,0.08213,0.20012,0.13156,0.26868,104
4978,Seafood,2021-09-17,0.91460,-0.02241,-0.12705,0.08222,0.19975,0.13158,0.26792,104
4979,Seafood,2021-09-24,0.92081,-0.02201,-0.12624,0.08222,0.20083,0.13240,0.26927,104
4980,Seafood,2021-10-01,0.92090,-0.02081,-0.12410,0.08249,0.20165,0.13267,0.27063,104
4981,Seafood,2021-10-08,0.91979,-0.01925,-0.12127,0.08277,0.20208,0.13367,0.27049,104
4982,Seafood,2021-10-15,0.90915,-0.01375,-0.11143,0.08394,0.20596,0.13840,0.27352,104
4983,Seafood,2021-10-22,0.91516,-0.01374,-0.11095,0.08346,0.20760,0.13993,0.27527,104
4984,Seafood,2021-10-29,0.91046,-0.01322,-0.11001,0.08357,0.20745,0.14065,0.27426,104
4985,Seafood,2021-11-05,0.87250,-0.00363,-0.09530,0.08804,0.20664,0.14218,0.27110,104
4986,Seafood,2021-11-12,0.84756,0.00416,-0.08350,0.09182,0.20867,0.14695,0.27039,104
4987,Seafood,2021-11-19,0.84772,0.00425,-0.08332,0.09182,0.20887,0.14732,0.27042,104
4988,Seafood,2021-11-26,0.87427,0.00569,-0.08160,0.09298,0.21909,0.15259,0.28560,104
4989,Seafood,2021-12-03,0.87323,0.00646,-0.08081,0.09372,0.21941,0.15209,0.28674,104
4990,Seafood,2021-12-10,0.86749,0.01107,-0.07458,0.09673,0.22155,0.15397,0.28913,104
4991,Seafood,2021-12-17,0.86961,0.01074,-0.07507,0.09654,0.22184,0.15427,0.28942,104
4992,Seafood,2021-12-24,0.86815,0.01048,-0.07554,0.09650,0.22193,0.15464,0.28922,104
4993,Seafood,2021-12-31,0.86783,0.01116,-0.07454,0.09686,0.22230,0.15521,0.28939,104
4994,Seafood,2022-01-07,0.86744,0.01150,-0.07446,0.09746,0.22298,0.15548,0.29047,104
4995,Seafood,2022-01-14,0.86582,0.01349,-0.07161,0.09860,0.22427,0.15709,0.29145,104
4996,Seafood,2022-01-21,0.84943,0.02116,-0.06125,0.10357,0.22777,0.16061,0.29492,104
4997,Seafood,2022-01-28,0.83523,0.02517,-0.05669,0.10702,0.22671,0.16076,0.29267,104
4998,Seafood,2022-02-04,0.84491,0.02409,-0.05936,0.10754,0.23037,0.16328,0.29745,104
4999,Seafood,2022-02-11,0.85070,0.02373,-0.05932,0.10678,0.23183,0.16443,0.29924,104
5000,Seafood,2022-02-18,0.84244,0.02441,-0.05864,0.10746,0.23083,0.16385,0.29780,104
5001,Seafood,2022-02-25,0.80607,0.02527,-0.05845,0.10899,0.20501,0.13525,0.27476,104
5002,Seafood,2022-03-04,0.85613,-0.00120,-0.10482,0.10242,0.17813,0.10017,0.25609,104
5003,Seafood,2022-03-11,1.04255,-0.00085,-0.10274,0.10103,0.15236,0.07768,0.22704,104
5004,Seafood,2022-03-18,1.06240,-0.00480,-0.12162,0.11202,0.15794,0.07203,0.24384,104
5005,Seafood,2022-03-25,1.07814,-0.01929,-0.13771,0.09913,0.14812,0.06261,0.23364,104
5006,Seafood,2022-04-01,1.10176,-0.02728,-0.15655,0.10199,0.12364,0.02071,0.22657,104
5007,Seafood,2022-04-08,1.08938,-0.02463,-0.15760,0.10834,0.12828,0.02435,0.23220,104
5008,Seafood,2022-04-15,1.06296,-0.01106,-0.16756,0.14543,0.15383,0.03698,0.27068,104
5009,Seafood,2022-04-22,1.07619,-0.05404,-0.21059,0.10252,0.13790,0.02053,0.25527,104
5010,Seafood,2022-04-29,1.06297,-0.03890,-0.20674,0.12894,0.14073,0.00604,0.27541,104
5011,Seafood,2022-05-06,1.20559,-0.11330,-0.24487,0.01827,0.12580,0.01992,0.23168,104
5012,Seafood,2022-05-13,1.20719,-0.11086,-0.24524,0.02353,0.13385,0.02841,0.23928,104
5013,Seafood,2022-05-20,1.21817,-0.11511,-0.24851,0.01828,0.12792,0.02192,0.23393,104
5014,Seafood,2022-05-27,1.22358,-0.12285,-0.25576,0.01006,0.12548,0.02065,0.23032,104
5015,Seafood,2022-06-03,1.22639,-0.12578,-0.26261,0.01104,0.10112,-0.01535,0.21758,104
5016,Seafood,2022-06-10,1.21554,-0.11979,-0.25832,0.01874,0.09273,-0.02927,0.21473,104
5017,Seafood,2022-06-17,1.16579,-0.12320,-0.26763,0.02123,0.09781,-0.03216,0.22778,104
5018,Seafood,2022-06-24,1.18241,-0.12172,-0.26583,0.02238,0.09972,-0.03024,0.22968,104
5019,Seafood,2022-07-01,1.18347,-0.12433,-0.26811,0.01946,0.09606,-0.03463,0.22674,104
5020,Seafood,2022-07-08,1.18801,-0.13058,-0.27152,0.01036,0.08364,-0.04641,0.21368,104
5021,Seafood,2022-07-15,1.28455,-0.14545,-0.27768,-0.01323,0.09419,-0.02648,0.21486,104
5022,Seafood,2022-07-22,1.24852,-0.14056,-0.27395,-0.00717,0.09421,-0.02842,0.21684,104
5023,Seafood,2022-07-29,1.23572,-0.14409,-0.27641,-0.01178,0.09481,-0.02756,0.21718,104
5024,Seafood,2022-08-05,1.23080,-0.13568,-0.25766,-0.01369,0.08556,-0.02499,0.19610,104
5025,Seafood,2022-08-12,1.20282,-0.13884,-0.25896,-0.01872,0.07784,-0.03365,0.18933,104
5026,Seafood,2022-08-19,1.18983,-0.14083,-0.26072,-0.02094,0.07182,-0.04076,0.18441,104
5027,Seafood,2022-08-26,1.20041,-0.15306,-0.27296,-0.03316,0.06084,-0.05351,0.17518,104
5028,Seafood,2022-09-02,1.19431,-0.15566,-0.27710,-0.03423,0.06092,-0.05589,0.17773,104
5029,Seafood,2022-09-09,1.21315,-0.16009,-0.28602,-0.03415,0.06969,-0.04841,0.18778,104
5030,Seafood,2022-09-16,1.21050,-0.15988,-0.28832,-0.03145,0.07458,-0.04569,0.19484,104
5031,Seafood,2022-09-23,1.18482,-0.15925,-0.28820,-0.03029,0.07905,-0.04104,0.19913,104
5032,Seafood,2022-09-30,1.29243,-0.19312,-0.34388,-0.04236,0.07676,-0.04785,0.20137,104
5033,Seafood,2022-10-07,1.27474,-0.22051,-0.39175,-0.04927,0.04592,-0.09668,0.18852,104
5034,Seafood,2022-10-14,1.26346,-0.22605,-0.40304,-0.04907,0.04056,-0.10637,0.18749,104
5035,Seafood,2022-10-21,1.24232,-0.22850,-0.40478,-0.05222,0.03253,-0.11219,0.17725,104
5036,Seafood,2022-10-28,1.24471,-0.23627,-0.41466,-0.05788,0.00666,-0.13869,0.15201,104
5037,Seafood,2022-11-04,1.22866,-0.23595,-0.41408,-0.05783,-0.00015,-0.14567,0.14536,104
5038,Seafood,2022-11-11,1.14347,-0.24284,-0.42056,-0.06512,-0.03592,-0.18080,0.10896,104
5039,Seafood,2022-11-18,1.15617,-0.23864,-0.41455,-0.06273,-0.03030,-0.17273,0.11213,104
5040,Seafood,2022-11-25,1.11113,-0.22721,-0.39916,-0.05526,-0.04378,-0.18770,0.10014,104
5041,Seafood,2022-12-02,1.10409,-0.22453,-0.39767,-0.05139,-0.04180,-0.18575,0.10214,104
5042,Seafood,2022-12-09,1.10884,-0.23798,-0.40492,-0.07104,-0.05774,-0.19676,0.08128,104
5043,Seafood,2022-12-16,1.08095,-0.23762,-0.40165,-0.07360,-0.06562,-0.20334,0.07211,104
5044,Seafood,2022-12-23,1.08783,-0.22681,-0.39042,-0.06319,-0.05208,-0.18839,0.08423,104
5045,Seafood,2022-12-30,1.07314,-0.22266,-0.38559,-0.05972,-0.05117,-0.18714,0.08481,104
5046,Seafood,2023-01-06,1.08366,-0.23051,-0.39078,-0.07024,-0.06274,-0.19733,0.07185,104
5047,Seafood,2023-01-13,1.07767,-0.22701,-0.38284,-0.07118,-0.06241,-0.19311,0.06829,104
5048,Seafood,2023-01-20,1.06747,-0.22474,-0.37944,-0.07004,-0.06290,-0.19312,0.06731,104
5049,Seafood,2023-01-27,1.11336,-0.23232,-0.38846,-0.07618,-0.06523,-0.19640,0.06594,104
5050,Seafood,2023-02-03,1.06720,-0.21080,-0.36832,-0.05327,-0.06141,-0.19562,0.07280,104
5051,Seafood,2023-02-10,1.07375,-0.21266,-0.37082,-0.05451,-0.05730,-0.18985,0.07526,104
5052,Seafood,2023-02-17,1.07789,-0.21022,-0.36913,-0.05131,-0.05376,-0.18754,0.08001,104
5053,Seafood,2023-02-24,1.08239,-0.21329,-0.37246,-0.05413,-0.05700,-0.19204,0.07804,104
5054,Seafood,2023-03-03,1.07263,-0.21379,-0.37290,-0.05469,-0.06138,-0.19687,0.07411,104
5055,Seafood,2023-03-10,1.08838,-0.21690,-0.37610,-0.05769,-0.05840,-0.19392,0.07711,104
5056,Seafood,2023-03-17,1.04568,-0.22896,-0.38954,-0.06838,-0.05949,-0.19211,0.07313,104
5057,Seafood,2023-03-24,1.02505,-0.22174,-0.38019,-0.06329,-0.05692,-0.18740,0.07355,104
5058,Seafood,2023-03-31,1.06073,-0.21922,-0.37778,-0.06067,-0.04099,-0.16958,0.08760,104
5059,Seafood,2023-04-07,1.06783,-0.22563,-0.38064,-0.07062,-0.04813,-0.17445,0.07819,104
5060,Seafood,2023-04-14,1.10305,-0.22139,-0.37796,-0.06482,-0.03920,-0.16718,0.08878,104
5061,Seafood,2023-04-21,1.10594,-0.22782,-0.38552,-0.07013,-0.04490,-0.17257,0.08277,104
5062,Seafood,2023-04-28,1.10713,-0.22884,-0.38647,-0.07122,-0.04738,-0.17536,0.08059,104
5063,Seafood,2023-05-05,1.10305,-0.22127,-0.37725,-0.06528,-0.03905,-0.16669,0.08858,104
5064,Seafood,2023-05-12,1.06807,-0.21539,-0.37120,-0.05958,-0.03901,-0.16585,0.08784,104
5065,Seafood,2023-05-19,1.03682,-0.20757,-0.36383,-0.05130,-0.03254,-0.15853,0.09345,104
5066,Seafood,2023-05-26,1.03038,-0.20597,-0.36240,-0.04955,-0.03358,-0.16062,0.09346,104
5067,Seafood,2023-06-02,1.00829,-0.20607,-0.36219,-0.04996,-0.03902,-0.16645,0.08841,104
5068,Seafood,2023-06-09,0.99231,-0.19936,-0.35668,-0.04204,-0.03510,-0.16280,0.09260,104
5069,Seafood,2023-06-16,1.01018,-0.20478,-0.36274,-0.04683,-0.03624,-0.16391,0.09144,104
5070,Seafood,2023-06-23,1.07198,-0.20639,-0.36427,-0.04851,-0.02559,-0.15514,0.10396,104
5071,Seafood,2023-06-30,1.06459,-0.20622,-0.36393,-0.04851,-0.02598,-0.15504,0.10307,104
5072,Seafood,2023-07-07,1.06137,-0.20494,-0.35896,-0.05092,-0.02865,-0.15613,0.09882,104
5073,Seafood,2023-07-14,1.05850,-0.20023,-0.35401,-0.04646,-0.02440,-0.15169,0.10288,104
5074,Seafood,2023-07-21,1.05650,-0.20019,-0.35414,-0.04624,-0.02364,-0.15070,0.10342,104
5075,Seafood,2023-07-28,1.05616,-0.19984,-0.35282,-0.04685,-0.02386,-0.15020,0.10247,104
5076,Seafood,2023-08-04,1.05593,-0.19900,-0.35553,-0.04247,-0.01691,-0.14471,0.11089,104
5077,Seafood,2023-08-11,1.05822,-0.19958,-0.35607,-0.04309,-0.01674,-0.14445,0.11096,104
5078,Seafood,2023-08-18,1.04802,-0.20272,-0.35971,-0.04573,-0.02293,-0.15145,0.10559,104
5079,Seafood,2023-08-25,1.04383,-0.20600,-0.36772,-0.04429,-0.03006,-0.16440,0.10427,104
5080,Seafood,2023-09-01,1.04914,-0.20535,-0.36690,-0.04380,-0.02544,-0.15842,0.10754,104
5081,Seafood,2023-09-08,1.04183,-0.20322,-0.36479,-0.04166,-0.02481,-0.15728,0.10766,104
5082,Seafood,2023-09-15,1.06377,-0.20739,-0.37061,-0.04418,-0.02097,-0.15365,0.11171,104
5083,Seafood,2023-09-22,1.06097,-0.20908,-0.37269,-0.04546,-0.02373,-0.15710,0.10963,104
5084,Seafood,2023-09-29,1.06938,-0.20923,-0.37218,-0.04627,-0.02348,-0.15704,0.11008,104
5085,Seafood,2023-10-06,1.08149,-0.20338,-0.36545,-0.04132,-0.01006,-0.14216,0.12203,104
5086,Seafood,2023-10-13,1.05432,-0.20447,-0.36540,-0.04354,-0.00985,-0.13774,0.11805,104
5087,Seafood,2023-10-20,1.05939,-0.20693,-0.36469,-0.04917,-0.01325,-0.14093,0.11443,104
5088,Seafood,2023-10-27,1.06557,-0.20903,-0.36703,-0.05103,-0.01490,-0.14281,0.11300,104
5089,Seafood,2023-11-03,1.12466,-0.22453,-0.37744,-0.07162,-0.02349,-0.15054,0.10355,104
5090,Seafood,2023-11-10,1.12752,-0.22670,-0.37939,-0.07402,-0.02596,-0.15243,0.10051,104
5091,Seafood,2023-11-17,1.10835,-0.22240,-0.37438,-0.07042,-0.02576,-0.15144,0.09991,104
5092,Seafood,2023-11-24,1.07297,-0.23170,-0.38070,-0.08270,-0.04899,-0.16562,0.06764,104
5093,Seafood,2023-12-01,1.07900,-0.23680,-0.38459,-0.08900,-0.05178,-0.16690,0.06334,104
5094,Seafood,2023-12-08,1.08646,-0.24562,-0.39544,-0.09581,-0.05784,-0.17462,0.05895,104
5095,Seafood,2023-12-15,1.08603,-0.24591,-0.39533,-0.09649,-0.05912,-0.17547,0.05724,104
5096,Seafood,2023-12-22,1.08762,-0.24633,-0.39479,-0.09787,-0.06242,-0.17942,0.05458,104
5097,Seafood,2023-12-29,1.09953,-0.25316,-0.40289,-0.10343,-0.06828,-0.18643,0.04988,104
5098,Seafood,2024-01-05,1.10371,-0.25141,-0.40168,-0.10115,-0.06544,-0.18386,0.05298,104
5099,Seafood,2024-01-12,1.09286,-0.25597,-0.40546,-0.10647,-0.07146,-0.18962,0.04670,104
5100,Seafood,2024-01-19,1.10752,-0.26037,-0.41073,-0.11002,-0.07081,-0.18934,0.04773,104
5101,Seafood,2024-01-26,1.12988,-0.27666,-0.42562,-0.12770,-0.08163,-0.19956,0.03630,104
5102,Seafood,2024-02-02,1.10916,-0.28379,-0.43332,-0.13425,-0.09263,-0.21099,0.02574,104
5103,Seafood,2024-02-09,1.05396,-0.26785,-0.40838,-0.12732,-0.09471,-0.20745,0.01803,104
5104,Seafood,2024-02-16,1.07452,-0.26984,-0.41141,-0.12826,-0.09298,-0.20583,0.01988,104
5105,Seafood,2024-02-23,1.07296,-0.26885,-0.41314,-0.12456,-0.09044,-0.20491,0.02403,104
5106,Seafood,2024-03-01,1.07596,-0.25674,-0.43017,-0.08330,-0.05548,-0.19002,0.07907,104
5107,Seafood,2024-03-08,1.07814,-0.25820,-0.43239,-0.08401,-0.05492,-0.18952,0.07968,104
5108,Seafood,2024-03-15,1.06057,-0.25446,-0.43101,-0.07792,-0.04843,-0.18163,0.08478,104
5109,Seafood,2024-03-22,1.06472,-0.27702,-0.45779,-0.09625,-0.07172,-0.20654,0.06309,104
5110,Seafood,2024-03-29,1.06771,-0.28019,-0.47979,-0.08060,-0.05227,-0.19553,0.09100,104
5111,Seafood,2024-04-05,1.06124,-0.28376,-0.48102,-0.08651,-0.05556,-0.19577,0.08465,104
5112,Seafood,2024-04-12,1.04930,-0.28296,-0.48371,-0.08221,-0.05577,-0.19891,0.08736,104
5113,Seafood,2024-04-19,1.07534,-0.28317,-0.48367,-0.08267,-0.04837,-0.19207,0.09533,104
5114,Seafood,2024-04-26,1.12956,-0.29578,-0.50500,-0.08656,-0.04428,-0.19049,0.10194,104
5115,Seafood,2024-05-03,1.06737,-0.26954,-0.47485,-0.06422,-0.03433,-0.17815,0.10948,104
5116,Seafood,2024-05-10,1.04989,-0.26650,-0.47129,-0.06171,-0.03502,-0.17809,0.10805,104
5117,Seafood,2024-05-17,1.02860,-0.26294,-0.46642,-0.05946,-0.03711,-0.17990,0.10569,104
5118,Seafood,2024-05-24,1.02941,-0.25747,-0.46243,-0.05251,-0.03605,-0.18232,0.11023,104
5119,Seafood,2024-05-31,1.01093,-0.25266,-0.45843,-0.04689,-0.03506,-0.18091,0.11079,104
5120,Seafood,2024-06-07,1.03001,-0.25823,-0.47166,-0.04479,-0.03236,-0.18034,0.11563,104
5121,Seafood,2024-06-14,0.99405,-0.22690,-0.43470,-0.01909,-0.01958,-0.16566,0.12650,104
5122,Seafood,2024-06-21,0.99395,-0.23094,-0.44002,-0.02187,-0.02293,-0.16667,0.12082,104
5123,Seafood,2024-06-28,0.98305,-0.23105,-0.43856,-0.02354,-0.02482,-0.16733,0.11768,104
5124,Seafood,2024-07-05,0.95986,-0.22170,-0.43168,-0.01172,-0.01610,-0.15854,0.12634,104
5125,Seafood,2024-07-12,0.93849,-0.22144,-0.43027,-0.01260,-0.02408,-0.16572,0.11755,104
5126,Seafood,2024-07-19,0.95730,-0.22562,-0.43490,-0.01634,-0.02823,-0.17149,0.11504,104
5127,Seafood,2024-07-26,0.95824,-0.22601,-0.43648,-0.01553,-0.03518,-0.18314,0.11278,104
5128,Seafood,2024-08-02,0.97120,-0.24918,-0.48415,-0.01421,-0.03908,-0.20207,0.12390,104
5129,Seafood,2024-08-09,0.97353,-0.23044,-0.46047,-0.00041,-0.02178,-0.17909,0.13552,104
5130,Seafood,2024-08-16,0.96686,-0.22763,-0.45593,0.00068,-0.01976,-0.17605,0.13652,104
5131,Seafood,2024-08-23,0.96113,-0.20951,-0.43609,0.01708,-0.00156,-0.15642,0.15330,104
5132,Seafood,2024-08-30,0.96897,-0.20499,-0.43050,0.02052,-0.00108,-0.15830,0.15614,104
5133,Seafood,2024-09-06,0.93805,-0.20621,-0.43062,0.01821,-0.00056,-0.15121,0.15009,104
5134,Seafood,2024-09-13,0.94434,-0.20676,-0.43323,0.01971,-0.00080,-0.15127,0.14966,104
5135,Seafood,2024-09-20,0.92907,-0.20433,-0.42646,0.01780,-0.01521,-0.16654,0.13612,104
5136,Seafood,2024-09-27,0.74712,-0.13539,-0.25769,-0.01308,0.01748,-0.09137,0.12633,104
5137,Seafood,2024-10-04,0.77128,-0.09560,-0.19814,0.00695,0.06330,-0.02098,0.14758,104
5138,Seafood,2024-10-11,0.77356,-0.08830,-0.19226,0.01565,0.06827,-0.01900,0.15554,104
5139,Seafood,2024-10-18,0.78169,-0.09179,-0.19195,0.00838,0.06497,-0.01842,0.14835,104
5140,Seafood,2024-10-25,0.74186,-0.09067,-0.19048,0.00914,0.05736,-0.02514,0.13985,104
5141,Seafood,2024-11-01,0.75474,-0.08911,-0.18905,0.01083,0.06093,-0.02146,0.14333,104
5142,Seafood,2024-11-08,0.74376,-0.08507,-0.18517,0.01502,0.06206,-0.02074,0.14486,104
5143,Seafood,2024-11-15,0.72964,-0.07558,-0.17658,0.02542,0.06503,-0.02034,0.15040,104
5144,Seafood,2024-11-22,0.75255,-0.07867,-0.18856,0.03122,0.07378,-0.01412,0.16167,104
5145,Seafood,2024-11-29,0.76233,-0.07982,-0.19123,0.03159,0.07629,-0.01252,0.16511,104
5146,Seafood,2024-12-06,0.74251,-0.05321,-0.17057,0.06415,0.10384,0.01111,0.19658,104
5147,Seafood,2024-12-13,0.74077,-0.04912,-0.16828,0.07005,0.10845,0.01516,0.20175,104
5148,Seafood,2024-12-20,0.81099,-0.07308,-0.19279,0.04662,0.10169,0.00339,0.19999,104
5149,Seafood,2024-12-27,0.82196,-0.07817,-0.20157,0.04522,0.10171,0.00212,0.20130,104
5150,Seafood,2025-01-03,0.79000,-0.05452,-0.17898,0.06994,0.12668,0.02711,0.22625,104
5151,Seafood,2025-01-10,0.78594,-0.05666,-0.18783,0.07452,0.12942,0.02665,0.23219,104
5152,Seafood,2025-01-17,0.80035,-0.05889,-0.18897,0.07119,0.13235,0.03044,0.23425,104
5153,Seafood,2025-01-24,0.78963,-0.05888,-0.19296,0.07520,0.13000,0.02706,0.23295,104
5154,Seafood,2025-01-31,0.87696,-0.10600,-0.23359,0.02159,0.11293,0.01683,0.20903,104
5155,Seafood,2025-02-07,0.91060,-0.10560,-0.23653,0.02534,0.12391,0.02459,0.22322,104
5156,Seafood,2025-02-14,0.91108,-0.11121,-0.24333,0.02090,0.11861,0.01822,0.21900,104
5157,Seafood,2025-02-21,0.86858,-0.09753,-0.22799,0.03294,0.12153,0.02146,0.22161,104
5158,Seafood,2025-02-28,0.86157,-0.09793,-0.22821,0.03235,0.11735,0.01593,0.21877,104
5159,Seafood,2025-03-07,0.85067,-0.08916,-0.22057,0.04225,0.11763,0.01395,0.22130,104
5160,Seafood,2025-03-14,0.90012,-0.06797,-0.20251,0.06656,0.12817,0.01781,0.23854,104
5161,Seafood,2025-03-21,0.94957,-0.08226,-0.22185,0.05732,0.12987,0.01997,0.23977,104
5162,Seafood,2025-03-28,0.96144,-0.10935,-0.25301,0.03431,0.09046,-0.02478,0.20570,104
5163,Seafood,2025-04-04,0.87010,-0.09310,-0.23021,0.04401,0.13307,0.02298,0.24315,104
5164,Seafood,2025-04-11,0.85032,-0.09373,-0.23109,0.04363,0.12485,0.01399,0.23572,104
5165,Seafood,2025-04-18,0.84723,-0.07813,-0.21606,0.05980,0.14215,0.02718,0.25713,104
5166,Seafood,2025-04-25,0.83911,-0.07428,-0.21531,0.06676,0.14644,0.03021,0.26268,104
5167,Seafood,2025-05-02,0.88263,-0.11773,-0.24944,0.01398,0.08381,-0.02800,0.19562,104
5168,Seafood,2025-05-09,0.89372,-0.12723,-0.26666,0.01220,0.07354,-0.04197,0.18905,104
5169,Seafood,2025-05-16,0.92206,-0.12794,-0.26810,0.01222,0.08353,-0.03083,0.19788,104
5170,Seafood,2025-05-23,0.93782,-0.13238,-0.27290,0.00815,0.08506,-0.02919,0.19930,104
5171,Seafood,2025-05-30,0.93488,-0.13054,-0.26995,0.00888,0.08609,-0.02797,0.20014,104
5172,Seafood,2025-06-06,0.94666,-0.13764,-0.27522,-0.00006,0.08300,-0.02919,0.19520,104
5173,Seafood,2025-06-13,0.95066,-0.15440,-0.28735,-0.02144,0.06555,-0.04169,0.17278,104
5174,Seafood,2025-06-20,0.91879,-0.15026,-0.28255,-0.01797,0.05442,-0.05109,0.15993,104
5175,Seafood,2025-06-27,0.93133,-0.17143,-0.30295,-0.03991,0.03306,-0.07352,0.13964,104
5176,Seafood,2025-07-04,0.93203,-0.17149,-0.30746,-0.03551,0.04011,-0.06765,0.14788,104
5177,Seafood,2025-07-11,0.95799,-0.18749,-0.32638,-0.04860,0.02840,-0.08130,0.13810,104
5178,Seafood,2025-07-18,0.95998,-0.18758,-0.32660,-0.04857,0.02762,-0.08208,0.13732,104
5179,Seafood,2025-07-25,0.95679,-0.18793,-0.32959,-0.04627,0.02947,-0.08191,0.14086,104
5180,Seafood,2025-08-01,0.96551,-0.19263,-0.33391,-0.05136,0.02534,-0.08603,0.13671,104
5181,Seafood,2025-08-08,0.99663,-0.20963,-0.35311,-0.06615,0.01054,-0.10182,0.12290,104
5182,Seafood,2025-08-15,0.99823,-0.20733,-0.34992,-0.06473,0.01091,-0.10181,0.12363,104
5183,Seafood,2025-08-22,1.00372,-0.20738,-0.34981,-0.06495,0.01352,-0.09864,0.12568,104
5184,Seafood,2025-08-29,0.98422,-0.20527,-0.34672,-0.06382,0.00690,-0.10566,0.11946,104
5185,Seafood,2025-09-05,0.99047,-0.20553,-0.34751,-0.06355,0.01059,-0.10140,0.12259,104
5186,Seafood,2025-09-12,0.99241,-0.20468,-0.34681,-0.06254,0.00972,-0.10295,0.12239,104
5187,Seafood,2025-09-19,0.98757,-0.20388,-0.34597,-0.06178,0.00948,-0.10306,0.12201,104
5188,Seafood,2025-09-26,0.98396,-0.20525,-0.34693,-0.06358,0.00817,-0.10277,0.11911,104
5189,Seafood,2025-10-03,0.96460,-0.21015,-0.35311,-0.06719,-0.01094,-0.12532,0.10344,104
5190,Seafood,2025-10-10,0.98521,-0.21034,-0.35167,-0.06902,-0.01975,-0.13581,0.09631,104
5191,Seafood,2025-10-17,0.91226,-0.19988,-0.34277,-0.05699,-0.01831,-0.13247,0.09585,104
5192,Seafood,2025-10-24,0.92086,-0.20336,-0.34152,-0.06520,-0.02288,-0.13352,0.08777,104
5193,Seafood,2025-10-31,0.93429,-0.20134,-0.34685,-0.05584,-0.00826,-0.12169,0.10517,104
5194,Seafood,2025-11-07,0.93423,-0.19987,-0.34702,-0.05273,-0.00516,-0.11964,0.10932,104
5195,Seafood,2025-11-14,0.95547,-0.20808,-0.35422,-0.06194,-0.00813,-0.12192,0.10566,104
5196,Seafood,2025-11-21,0.94488,-0.20580,-0.35245,-0.05916,-0.00584,-0.11900,0.10732,104
5197,Seafood,2025-11-28,0.95658,-0.20698,-0.35358,-0.06038,-0.00437,-0.11801,0.10926,104
5198,Seafood,2025-12-05,0.95982,-0.21255,-0.35951,-0.06558,-0.00908,-0.12287,0.10470,104
5199,Seafood,2025-12-12,0.94778,-0.20461,-0.35026,-0.05896,-0.00636,-0.12040,0.10769,104
5200,Seafood,2025-12-19,0.95913,-0.20715,-0.35349,-0.06080,-0.00493,-0.11958,0.10972,104
5201,Seafood,2025-12-26,0.94557,-0.20139,-0.34839,-0.05439,-0.00157,-0.11575,0.11261,104
5202,Seafood,2026-01-02,0.94765,-0.20745,-0.35207,-0.06283,-0.01019,-0.12458,0.10421,104
5203,Seafood,2026-01-09,0.98716,-0.22712,-0.37399,-0.08025,-0.02494,-0.13966,0.08979,104
5204,Seafood,2026-01-16,0.97310,-0.22871,-0.37515,-0.08227,-0.02669,-0.14248,0.08911,104
5205,Seafood,2026-01-23,0.99611,-0.22450,-0.37649,-0.07251,-0.01945,-0.13848,0.09959,104
5206,Seafood,2026-01-30,0.99511,-0.19318,-0.34841,-0.03795,0.00866,-0.11556,0.13288,104
5207,Seafood,2026-02-06,1.04401,-0.21403,-0.36706,-0.06100,0.00768,-0.11442,0.12978,104
5208,Seafood,2026-02-13,1.02852,-0.21165,-0.36545,-0.05784,0.00537,-0.11654,0.12727,104
5209,Seafood,2026-02-20,1.02979,-0.21119,-0.36478,-0.05759,0.01203,-0.10784,0.13190,104
5210,Seafood,2026-02-27,1.02477,-0.22065,-0.37332,-0.06797,0.00101,-0.11693,0.11896,104
5211,Seafood,2026-03-06,0.94010,-0.14477,-0.29619,0.00664,0.00697,-0.11858,0.13251,104
5212,Seafood,2026-03-13,0.94049,-0.14418,-0.28823,-0.00014,0.00783,-0.11004,0.12570,104
5213,Seafood,2026-03-20,0.93484,-0.15291,-0.29055,-0.01528,-0.00382,-0.11548,0.10783,104
5214,Seafood,2026-03-27,0.93470,-0.15272,-0.29022,-0.01522,-0.00368,-0.11520,0.10783,104
5215,Seafood,2026-04-03,0.93945,-0.14677,-0.26824,-0.02531,-0.01780,-0.12349,0.08788,104
5216,Seafood,2026-04-10,0.95171,-0.14453,-0.26348,-0.02559,-0.01336,-0.11677,0.09005,104
5217,Seafood,2026-04-17,0.93540,-0.14487,-0.26362,-0.02611,-0.01265,-0.11457,0.08926,104
5218,Seafood,2026-04-24,0.93095,-0.16362,-0.28248,-0.04476,-0.03907,-0.14090,0.06275,104
5219,Seafood,2026-05-01,0.93268,-0.15857,-0.27375,-0.04339,-0.03146,-0.12933,0.06641,104
5220,Seafood,2026-05-08,0.97149,-0.14059,-0.25333,-0.02784,-0.00323,-0.10222,0.09577,104
5221,Seafood,2026-05-15,0.98320,-0.13739,-0.25004,-0.02475,0.00415,-0.09626,0.10456,104
5222,Seafood,2026-05-22,0.99369,-0.14236,-0.25142,-0.03330,-0.00230,-0.10071,0.09611,104
5223,Seafood,2026-05-29,1.00414,-0.14718,-0.25201,-0.04235,-0.00242,-0.09559,0.09076,104
5224,Seafood,2026-06-05,1.01068,-0.15027,-0.25705,-0.04349,-0.00562,-0.10051,0.08927,104
5225,Seafood,2026-06-12,1.07412,-0.16719,-0.27731,-0.05708,-0.01003,-0.10944,0.08938,104
5226,Seafood,2026-06-19,1.06074,-0.16724,-0.27664,-0.05785,-0.00514,-0.10240,0.09212,104
5227,Seafood,2026-06-26,1.07251,-0.16337,-0.26723,-0.05950,0.00068,-0.09114,0.09250,104
5228,Seafood,2026-07-03,1.04174,-0.15852,-0.26287,-0.05418,0.00085,-0.09085,0.09255,104
5229,Seafood,2026-07-10,1.04112,-0.15500,-0.25801,-0.05200,0.00287,-0.08693,0.09267,104
5230,Seafood,2026-07-17,1.01014,-0.12414,-0.23651,-0.01177,0.02443,-0.07102,0.11988,104
5231,Seafood,2026-07-24,1.01676,-0.12401,-0.23491,-0.01310,0.02740,-0.06581,0.12061,104
5232,Seafood,2026-07-31,1.03014,-0.12231,-0.23073,-0.01389,0.02650,-0.06626,0.11927,104
5233,Seafood,2026-08-07,1.03503,-0.12510,-0.23357,-0.01664,0.02253,-0.07057,0.11563,104
5234,Seafood,2026-08-14,1.02803,-0.12600,-0.23506,-0.01693,0.02338,-0.06889,0.11564,104
5235,Seafood,2026-08-21,1.01069,-0.12166,-0.22783,-0.01548,0.02349,-0.06640,0.11338,104
5236,Seafood,2026-08-28,1.02349,-0.13025,-0.23706,-0.02344,0.01561,-0.07499,0.10620,104
5237,Seafood,2026-09-04,1.08182,-0.14369,-0.26051,-0.02687,-0.00015,-0.10103,0.10074,104
5238,Seafood,2026-09-11,1.06089,-0.13482,-0.24346,-0.02618,0.00335,-0.09140,0.09809,104
5239,Banks & insurance,2009-07-31,0.71942,-0.07854,-0.22501,0.06794,0.32789,0.23799,0.41780,101
5240,Banks & insurance,2009-08-07,0.71924,-0.07701,-0.22425,0.07023,0.32932,0.23932,0.41932,101
5241,Banks & insurance,2009-08-14,0.72226,-0.08101,-0.22764,0.06563,0.32688,0.23690,0.41687,101
5242,Banks & insurance,2009-08-21,0.72637,-0.08165,-0.22843,0.06514,0.32888,0.23943,0.41834,101
5243,Banks & insurance,2009-08-28,0.72554,-0.08114,-0.22756,0.06528,0.32803,0.23831,0.41775,101
5244,Banks & insurance,2009-09-04,0.72474,-0.07920,-0.22263,0.06422,0.32593,0.23772,0.41414,101
5245,Banks & insurance,2009-09-11,0.72136,-0.07749,-0.22073,0.06574,0.32651,0.23817,0.41485,101
5246,Banks & insurance,2009-09-18,0.72914,-0.07350,-0.21639,0.06940,0.33650,0.24886,0.42413,101
5247,Banks & insurance,2009-09-25,0.73603,-0.08440,-0.22388,0.05509,0.32367,0.23738,0.40997,101
5248,Banks & insurance,2009-10-02,0.73766,-0.08607,-0.22424,0.05209,0.31961,0.23369,0.40553,101
5249,Banks & insurance,2009-10-09,0.73946,-0.08648,-0.22372,0.05076,0.32278,0.23709,0.40847,101
5250,Banks & insurance,2009-10-16,0.73560,-0.07982,-0.21478,0.05513,0.32377,0.23983,0.40771,101
5251,Banks & insurance,2009-10-23,0.73465,-0.07629,-0.21178,0.05920,0.32665,0.24214,0.41116,101
5252,Banks & insurance,2009-10-30,0.73629,-0.07905,-0.21444,0.05634,0.32674,0.24218,0.41129,101
5253,Banks & insurance,2009-11-06,0.73626,-0.07829,-0.21385,0.05727,0.32752,0.24297,0.41207,101
5254,Banks & insurance,2009-11-13,0.73842,-0.07851,-0.21302,0.05599,0.32742,0.24267,0.41217,101
5255,Banks & insurance,2009-11-20,0.73949,-0.07975,-0.21483,0.05533,0.32920,0.24429,0.41410,101
5256,Banks & insurance,2009-11-27,0.75652,-0.09668,-0.23271,0.03935,0.33321,0.24866,0.41777,101
5257,Banks & insurance,2009-12-04,0.75707,-0.09697,-0.23296,0.03902,0.33333,0.24880,0.41786,101
5258,Banks & insurance,2009-12-11,0.74935,-0.08830,-0.22280,0.04620,0.33184,0.24732,0.41636,101
5259,Banks & insurance,2009-12-18,0.74915,-0.08837,-0.22262,0.04588,0.33160,0.24735,0.41585,101
5260,Banks & insurance,2009-12-25,0.74987,-0.08822,-0.22240,0.04596,0.33214,0.24805,0.41623,101
5261,Banks & insurance,2010-01-01,0.75089,-0.08874,-0.22399,0.04650,0.33403,0.24995,0.41812,101
5262,Banks & insurance,2010-01-08,0.75353,-0.08780,-0.22294,0.04734,0.33314,0.24919,0.41708,101
5263,Banks & insurance,2010-01-15,0.75374,-0.08914,-0.22406,0.04577,0.32788,0.24430,0.41147,101
5264,Banks & insurance,2010-01-22,0.75225,-0.08907,-0.22374,0.04561,0.32901,0.24566,0.41235,101
5265,Banks & insurance,2010-01-29,0.74686,-0.08547,-0.21970,0.04875,0.32852,0.24510,0.41195,101
5266,Banks & insurance,2010-02-05,0.74622,-0.08457,-0.21978,0.05064,0.33139,0.24780,0.41498,101
5267,Banks & insurance,2010-02-12,0.73876,-0.07937,-0.21351,0.05477,0.32675,0.24319,0.41031,101
5268,Banks & insurance,2010-02-19,0.74017,-0.07950,-0.21278,0.05377,0.32739,0.24503,0.40975,101
5269,Banks & insurance,2010-02-26,0.73756,-0.07838,-0.21211,0.05536,0.32799,0.24530,0.41068,101
5270,Banks & insurance,2010-03-05,0.74444,-0.08004,-0.21455,0.05447,0.33438,0.25203,0.41672,101
5271,Banks & insurance,2010-03-12,0.74280,-0.07878,-0.21459,0.05702,0.33703,0.25429,0.41977,101
5272,Banks & insurance,2010-03-19,0.74259,-0.07656,-0.21283,0.05972,0.33968,0.25743,0.42192,101
5273,Banks & insurance,2010-03-26,0.74835,-0.07628,-0.21199,0.05943,0.34160,0.26044,0.42276,101
5274,Banks & insurance,2010-04-02,0.74831,-0.07574,-0.21122,0.05974,0.34033,0.25959,0.42108,101
5275,Banks & insurance,2010-04-09,0.74584,-0.07009,-0.20503,0.06484,0.34611,0.26650,0.42572,101
5276,Banks & insurance,2010-04-16,0.74810,-0.06716,-0.20165,0.06732,0.34931,0.27020,0.42841,101
5277,Banks & insurance,2010-04-23,0.74714,-0.06758,-0.20218,0.06702,0.34808,0.26874,0.42742,101
5278,Banks & insurance,2010-04-30,0.74132,-0.06371,-0.19964,0.07223,0.34942,0.27005,0.42879,101
5279,Banks & insurance,2010-05-07,0.74830,-0.05105,-0.19141,0.08930,0.37686,0.29317,0.46056,101
5280,Banks & insurance,2010-05-14,0.75225,-0.05289,-0.19274,0.08697,0.37641,0.29281,0.46001,101
5281,Banks & insurance,2010-05-21,0.75190,-0.04853,-0.18975,0.09269,0.38578,0.30133,0.47023,101
5282,Banks & insurance,2010-05-28,0.75243,-0.04836,-0.18965,0.09294,0.38660,0.30231,0.47090,101
5283,Banks & insurance,2010-06-04,0.75222,-0.04810,-0.19236,0.09615,0.39300,0.30771,0.47830,101
5284,Banks & insurance,2010-06-11,0.75220,-0.04797,-0.19206,0.09611,0.39315,0.30822,0.47808,101
5285,Banks & insurance,2010-06-18,0.75103,-0.04820,-0.19146,0.09506,0.39147,0.30736,0.47558,101
5286,Banks & insurance,2010-06-25,0.74635,-0.04286,-0.18790,0.10217,0.39849,0.31408,0.48291,101
5287,Banks & insurance,2010-07-02,0.75071,-0.04698,-0.19464,0.10068,0.40306,0.31920,0.48692,101
5288,Banks & insurance,2010-07-09,0.74571,-0.04686,-0.19477,0.10104,0.40347,0.32013,0.48681,101
5289,Banks & insurance,2010-07-16,0.73971,-0.03602,-0.18690,0.11486,0.41525,0.33150,0.49900,101
5290,Banks & insurance,2010-07-23,0.73649,-0.03393,-0.18564,0.11777,0.41662,0.33267,0.50057,101
5291,Banks & insurance,2010-07-30,0.74076,-0.03585,-0.18796,0.11626,0.41702,0.33338,0.50067,101
5292,Banks & insurance,2010-08-06,0.73267,-0.02782,-0.18632,0.13067,0.42913,0.34413,0.51414,101
5293,Banks & insurance,2010-08-13,0.73282,-0.02768,-0.18576,0.13039,0.42989,0.34548,0.51430,101
5294,Banks & insurance,2010-08-20,0.73761,-0.02927,-0.18667,0.12814,0.43056,0.34604,0.51507,101
5295,Banks & insurance,2010-08-27,0.73816,-0.02937,-0.18557,0.12682,0.42877,0.34453,0.51301,101
5296,Banks & insurance,2010-09-03,0.73661,-0.02636,-0.18215,0.12942,0.42082,0.33398,0.50766,101
5297,Banks & insurance,2010-09-10,0.74431,-0.03778,-0.18835,0.11279,0.41702,0.33383,0.50021,101
5298,Banks & insurance,2010-09-17,0.74831,-0.04087,-0.19140,0.10965,0.41838,0.33544,0.50132,101
5299,Banks & insurance,2010-09-24,0.76553,-0.05415,-0.20939,0.10109,0.42502,0.34325,0.50679,101
5300,Banks & insurance,2010-10-01,0.76643,-0.06052,-0.21465,0.09360,0.41610,0.33450,0.49769,101
5301,Banks & insurance,2010-10-08,0.74986,-0.05951,-0.21478,0.09576,0.35612,0.26749,0.44475,101
5302,Banks & insurance,2010-10-15,0.75490,-0.05457,-0.21055,0.10141,0.36095,0.27227,0.44963,101
5303,Banks & insurance,2010-10-22,0.74778,-0.06757,-0.22269,0.08755,0.33991,0.24119,0.43863,101
5304,Banks & insurance,2010-10-29,0.81613,-0.08585,-0.24118,0.06948,0.35091,0.26516,0.43667,101
5305,Banks & insurance,2010-11-05,0.78959,-0.06030,-0.22700,0.10641,0.39007,0.30330,0.47684,101
5306,Banks & insurance,2010-11-12,0.78871,-0.05795,-0.22651,0.11060,0.38051,0.29260,0.46842,101
5307,Banks & insurance,2010-11-19,0.76658,-0.05052,-0.22549,0.12444,0.34371,0.25100,0.43641,101
5308,Banks & insurance,2010-11-26,0.79129,-0.05961,-0.24301,0.12379,0.32268,0.23134,0.41402,101
5309,Banks & insurance,2010-12-03,0.78910,-0.04237,-0.25289,0.16815,0.34912,0.23484,0.46339,101
5310,Banks & insurance,2010-12-10,0.79314,-0.02210,-0.24080,0.19659,0.36620,0.24288,0.48952,101
5311,Banks & insurance,2010-12-17,0.80498,-0.03248,-0.26189,0.19693,0.37680,0.25350,0.50009,101
5312,Banks & insurance,2010-12-24,0.80276,-0.03176,-0.27373,0.21021,0.38958,0.26043,0.51873,101
5313,Banks & insurance,2010-12-31,0.79335,-0.04876,-0.29582,0.19830,0.34931,0.21044,0.48818,101
5314,Banks & insurance,2011-01-07,0.79961,-0.06343,-0.32504,0.19818,0.34181,0.19397,0.48966,101
5315,Banks & insurance,2011-01-14,0.82437,-0.08129,-0.37938,0.21681,0.34654,0.19387,0.49921,101
5316,Banks & insurance,2011-01-21,0.73108,-0.01376,-0.21805,0.19052,0.37472,0.24113,0.50831,101
5317,Banks & insurance,2011-01-28,0.64497,0.07445,-0.04655,0.19544,0.42693,0.31197,0.54189,101
5318,Banks & insurance,2011-02-04,0.63585,0.07929,-0.04360,0.20218,0.42652,0.31121,0.54184,101
5319,Banks & insurance,2011-02-11,0.63652,0.07946,-0.04360,0.20252,0.42696,0.31145,0.54246,101
5320,Banks & insurance,2011-02-18,0.61352,0.08473,-0.03904,0.20850,0.40004,0.28450,0.51557,101
5321,Banks & insurance,2011-02-25,0.64028,0.05202,-0.06128,0.16532,0.37931,0.27610,0.48252,101
5322,Banks & insurance,2011-03-04,0.60220,0.06200,-0.05273,0.17673,0.36083,0.25684,0.46483,101
5323,Banks & insurance,2011-03-11,0.59073,0.06886,-0.05415,0.19187,0.36684,0.26272,0.47096,101
5324,Banks & insurance,2011-03-18,0.59236,0.05536,-0.06375,0.17446,0.35601,0.24748,0.46453,101
5325,Banks & insurance,2011-03-25,0.60431,0.05046,-0.06772,0.16865,0.35660,0.24871,0.46450,101
5326,Banks & insurance,2011-04-01,0.60670,0.04669,-0.07029,0.16366,0.35463,0.24676,0.46249,101
5327,Banks & insurance,2011-04-08,0.62584,0.05185,-0.06132,0.16503,0.35645,0.25162,0.46129,101
5328,Banks & insurance,2011-04-15,0.63233,0.04180,-0.06940,0.15299,0.35217,0.24732,0.45703,101
5329,Banks & insurance,2011-04-22,0.63260,0.04328,-0.06774,0.15430,0.35391,0.25012,0.45771,102
5330,Banks & insurance,2011-04-29,0.63267,0.04331,-0.06769,0.15430,0.35515,0.25166,0.45865,103
5331,Banks & insurance,2011-05-06,0.61881,0.06624,-0.03983,0.17231,0.35052,0.25621,0.44482,104
5332,Banks & insurance,2011-05-13,0.61834,0.06410,-0.04206,0.17027,0.34563,0.25027,0.44099,104
5333,Banks & insurance,2011-05-20,0.61791,0.05854,-0.05234,0.16942,0.34073,0.24162,0.43984,104
5334,Banks & insurance,2011-05-27,0.61045,0.07292,-0.03885,0.18469,0.35404,0.25432,0.45376,104
5335,Banks & insurance,2011-06-03,0.61101,0.07193,-0.03988,0.18374,0.35297,0.25293,0.45300,104
5336,Banks & insurance,2011-06-10,0.62029,0.06186,-0.04831,0.17202,0.34377,0.24377,0.44377,104
5337,Banks & insurance,2011-06-17,0.62419,0.06439,-0.04377,0.17254,0.34389,0.24587,0.44190,104
5338,Banks & insurance,2011-06-24,0.63183,0.07044,-0.03491,0.17578,0.35030,0.25600,0.44459,104
5339,Banks & insurance,2011-07-01,0.62868,0.07920,-0.02766,0.18606,0.36555,0.27182,0.45929,104
5340,Banks & insurance,2011-07-08,0.63712,0.07316,-0.03170,0.17803,0.34413,0.24654,0.44173,104
5341,Banks & insurance,2011-07-15,0.66295,0.07626,-0.02820,0.18073,0.34768,0.24942,0.44595,104
5342,Banks & insurance,2011-07-22,0.65235,0.06675,-0.03860,0.17209,0.33000,0.22966,0.43035,104
5343,Banks & insurance,2011-07-29,0.65675,0.06814,-0.03671,0.17298,0.33487,0.23576,0.43398,104
5344,Banks & insurance,2011-08-05,0.65004,0.07195,-0.03270,0.17660,0.36467,0.26897,0.46037,104
5345,Banks & insurance,2011-08-12,0.65020,0.07985,-0.02320,0.18291,0.37217,0.27937,0.46498,104
5346,Banks & insurance,2011-08-19,0.66481,0.07050,-0.03178,0.17277,0.36838,0.27630,0.46046,104
5347,Banks & insurance,2011-08-26,0.66771,0.06933,-0.03421,0.17288,0.37098,0.27817,0.46379,104
5348,Banks & insurance,2011-09-02,0.66433,0.07917,-0.02380,0.18214,0.38479,0.29109,0.47849,104
5349,Banks & insurance,2011-09-09,0.68577,0.07049,-0.03587,0.17684,0.38496,0.29232,0.47761,104
5350,Banks & insurance,2011-09-16,0.66761,0.06665,-0.04496,0.17826,0.36664,0.26361,0.46968,104
5351,Banks & insurance,2011-09-23,0.66555,0.10991,0.03493,0.18489,0.43275,0.34821,0.51729,104
5352,Banks & insurance,2011-09-30,0.66389,0.11198,0.03613,0.18782,0.43973,0.35535,0.52411,104
5353,Banks & insurance,2011-10-07,0.65576,0.11754,0.04261,0.19247,0.43159,0.34651,0.51667,104
5354,Banks & insurance,2011-10-14,0.64505,0.11004,0.02962,0.19047,0.44254,0.35497,0.53012,104
5355,Banks & insurance,2011-10-21,0.64545,0.10753,0.03106,0.18401,0.43267,0.34713,0.51822,104
5356,Banks & insurance,2011-10-28,0.66935,0.09867,0.01776,0.17958,0.43282,0.34603,0.51961,104
5357,Banks & insurance,2011-11-04,0.68579,0.08795,-0.00008,0.17598,0.42819,0.34081,0.51557,104
5358,Banks & insurance,2011-11-11,0.69458,0.08187,-0.00734,0.17109,0.42805,0.34021,0.51589,104
5359,Banks & insurance,2011-11-18,0.69402,0.07998,-0.00967,0.16964,0.42774,0.34141,0.51408,104
5360,Banks & insurance,2011-11-25,0.72156,0.06879,-0.02696,0.16454,0.43449,0.34934,0.51965,104
5361,Banks & insurance,2011-12-02,0.74061,0.06318,-0.03543,0.16180,0.44703,0.36198,0.53208,104
5362,Banks & insurance,2011-12-09,0.75189,0.05171,-0.05221,0.15564,0.46159,0.37292,0.55026,104
5363,Banks & insurance,2011-12-16,0.75140,0.05839,-0.04253,0.15930,0.46858,0.38095,0.55620,104
5364,Banks & insurance,2011-12-23,0.74921,0.05778,-0.04338,0.15894,0.47039,0.38373,0.55705,104
5365,Banks & insurance,2011-12-30,0.75141,0.05513,-0.04731,0.15757,0.47052,0.38312,0.55792,104
5366,Banks & insurance,2012-01-06,0.75297,0.03517,-0.07668,0.14702,0.44815,0.35266,0.54364,104
5367,Banks & insurance,2012-01-13,0.75257,0.03999,-0.07390,0.15389,0.45448,0.35968,0.54928,104
5368,Banks & insurance,2012-01-20,0.76313,0.04515,-0.06915,0.15945,0.45787,0.36381,0.55194,104
5369,Banks & insurance,2012-01-27,0.77452,0.03601,-0.07801,0.15002,0.45923,0.36398,0.55448,104
5370,Banks & insurance,2012-02-03,0.77122,0.03564,-0.07882,0.15011,0.45683,0.36073,0.55293,104
5371,Banks & insurance,2012-02-10,0.78327,0.02402,-0.09612,0.14415,0.46231,0.36424,0.56039,104
5372,Banks & insurance,2012-02-17,0.78329,0.02784,-0.09278,0.14845,0.46537,0.36575,0.56499,104
5373,Banks & insurance,2012-02-24,0.79233,0.02567,-0.09278,0.14411,0.46421,0.36628,0.56215,104
5374,Banks & insurance,2012-03-02,0.77456,0.03146,-0.08663,0.14955,0.45418,0.35738,0.55097,104
5375,Banks & insurance,2012-03-09,0.77470,0.03126,-0.08653,0.14906,0.45343,0.35620,0.55066,104
5376,Banks & insurance,2012-03-16,0.77994,0.02786,-0.09007,0.14578,0.45218,0.35417,0.55018,104
5377,Banks & insurance,2012-03-23,0.77986,0.02765,-0.09076,0.14606,0.45375,0.35561,0.55189,104
5378,Banks & insurance,2012-03-30,0.78066,0.02610,-0.09354,0.14574,0.45379,0.35495,0.55262,104
5379,Banks & insurance,2012-04-06,0.77998,0.02590,-0.09373,0.14552,0.45189,0.35331,0.55047,104
5380,Banks & insurance,2012-04-13,0.77979,0.02669,-0.09348,0.14686,0.45391,0.35517,0.55264,104
5381,Banks & insurance,2012-04-20,0.77763,0.02924,-0.08885,0.14732,0.45027,0.35212,0.54842,104
5382,Banks & insurance,2012-04-27,0.79084,0.02182,-0.09261,0.13624,0.44974,0.35197,0.54750,104
5383,Banks & insurance,2012-05-04,0.77094,-0.00490,-0.12031,0.11050,0.38371,0.29371,0.47372,104
5384,Banks & insurance,2012-05-11,0.78029,-0.00812,-0.12630,0.11007,0.39049,0.30046,0.48051,104
5385,Banks & insurance,2012-05-18,0.78813,-0.00554,-0.12271,0.11163,0.39037,0.29782,0.48293,104
5386,Banks & insurance,2012-05-25,0.78419,-0.00308,-0.11988,0.11373,0.38830,0.29568,0.48091,104
5387,Banks & insurance,2012-06-01,0.78034,0.01448,-0.09732,0.12629,0.40330,0.31382,0.49279,104
5388,Banks & insurance,2012-06-08,0.78772,0.01026,-0.10172,0.12224,0.40332,0.31146,0.49518,104
5389,Banks & insurance,2012-06-15,0.78610,0.01397,-0.09748,0.12542,0.40535,0.31363,0.49707,104
5390,Banks & insurance,2012-06-22,0.78690,0.00203,-0.11129,0.11534,0.38418,0.29345,0.47490,104
5391,Banks & insurance,2012-06-29,0.78752,0.00497,-0.10898,0.11891,0.38625,0.29669,0.47581,104
5392,Banks & insurance,2012-07-06,0.80150,0.00584,-0.10714,0.11882,0.38260,0.29417,0.47104,104
5393,Banks & insurance,2012-07-13,0.80657,0.00790,-0.10313,0.11894,0.38812,0.30257,0.47366,104
5394,Banks & insurance,2012-07-20,0.81817,0.00595,-0.10405,0.11596,0.38693,0.30226,0.47160,104
5395,Banks & insurance,2012-07-27,0.81860,0.00500,-0.10535,0.11535,0.38606,0.30144,0.47067,104
5396,Banks & insurance,2012-08-03,0.82556,0.00369,-0.10628,0.11365,0.38319,0.29864,0.46774,104
5397,Banks & insurance,2012-08-10,0.82633,0.01088,-0.09777,0.11953,0.38212,0.29650,0.46773,104
5398,Banks & insurance,2012-08-17,0.82845,0.01010,-0.09837,0.11856,0.38239,0.29642,0.46837,104
5399,Banks & insurance,2012-08-24,0.82813,0.00855,-0.10134,0.11844,0.38557,0.29897,0.47217,104
5400,Banks & insurance,2012-08-31,0.84608,-0.00051,-0.11262,0.11160,0.38594,0.29788,0.47399,104
5401,Banks & insurance,2012-09-07,0.85003,-0.00287,-0.11489,0.10916,0.38426,0.29563,0.47290,104
5402,Banks & insurance,2012-09-14,0.84675,0.00262,-0.10795,0.11319,0.38832,0.30034,0.47630,104
5403,Banks & insurance,2012-09-21,0.84278,0.00720,-0.09913,0.11353,0.37890,0.29279,0.46501,104
5404,Banks & insurance,2012-09-28,0.83837,0.01165,-0.09633,0.11962,0.38590,0.29832,0.47349,104
5405,Banks & insurance,2012-10-05,0.84765,0.00670,-0.10124,0.11463,0.38409,0.29554,0.47263,104
5406,Banks & insurance,2012-10-12,0.83916,0.01339,-0.09332,0.12010,0.38812,0.30031,0.47594,104
5407,Banks & insurance,2012-10-19,0.83508,0.01720,-0.08790,0.12230,0.38448,0.29838,0.47058,104
5408,Banks & insurance,2012-10-26,0.82979,0.01902,-0.08563,0.12366,0.38448,0.29884,0.47012,104
5409,Banks & insurance,2012-11-02,0.83570,0.02208,-0.08084,0.12499,0.38357,0.29761,0.46952,104
5410,Banks & insurance,2012-11-09,0.83760,0.01806,-0.08323,0.11934,0.37496,0.28871,0.46121,104
5411,Banks & insurance,2012-11-16,0.83861,0.01660,-0.08457,0.11776,0.37319,0.28630,0.46007,104
5412,Banks & insurance,2012-11-23,0.83092,0.02073,-0.08000,0.12146,0.37600,0.28969,0.46230,104
5413,Banks & insurance,2012-11-30,0.83316,0.02332,-0.07846,0.12510,0.37606,0.28803,0.46409,104
5414,Banks & insurance,2012-12-07,0.83447,0.02094,-0.07999,0.12187,0.37018,0.28261,0.45776,104
5415,Banks & insurance,2012-12-14,0.83464,0.02001,-0.08091,0.12092,0.36844,0.28091,0.45596,104
5416,Banks & insurance,2012-12-21,0.83651,0.02039,-0.08040,0.12117,0.36554,0.27757,0.45350,104
5417,Banks & insurance,2012-12-28,0.83328,0.02360,-0.07632,0.12351,0.36701,0.27971,0.45432,104
5418,Banks & insurance,2013-01-04,0.83692,0.02229,-0.07767,0.12224,0.36798,0.28055,0.45541,104
5419,Banks & insurance,2013-01-11,0.83908,0.01884,-0.08370,0.12139,0.36859,0.27909,0.45808,104
5420,Banks & insurance,2013-01-18,0.85336,0.01342,-0.09030,0.11714,0.36789,0.27736,0.45842,104
5421,Banks & insurance,2013-01-25,0.85282,0.01455,-0.08891,0.11801,0.36911,0.27875,0.45947,104
5422,Banks & insurance,2013-02-01,0.84711,0.02033,-0.08120,0.12186,0.36952,0.28015,0.45888,104
5423,Banks & insurance,2013-02-08,0.84580,0.02621,-0.07546,0.12787,0.37449,0.28386,0.46512,104
5424,Banks & insurance,2013-02-15,0.85095,0.02189,-0.07989,0.12367,0.37298,0.28228,0.46367,104
5425,Banks & insurance,2013-02-22,0.85998,0.00824,-0.10347,0.11995,0.38181,0.28489,0.47873,104
5426,Banks & insurance,2013-03-01,0.85658,0.01381,-0.09714,0.12476,0.38436,0.28803,0.48068,104
5427,Banks & insurance,2013-03-08,0.86864,0.01129,-0.10011,0.12269,0.38367,0.28613,0.48121,104
5428,Banks & insurance,2013-03-15,0.87357,0.00544,-0.10803,0.11892,0.37921,0.28007,0.47836,104
5429,Banks & insurance,2013-03-22,0.87432,0.00800,-0.10450,0.12050,0.38083,0.28254,0.47911,104
5430,Banks & insurance,2013-03-29,0.87560,0.00829,-0.10440,0.12098,0.37959,0.28088,0.47830,104
5431,Banks & insurance,2013-04-05,0.88506,-0.00926,-0.12545,0.10692,0.37792,0.27590,0.47993,104
5432,Banks & insurance,2013-04-12,0.90233,-0.00818,-0.12416,0.10780,0.38182,0.27804,0.48560,104
5433,Banks & insurance,2013-04-19,0.90082,-0.00313,-0.11733,0.11108,0.38494,0.28271,0.48718,104
5434,Banks & insurance,2013-04-26,0.91003,0.00422,-0.11081,0.11924,0.39657,0.29020,0.50293,104
5435,Banks & insurance,2013-05-03,0.92050,-0.01928,-0.14076,0.10220,0.42021,0.30456,0.53586,104
5436,Banks & insurance,2013-05-10,0.92245,-0.02345,-0.14757,0.10066,0.42445,0.30721,0.54168,104
5437,Banks & insurance,2013-05-17,0.92451,-0.02732,-0.15071,0.09607,0.42211,0.30489,0.53933,104
5438,Banks & insurance,2013-05-24,0.92725,-0.02997,-0.15440,0.09445,0.42432,0.30671,0.54193,104
5439,Banks & insurance,2013-05-31,0.92864,-0.03140,-0.15550,0.09270,0.42098,0.30358,0.53837,104
5440,Banks & insurance,2013-06-07,0.93049,-0.03286,-0.15456,0.08884,0.41489,0.29898,0.53080,104
5441,Banks & insurance,2013-06-14,0.92802,-0.03449,-0.15600,0.08701,0.41129,0.29444,0.52814,104
5442,Banks & insurance,2013-06-21,0.92938,-0.04285,-0.16513,0.07943,0.40924,0.29097,0.52752,104
5443,Banks & insurance,2013-06-28,0.92838,-0.04486,-0.16836,0.07864,0.38953,0.26675,0.51230,104
5444,Banks & insurance,2013-07-05,0.92720,-0.03668,-0.16698,0.09362,0.41546,0.28974,0.54119,104
5445,Banks & insurance,2013-07-12,0.93207,-0.03750,-0.16790,0.09290,0.41833,0.29157,0.54508,104
5446,Banks & insurance,2013-07-19,0.93364,-0.03820,-0.16858,0.09217,0.41566,0.28856,0.54276,104
5447,Banks & insurance,2013-07-26,0.93042,-0.03913,-0.16935,0.09110,0.41062,0.28260,0.53865,104
5448,Banks & insurance,2013-08-02,1.02859,-0.05020,-0.18197,0.08157,0.36467,0.23885,0.49050,104
5449,Banks & insurance,2013-08-09,1.03062,-0.05334,-0.18514,0.07846,0.36231,0.23628,0.48833,104
5450,Banks & insurance,2013-08-16,1.03780,-0.06470,-0.19928,0.06988,0.35376,0.22900,0.47852,104
5451,Banks & insurance,2013-08-23,1.03708,-0.06517,-0.20015,0.06982,0.34896,0.22321,0.47472,104
5452,Banks & insurance,2013-08-30,1.04515,-0.07012,-0.20352,0.06327,0.33844,0.21320,0.46368,104
5453,Banks & insurance,2013-09-06,1.03847,-0.06673,-0.20118,0.06773,0.34125,0.21666,0.46584,104
5454,Banks & insurance,2013-09-13,1.04266,-0.06766,-0.20070,0.06538,0.33803,0.21393,0.46214,104
5455,Banks & insurance,2013-09-20,1.02070,-0.06339,-0.19635,0.06958,0.28006,0.14939,0.41072,104
5456,Banks & insurance,2013-09-27,1.01380,-0.05696,-0.19012,0.07621,0.28661,0.15754,0.41567,104
5457,Banks & insurance,2013-10-04,1.03458,-0.07290,-0.21148,0.06568,0.28738,0.15305,0.42170,104
5458,Banks & insurance,2013-10-11,1.07469,-0.04588,-0.18971,0.09795,0.28075,0.13941,0.42208,104
5459,Banks & insurance,2013-10-18,1.09353,-0.06347,-0.21574,0.08880,0.28644,0.14231,0.43056,104
5460,Banks & insurance,2013-10-25,1.07375,-0.06056,-0.20284,0.08172,0.25518,0.11432,0.39604,104
5461,Banks & insurance,2013-11-01,1.04842,-0.05075,-0.19007,0.08857,0.26644,0.12590,0.40698,104
5462,Banks & insurance,2013-11-08,1.04719,-0.04692,-0.18672,0.09289,0.26963,0.12821,0.41104,104
5463,Banks & insurance,2013-11-15,1.05495,-0.04070,-0.18153,0.10013,0.25916,0.11413,0.40419,104
5464,Banks & insurance,2013-11-22,1.02638,-0.03061,-0.16768,0.10647,0.24476,0.10163,0.38789,104
5465,Banks & insurance,2013-11-29,1.01735,-0.03037,-0.16531,0.10457,0.21265,0.06782,0.35749,104
5466,Banks & insurance,2013-12-06,0.99941,-0.02732,-0.16057,0.10593,0.20359,0.05906,0.34812,104
5467,Banks & insurance,2013-12-13,0.99108,-0.03076,-0.16863,0.10710,0.18570,0.03418,0.33722,104
5468,Banks & insurance,2013-12-20,1.01217,-0.02473,-0.16227,0.11282,0.18032,0.03118,0.32946,104
5469,Banks & insurance,2013-12-27,1.01194,-0.02340,-0.15988,0.11307,0.18243,0.03492,0.32995,104
5470,Banks & insurance,2014-01-03,1.03212,0.01207,-0.10336,0.12749,0.21453,0.08923,0.33984,104
5471,Banks & insurance,2014-01-10,1.02521,0.01463,-0.10067,0.12993,0.22206,0.09691,0.34720,104
5472,Banks & insurance,2014-01-17,1.02990,0.01344,-0.10230,0.12919,0.22249,0.09685,0.34813,104
5473,Banks & insurance,2014-01-24,1.00590,0.01966,-0.09532,0.13463,0.21998,0.09452,0.34544,104
5474,Banks & insurance,2014-01-31,0.99347,0.02548,-0.08894,0.13990,0.21957,0.09454,0.34460,104
5475,Banks & insurance,2014-02-07,0.98702,0.02298,-0.08978,0.13573,0.21974,0.09531,0.34417,104
5476,Banks & insurance,2014-02-14,0.99079,0.02808,-0.08572,0.14187,0.22460,0.09883,0.35038,104
5477,Banks & insurance,2014-02-21,0.98684,0.03142,-0.08714,0.14999,0.22839,0.09753,0.35926,104
5478,Banks & insurance,2014-02-28,0.98792,0.02764,-0.09104,0.14632,0.22471,0.09339,0.35603,104
5479,Banks & insurance,2014-03-07,0.99296,0.02423,-0.09551,0.14398,0.22679,0.09487,0.35870,104
5480,Banks & insurance,2014-03-14,0.99707,0.02375,-0.09611,0.14360,0.22834,0.09656,0.36011,104
5481,Banks & insurance,2014-03-21,0.98434,0.02941,-0.08991,0.14874,0.22492,0.09388,0.35595,104
5482,Banks & insurance,2014-03-28,0.97636,0.02420,-0.09356,0.14197,0.21904,0.08965,0.34844,104
5483,Banks & insurance,2014-04-04,0.97227,0.02337,-0.09415,0.14089,0.21660,0.08724,0.34597,104
5484,Banks & insurance,2014-04-11,0.98863,0.01876,-0.09996,0.13749,0.21024,0.08048,0.33999,104
5485,Banks & insurance,2014-04-18,0.98930,0.01008,-0.11010,0.13026,0.21012,0.07956,0.34068,104
5486,Banks & insurance,2014-04-25,0.98126,0.01318,-0.10635,0.13271,0.21519,0.08488,0.34549,104
5487,Banks & insurance,2014-05-02,0.95740,0.03650,-0.08900,0.16200,0.22193,0.08408,0.35977,104
5488,Banks & insurance,2014-05-09,0.94501,0.03392,-0.09074,0.15859,0.21467,0.07854,0.35080,104
5489,Banks & insurance,2014-05-16,0.91769,0.02980,-0.09223,0.15182,0.17277,0.04154,0.30400,104
5490,Banks & insurance,2014-05-23,0.92310,0.02776,-0.09379,0.14931,0.17203,0.04083,0.30323,104
5491,Banks & insurance,2014-05-30,0.90311,0.00765,-0.12552,0.14082,0.11048,-0.03112,0.25207,104
5492,Banks & insurance,2014-06-06,0.89443,0.00545,-0.12779,0.13870,0.10117,-0.04097,0.24330,104
5493,Banks & insurance,2014-06-13,0.89906,-0.00445,-0.13666,0.12775,0.09021,-0.05047,0.23090,104
5494,Banks & insurance,2014-06-20,0.90608,0.01976,-0.10110,0.14062,0.10427,-0.02349,0.23203,104
5495,Banks & insurance,2014-06-27,0.95909,0.05166,-0.06776,0.17108,0.08778,-0.03428,0.20984,104
5496,Banks & insurance,2014-07-04,0.96065,0.04978,-0.06973,0.16929,0.08003,-0.04170,0.20177,104
5497,Banks & insurance,2014-07-11,0.90768,0.02065,-0.11545,0.15675,0.06102,-0.07926,0.20130,104
5498,Banks & insurance,2014-07-18,0.91174,0.02863,-0.11247,0.16973,0.06076,-0.08376,0.20529,104
5499,Banks & insurance,2014-07-25,0.90977,0.02621,-0.11530,0.16771,0.05962,-0.08551,0.20474,104
5500,Banks & insurance,2014-08-01,0.91319,0.03127,-0.10723,0.16977,0.08270,-0.06063,0.22603,104
5501,Banks & insurance,2014-08-08,0.91057,0.02694,-0.11662,0.17051,0.07656,-0.07162,0.22475,104
5502,Banks & insurance,2014-08-15,0.91944,0.01956,-0.12453,0.16365,0.05572,-0.09188,0.20331,104
5503,Banks & insurance,2014-08-22,0.92691,0.01958,-0.12423,0.16338,0.05645,-0.09098,0.20387,104
5504,Banks & insurance,2014-08-29,0.92998,0.02421,-0.11992,0.16835,0.06102,-0.08672,0.20877,104
5505,Banks & insurance,2014-09-05,0.92549,0.02788,-0.11513,0.17090,0.06216,-0.08429,0.20860,104
5506,Banks & insurance,2014-09-12,0.91937,0.00964,-0.12874,0.14802,0.04537,-0.09668,0.18741,104
5507,Banks & insurance,2014-09-19,0.92954,0.00138,-0.13638,0.13914,0.05345,-0.08984,0.19673,104
5508,Banks & insurance,2014-09-26,0.93392,-0.00046,-0.13726,0.13633,0.06198,-0.08129,0.20526,104
5509,Banks & insurance,2014-10-03,0.93377,0.00756,-0.12207,0.13720,0.10414,-0.03370,0.24198,104
5510,Banks & insurance,2014-10-10,0.92266,-0.00111,-0.13029,0.12808,0.12596,-0.01215,0.26406,104
5511,Banks & insurance,2014-10-17,0.92493,-0.00687,-0.13080,0.11705,0.11614,-0.01643,0.24872,104
5512,Banks & insurance,2014-10-24,0.94080,-0.00382,-0.12610,0.11847,0.13210,0.00101,0.26320,104
5513,Banks & insurance,2014-10-31,0.93339,0.00199,-0.12181,0.12580,0.14284,0.01032,0.27537,104
5514,Banks & insurance,2014-11-07,0.92866,0.01246,-0.11572,0.14063,0.16728,0.03094,0.30362,104
5515,Banks & insurance,2014-11-14,0.91613,0.02958,-0.09629,0.15544,0.15952,0.02760,0.29144,104
5516,Banks & insurance,2014-11-21,0.92733,0.02088,-0.09857,0.14034,0.15220,0.02623,0.27816,104
5517,Banks & insurance,2014-11-28,0.88389,-0.01622,-0.12529,0.09284,0.19308,0.07430,0.31185,104
5518,Banks & insurance,2014-12-05,0.88119,-0.01082,-0.11818,0.09655,0.19983,0.08252,0.31714,104
5519,Banks & insurance,2014-12-12,0.89059,0.01294,-0.08201,0.10789,0.24658,0.14492,0.34825,104
5520,Banks & insurance,2014-12-19,0.85864,0.02205,-0.07640,0.12051,0.24583,0.14451,0.34715,104
5521,Banks & insurance,2014-12-26,0.85837,0.02300,-0.07687,0.12287,0.25106,0.14902,0.35311,104
5522,Banks & insurance,2015-01-02,0.86299,0.00318,-0.08740,0.09376,0.21860,0.12493,0.31227,104
5523,Banks & insurance,2015-01-09,0.83941,0.04422,-0.05023,0.13867,0.22851,0.13336,0.32367,104
5524,Banks & insurance,2015-01-16,0.82855,0.05148,-0.04589,0.14886,0.23108,0.13372,0.32844,104
5525,Banks & insurance,2015-01-23,0.79943,0.04939,-0.04738,0.14616,0.23096,0.13910,0.32282,104
5526,Banks & insurance,2015-01-30,0.79495,0.05383,-0.03763,0.14530,0.21528,0.12871,0.30185,104
5527,Banks & insurance,2015-02-06,0.79868,0.04622,-0.04228,0.13473,0.21556,0.13491,0.29621,104
5528,Banks & insurance,2015-02-13,0.79828,0.04616,-0.04287,0.13519,0.21558,0.13493,0.29623,104
5529,Banks & insurance,2015-02-20,0.79059,0.05713,-0.02784,0.14209,0.21943,0.14057,0.29829,104
5530,Banks & insurance,2015-02-27,0.78655,0.06363,-0.02323,0.15050,0.22341,0.14326,0.30355,104
5531,Banks & insurance,2015-03-06,0.78718,0.04860,-0.03950,0.13671,0.20516,0.12563,0.28469,104
5532,Banks & insurance,2015-03-13,0.78607,0.04220,-0.04654,0.13095,0.19722,0.11757,0.27686,104
5533,Banks & insurance,2015-03-20,0.76918,0.04133,-0.04864,0.13129,0.19370,0.11325,0.27414,104
5534,Banks & insurance,2015-03-27,0.76575,0.04366,-0.04572,0.13304,0.19471,0.11446,0.27495,104
5535,Banks & insurance,2015-04-03,0.76912,0.04777,-0.04085,0.13639,0.19676,0.11610,0.27741,104
5536,Banks & insurance,2015-04-10,0.74584,0.04981,-0.03882,0.13844,0.19976,0.11927,0.28025,104
5537,Banks & insurance,2015-04-17,0.74701,0.03965,-0.04280,0.12211,0.17266,0.09782,0.24749,104
5538,Banks & insurance,2015-04-24,0.72225,0.03687,-0.04466,0.11841,0.15964,0.08804,0.23125,104
5539,Banks & insurance,2015-05-01,0.72252,0.03502,-0.04582,0.11586,0.15405,0.08242,0.22568,104
5540,Banks & insurance,2015-05-08,0.72599,0.03367,-0.04722,0.11456,0.15203,0.08020,0.22385,104
5541,Banks & insurance,2015-05-15,0.72546,0.03267,-0.04841,0.11376,0.15122,0.07931,0.22313,104
5542,Banks & insurance,2015-05-22,0.72354,0.03251,-0.04880,0.11381,0.15069,0.07862,0.22277,104
5543,Banks & insurance,2015-05-29,0.73021,0.03072,-0.05109,0.11253,0.15036,0.07798,0.22275,104
5544,Banks & insurance,2015-06-05,0.72533,0.03153,-0.05312,0.11617,0.15674,0.08300,0.23047,104
5545,Banks & insurance,2015-06-12,0.73222,0.02952,-0.05533,0.11436,0.15422,0.08019,0.22824,104
5546,Banks & insurance,2015-06-19,0.73332,0.02670,-0.05894,0.11233,0.15137,0.07711,0.22562,104
5547,Banks & insurance,2015-06-26,0.73255,0.02799,-0.05786,0.11383,0.15407,0.07976,0.22838,104
5548,Banks & insurance,2015-07-03,0.72809,0.02344,-0.06497,0.11185,0.14718,0.07072,0.22365,104
5549,Banks & insurance,2015-07-10,0.71301,0.03156,-0.05368,0.11680,0.14847,0.07423,0.22272,104
5550,Banks & insurance,2015-07-17,0.71793,0.02969,-0.05494,0.11432,0.14570,0.07150,0.21990,104
5551,Banks & insurance,2015-07-24,0.72123,0.03304,-0.05006,0.11614,0.15105,0.07819,0.22391,104
5552,Banks & insurance,2015-07-31,0.72155,0.03717,-0.04571,0.12005,0.15538,0.08213,0.22863,104
5553,Banks & insurance,2015-08-07,0.72033,0.03853,-0.04194,0.11900,0.15527,0.08409,0.22646,104
5554,Banks & insurance,2015-08-14,0.71200,0.04845,-0.02601,0.12291,0.16129,0.09436,0.22821,104
5555,Banks & insurance,2015-08-21,0.70637,0.04693,-0.02726,0.12112,0.17079,0.10592,0.23566,104
5556,Banks & insurance,2015-08-28,0.70645,0.02135,-0.07446,0.11716,0.14464,0.05778,0.23150,104
5557,Banks & insurance,2015-09-04,0.70277,0.02156,-0.07396,0.11708,0.14357,0.05623,0.23090,104
5558,Banks & insurance,2015-09-11,0.70240,0.01985,-0.07740,0.11710,0.14300,0.05408,0.23191,104
5559,Banks & insurance,2015-09-18,0.70367,0.01819,-0.07937,0.11575,0.14270,0.05359,0.23181,104
5560,Banks & insurance,2015-09-25,0.71017,0.01189,-0.08825,0.11204,0.13558,0.04429,0.22687,104
5561,Banks & insurance,2015-10-02,0.70815,0.01326,-0.08634,0.11285,0.13695,0.04601,0.22789,104
5562,Banks & insurance,2015-10-09,0.70935,0.01006,-0.08870,0.10881,0.15341,0.06694,0.23987,104
5563,Banks & insurance,2015-10-16,0.70433,0.01845,-0.07613,0.11302,0.15917,0.07583,0.24251,104
5564,Banks & insurance,2015-10-23,0.66979,0.03047,-0.06289,0.12382,0.16953,0.08745,0.25161,104
5565,Banks & insurance,2015-10-30,0.66806,0.03330,-0.05878,0.12538,0.16829,0.08678,0.24981,104
5566,Banks & insurance,2015-11-06,0.68692,0.02285,-0.06909,0.11480,0.15801,0.07636,0.23965,104
5567,Banks & insurance,2015-11-13,0.68745,0.02356,-0.06728,0.11441,0.16322,0.08341,0.24302,104
5568,Banks & insurance,2015-11-20,0.68747,0.02135,-0.07064,0.11333,0.16558,0.08558,0.24558,104
5569,Banks & insurance,2015-11-27,0.68837,0.02016,-0.07194,0.11226,0.16443,0.08435,0.24451,104
5570,Banks & insurance,2015-12-04,0.67907,0.01492,-0.08088,0.11071,0.16145,0.07849,0.24440,104
5571,Banks & insurance,2015-12-11,0.67957,0.01991,-0.06995,0.10976,0.16995,0.09420,0.24570,104
5572,Banks & insurance,2015-12-18,0.67929,0.01946,-0.07061,0.10954,0.16859,0.09241,0.24476,104
5573,Banks & insurance,2015-12-25,0.68435,0.02006,-0.07000,0.11012,0.17096,0.09468,0.24725,104
5574,Banks & insurance,2016-01-01,0.68818,0.01882,-0.07192,0.10956,0.17058,0.09384,0.24731,104
5575,Banks & insurance,2016-01-08,0.70272,0.01936,-0.07109,0.10982,0.19064,0.11519,0.26609,104
5576,Banks & insurance,2016-01-15,0.71898,0.02391,-0.06530,0.11311,0.20730,0.13044,0.28416,104
5577,Banks & insurance,2016-01-22,0.74160,0.02636,-0.06414,0.11685,0.22130,0.13945,0.30315,104
5578,Banks & insurance,2016-01-29,0.75584,0.02614,-0.06175,0.11403,0.22191,0.14173,0.30208,104
5579,Banks & insurance,2016-02-05,0.75862,0.02597,-0.06211,0.11405,0.22046,0.14007,0.30085,104
5580,Banks & insurance,2016-02-12,0.78909,0.01903,-0.06845,0.10652,0.22389,0.14340,0.30437,104
5581,Banks & insurance,2016-02-19,0.79929,0.01754,-0.07007,0.10515,0.22465,0.14400,0.30530,104
5582,Banks & insurance,2016-02-26,0.79847,0.01718,-0.06892,0.10327,0.22680,0.14839,0.30521,104
5583,Banks & insurance,2016-03-04,0.79652,0.01135,-0.07407,0.09677,0.22393,0.14865,0.29921,104
5584,Banks & insurance,2016-03-11,0.78339,0.01772,-0.06485,0.10029,0.22389,0.15025,0.29753,104
5585,Banks & insurance,2016-03-18,0.78757,0.01500,-0.06834,0.09834,0.22291,0.14933,0.29649,104
5586,Banks & insurance,2016-03-25,0.79038,0.01708,-0.06603,0.10019,0.22553,0.15226,0.29880,104
5587,Banks & insurance,2016-04-01,0.78888,0.01749,-0.06535,0.10033,0.22655,0.15332,0.29978,104
5588,Banks & insurance,2016-04-08,0.77775,0.01921,-0.06203,0.10044,0.22211,0.15006,0.29416,104
5589,Banks & insurance,2016-04-15,0.78350,0.02034,-0.06111,0.10180,0.22676,0.15517,0.29834,104
5590,Banks & insurance,2016-04-22,0.78250,0.01723,-0.06429,0.09876,0.22268,0.15145,0.29390,104
5591,Banks & insurance,2016-04-29,0.79697,0.01513,-0.06550,0.09576,0.22417,0.15481,0.29354,104
5592,Banks & insurance,2016-05-06,0.79405,0.01540,-0.06450,0.09530,0.22431,0.15565,0.29297,104
5593,Banks & insurance,2016-05-13,0.79736,0.01061,-0.06885,0.09007,0.21774,0.14953,0.28594,104
5594,Banks & insurance,2016-05-20,0.79776,0.01070,-0.06872,0.09012,0.21812,0.15013,0.28610,104
5595,Banks & insurance,2016-05-27,0.79911,0.01077,-0.06872,0.09025,0.21971,0.15190,0.28752,104
5596,Banks & insurance,2016-06-03,0.78300,0.01674,-0.06229,0.09577,0.22058,0.15275,0.28841,104
5597,Banks & insurance,2016-06-10,0.78703,0.01521,-0.06384,0.09425,0.22053,0.15238,0.28868,104
5598,Banks & insurance,2016-06-17,0.79806,0.01510,-0.06361,0.09381,0.22407,0.15606,0.29207,104
5599,Banks & insurance,2016-06-24,0.79473,0.01554,-0.06332,0.09440,0.22323,0.15509,0.29137,104
5600,Banks & insurance,2016-07-01,0.78472,0.01633,-0.06247,0.09513,0.22504,0.15740,0.29268,104
5601,Banks & insurance,2016-07-08,0.79519,0.02093,-0.05564,0.09751,0.22753,0.16126,0.29379,104
5602,Banks & insurance,2016-07-15,0.78623,0.01955,-0.05650,0.09560,0.22452,0.15844,0.29060,104
5603,Banks & insurance,2016-07-22,0.79139,0.01619,-0.06005,0.09243,0.22076,0.15421,0.28731,104
5604,Banks & insurance,2016-07-29,0.78880,0.01373,-0.06254,0.09000,0.21684,0.15027,0.28341,104
5605,Banks & insurance,2016-08-05,0.79005,0.01259,-0.06367,0.08884,0.21503,0.14894,0.28113,104
5606,Banks & insurance,2016-08-12,0.78046,0.01924,-0.05516,0.09365,0.22021,0.15589,0.28453,104
5607,Banks & insurance,2016-08-19,0.77793,0.02041,-0.05008,0.09090,0.21112,0.14876,0.27348,104
5608,Banks & insurance,2016-08-26,0.78122,0.01816,-0.05236,0.08868,0.20910,0.14669,0.27152,104
5609,Banks & insurance,2016-09-02,0.79139,0.01087,-0.06063,0.08237,0.20135,0.13894,0.26376,104
5610,Banks & insurance,2016-09-09,0.78296,0.01758,-0.05255,0.08772,0.20509,0.14305,0.26712,104
5611,Banks & insurance,2016-09-16,0.78073,0.01627,-0.05372,0.08626,0.20548,0.14377,0.26719,104
5612,Banks & insurance,2016-09-23,0.78919,0.01486,-0.05547,0.08519,0.20650,0.14481,0.26819,104
5613,Banks & insurance,2016-09-30,0.78553,0.01092,-0.05893,0.08077,0.19609,0.13513,0.25705,104
5614,Banks & insurance,2016-10-07,0.78653,0.01724,-0.05231,0.08679,0.19913,0.13855,0.25970,104
5615,Banks & insurance,2016-10-14,0.78700,0.01692,-0.05397,0.08782,0.20154,0.14025,0.26283,104
5616,Banks & insurance,2016-10-21,0.77765,0.01762,-0.05335,0.08860,0.19813,0.13678,0.25948,104
5617,Banks & insurance,2016-10-28,0.77826,0.01816,-0.05248,0.08879,0.19784,0.13668,0.25901,104
5618,Banks & insurance,2016-11-04,0.78227,0.01874,-0.05155,0.08902,0.20171,0.14113,0.26228,104
5619,Banks & insurance,2016-11-11,0.79644,0.01410,-0.05943,0.08763,0.20748,0.14544,0.26953,104
5620,Banks & insurance,2016-11-18,0.79688,0.01576,-0.05774,0.08925,0.20852,0.14665,0.27039,104
5621,Banks & insurance,2016-11-25,0.81109,0.02162,-0.05321,0.09645,0.20258,0.13712,0.26804,104
5622,Banks & insurance,2016-12-02,0.81586,0.01748,-0.05065,0.08561,0.18461,0.12419,0.24504,104
5623,Banks & insurance,2016-12-09,0.80654,0.01250,-0.05525,0.08025,0.17074,0.10891,0.23257,104
5624,Banks & insurance,2016-12-16,0.82641,0.00779,-0.06059,0.07617,0.17062,0.10896,0.23228,104
5625,Banks & insurance,2016-12-23,0.82607,0.00773,-0.06054,0.07599,0.17037,0.10881,0.23192,104
5626,Banks & insurance,2016-12-30,0.82154,0.01532,-0.06064,0.09128,0.17994,0.11289,0.24700,104
5627,Banks & insurance,2017-01-06,0.84326,-0.00309,-0.06758,0.06140,0.17639,0.11575,0.23703,104
5628,Banks & insurance,2017-01-13,0.84613,-0.00761,-0.07018,0.05497,0.17283,0.11264,0.23303,104
5629,Banks & insurance,2017-01-20,0.87006,-0.00990,-0.07118,0.05139,0.17292,0.11220,0.23364,104
5630,Banks & insurance,2017-01-27,0.88617,-0.01875,-0.07899,0.04150,0.17683,0.11670,0.23697,104
5631,Banks & insurance,2017-02-03,0.87974,-0.01855,-0.07945,0.04236,0.17042,0.10856,0.23228,104
5632,Banks & insurance,2017-02-10,0.87538,-0.01682,-0.07775,0.04412,0.17133,0.10944,0.23322,104
5633,Banks & insurance,2017-02-17,0.87819,-0.02091,-0.08272,0.04091,0.17143,0.10896,0.23391,104
5634,Banks & insurance,2017-02-24,0.88324,-0.02675,-0.09107,0.03757,0.16774,0.10359,0.23190,104
5635,Banks & insurance,2017-03-03,0.87274,-0.01754,-0.07796,0.04288,0.17702,0.11510,0.23894,104
5636,Banks & insurance,2017-03-10,0.86474,-0.00824,-0.06845,0.05197,0.17817,0.11616,0.24017,104
5637,Banks & insurance,2017-03-17,0.86735,-0.00871,-0.06879,0.05138,0.17767,0.11579,0.23956,104
5638,Banks & insurance,2017-03-24,0.86855,-0.00911,-0.06929,0.05107,0.17967,0.11774,0.24159,104
5639,Banks & insurance,2017-03-31,0.86952,-0.01185,-0.07069,0.04700,0.17406,0.11294,0.23517,104
5640,Banks & insurance,2017-04-07,0.89466,-0.01045,-0.06914,0.04824,0.17740,0.11582,0.23897,104
5641,Banks & insurance,2017-04-14,0.89471,-0.01106,-0.07273,0.05061,0.18767,0.12369,0.25164,104
5642,Banks & insurance,2017-04-21,0.89742,-0.01631,-0.07616,0.04353,0.18528,0.12296,0.24761,104
5643,Banks & insurance,2017-04-28,0.90905,-0.01962,-0.08010,0.04086,0.18698,0.12448,0.24947,104
5644,Banks & insurance,2017-05-05,0.91193,-0.02142,-0.08121,0.03838,0.18154,0.11954,0.24354,104
5645,Banks & insurance,2017-05-12,0.91094,-0.02202,-0.08189,0.03786,0.18151,0.11962,0.24339,104
5646,Banks & insurance,2017-05-19,0.91147,-0.02266,-0.08184,0.03651,0.17854,0.11751,0.23958,104
5647,Banks & insurance,2017-05-26,0.90617,-0.01990,-0.07852,0.03872,0.18047,0.11953,0.24141,104
5648,Banks & insurance,2017-06-02,0.90169,-0.01768,-0.07599,0.04063,0.18359,0.12284,0.24434,104
5649,Banks & insurance,2017-06-09,0.90006,-0.01686,-0.07513,0.04142,0.18526,0.12465,0.24588,104
5650,Banks & insurance,2017-06-16,0.89750,-0.01706,-0.07552,0.04140,0.18472,0.12406,0.24538,104
5651,Banks & insurance,2017-06-23,0.89649,-0.01685,-0.07501,0.04131,0.18449,0.12409,0.24488,104
5652,Banks & insurance,2017-06-30,0.89673,-0.01252,-0.07088,0.04584,0.18694,0.12650,0.24738,104
5653,Banks & insurance,2017-07-07,0.90650,-0.02145,-0.07737,0.03448,0.18309,0.12448,0.24170,104
5654,Banks & insurance,2017-07-14,0.89772,-0.02076,-0.07738,0.03586,0.18790,0.12983,0.24598,104
5655,Banks & insurance,2017-07-21,0.89825,-0.02378,-0.07966,0.03210,0.18455,0.12681,0.24228,104
5656,Banks & insurance,2017-07-28,0.89975,-0.02589,-0.08024,0.02846,0.18131,0.12512,0.23749,104
5657,Banks & insurance,2017-08-04,0.90193,-0.02853,-0.08523,0.02816,0.18219,0.12386,0.24051,104
5658,Banks & insurance,2017-08-11,0.91665,-0.03224,-0.09181,0.02732,0.18359,0.12520,0.24197,104
5659,Banks & insurance,2017-08-18,0.92434,-0.03063,-0.08890,0.02764,0.17762,0.12178,0.23347,104
5660,Banks & insurance,2017-08-25,0.91233,-0.01061,-0.05446,0.03324,0.19895,0.15447,0.24344,104
5661,Banks & insurance,2017-09-01,0.91040,-0.00960,-0.05331,0.03410,0.19857,0.15429,0.24286,104
5662,Banks & insurance,2017-09-08,0.91817,-0.01272,-0.05625,0.03081,0.19586,0.15203,0.23969,104
5663,Banks & insurance,2017-09-15,0.92128,-0.01484,-0.05884,0.02915,0.19622,0.15239,0.24004,104
5664,Banks & insurance,2017-09-22,0.91303,-0.00974,-0.05528,0.03579,0.20183,0.15762,0.24603,104
5665,Banks & insurance,2017-09-29,0.91309,-0.01190,-0.05629,0.03249,0.20013,0.15595,0.24431,104
5666,Banks & insurance,2017-10-06,0.93188,-0.01191,-0.05800,0.03418,0.18789,0.14012,0.23565,104
5667,Banks & insurance,2017-10-13,0.93549,-0.02169,-0.06398,0.02059,0.18147,0.13533,0.22762,104
5668,Banks & insurance,2017-10-20,0.94922,-0.02664,-0.06898,0.01570,0.18081,0.13458,0.22705,104
5669,Banks & insurance,2017-10-27,0.95757,-0.02876,-0.07295,0.01543,0.18302,0.13676,0.22929,104
5670,Banks & insurance,2017-11-03,0.93732,-0.02003,-0.06019,0.02013,0.19404,0.14978,0.23829,104
5671,Banks & insurance,2017-11-10,0.94649,-0.02345,-0.06448,0.01758,0.18610,0.14094,0.23126,104
5672,Banks & insurance,2017-11-17,0.96080,-0.02417,-0.06523,0.01689,0.18762,0.14336,0.23187,104
5673,Banks & insurance,2017-11-24,0.95923,-0.02406,-0.06519,0.01707,0.18737,0.14301,0.23174,104
5674,Banks & insurance,2017-12-01,0.97115,-0.01764,-0.05802,0.02275,0.19432,0.15107,0.23758,104
5675,Banks & insurance,2017-12-08,0.96607,-0.02062,-0.06385,0.02262,0.18576,0.13902,0.23250,104
5676,Banks & insurance,2017-12-15,0.96395,-0.02251,-0.06634,0.02132,0.18259,0.13549,0.22970,104
5677,Banks & insurance,2017-12-22,0.95227,-0.02250,-0.06610,0.02109,0.18089,0.13379,0.22798,104
5678,Banks & insurance,2017-12-29,0.94665,-0.01947,-0.06376,0.02483,0.18492,0.13691,0.23293,104
5679,Banks & insurance,2018-01-05,0.96265,-0.01911,-0.06351,0.02529,0.15729,0.10497,0.20962,104
5680,Banks & insurance,2018-01-12,0.93203,-0.02270,-0.06727,0.02188,0.12853,0.08274,0.17432,104
5681,Banks & insurance,2018-01-19,0.90241,-0.02472,-0.06931,0.01987,0.11879,0.07608,0.16150,104
5682,Banks & insurance,2018-01-26,0.90309,-0.02817,-0.07450,0.01815,0.11287,0.06924,0.15650,104
5683,Banks & insurance,2018-02-02,0.89724,-0.02638,-0.07094,0.01818,0.11663,0.07361,0.15965,104
5684,Banks & insurance,2018-02-09,0.86385,-0.01179,-0.05572,0.03213,0.12411,0.07871,0.16951,104
5685,Banks & insurance,2018-02-16,0.85806,-0.00993,-0.05456,0.03470,0.13217,0.08653,0.17781,104
5686,Banks & insurance,2018-02-23,0.85577,-0.01100,-0.05510,0.03310,0.12718,0.08249,0.17188,104
5687,Banks & insurance,2018-03-02,0.86188,-0.00549,-0.05020,0.03921,0.13219,0.08874,0.17563,104
5688,Banks & insurance,2018-03-09,0.86748,-0.00903,-0.05389,0.03583,0.13422,0.09043,0.17801,104
5689,Banks & insurance,2018-03-16,0.86206,-0.00660,-0.05150,0.03830,0.13484,0.09104,0.17864,104
5690,Banks & insurance,2018-03-23,0.90237,-0.02650,-0.08415,0.03116,0.11417,0.06196,0.16638,104
5691,Banks & insurance,2018-03-30,0.90419,-0.02481,-0.08017,0.03055,0.11150,0.06078,0.16222,104
5692,Banks & insurance,2018-04-06,0.88215,-0.01301,-0.06458,0.03855,0.12203,0.07375,0.17031,104
5693,Banks & insurance,2018-04-13,0.85412,-0.02198,-0.07601,0.03204,0.11183,0.05847,0.16519,104
5694,Banks & insurance,2018-04-20,0.85894,-0.01983,-0.07404,0.03438,0.11327,0.05934,0.16719,104
5695,Banks & insurance,2018-04-27,0.84081,-0.02011,-0.07567,0.03544,0.10863,0.05282,0.16444,104
5696,Banks & insurance,2018-05-04,0.84212,-0.01978,-0.07587,0.03630,0.10536,0.04877,0.16194,104
5697,Banks & insurance,2018-05-11,0.83561,-0.01647,-0.07360,0.04067,0.11115,0.05392,0.16837,104
5698,Banks & insurance,2018-05-18,0.82629,-0.01685,-0.07405,0.04034,0.10944,0.05204,0.16683,104
5699,Banks & insurance,2018-05-25,0.79865,-0.01586,-0.07379,0.04206,0.11039,0.05180,0.16898,104
5700,Banks & insurance,2018-06-01,0.81783,-0.02055,-0.07806,0.03697,0.10976,0.05156,0.16795,104
5701,Banks & insurance,2018-06-08,0.79435,-0.01330,-0.07199,0.04540,0.11281,0.05420,0.17142,104
5702,Banks & insurance,2018-06-15,0.75965,-0.01578,-0.07460,0.04303,0.10034,0.04223,0.15845,104
5703,Banks & insurance,2018-06-22,0.72331,-0.00476,-0.06813,0.05861,0.10330,0.04450,0.16211,104
5704,Banks & insurance,2018-06-29,0.73875,-0.00468,-0.06640,0.05703,0.09986,0.04179,0.15794,104
5705,Banks & insurance,2018-07-06,0.74215,-0.01700,-0.07895,0.04495,0.08952,0.02823,0.15081,104
5706,Banks & insurance,2018-07-13,0.77474,-0.00965,-0.07351,0.05422,0.10098,0.04033,0.16163,104
5707,Banks & insurance,2018-07-20,0.76669,-0.00234,-0.06603,0.06136,0.10815,0.04824,0.16806,104
5708,Banks & insurance,2018-07-27,0.78729,0.00060,-0.06389,0.06508,0.10958,0.04751,0.17166,104
5709,Banks & insurance,2018-08-03,0.78494,0.00161,-0.06389,0.06712,0.11216,0.04926,0.17505,104
5710,Banks & insurance,2018-08-10,0.78672,-0.00349,-0.07050,0.06352,0.10629,0.04134,0.17124,104
5711,Banks & insurance,2018-08-17,0.78674,-0.00647,-0.08006,0.06712,0.11675,0.04763,0.18588,104
5712,Banks & insurance,2018-08-24,0.78299,-0.00042,-0.07189,0.07104,0.12569,0.05933,0.19204,104
5713,Banks & insurance,2018-08-31,0.76951,0.01080,-0.06058,0.08217,0.13990,0.07504,0.20476,104
5714,Banks & insurance,2018-09-07,0.78473,0.00352,-0.06760,0.07465,0.13788,0.07324,0.20253,104
5715,Banks & insurance,2018-09-14,0.77342,0.00412,-0.06676,0.07501,0.12958,0.06446,0.19471,104
5716,Banks & insurance,2018-09-21,0.74923,0.00839,-0.06311,0.07990,0.13058,0.06555,0.19562,104
5717,Banks & insurance,2018-09-28,0.74192,0.00987,-0.06599,0.08573,0.13410,0.06478,0.20341,104
5718,Banks & insurance,2018-10-05,0.74963,-0.00367,-0.07558,0.06823,0.12111,0.05501,0.18721,104
5719,Banks & insurance,2018-10-12,0.78867,-0.00157,-0.07250,0.06936,0.13970,0.07530,0.20410,104
5720,Banks & insurance,2018-10-19,0.77865,0.00275,-0.06818,0.07368,0.14192,0.07738,0.20645,104
5721,Banks & insurance,2018-10-26,0.78115,0.00098,-0.07014,0.07210,0.14998,0.08547,0.21450,104
5722,Banks & insurance,2018-11-02,0.79530,-0.01421,-0.08313,0.05471,0.11360,0.04899,0.17821,104
5723,Banks & insurance,2018-11-09,0.77475,-0.01729,-0.08960,0.05503,0.10685,0.04037,0.17334,104
5724,Banks & insurance,2018-11-16,0.78218,-0.01347,-0.08336,0.05642,0.11549,0.05200,0.17897,104
5725,Banks & insurance,2018-11-23,0.77722,-0.02061,-0.08989,0.04868,0.12282,0.06278,0.18286,104
5726,Banks & insurance,2018-11-30,0.77455,-0.02416,-0.10802,0.05971,0.14401,0.07394,0.21408,104
5727,Banks & insurance,2018-12-07,0.77217,-0.02355,-0.10347,0.05637,0.13542,0.06714,0.20371,104
5728,Banks & insurance,2018-12-14,0.75586,-0.02368,-0.10442,0.05707,0.13455,0.06506,0.20405,104
5729,Banks & insurance,2018-12-21,0.76105,-0.01476,-0.09424,0.06472,0.15110,0.08633,0.21587,104
5730,Banks & insurance,2018-12-28,0.76046,-0.01857,-0.09722,0.06008,0.14720,0.08305,0.21136,104
5731,Banks & insurance,2019-01-04,0.75281,-0.01811,-0.09551,0.05929,0.15228,0.09219,0.21236,104
5732,Banks & insurance,2019-01-11,0.75166,-0.01770,-0.09405,0.05865,0.15327,0.09495,0.21160,104
5733,Banks & insurance,2019-01-18,0.75313,-0.01939,-0.09524,0.05646,0.15276,0.09517,0.21035,104
5734,Banks & insurance,2019-01-25,0.73032,-0.01586,-0.09263,0.06092,0.15261,0.09463,0.21058,104
5735,Banks & insurance,2019-02-01,0.73935,-0.01971,-0.09669,0.05726,0.15243,0.09425,0.21060,104
5736,Banks & insurance,2019-02-08,0.73497,-0.01800,-0.09520,0.05921,0.15286,0.09468,0.21104,104
5737,Banks & insurance,2019-02-15,0.72965,-0.01934,-0.09657,0.05789,0.15645,0.09963,0.21328,104
5738,Banks & insurance,2019-02-22,0.72929,-0.01890,-0.09618,0.05839,0.15696,0.10021,0.21370,104
5739,Banks & insurance,2019-03-01,0.72721,-0.02111,-0.09852,0.05630,0.15442,0.09710,0.21173,104
5740,Banks & insurance,2019-03-08,0.74608,-0.03150,-0.11306,0.05005,0.16037,0.10161,0.21912,104
5741,Banks & insurance,2019-03-15,0.75957,-0.03227,-0.11320,0.04867,0.16413,0.10572,0.22253,104
5742,Banks & insurance,2019-03-22,0.76097,-0.03273,-0.11357,0.04811,0.16300,0.10465,0.22135,104
5743,Banks & insurance,2019-03-29,0.75224,-0.02851,-0.11159,0.05457,0.16696,0.10738,0.22653,104
5744,Banks & insurance,2019-04-05,0.78288,-0.04006,-0.12287,0.04276,0.16697,0.10708,0.22685,104
5745,Banks & insurance,2019-04-12,0.77714,-0.03615,-0.11895,0.04665,0.16885,0.10805,0.22964,104
5746,Banks & insurance,2019-04-19,0.77835,-0.03498,-0.11803,0.04807,0.16920,0.10703,0.23137,104
5747,Banks & insurance,2019-04-26,0.75688,-0.02822,-0.10990,0.05345,0.17091,0.10902,0.23280,104
5748,Banks & insurance,2019-05-03,0.74205,-0.02219,-0.10759,0.06321,0.18161,0.11939,0.24382,104
5749,Banks & insurance,2019-05-10,0.75083,-0.02286,-0.10797,0.06226,0.18282,0.11999,0.24565,104
5750,Banks & insurance,2019-05-17,0.75148,-0.02202,-0.10981,0.06577,0.18808,0.12412,0.25205,104
5751,Banks & insurance,2019-05-24,0.75240,-0.02505,-0.11142,0.06132,0.18331,0.12027,0.24635,104
5752,Banks & insurance,2019-05-31,0.75301,-0.02373,-0.11054,0.06309,0.18907,0.12678,0.25135,104
5753,Banks & insurance,2019-06-07,0.74608,-0.02165,-0.10737,0.06407,0.18686,0.12430,0.24943,104
5754,Banks & insurance,2019-06-14,0.75086,-0.01989,-0.10577,0.06599,0.18975,0.12692,0.25259,104
5755,Banks & insurance,2019-06-21,0.75059,-0.01933,-0.10440,0.06574,0.18978,0.12771,0.25185,104
5756,Banks & insurance,2019-06-28,0.74671,-0.02287,-0.10900,0.06326,0.18577,0.12275,0.24878,104
5757,Banks & insurance,2019-07-05,0.75416,-0.02361,-0.10509,0.05786,0.18083,0.11846,0.24319,104
5758,Banks & insurance,2019-07-12,0.77499,-0.03502,-0.11663,0.04659,0.16699,0.10360,0.23039,104
5759,Banks & insurance,2019-07-19,0.77589,-0.02826,-0.10815,0.05162,0.17658,0.11527,0.23790,104
5760,Banks & insurance,2019-07-26,0.78064,-0.03689,-0.11986,0.04607,0.17369,0.11020,0.23718,104
5761,Banks & insurance,2019-08-02,0.78216,-0.03622,-0.11916,0.04671,0.17643,0.11313,0.23972,104
5762,Banks & insurance,2019-08-09,0.77457,-0.04415,-0.12916,0.04085,0.16729,0.10247,0.23211,104
5763,Banks & insurance,2019-08-16,0.80415,-0.05285,-0.14071,0.03502,0.16698,0.10234,0.23162,104
5764,Banks & insurance,2019-08-23,0.80063,-0.05192,-0.13963,0.03579,0.16789,0.10342,0.23236,104
5765,Banks & insurance,2019-08-30,0.79913,-0.05284,-0.14120,0.03553,0.16872,0.10421,0.23324,104
5766,Banks & insurance,2019-09-06,0.78866,-0.04578,-0.13417,0.04261,0.17469,0.11004,0.23933,104
5767,Banks & insurance,2019-09-13,0.81176,-0.05572,-0.14425,0.03281,0.16620,0.10027,0.23212,104
5768,Banks & insurance,2019-09-20,0.80482,-0.05696,-0.14414,0.03021,0.16150,0.09731,0.22568,104
5769,Banks & insurance,2019-09-27,0.81347,-0.05622,-0.14305,0.03061,0.16708,0.10343,0.23073,104
5770,Banks & insurance,2019-10-04,0.80831,-0.04793,-0.13464,0.03878,0.17662,0.11332,0.23991,104
5771,Banks & insurance,2019-10-11,0.81392,-0.04526,-0.13221,0.04168,0.18230,0.11797,0.24664,104
5772,Banks & insurance,2019-10-18,0.81545,-0.04665,-0.13313,0.03984,0.18015,0.11595,0.24436,104
5773,Banks & insurance,2019-10-25,0.81581,-0.04338,-0.13291,0.04615,0.18429,0.11670,0.25188,104
5774,Banks & insurance,2019-11-01,0.81584,-0.04329,-0.13297,0.04640,0.18299,0.11474,0.25123,104
5775,Banks & insurance,2019-11-08,0.80629,-0.03788,-0.12886,0.05310,0.18854,0.11973,0.25735,104
5776,Banks & insurance,2019-11-15,0.81238,-0.04198,-0.13134,0.04737,0.18398,0.11576,0.25220,104
5777,Banks & insurance,2019-11-22,0.81367,-0.04225,-0.13196,0.04746,0.18421,0.11564,0.25279,104
5778,Banks & insurance,2019-11-29,0.81536,-0.04199,-0.13169,0.04770,0.18531,0.11679,0.25383,104
5779,Banks & insurance,2019-12-06,0.81858,-0.04072,-0.12989,0.04846,0.18643,0.11848,0.25438,104
5780,Banks & insurance,2019-12-13,0.81912,-0.03987,-0.12890,0.04916,0.18754,0.11958,0.25550,104
5781,Banks & insurance,2019-12-20,0.81662,-0.03845,-0.12782,0.05091,0.18755,0.11906,0.25604,104
5782,Banks & insurance,2019-12-27,0.81475,-0.03536,-0.12472,0.05399,0.18925,0.12061,0.25789,104
5783,Banks & insurance,2020-01-03,0.81250,-0.03499,-0.12444,0.05446,0.18784,0.11902,0.25667,104
5784,Banks & insurance,2020-01-10,0.81336,-0.03825,-0.12653,0.05002,0.18214,0.11394,0.25035,104
5785,Banks & insurance,2020-01-17,0.81872,-0.03898,-0.12716,0.04920,0.18265,0.11423,0.25107,104
5786,Banks & insurance,2020-01-24,0.80757,-0.02459,-0.11892,0.06974,0.19434,0.12192,0.26677,104
5787,Banks & insurance,2020-01-31,0.81364,-0.02413,-0.11844,0.07019,0.19899,0.12588,0.27211,104
5788,Banks & insurance,2020-02-07,0.81856,-0.04149,-0.12935,0.04637,0.17206,0.10329,0.24084,104
5789,Banks & insurance,2020-02-14,0.81539,-0.04763,-0.13415,0.03889,0.16022,0.09249,0.22794,104
5790,Banks & insurance,2020-02-21,0.81713,-0.04530,-0.13155,0.04096,0.16225,0.09432,0.23017,104
5791,Banks & insurance,2020-02-28,0.89705,-0.04634,-0.13166,0.03897,0.24045,0.17408,0.30683,104
5792,Banks & insurance,2020-03-06,0.89853,-0.02182,-0.11408,0.07043,0.26384,0.17671,0.35096,104
5793,Banks & insurance,2020-03-13,1.06905,0.00705,-0.10649,0.12059,0.44080,0.30080,0.58079,104
5794,Banks & insurance,2020-03-20,0.96603,0.07749,-0.03957,0.19454,0.42089,0.28113,0.56066,104
5795,Banks & insurance,2020-03-27,0.99618,0.05721,-0.04528,0.15969,0.40617,0.27296,0.53939,104
5796,Banks & insurance,2020-04-03,1.03491,0.02102,-0.05682,0.09886,0.34845,0.24397,0.45293,104
5797,Banks & insurance,2020-04-10,1.06296,0.01762,-0.06791,0.10316,0.34953,0.24902,0.45004,104
5798,Banks & insurance,2020-04-17,1.05929,0.02005,-0.05339,0.09349,0.32635,0.23205,0.42065,104
5799,Banks & insurance,2020-04-24,1.07181,0.01563,-0.04328,0.07455,0.28991,0.20876,0.37107,104
5800,Banks & insurance,2020-05-01,1.07565,0.02707,-0.03152,0.08566,0.30422,0.23100,0.37743,104
5801,Banks & insurance,2020-05-08,1.09861,0.01524,-0.03309,0.06358,0.27275,0.20630,0.33921,104
5802,Banks & insurance,2020-05-15,1.12038,0.00863,-0.04095,0.05821,0.26707,0.20238,0.33177,104
5803,Banks & insurance,2020-05-22,1.13141,0.00515,-0.04325,0.05356,0.26715,0.20402,0.33027,104
5804,Banks & insurance,2020-05-29,1.16197,0.00011,-0.05115,0.05138,0.26914,0.20847,0.32980,104
5805,Banks & insurance,2020-06-05,1.17222,-0.00019,-0.04898,0.04860,0.27925,0.22312,0.33537,104
5806,Banks & insurance,2020-06-12,1.18138,0.00261,-0.04690,0.05212,0.28726,0.23359,0.34093,104
5807,Banks & insurance,2020-06-19,1.20279,-0.00570,-0.05118,0.03979,0.28077,0.22902,0.33252,104
5808,Banks & insurance,2020-06-26,1.19413,-0.00492,-0.05074,0.04091,0.28197,0.22896,0.33498,104
5809,Banks & insurance,2020-07-03,1.19340,-0.00236,-0.04889,0.04418,0.28488,0.23263,0.33713,104
5810,Banks & insurance,2020-07-10,1.18892,-0.00213,-0.04942,0.04516,0.28397,0.23008,0.33785,104
5811,Banks & insurance,2020-07-17,1.16129,0.00413,-0.04615,0.05440,0.28430,0.22843,0.34016,104
5812,Banks & insurance,2020-07-24,1.15930,0.00374,-0.04568,0.05317,0.28278,0.22688,0.33869,104
5813,Banks & insurance,2020-07-31,1.16061,0.00347,-0.04572,0.05266,0.28273,0.22703,0.33843,104
5814,Banks & insurance,2020-08-07,1.15632,0.00427,-0.04493,0.05346,0.28401,0.22811,0.33990,104
5815,Banks & insurance,2020-08-14,1.15841,0.00398,-0.04508,0.05305,0.28455,0.22904,0.34005,104
5816,Banks & insurance,2020-08-21,1.15738,0.00396,-0.04517,0.05309,0.28377,0.22785,0.33969,104
5817,Banks & insurance,2020-08-28,1.15613,0.00497,-0.04457,0.05450,0.28472,0.22875,0.34069,104
5818,Banks & insurance,2020-09-04,1.15830,0.00396,-0.04526,0.05318,0.28489,0.22926,0.34052,104
5819,Banks & insurance,2020-09-11,1.15883,0.00607,-0.04321,0.05535,0.28328,0.22882,0.33775,104
5820,Banks & insurance,2020-09-18,1.16209,0.00453,-0.04377,0.05284,0.28053,0.22657,0.33449,104
5821,Banks & insurance,2020-09-25,1.16842,0.00514,-0.04367,0.05395,0.28343,0.23060,0.33626,104
5822,Banks & insurance,2020-10-02,1.17278,0.00342,-0.04452,0.05136,0.28000,0.22754,0.33246,104
5823,Banks & insurance,2020-10-09,1.16930,0.00428,-0.04345,0.05201,0.27902,0.22657,0.33147,104
5824,Banks & insurance,2020-10-16,1.17369,0.00301,-0.04459,0.05061,0.27873,0.22648,0.33099,104
5825,Banks & insurance,2020-10-23,1.17565,0.00157,-0.04608,0.04921,0.27668,0.22384,0.32953,104
5826,Banks & insurance,2020-10-30,1.17589,0.00118,-0.04781,0.05017,0.28683,0.23447,0.33920,104
5827,Banks & insurance,2020-11-06,1.16857,0.00301,-0.04589,0.05190,0.29002,0.23770,0.34235,104
5828,Banks & insurance,2020-11-13,1.17155,0.00256,-0.04653,0.05165,0.29489,0.24285,0.34693,104
5829,Banks & insurance,2020-11-20,1.17821,0.00710,-0.04425,0.05844,0.29900,0.24968,0.34832,104
5830,Banks & insurance,2020-11-27,1.17382,0.00450,-0.04561,0.05461,0.29816,0.24744,0.34888,104
5831,Banks & insurance,2020-12-04,1.17353,0.00453,-0.04636,0.05542,0.30042,0.24947,0.35137,104
5832,Banks & insurance,2020-12-11,1.18057,0.00342,-0.04725,0.05408,0.30054,0.25097,0.35012,104
5833,Banks & insurance,2020-12-18,1.18106,0.00400,-0.04713,0.05514,0.30009,0.25005,0.35013,104
5834,Banks & insurance,2020-12-25,1.18098,0.00496,-0.04618,0.05611,0.30080,0.25156,0.35003,104
5835,Banks & insurance,2021-01-01,1.18416,0.00643,-0.04529,0.05816,0.30098,0.25253,0.34943,104
5836,Banks & insurance,2021-01-08,1.18372,0.00710,-0.04495,0.05914,0.30194,0.25364,0.35024,104
5837,Banks & insurance,2021-01-15,1.18230,0.00857,-0.04414,0.06128,0.30256,0.25415,0.35097,104
5838,Banks & insurance,2021-01-22,1.19195,0.00715,-0.04526,0.05957,0.30328,0.25615,0.35041,104
5839,Banks & insurance,2021-01-29,1.18215,0.00946,-0.04330,0.06221,0.30337,0.25531,0.35144,104
5840,Banks & insurance,2021-02-05,1.18527,0.00781,-0.04428,0.05991,0.30413,0.25667,0.35159,104
5841,Banks & insurance,2021-02-12,1.19536,0.00882,-0.04386,0.06150,0.30299,0.25737,0.34862,104
5842,Banks & insurance,2021-02-19,1.19508,0.00902,-0.04378,0.06182,0.30303,0.25728,0.34878,104
5843,Banks & insurance,2021-02-26,1.19511,0.00956,-0.04321,0.06233,0.30355,0.25829,0.34882,104
5844,Banks & insurance,2021-03-05,1.19270,0.01048,-0.04261,0.06358,0.30589,0.26036,0.35141,104
5845,Banks & insurance,2021-03-12,1.19406,0.00982,-0.04296,0.06261,0.30500,0.25950,0.35050,104
5846,Banks & insurance,2021-03-19,1.19610,0.00579,-0.04637,0.05795,0.30087,0.25392,0.34782,104
5847,Banks & insurance,2021-03-26,1.19843,0.00501,-0.04716,0.05717,0.30140,0.25472,0.34807,104
5848,Banks & insurance,2021-04-02,1.19388,0.00544,-0.04654,0.05742,0.29957,0.25258,0.34655,104
5849,Banks & insurance,2021-04-09,1.19618,0.00425,-0.04735,0.05585,0.29907,0.25235,0.34580,104
5850,Banks & insurance,2021-04-16,1.19617,0.00440,-0.04715,0.05596,0.29970,0.25322,0.34618,104
5851,Banks & insurance,2021-04-23,1.20103,0.00335,-0.04809,0.05478,0.30021,0.25447,0.34595,104
5852,Banks & insurance,2021-04-30,1.20116,0.00376,-0.04773,0.05524,0.30051,0.25508,0.34595,104
5853,Banks & insurance,2021-05-07,1.19860,0.00421,-0.04732,0.05573,0.30052,0.25483,0.34622,104
5854,Banks & insurance,2021-05-14,1.18917,0.00683,-0.04522,0.05888,0.30029,0.25364,0.34694,104
5855,Banks & insurance,2021-05-21,1.18162,0.00990,-0.04295,0.06275,0.30001,0.25320,0.34682,104
5856,Banks & insurance,2021-05-28,1.18488,0.00908,-0.04326,0.06143,0.29834,0.25192,0.34476,104
5857,Banks & insurance,2021-06-04,1.18762,0.00724,-0.04471,0.05920,0.29844,0.25186,0.34503,104
5858,Banks & insurance,2021-06-11,1.18854,0.00644,-0.04524,0.05811,0.29745,0.25069,0.34421,104
5859,Banks & insurance,2021-06-18,1.17936,0.00931,-0.04304,0.06166,0.29782,0.25010,0.34555,104
5860,Banks & insurance,2021-06-25,1.18151,0.00773,-0.04433,0.05979,0.29852,0.25099,0.34606,104
5861,Banks & insurance,2021-07-02,1.18467,0.00686,-0.04585,0.05957,0.30056,0.25334,0.34779,104
5862,Banks & insurance,2021-07-09,1.17632,0.00999,-0.04332,0.06330,0.30275,0.25467,0.35083,104
5863,Banks & insurance,2021-07-16,1.17638,0.00954,-0.04370,0.06279,0.30135,0.25265,0.35004,104
5864,Banks & insurance,2021-07-23,1.17720,0.00952,-0.04369,0.06272,0.30152,0.25307,0.34997,104
5865,Banks & insurance,2021-07-30,1.17731,0.00971,-0.04349,0.06290,0.30075,0.25231,0.34918,104
5866,Banks & insurance,2021-08-06,1.18673,0.00924,-0.04288,0.06135,0.29791,0.25184,0.34399,104
5867,Banks & insurance,2021-08-13,1.17753,0.01144,-0.04114,0.06402,0.29782,0.25033,0.34531,104
5868,Banks & insurance,2021-08-20,1.17830,0.00981,-0.04222,0.06184,0.29706,0.24930,0.34482,104
5869,Banks & insurance,2021-08-27,1.18605,0.00388,-0.04786,0.05561,0.29211,0.24296,0.34127,104
5870,Banks & insurance,2021-09-03,1.18612,0.00390,-0.04784,0.05565,0.29215,0.24301,0.34128,104
5871,Banks & insurance,2021-09-10,1.18304,0.00499,-0.04728,0.05726,0.29353,0.24446,0.34261,104
5872,Banks & insurance,2021-09-17,1.17940,0.00780,-0.04489,0.06049,0.29429,0.24518,0.34340,104
5873,Banks & insurance,2021-09-24,1.17933,0.00772,-0.04491,0.06035,0.29313,0.24385,0.34240,104
5874,Banks & insurance,2021-10-01,1.17968,0.00773,-0.04512,0.06059,0.29270,0.24294,0.34247,104
5875,Banks & insurance,2021-10-08,1.17574,0.00969,-0.04382,0.06320,0.29262,0.24252,0.34271,104
5876,Banks & insurance,2021-10-15,1.17504,0.00970,-0.04392,0.06332,0.29366,0.24344,0.34388,104
5877,Banks & insurance,2021-10-22,1.17745,0.00802,-0.04504,0.06109,0.29281,0.24258,0.34304,104
5878,Banks & insurance,2021-10-29,1.17050,0.00916,-0.04417,0.06249,0.29286,0.24158,0.34414,104
5879,Banks & insurance,2021-11-05,1.16610,0.01051,-0.04256,0.06358,0.29154,0.24013,0.34294,104
5880,Banks & insurance,2021-11-12,1.16184,0.01175,-0.04169,0.06518,0.29209,0.24023,0.34394,104
5881,Banks & insurance,2021-11-19,1.16160,0.01143,-0.04176,0.06462,0.29181,0.23997,0.34365,104
5882,Banks & insurance,2021-11-26,1.15544,0.01097,-0.04180,0.06373,0.29300,0.24021,0.34579,104
5883,Banks & insurance,2021-12-03,1.15691,0.00989,-0.04240,0.06219,0.29203,0.23922,0.34485,104
5884,Banks & insurance,2021-12-10,1.15835,0.00860,-0.04298,0.06017,0.28965,0.23702,0.34228,104
5885,Banks & insurance,2021-12-17,1.16244,0.00796,-0.04368,0.05959,0.29015,0.23781,0.34248,104
5886,Banks & insurance,2021-12-24,1.16216,0.00744,-0.04401,0.05888,0.29049,0.23813,0.34285,104
5887,Banks & insurance,2021-12-31,1.15934,0.00914,-0.04275,0.06104,0.29121,0.23880,0.34361,104
5888,Banks & insurance,2022-01-07,1.15817,0.01016,-0.04249,0.06281,0.29252,0.23972,0.34531,104
5889,Banks & insurance,2022-01-14,1.15466,0.01297,-0.04098,0.06691,0.29406,0.24122,0.34690,104
5890,Banks & insurance,2022-01-21,1.15841,0.00956,-0.04349,0.06262,0.29133,0.23711,0.34555,104
5891,Banks & insurance,2022-01-28,1.15806,0.01059,-0.04281,0.06399,0.29003,0.23592,0.34415,104
5892,Banks & insurance,2022-02-04,1.15428,0.01219,-0.04239,0.06677,0.29400,0.23964,0.34836,104
5893,Banks & insurance,2022-02-11,1.14671,0.01537,-0.04061,0.07134,0.29588,0.24093,0.35084,104
5894,Banks & insurance,2022-02-18,1.14945,0.01482,-0.04096,0.07061,0.29646,0.24204,0.35089,104
5895,Banks & insurance,2022-02-25,1.18933,0.00963,-0.04279,0.06204,0.27483,0.21702,0.33264,104
5896,Banks & insurance,2022-03-04,1.22732,-0.02119,-0.08955,0.04717,0.23589,0.17142,0.30037,104
5897,Banks & insurance,2022-03-11,1.10193,-0.02588,-0.10044,0.04869,0.13607,0.07499,0.19714,104
5898,Banks & insurance,2022-03-18,1.12609,-0.05170,-0.12836,0.02497,0.12079,0.05250,0.18908,104
5899,Banks & insurance,2022-03-25,1.12187,-0.04520,-0.11950,0.02911,0.12901,0.06427,0.19375,104
5900,Banks & insurance,2022-04-01,1.11312,-0.03036,-0.10897,0.04825,0.12212,0.04974,0.19450,104
5901,Banks & insurance,2022-04-08,1.09877,-0.02572,-0.10716,0.05573,0.12851,0.05542,0.20159,104
5902,Banks & insurance,2022-04-15,1.11591,-0.03525,-0.11871,0.04821,0.13786,0.06396,0.21176,104
5903,Banks & insurance,2022-04-22,1.11787,-0.04893,-0.14478,0.04692,0.15044,0.06791,0.23296,104
5904,Banks & insurance,2022-04-29,1.11958,-0.07096,-0.16463,0.02272,0.11824,0.03556,0.20091,104
5905,Banks & insurance,2022-05-06,1.12305,-0.07168,-0.18412,0.04076,0.15105,0.05686,0.24524,104
5906,Banks & insurance,2022-05-13,1.09935,-0.06375,-0.18007,0.05256,0.15909,0.06225,0.25592,104
5907,Banks & insurance,2022-05-20,1.09152,-0.05998,-0.17781,0.05786,0.15779,0.05752,0.25806,104
5908,Banks & insurance,2022-05-27,1.05655,-0.05206,-0.17464,0.07052,0.16237,0.06025,0.26449,104
5909,Banks & insurance,2022-06-03,1.03835,-0.06488,-0.18486,0.05509,0.12723,0.02781,0.22664,104
5910,Banks & insurance,2022-06-10,1.00704,-0.07972,-0.19354,0.03411,0.09635,0.00180,0.19089,104
5911,Banks & insurance,2022-06-17,1.00603,-0.07697,-0.19562,0.04167,0.11375,0.01869,0.20881,104
5912,Banks & insurance,2022-06-24,1.01265,-0.07562,-0.19395,0.04271,0.11403,0.01843,0.20963,104
5913,Banks & insurance,2022-07-01,1.00843,-0.07750,-0.19464,0.03963,0.11028,0.01476,0.20581,104
5914,Banks & insurance,2022-07-08,1.02513,-0.08147,-0.19453,0.03158,0.10337,0.01001,0.19673,104
5915,Banks & insurance,2022-07-15,1.05426,-0.09230,-0.20403,0.01943,0.10438,0.01381,0.19496,104
5916,Banks & insurance,2022-07-22,1.03904,-0.09030,-0.20229,0.02169,0.10508,0.01383,0.19634,104
5917,Banks & insurance,2022-07-29,1.01675,-0.09151,-0.20328,0.02026,0.10506,0.01365,0.19646,104
5918,Banks & insurance,2022-08-05,1.02100,-0.09698,-0.19815,0.00420,0.08655,0.00181,0.17129,104
5919,Banks & insurance,2022-08-12,1.01950,-0.09690,-0.19796,0.00416,0.08675,0.00226,0.17125,104
5920,Banks & insurance,2022-08-19,1.01683,-0.09554,-0.19649,0.00542,0.08620,0.00176,0.17063,104
5921,Banks & insurance,2022-08-26,1.02151,-0.10017,-0.19956,-0.00079,0.08185,-0.00166,0.16536,104
5922,Banks & insurance,2022-09-02,1.00872,-0.10546,-0.20437,-0.00656,0.07746,-0.00632,0.16124,104
5923,Banks & insurance,2022-09-09,1.02072,-0.11310,-0.21206,-0.01413,0.08023,-0.00256,0.16302,104
5924,Banks & insurance,2022-09-16,1.00537,-0.11262,-0.21397,-0.01126,0.08211,-0.00342,0.16765,104
5925,Banks & insurance,2022-09-23,0.95885,-0.11168,-0.21390,-0.00946,0.08117,-0.00584,0.16817,104
5926,Banks & insurance,2022-09-30,0.97068,-0.11545,-0.22020,-0.01070,0.08724,-0.00101,0.17549,104
5927,Banks & insurance,2022-10-07,0.96013,-0.13059,-0.23375,-0.02744,0.07008,-0.01992,0.16008,104
5928,Banks & insurance,2022-10-14,0.95209,-0.13572,-0.24032,-0.03111,0.06519,-0.02718,0.15756,104
5929,Banks & insurance,2022-10-21,0.96726,-0.13365,-0.23884,-0.02847,0.06958,-0.02509,0.16426,104
5930,Banks & insurance,2022-10-28,0.93051,-0.13960,-0.24419,-0.03500,0.04201,-0.04983,0.13384,104
5931,Banks & insurance,2022-11-04,0.90805,-0.13823,-0.24235,-0.03411,0.03604,-0.05629,0.12837,104
5932,Banks & insurance,2022-11-11,0.87252,-0.14312,-0.24618,-0.04006,0.01477,-0.07636,0.10589,104
5933,Banks & insurance,2022-11-18,0.86595,-0.14973,-0.24980,-0.04966,0.00631,-0.08252,0.09515,104
5934,Banks & insurance,2022-11-25,0.85315,-0.14059,-0.23902,-0.04217,0.00024,-0.08938,0.08986,104
5935,Banks & insurance,2022-12-02,0.85878,-0.14226,-0.24048,-0.04403,-0.00013,-0.08961,0.08935,104
5936,Banks & insurance,2022-12-09,0.85423,-0.13182,-0.22906,-0.03459,0.00703,-0.08091,0.09498,104
5937,Banks & insurance,2022-12-16,0.84714,-0.13066,-0.22809,-0.03323,0.00414,-0.08432,0.09260,104
5938,Banks & insurance,2022-12-23,0.85109,-0.12703,-0.22609,-0.02796,0.00968,-0.08009,0.09944,104
5939,Banks & insurance,2022-12-30,0.84054,-0.12394,-0.22407,-0.02380,0.01038,-0.07987,0.10064,104
5940,Banks & insurance,2023-01-06,0.83244,-0.11771,-0.21895,-0.01647,0.01117,-0.08060,0.10294,104
5941,Banks & insurance,2023-01-13,0.83199,-0.11451,-0.21520,-0.01383,0.01256,-0.07871,0.10383,104
5942,Banks & insurance,2023-01-20,0.82926,-0.11580,-0.21521,-0.01638,0.00992,-0.08054,0.10039,104
5943,Banks & insurance,2023-01-27,0.82977,-0.11585,-0.21563,-0.01607,0.00868,-0.08176,0.09913,104
5944,Banks & insurance,2023-02-03,0.81411,-0.11132,-0.20956,-0.01307,0.00264,-0.08763,0.09292,104
5945,Banks & insurance,2023-02-10,0.81726,-0.11389,-0.21156,-0.01622,0.00436,-0.08429,0.09301,104
5946,Banks & insurance,2023-02-17,0.81635,-0.11581,-0.21295,-0.01867,0.00269,-0.08533,0.09070,104
5947,Banks & insurance,2023-02-24,0.81351,-0.11643,-0.21432,-0.01854,0.00104,-0.08774,0.08982,104
5948,Banks & insurance,2023-03-03,0.80033,-0.11701,-0.21485,-0.01917,-0.00328,-0.09230,0.08573,104
5949,Banks & insurance,2023-03-10,0.79709,-0.11524,-0.21274,-0.01775,0.00083,-0.08781,0.08947,104
5950,Banks & insurance,2023-03-17,0.85798,-0.09881,-0.19908,0.00146,0.04025,-0.05658,0.13707,104
5951,Banks & insurance,2023-03-24,0.85952,-0.09937,-0.19871,-0.00004,0.03883,-0.05747,0.13513,104
5952,Banks & insurance,2023-03-31,0.88514,-0.09860,-0.19839,0.00120,0.05014,-0.04800,0.14827,104
5953,Banks & insurance,2023-04-07,0.88009,-0.09445,-0.19418,0.00527,0.05184,-0.04706,0.15074,104
5954,Banks & insurance,2023-04-14,0.88535,-0.09718,-0.19717,0.00280,0.04905,-0.05077,0.14887,104
5955,Banks & insurance,2023-04-21,0.87772,-0.09813,-0.19755,0.00129,0.04704,-0.05177,0.14585,104
5956,Banks & insurance,2023-04-28,0.88738,-0.10160,-0.20070,-0.00250,0.04385,-0.05467,0.14236,104
5957,Banks & insurance,2023-05-05,0.89061,-0.10039,-0.19893,-0.00184,0.04673,-0.05106,0.14453,104
5958,Banks & insurance,2023-05-12,0.89656,-0.10082,-0.19910,-0.00254,0.04724,-0.05037,0.14485,104
5959,Banks & insurance,2023-05-19,0.90754,-0.10332,-0.20231,-0.00432,0.04989,-0.04779,0.14757,104
5960,Banks & insurance,2023-05-26,0.90644,-0.10109,-0.20074,-0.00144,0.05057,-0.04795,0.14908,104
5961,Banks & insurance,2023-06-02,0.91021,-0.10085,-0.20071,-0.00099,0.04996,-0.04900,0.14891,104
5962,Banks & insurance,2023-06-09,0.90481,-0.09878,-0.19912,0.00156,0.05100,-0.04820,0.15020,104
5963,Banks & insurance,2023-06-16,0.91255,-0.10154,-0.20157,-0.00150,0.05072,-0.04792,0.14936,104
5964,Banks & insurance,2023-06-23,0.88489,-0.09983,-0.20042,0.00076,0.04942,-0.04996,0.14879,104
5965,Banks & insurance,2023-06-30,0.88921,-0.09981,-0.20083,0.00122,0.05074,-0.04864,0.15012,104
5966,Banks & insurance,2023-07-07,0.89060,-0.09952,-0.19867,-0.00036,0.04841,-0.05002,0.14683,104
5967,Banks & insurance,2023-07-14,0.89197,-0.10119,-0.19987,-0.00252,0.04698,-0.05129,0.14524,104
5968,Banks & insurance,2023-07-21,0.89824,-0.10133,-0.20046,-0.00221,0.04877,-0.04951,0.14705,104
5969,Banks & insurance,2023-07-28,0.89686,-0.09982,-0.19859,-0.00106,0.04961,-0.04838,0.14760,104
5970,Banks & insurance,2023-08-04,0.89432,-0.09891,-0.20019,0.00236,0.05531,-0.04428,0.15490,104
5971,Banks & insurance,2023-08-11,0.88658,-0.09765,-0.19888,0.00358,0.05553,-0.04404,0.15509,104
5972,Banks & insurance,2023-08-18,0.88310,-0.09855,-0.20120,0.00411,0.05295,-0.04854,0.15444,104
5973,Banks & insurance,2023-08-25,0.88480,-0.09552,-0.20213,0.01110,0.05362,-0.05243,0.15966,104
5974,Banks & insurance,2023-09-01,0.87450,-0.09665,-0.20273,0.00943,0.05331,-0.05192,0.15855,104
5975,Banks & insurance,2023-09-08,0.87286,-0.09730,-0.20319,0.00859,0.05218,-0.05290,0.15726,104
5976,Banks & insurance,2023-09-15,0.87294,-0.09928,-0.20542,0.00687,0.05370,-0.05107,0.15848,104
5977,Banks & insurance,2023-09-22,0.87211,-0.09992,-0.20639,0.00655,0.05243,-0.05283,0.15768,104
5978,Banks & insurance,2023-09-29,0.87428,-0.10177,-0.20742,0.00387,0.05009,-0.05478,0.15495,104
5979,Banks & insurance,2023-10-06,0.87593,-0.10804,-0.21012,-0.00596,0.04854,-0.05184,0.14892,104
5980,Banks & insurance,2023-10-13,0.85484,-0.10904,-0.21058,-0.00750,0.04876,-0.05078,0.14829,104
5981,Banks & insurance,2023-10-20,0.83879,-0.10595,-0.20675,-0.00514,0.04741,-0.05219,0.14700,104
5982,Banks & insurance,2023-10-27,0.84496,-0.10641,-0.20701,-0.00581,0.04753,-0.05189,0.14694,104
5983,Banks & insurance,2023-11-03,0.83119,-0.10059,-0.20086,-0.00032,0.04799,-0.05064,0.14662,104
5984,Banks & insurance,2023-11-10,0.83106,-0.10044,-0.20026,-0.00062,0.04752,-0.05070,0.14574,104
5985,Banks & insurance,2023-11-17,0.83211,-0.10092,-0.20095,-0.00090,0.04670,-0.05189,0.14529,104
5986,Banks & insurance,2023-11-24,0.82562,-0.10178,-0.20248,-0.00108,0.03881,-0.06161,0.13922,104
5987,Banks & insurance,2023-12-01,0.82346,-0.10169,-0.20295,-0.00042,0.03951,-0.06131,0.14034,104
5988,Banks & insurance,2023-12-08,0.82355,-0.10390,-0.20670,-0.00109,0.03845,-0.06377,0.14067,104
5989,Banks & insurance,2023-12-15,0.82142,-0.10406,-0.20684,-0.00128,0.03722,-0.06498,0.13942,104
5990,Banks & insurance,2023-12-22,0.81859,-0.10549,-0.20756,-0.00341,0.03293,-0.06915,0.13502,104
5991,Banks & insurance,2023-12-29,0.82528,-0.11115,-0.21206,-0.01024,0.02762,-0.07362,0.12885,104
5992,Banks & insurance,2024-01-05,0.82390,-0.11410,-0.21422,-0.01397,0.02473,-0.07594,0.12540,104
5993,Banks & insurance,2024-01-12,0.81123,-0.11888,-0.21870,-0.01906,0.01808,-0.08274,0.11891,104
5994,Banks & insurance,2024-01-19,0.80243,-0.11678,-0.21781,-0.01575,0.02056,-0.08067,0.12180,104
5995,Banks & insurance,2024-01-26,0.80787,-0.11666,-0.21699,-0.01632,0.02279,-0.07717,0.12274,104
5996,Banks & insurance,2024-02-02,0.80175,-0.12221,-0.22145,-0.02297,0.01597,-0.08338,0.11532,104
5997,Banks & insurance,2024-02-09,0.80591,-0.12160,-0.21824,-0.02495,0.01079,-0.08697,0.10855,104
5998,Banks & insurance,2024-02-16,0.79762,-0.12057,-0.21662,-0.02451,0.01072,-0.08750,0.10893,104
5999,Banks & insurance,2024-02-23,0.79379,-0.11749,-0.21190,-0.02307,0.01450,-0.08284,0.11185,104
6000,Banks & insurance,2024-03-01,0.75637,-0.08330,-0.16537,-0.00123,0.05818,-0.03643,0.15278,104
6001,Banks & insurance,2024-03-08,0.74643,-0.07656,-0.15992,0.00680,0.06418,-0.03161,0.15997,104
6002,Banks & insurance,2024-03-15,0.74023,-0.07356,-0.15842,0.01130,0.07025,-0.02574,0.16624,104
6003,Banks & insurance,2024-03-22,0.73028,-0.07908,-0.16354,0.00537,0.06173,-0.03575,0.15921,104
6004,Banks & insurance,2024-03-29,0.75784,-0.09852,-0.18826,-0.00877,0.06326,-0.04070,0.16723,104
6005,Banks & insurance,2024-04-05,0.76199,-0.09922,-0.18844,-0.01000,0.06463,-0.03803,0.16729,104
6006,Banks & insurance,2024-04-12,0.75186,-0.09451,-0.18414,-0.00488,0.06828,-0.03531,0.17187,104
6007,Banks & insurance,2024-04-19,0.75871,-0.09461,-0.18415,-0.00508,0.07105,-0.03180,0.17391,104
6008,Banks & insurance,2024-04-26,0.73642,-0.08233,-0.16750,0.00283,0.08164,-0.02064,0.18391,104
6009,Banks & insurance,2024-05-03,0.72792,-0.08039,-0.16320,0.00242,0.08001,-0.02027,0.18030,104
6010,Banks & insurance,2024-05-10,0.73992,-0.08297,-0.16650,0.00056,0.08017,-0.02011,0.18045,104
6011,Banks & insurance,2024-05-17,0.74920,-0.08453,-0.16810,-0.00095,0.07996,-0.02038,0.18031,104
6012,Banks & insurance,2024-05-24,0.74302,-0.08582,-0.17043,-0.00122,0.07400,-0.02788,0.17588,104
6013,Banks & insurance,2024-05-31,0.73666,-0.08410,-0.16855,0.00035,0.07446,-0.02744,0.17637,104
6014,Banks & insurance,2024-06-07,0.72952,-0.08131,-0.16582,0.00320,0.07867,-0.02333,0.18066,104
6015,Banks & insurance,2024-06-14,0.71335,-0.07990,-0.16515,0.00535,0.06888,-0.03475,0.17251,104
6016,Banks & insurance,2024-06-21,0.71036,-0.07769,-0.16226,0.00688,0.07098,-0.03220,0.17416,104
6017,Banks & insurance,2024-06-28,0.70996,-0.07879,-0.16358,0.00599,0.07015,-0.03306,0.17335,104
6018,Banks & insurance,2024-07-05,0.69605,-0.07325,-0.15723,0.01073,0.07585,-0.02748,0.17918,104
6019,Banks & insurance,2024-07-12,0.69379,-0.06979,-0.15419,0.01461,0.07611,-0.02793,0.18015,104
6020,Banks & insurance,2024-07-19,0.68681,-0.06687,-0.15063,0.01689,0.07475,-0.02931,0.17881,104
6021,Banks & insurance,2024-07-26,0.69532,-0.06584,-0.14997,0.01830,0.07263,-0.03244,0.17770,104
6022,Banks & insurance,2024-08-02,0.68725,-0.05680,-0.14745,0.03384,0.09186,-0.02039,0.20412,104
6023,Banks & insurance,2024-08-09,0.69190,-0.06189,-0.15280,0.02902,0.08641,-0.02616,0.19897,104
6024,Banks & insurance,2024-08-16,0.70992,-0.06607,-0.15885,0.02671,0.08656,-0.02631,0.19943,104
6025,Banks & insurance,2024-08-23,0.70480,-0.05943,-0.15096,0.03209,0.09306,-0.01897,0.20509,104
6026,Banks & insurance,2024-08-30,0.71276,-0.05558,-0.14862,0.03746,0.09441,-0.01969,0.20852,104
6027,Banks & insurance,2024-09-06,0.70864,-0.05426,-0.14280,0.03428,0.10109,-0.00739,0.20958,104
6028,Banks & insurance,2024-09-13,0.71943,-0.05595,-0.14524,0.03334,0.10095,-0.00701,0.20891,104
6029,Banks & insurance,2024-09-20,0.73447,-0.05483,-0.14326,0.03359,0.09468,-0.01179,0.20115,104
6030,Banks & insurance,2024-09-27,0.71369,-0.04715,-0.12741,0.03311,0.09888,-0.00487,0.20262,104
6031,Banks & insurance,2024-10-04,0.71362,-0.03687,-0.10900,0.03526,0.11014,0.01414,0.20615,104
6032,Banks & insurance,2024-10-11,0.71939,-0.02877,-0.09994,0.04240,0.11684,0.02216,0.21153,104
6033,Banks & insurance,2024-10-18,0.71644,-0.03678,-0.10861,0.03504,0.10689,0.01147,0.20231,104
6034,Banks & insurance,2024-10-25,0.73256,-0.03245,-0.10192,0.03702,0.11372,0.02141,0.20603,104
6035,Banks & insurance,2024-11-01,0.75232,-0.03319,-0.10249,0.03611,0.11637,0.02622,0.20652,104
6036,Banks & insurance,2024-11-08,0.75205,-0.03092,-0.09982,0.03799,0.11785,0.02828,0.20742,104
6037,Banks & insurance,2024-11-15,0.72682,-0.01330,-0.08625,0.05965,0.12676,0.03476,0.21876,104
6038,Banks & insurance,2024-11-22,0.73957,-0.02161,-0.09279,0.04957,0.12821,0.03727,0.21915,104
6039,Banks & insurance,2024-11-29,0.73509,-0.02145,-0.09291,0.05002,0.12909,0.03787,0.22031,104
6040,Banks & insurance,2024-12-06,0.73916,-0.02812,-0.10288,0.04664,0.12822,0.03174,0.22471,104
6041,Banks & insurance,2024-12-13,0.73632,-0.02582,-0.09975,0.04812,0.13081,0.03504,0.22657,104
6042,Banks & insurance,2024-12-20,0.73280,-0.03101,-0.10348,0.04146,0.12691,0.03103,0.22280,104
6043,Banks & insurance,2024-12-27,0.74201,-0.03571,-0.10596,0.03454,0.12667,0.03147,0.22188,104
6044,Banks & insurance,2025-01-03,0.74393,-0.04353,-0.11567,0.02860,0.12709,0.02855,0.22564,104
6045,Banks & insurance,2025-01-10,0.74894,-0.04889,-0.12333,0.02555,0.12843,0.02706,0.22980,104
6046,Banks & insurance,2025-01-17,0.74510,-0.04469,-0.11965,0.03028,0.13335,0.03173,0.23497,104
6047,Banks & insurance,2025-01-24,0.74701,-0.05030,-0.12595,0.02534,0.12839,0.02599,0.23079,104
6048,Banks & insurance,2025-01-31,0.76104,-0.05860,-0.13919,0.02200,0.13139,0.02471,0.23806,104
6049,Banks & insurance,2025-02-07,0.76018,-0.05528,-0.13830,0.02774,0.13632,0.02697,0.24566,104
6050,Banks & insurance,2025-02-14,0.76000,-0.05235,-0.13697,0.03227,0.13936,0.02858,0.25013,104
6051,Banks & insurance,2025-02-21,0.76338,-0.05348,-0.13751,0.03055,0.13905,0.02861,0.24948,104
6052,Banks & insurance,2025-02-28,0.75818,-0.05436,-0.13848,0.02976,0.13509,0.02408,0.24610,104
6053,Banks & insurance,2025-03-07,0.74772,-0.05208,-0.13507,0.03092,0.12968,0.02079,0.23858,104
6054,Banks & insurance,2025-03-14,0.68241,-0.07941,-0.14571,-0.01311,0.06929,0.00634,0.13225,104
6055,Banks & insurance,2025-03-21,0.67614,-0.07593,-0.14448,-0.00738,0.07512,0.01045,0.13979,104
6056,Banks & insurance,2025-03-28,0.60766,-0.07067,-0.13956,-0.00179,0.05561,-0.00045,0.11168,104
6057,Banks & insurance,2025-04-04,0.71409,-0.07051,-0.14776,0.00674,0.11510,0.03273,0.19748,104
6058,Banks & insurance,2025-04-11,0.70296,-0.07002,-0.14599,0.00596,0.11069,0.02810,0.19327,104
6059,Banks & insurance,2025-04-18,0.70351,-0.06839,-0.14555,0.00878,0.11453,0.03062,0.19844,104
6060,Banks & insurance,2025-04-25,0.68748,-0.05759,-0.13776,0.02258,0.12324,0.03578,0.21071,104
6061,Banks & insurance,2025-05-02,0.72246,-0.08081,-0.15631,-0.00531,0.08416,0.00286,0.16546,104
6062,Banks & insurance,2025-05-09,0.72248,-0.07979,-0.15221,-0.00737,0.08251,0.00254,0.16249,104
6063,Banks & insurance,2025-05-16,0.73384,-0.08165,-0.15424,-0.00906,0.08665,0.00753,0.16577,104
6064,Banks & insurance,2025-05-23,0.73591,-0.08273,-0.15548,-0.00998,0.08789,0.00870,0.16708,104
6065,Banks & insurance,2025-05-30,0.73076,-0.08018,-0.15286,-0.00749,0.08915,0.00997,0.16833,104
6066,Banks & insurance,2025-06-06,0.73299,-0.08259,-0.15478,-0.01039,0.08826,0.00967,0.16684,104
6067,Banks & insurance,2025-06-13,0.73606,-0.09902,-0.17282,-0.02523,0.07127,-0.00822,0.15076,104
6068,Banks & insurance,2025-06-20,0.75662,-0.10098,-0.17447,-0.02749,0.06758,-0.01050,0.14565,104
6069,Banks & insurance,2025-06-27,0.75128,-0.11119,-0.18490,-0.03748,0.05377,-0.02446,0.13199,104
6070,Banks & insurance,2025-07-04,0.75185,-0.11018,-0.18619,-0.03417,0.06051,-0.01866,0.13968,104
6071,Banks & insurance,2025-07-11,0.73233,-0.09806,-0.17282,-0.02330,0.06698,-0.01290,0.14686,104
6072,Banks & insurance,2025-07-18,0.72282,-0.09725,-0.17187,-0.02263,0.06479,-0.01516,0.14474,104
6073,Banks & insurance,2025-07-25,0.72760,-0.10079,-0.17576,-0.02582,0.06453,-0.01581,0.14487,104
6074,Banks & insurance,2025-08-01,0.73624,-0.10407,-0.17813,-0.03002,0.06214,-0.01733,0.14161,104
6075,Banks & insurance,2025-08-08,0.73151,-0.09928,-0.17289,-0.02567,0.06232,-0.01702,0.14166,104
6076,Banks & insurance,2025-08-15,0.73389,-0.10011,-0.17351,-0.02670,0.06034,-0.01910,0.13977,104
6077,Banks & insurance,2025-08-22,0.73230,-0.10089,-0.17391,-0.02786,0.06028,-0.01849,0.13905,104
6078,Banks & insurance,2025-08-29,0.75617,-0.10287,-0.17632,-0.02941,0.06014,-0.01775,0.13802,104
6079,Banks & insurance,2025-09-05,0.75648,-0.09702,-0.17059,-0.02345,0.06805,-0.00992,0.14601,104
6080,Banks & insurance,2025-09-12,0.76241,-0.09620,-0.17014,-0.02227,0.06850,-0.00978,0.14679,104
6081,Banks & insurance,2025-09-19,0.76093,-0.09582,-0.16978,-0.02185,0.06857,-0.00976,0.14691,104
6082,Banks & insurance,2025-09-26,0.75374,-0.09511,-0.16774,-0.02247,0.06838,-0.00859,0.14535,104
6083,Banks & insurance,2025-10-03,0.75054,-0.08717,-0.16249,-0.01185,0.06783,-0.01260,0.14826,104
6084,Banks & insurance,2025-10-10,0.77085,-0.08568,-0.16338,-0.00798,0.06344,-0.01949,0.14638,104
6085,Banks & insurance,2025-10-17,0.78803,-0.08823,-0.16579,-0.01067,0.06861,-0.01336,0.15058,104
6086,Banks & insurance,2025-10-24,0.79299,-0.10135,-0.17760,-0.02509,0.05407,-0.02546,0.13361,104
6087,Banks & insurance,2025-10-31,0.80365,-0.11049,-0.18469,-0.03630,0.05559,-0.02398,0.13516,104
6088,Banks & insurance,2025-11-07,0.80580,-0.11135,-0.18600,-0.03670,0.05660,-0.02315,0.13634,104
6089,Banks & insurance,2025-11-14,0.80553,-0.11121,-0.18594,-0.03648,0.05736,-0.02230,0.13701,104
6090,Banks & insurance,2025-11-21,0.79838,-0.11180,-0.18631,-0.03730,0.05716,-0.02294,0.13726,104
6091,Banks & insurance,2025-11-28,0.80332,-0.11164,-0.18636,-0.03691,0.05851,-0.02140,0.13841,104
6092,Banks & insurance,2025-12-05,0.80175,-0.11027,-0.18539,-0.03515,0.05969,-0.02060,0.13997,104
6093,Banks & insurance,2025-12-12,0.80415,-0.11180,-0.18579,-0.03782,0.05640,-0.02320,0.13601,104
6094,Banks & insurance,2025-12-19,0.80869,-0.11209,-0.18691,-0.03728,0.05841,-0.02177,0.13859,104
6095,Banks & insurance,2025-12-26,0.80104,-0.10758,-0.18241,-0.03276,0.06169,-0.01835,0.14172,104
6096,Banks & insurance,2026-01-02,0.78297,-0.09812,-0.17460,-0.02164,0.06487,-0.01641,0.14615,104
6097,Banks & insurance,2026-01-09,0.81613,-0.11166,-0.18538,-0.03794,0.05550,-0.02221,0.13321,104
6098,Banks & insurance,2026-01-16,0.81163,-0.11102,-0.18485,-0.03720,0.05748,-0.02032,0.13528,104
6099,Banks & insurance,2026-01-23,0.82153,-0.11745,-0.19304,-0.04187,0.05166,-0.02773,0.13106,104
6100,Banks & insurance,2026-01-30,0.82676,-0.11594,-0.19299,-0.03890,0.05175,-0.02757,0.13107,104
6101,Banks & insurance,2026-02-06,0.83413,-0.11894,-0.20013,-0.03776,0.05820,-0.02267,0.13906,104
6102,Banks & insurance,2026-02-13,0.82465,-0.11653,-0.19701,-0.03605,0.05747,-0.02362,0.13856,104
6103,Banks & insurance,2026-02-20,0.83293,-0.11514,-0.19519,-0.03509,0.06541,-0.01386,0.14467,104
6104,Banks & insurance,2026-02-27,0.83346,-0.11533,-0.19551,-0.03516,0.06494,-0.01450,0.14439,104
6105,Banks & insurance,2026-03-06,0.84212,-0.12316,-0.17637,-0.06995,0.01276,-0.04428,0.06980,104
6106,Banks & insurance,2026-03-13,0.84199,-0.12328,-0.17404,-0.07251,0.01282,-0.04158,0.06721,104
6107,Banks & insurance,2026-03-20,0.85765,-0.13170,-0.18151,-0.08190,0.00508,-0.04801,0.05816,104
6108,Banks & insurance,2026-03-27,0.85336,-0.13119,-0.18051,-0.08187,0.00488,-0.04791,0.05767,104
6109,Banks & insurance,2026-04-03,0.84615,-0.12931,-0.17513,-0.08348,-0.01315,-0.06427,0.03798,104
6110,Banks & insurance,2026-04-10,0.85515,-0.13733,-0.18303,-0.09162,-0.01946,-0.07128,0.03235,104
6111,Banks & insurance,2026-04-17,0.83584,-0.13778,-0.18335,-0.09222,-0.01964,-0.07325,0.03396,104
6112,Banks & insurance,2026-04-24,0.83205,-0.14800,-0.19368,-0.10232,-0.03669,-0.09043,0.01706,104
6113,Banks & insurance,2026-05-01,0.83196,-0.14607,-0.19047,-0.10167,-0.03269,-0.08509,0.01971,104
6114,Banks & insurance,2026-05-08,0.83552,-0.13357,-0.17837,-0.08877,-0.01544,-0.06704,0.03616,104
6115,Banks & insurance,2026-05-15,0.82416,-0.13811,-0.17998,-0.09624,-0.01946,-0.06783,0.02890,104
6116,Banks & insurance,2026-05-22,0.82902,-0.14028,-0.18105,-0.09951,-0.02343,-0.07100,0.02414,104
6117,Banks & insurance,2026-05-29,0.83518,-0.13767,-0.17767,-0.09768,-0.01727,-0.06354,0.02900,104
6118,Banks & insurance,2026-06-05,0.83496,-0.13871,-0.17841,-0.09902,-0.01921,-0.06521,0.02678,104
6119,Banks & insurance,2026-06-12,0.85322,-0.14638,-0.18496,-0.10781,-0.02154,-0.06670,0.02362,104
6120,Banks & insurance,2026-06-19,0.83183,-0.15022,-0.18933,-0.11111,-0.02310,-0.07012,0.02393,104
6121,Banks & insurance,2026-06-26,0.83344,-0.15086,-0.18913,-0.11260,-0.02338,-0.06939,0.02263,104
6122,Banks & insurance,2026-07-03,0.83520,-0.15121,-0.18944,-0.11297,-0.02343,-0.06941,0.02255,104
6123,Banks & insurance,2026-07-10,0.83454,-0.14874,-0.18591,-0.11158,-0.02220,-0.06721,0.02282,104
6124,Banks & insurance,2026-07-17,0.83157,-0.14250,-0.18259,-0.10242,-0.02020,-0.06550,0.02511,104
6125,Banks & insurance,2026-07-24,0.82928,-0.14406,-0.18228,-0.10585,-0.02058,-0.06377,0.02262,104
6126,Banks & insurance,2026-07-31,0.82576,-0.14353,-0.18179,-0.10528,-0.02424,-0.06757,0.01908,104
6127,Banks & insurance,2026-08-07,0.81871,-0.13930,-0.17733,-0.10126,-0.02252,-0.06589,0.02086,104
6128,Banks & insurance,2026-08-14,0.80613,-0.13746,-0.17551,-0.09941,-0.02033,-0.06356,0.02290,104
6129,Banks & insurance,2026-08-21,0.80905,-0.13923,-0.17665,-0.10182,-0.02304,-0.06571,0.01963,104
6130,Banks & insurance,2026-08-28,0.81160,-0.14093,-0.17825,-0.10361,-0.02527,-0.06770,0.01716,104
6131,Banks & insurance,2026-09-04,0.80205,-0.14019,-0.17674,-0.10364,-0.03377,-0.07666,0.00912,104
6132,Banks & insurance,2026-09-11,0.80760,-0.14256,-0.17858,-0.10654,-0.03738,-0.07964,0.00487,104
6133,Industrials & materials,2009-07-31,0.59800,0.03105,-0.04569,0.10779,0.36888,0.30601,0.43176,101
6134,Industrials & materials,2009-08-07,0.59782,0.02970,-0.04748,0.10687,0.36744,0.30398,0.43089,101
6135,Industrials & materials,2009-08-14,0.59854,0.02965,-0.04719,0.10649,0.36767,0.30469,0.43065,101
6136,Industrials & materials,2009-08-21,0.59504,0.03300,-0.04342,0.10941,0.36930,0.30582,0.43278,101
6137,Industrials & materials,2009-08-28,0.59883,0.03161,-0.04551,0.10873,0.36932,0.30578,0.43287,101
6138,Industrials & materials,2009-09-04,0.59979,0.03004,-0.04677,0.10685,0.36532,0.30269,0.42796,101
6139,Industrials & materials,2009-09-11,0.59810,0.03105,-0.04528,0.10737,0.36602,0.30323,0.42880,101
6140,Industrials & materials,2009-09-18,0.59726,0.03125,-0.04520,0.10771,0.36709,0.30415,0.43003,101
6141,Industrials & materials,2009-09-25,0.59358,0.03733,-0.03727,0.11193,0.36642,0.30449,0.42836,101
6142,Industrials & materials,2009-10-02,0.58966,0.04184,-0.03332,0.11700,0.36613,0.30344,0.42882,101
6143,Industrials & materials,2009-10-09,0.58087,0.04473,-0.03041,0.11987,0.36622,0.30388,0.42856,101
6144,Industrials & materials,2009-10-16,0.57631,0.05570,-0.03025,0.14165,0.37190,0.30448,0.43932,101
6145,Industrials & materials,2009-10-23,0.57666,0.05479,-0.03051,0.14009,0.37108,0.30394,0.43822,101
6146,Industrials & materials,2009-10-30,0.57475,0.05434,-0.03026,0.13894,0.37109,0.30476,0.43743,101
6147,Industrials & materials,2009-11-06,0.57491,0.05441,-0.03026,0.13909,0.37129,0.30488,0.43770,101
6148,Industrials & materials,2009-11-13,0.57541,0.05366,-0.03051,0.13782,0.36997,0.30325,0.43670,101
6149,Industrials & materials,2009-11-20,0.57323,0.05716,-0.02713,0.14146,0.37417,0.30684,0.44150,101
6150,Industrials & materials,2009-11-27,0.56500,0.06558,-0.02002,0.15119,0.38664,0.31795,0.45534,101
6151,Industrials & materials,2009-12-04,0.56567,0.06494,-0.02057,0.15044,0.38645,0.31795,0.45495,101
6152,Industrials & materials,2009-12-11,0.56644,0.06462,-0.01979,0.14903,0.38221,0.31422,0.45020,101
6153,Industrials & materials,2009-12-18,0.56713,0.06305,-0.02094,0.14704,0.38098,0.31355,0.44842,101
6154,Industrials & materials,2009-12-25,0.56836,0.06347,-0.02077,0.14771,0.38208,0.31444,0.44973,101
6155,Industrials & materials,2010-01-01,0.56943,0.06414,-0.02100,0.14928,0.38474,0.31679,0.45270,101
6156,Industrials & materials,2010-01-08,0.57207,0.06422,-0.02094,0.14939,0.38379,0.31546,0.45212,101
6157,Industrials & materials,2010-01-15,0.56735,0.06813,-0.01743,0.15369,0.38203,0.31346,0.45060,101
6158,Industrials & materials,2010-01-22,0.56615,0.06713,-0.01817,0.15244,0.38177,0.31408,0.44946,101
6159,Industrials & materials,2010-01-29,0.56392,0.06930,-0.01551,0.15410,0.38189,0.31418,0.44959,101
6160,Industrials & materials,2010-02-05,0.56262,0.07109,-0.01440,0.15658,0.38471,0.31678,0.45263,101
6161,Industrials & materials,2010-02-12,0.56323,0.07041,-0.01354,0.15436,0.38004,0.31242,0.44765,101
6162,Industrials & materials,2010-02-19,0.56290,0.06965,-0.01377,0.15307,0.37909,0.31224,0.44595,101
6163,Industrials & materials,2010-02-26,0.56168,0.07268,-0.01140,0.15676,0.38214,0.31461,0.44968,101
6164,Industrials & materials,2010-03-05,0.56453,0.07087,-0.01399,0.15574,0.38514,0.31791,0.45237,101
6165,Industrials & materials,2010-03-12,0.56554,0.07003,-0.01575,0.15582,0.38662,0.31930,0.45395,101
6166,Industrials & materials,2010-03-19,0.56571,0.06924,-0.01685,0.15533,0.38633,0.31860,0.45406,101
6167,Industrials & materials,2010-03-26,0.56424,0.06959,-0.01621,0.15540,0.38467,0.31690,0.45244,101
6168,Industrials & materials,2010-04-02,0.56419,0.06999,-0.01566,0.15563,0.38369,0.31603,0.45134,101
6169,Industrials & materials,2010-04-09,0.56125,0.07181,-0.01394,0.15755,0.38500,0.31729,0.45271,101
6170,Industrials & materials,2010-04-16,0.56322,0.07188,-0.01407,0.15783,0.38542,0.31739,0.45345,101
6171,Industrials & materials,2010-04-23,0.56337,0.07195,-0.01404,0.15794,0.38537,0.31728,0.45347,101
6172,Industrials & materials,2010-04-30,0.56817,0.06878,-0.01825,0.15582,0.38541,0.31747,0.45335,101
6173,Industrials & materials,2010-05-07,0.57046,0.07079,-0.01825,0.15983,0.39701,0.32918,0.46483,101
6174,Industrials & materials,2010-05-14,0.56631,0.07309,-0.01478,0.16095,0.39628,0.32839,0.46416,101
6175,Industrials & materials,2010-05-21,0.56128,0.07766,-0.01061,0.16594,0.40187,0.33412,0.46962,101
6176,Industrials & materials,2010-05-28,0.56106,0.07728,-0.01077,0.16533,0.40162,0.33408,0.46916,101
6177,Industrials & materials,2010-06-04,0.56016,0.07846,-0.01187,0.16880,0.40695,0.33854,0.47535,101
6178,Industrials & materials,2010-06-11,0.56017,0.07895,-0.01139,0.16928,0.40746,0.33901,0.47590,101
6179,Industrials & materials,2010-06-18,0.56221,0.07292,-0.01695,0.16279,0.40205,0.33462,0.46948,101
6180,Industrials & materials,2010-06-25,0.55124,0.08199,-0.01020,0.17418,0.40797,0.33876,0.47719,101
6181,Industrials & materials,2010-07-02,0.55306,0.08386,-0.01039,0.17811,0.41541,0.34689,0.48394,101
6182,Industrials & materials,2010-07-09,0.56104,0.08192,-0.01180,0.17565,0.42073,0.35209,0.48938,101
6183,Industrials & materials,2010-07-16,0.56552,0.07227,-0.02027,0.16480,0.41727,0.34990,0.48465,101
6184,Industrials & materials,2010-07-23,0.56368,0.07325,-0.01920,0.16570,0.41809,0.35074,0.48543,101
6185,Industrials & materials,2010-07-30,0.56485,0.07303,-0.01994,0.16600,0.41835,0.35086,0.48585,101
6186,Industrials & materials,2010-08-06,0.57035,0.07002,-0.02600,0.16605,0.42575,0.35714,0.49436,101
6187,Industrials & materials,2010-08-13,0.57031,0.07071,-0.02527,0.16670,0.42682,0.35866,0.49497,101
6188,Industrials & materials,2010-08-20,0.57155,0.07004,-0.02623,0.16630,0.42634,0.35810,0.49458,101
6189,Industrials & materials,2010-08-27,0.57312,0.06880,-0.02674,0.16434,0.42451,0.35656,0.49247,101
6190,Industrials & materials,2010-09-03,0.56858,0.06990,-0.02471,0.16451,0.41507,0.34592,0.48423,101
6191,Industrials & materials,2010-09-10,0.57171,0.06498,-0.03231,0.16226,0.41431,0.34562,0.48301,101
6192,Industrials & materials,2010-09-17,0.56489,0.07060,-0.02491,0.16612,0.41729,0.34723,0.48734,101
6193,Industrials & materials,2010-09-24,0.54733,0.08390,-0.01342,0.18122,0.42649,0.35297,0.50002,101
6194,Industrials & materials,2010-10-01,0.54925,0.08136,-0.01652,0.17923,0.42291,0.34685,0.49898,101
6195,Industrials & materials,2010-10-08,0.50615,0.08238,-0.01155,0.17632,0.36293,0.29976,0.42609,101
6196,Industrials & materials,2010-10-15,0.50989,0.08340,-0.01122,0.17801,0.36405,0.29825,0.42986,101
6197,Industrials & materials,2010-10-22,0.51072,0.08424,-0.01220,0.18067,0.36254,0.29280,0.43227,101
6198,Industrials & materials,2010-10-29,0.49366,0.08909,-0.00968,0.18786,0.35328,0.28711,0.41944,101
6199,Industrials & materials,2010-11-05,0.52089,0.06016,-0.03167,0.15200,0.35727,0.29245,0.42209,101
6200,Industrials & materials,2010-11-12,0.50614,0.06508,-0.02815,0.15830,0.34645,0.27958,0.41333,101
6201,Industrials & materials,2010-11-19,0.54410,0.05409,-0.03919,0.14737,0.33390,0.26961,0.39820,101
6202,Industrials & materials,2010-11-26,0.57801,0.04239,-0.05481,0.13959,0.32164,0.25894,0.38435,101
6203,Industrials & materials,2010-12-03,0.57438,0.06620,-0.05167,0.18406,0.35115,0.26489,0.43741,101
6204,Industrials & materials,2010-12-10,0.57046,0.04573,-0.07915,0.17061,0.32501,0.23058,0.41944,101
6205,Industrials & materials,2010-12-17,0.57048,0.04605,-0.08578,0.17787,0.33610,0.24025,0.43195,101
6206,Industrials & materials,2010-12-24,0.56714,0.05237,-0.08119,0.18592,0.35004,0.25511,0.44497,101
6207,Industrials & materials,2010-12-31,0.57869,0.06819,-0.05539,0.19177,0.35855,0.28009,0.43701,101
6208,Industrials & materials,2011-01-07,0.56938,0.09030,-0.02362,0.20422,0.37886,0.30833,0.44939,101
6209,Industrials & materials,2011-01-14,0.57720,0.08304,-0.03867,0.20476,0.38260,0.31192,0.45327,101
6210,Industrials & materials,2011-01-21,0.55311,0.09937,-0.02304,0.22179,0.39329,0.32153,0.46505,101
6211,Industrials & materials,2011-01-28,0.56192,0.09036,-0.03943,0.22015,0.39746,0.32483,0.47008,101
6212,Industrials & materials,2011-02-04,0.54677,0.09875,-0.03011,0.22760,0.39734,0.32449,0.47018,101
6213,Industrials & materials,2011-02-11,0.54637,0.09807,-0.03076,0.22690,0.39635,0.32345,0.46925,101
6214,Industrials & materials,2011-02-18,0.53447,0.10306,-0.02554,0.23166,0.37774,0.30196,0.45352,101
6215,Industrials & materials,2011-02-25,0.55156,0.08346,-0.04992,0.21684,0.36540,0.28641,0.44439,101
6216,Industrials & materials,2011-03-04,0.53560,0.08841,-0.04510,0.22192,0.35419,0.27351,0.43488,101
6217,Industrials & materials,2011-03-11,0.56804,0.07594,-0.06706,0.21895,0.36248,0.28471,0.44025,101
6218,Industrials & materials,2011-03-18,0.56689,0.08426,-0.06213,0.23066,0.37199,0.29070,0.45328,101
6219,Industrials & materials,2011-03-25,0.56279,0.08624,-0.06111,0.23359,0.37135,0.28992,0.45277,101
6220,Industrials & materials,2011-04-01,0.56730,0.08193,-0.06629,0.23016,0.36987,0.28814,0.45160,101
6221,Industrials & materials,2011-04-08,0.56599,0.08450,-0.05772,0.22671,0.35997,0.27907,0.44087,101
6222,Industrials & materials,2011-04-15,0.56023,0.08672,-0.05685,0.23030,0.36171,0.28109,0.44233,101
6223,Industrials & materials,2011-04-22,0.56014,0.08625,-0.05716,0.22966,0.36130,0.28090,0.44170,102
6224,Industrials & materials,2011-04-29,0.56410,0.08797,-0.05543,0.23138,0.36602,0.28621,0.44582,103
6225,Industrials & materials,2011-05-06,0.56700,0.08317,-0.04337,0.20971,0.34365,0.27271,0.41459,104
6226,Industrials & materials,2011-05-13,0.57237,0.08454,-0.04011,0.20918,0.34514,0.27674,0.41354,104
6227,Industrials & materials,2011-05-20,0.57543,0.07411,-0.05680,0.20502,0.33690,0.26202,0.41178,104
6228,Industrials & materials,2011-05-27,0.56999,0.08661,-0.04083,0.21406,0.34910,0.27871,0.41949,104
6229,Industrials & materials,2011-06-03,0.57173,0.09121,-0.03564,0.21806,0.35418,0.28478,0.42358,104
6230,Industrials & materials,2011-06-10,0.56971,0.09330,-0.02998,0.21658,0.35223,0.28249,0.42196,104
6231,Industrials & materials,2011-06-17,0.56588,0.10070,-0.02307,0.22446,0.35409,0.28459,0.42359,104
6232,Industrials & materials,2011-06-24,0.57066,0.09639,-0.02476,0.21755,0.34916,0.28224,0.41608,104
6233,Industrials & materials,2011-07-01,0.56734,0.09299,-0.02972,0.21569,0.35140,0.28547,0.41734,104
6234,Industrials & materials,2011-07-08,0.56432,0.07561,-0.04488,0.19611,0.31562,0.25003,0.38122,104
6235,Industrials & materials,2011-07-15,0.56196,0.07536,-0.04492,0.19563,0.30543,0.23770,0.37317,104
6236,Industrials & materials,2011-07-22,0.56057,0.07520,-0.04531,0.19571,0.30142,0.23168,0.37115,104
6237,Industrials & materials,2011-07-29,0.55990,0.07503,-0.04566,0.19572,0.30243,0.23258,0.37227,104
6238,Industrials & materials,2011-08-05,0.60161,0.06705,-0.05296,0.18706,0.33797,0.26945,0.40649,104
6239,Industrials & materials,2011-08-12,0.59867,0.06974,-0.04965,0.18914,0.33890,0.26891,0.40888,104
6240,Industrials & materials,2011-08-19,0.61618,0.05867,-0.06172,0.17906,0.33476,0.26354,0.40597,104
6241,Industrials & materials,2011-08-26,0.60588,0.06464,-0.05405,0.18334,0.33836,0.26931,0.40740,104
6242,Industrials & materials,2011-09-02,0.60605,0.07376,-0.04870,0.19623,0.35257,0.28238,0.42277,104
6243,Industrials & materials,2011-09-09,0.63047,0.06332,-0.06144,0.18807,0.35243,0.28235,0.42252,104
6244,Industrials & materials,2011-09-16,0.62952,0.06877,-0.05510,0.19265,0.35165,0.27803,0.42527,104
6245,Industrials & materials,2011-09-23,0.65039,0.06372,-0.05469,0.18213,0.37921,0.30756,0.45087,104
6246,Industrials & materials,2011-09-30,0.66571,0.04987,-0.05684,0.15658,0.37852,0.31184,0.44521,104
6247,Industrials & materials,2011-10-07,0.69780,0.03753,-0.05488,0.12994,0.37172,0.30183,0.44161,104
6248,Industrials & materials,2011-10-14,0.72194,-0.00749,-0.07212,0.05715,0.36465,0.31038,0.41891,104
6249,Industrials & materials,2011-10-21,0.71326,0.00203,-0.06093,0.06499,0.36133,0.30813,0.41452,104
6250,Industrials & materials,2011-10-28,0.72937,0.00320,-0.05646,0.06286,0.36731,0.31621,0.41842,104
6251,Industrials & materials,2011-11-04,0.72541,0.00576,-0.05319,0.06471,0.36565,0.31451,0.41680,104
6252,Industrials & materials,2011-11-11,0.71836,0.00873,-0.05036,0.06782,0.36676,0.31575,0.41776,104
6253,Industrials & materials,2011-11-18,0.72282,0.01562,-0.04752,0.07876,0.37781,0.32215,0.43347,104
6254,Industrials & materials,2011-11-25,0.71855,0.01766,-0.04480,0.08012,0.38183,0.32641,0.43726,104
6255,Industrials & materials,2011-12-02,0.71376,0.01917,-0.04344,0.08179,0.38910,0.33432,0.44389,104
6256,Industrials & materials,2011-12-09,0.70476,0.03037,-0.03571,0.09645,0.41455,0.35722,0.47188,104
6257,Industrials & materials,2011-12-16,0.70460,0.03218,-0.03436,0.09871,0.41682,0.35983,0.47381,104
6258,Industrials & materials,2011-12-23,0.70496,0.03183,-0.03423,0.09789,0.42007,0.36402,0.47613,104
6259,Industrials & materials,2011-12-30,0.70978,0.02370,-0.03812,0.08551,0.41607,0.36169,0.47046,104
6260,Industrials & materials,2012-01-06,0.70905,0.02713,-0.03502,0.08928,0.41603,0.36092,0.47114,104
6261,Industrials & materials,2012-01-13,0.71108,0.02245,-0.03866,0.08356,0.41409,0.35776,0.47042,104
6262,Industrials & materials,2012-01-20,0.72373,0.02054,-0.04187,0.08294,0.41196,0.35489,0.46902,104
6263,Industrials & materials,2012-01-27,0.73123,0.01344,-0.04734,0.07422,0.41301,0.35632,0.46970,104
6264,Industrials & materials,2012-02-03,0.73486,0.01396,-0.04694,0.07486,0.41529,0.35811,0.47248,104
6265,Industrials & materials,2012-02-10,0.73936,0.00841,-0.05455,0.07138,0.42214,0.36474,0.47954,104
6266,Industrials & materials,2012-02-17,0.73971,0.01072,-0.05342,0.07485,0.42391,0.36494,0.48289,104
6267,Industrials & materials,2012-02-24,0.73266,0.02317,-0.04532,0.09167,0.42870,0.36643,0.49096,104
6268,Industrials & materials,2012-03-02,0.73170,0.02569,-0.04459,0.09598,0.42502,0.36150,0.48854,104
6269,Industrials & materials,2012-03-09,0.73075,0.02662,-0.04304,0.09628,0.42484,0.36144,0.48825,104
6270,Industrials & materials,2012-03-16,0.73297,0.02520,-0.04392,0.09432,0.42397,0.36065,0.48728,104
6271,Industrials & materials,2012-03-23,0.73170,0.02455,-0.04468,0.09377,0.42434,0.36123,0.48745,104
6272,Industrials & materials,2012-03-30,0.73059,0.02570,-0.04481,0.09622,0.42596,0.36203,0.48990,104
6273,Industrials & materials,2012-04-06,0.73389,0.02648,-0.04424,0.09720,0.42730,0.36365,0.49095,104
6274,Industrials & materials,2012-04-13,0.72944,0.02963,-0.04164,0.10089,0.42926,0.36551,0.49301,104
6275,Industrials & materials,2012-04-20,0.72771,0.03104,-0.03970,0.10179,0.42505,0.36147,0.48863,104
6276,Industrials & materials,2012-04-27,0.72903,0.03032,-0.04056,0.10120,0.42479,0.36126,0.48833,104
6277,Industrials & materials,2012-05-04,0.73037,0.02792,-0.04306,0.09889,0.39608,0.32867,0.46349,104
6278,Industrials & materials,2012-05-11,0.73450,0.02440,-0.04820,0.09700,0.39961,0.33166,0.46756,104
6279,Industrials & materials,2012-05-18,0.74982,0.03307,-0.03856,0.10469,0.40974,0.34877,0.47070,104
6280,Industrials & materials,2012-05-25,0.74821,0.03692,-0.03517,0.10901,0.41033,0.34941,0.47125,104
6281,Industrials & materials,2012-06-01,0.75152,0.00696,-0.07814,0.09206,0.38142,0.30511,0.45773,104
6282,Industrials & materials,2012-06-08,0.75209,0.00526,-0.08058,0.09110,0.38054,0.30362,0.45747,104
6283,Industrials & materials,2012-06-15,0.75221,0.01589,-0.07583,0.10760,0.39039,0.31160,0.46918,104
6284,Industrials & materials,2012-06-22,0.77188,0.00490,-0.08155,0.09135,0.37975,0.30304,0.45647,104
6285,Industrials & materials,2012-06-29,0.77348,0.00501,-0.07980,0.08982,0.37949,0.30427,0.45471,104
6286,Industrials & materials,2012-07-06,0.76631,0.00432,-0.08024,0.08889,0.36455,0.28836,0.44074,104
6287,Industrials & materials,2012-07-13,0.76752,-0.00077,-0.08497,0.08342,0.36104,0.28582,0.43625,104
6288,Industrials & materials,2012-07-20,0.77693,-0.00691,-0.09136,0.07754,0.35486,0.27941,0.43032,104
6289,Industrials & materials,2012-07-27,0.77639,-0.00682,-0.09140,0.07777,0.35459,0.27914,0.43004,104
6290,Industrials & materials,2012-08-03,0.76549,-0.00393,-0.08771,0.07984,0.34796,0.27250,0.42342,104
6291,Industrials & materials,2012-08-10,0.76718,-0.00490,-0.08964,0.07984,0.33976,0.26199,0.41753,104
6292,Industrials & materials,2012-08-17,0.76770,-0.00269,-0.08825,0.08287,0.34231,0.26408,0.42054,104
6293,Industrials & materials,2012-08-24,0.76427,-0.00251,-0.08855,0.08354,0.34544,0.26706,0.42383,104
6294,Industrials & materials,2012-08-31,0.77325,-0.00710,-0.09377,0.07956,0.34608,0.26785,0.42431,104
6295,Industrials & materials,2012-09-07,0.77244,-0.00614,-0.09258,0.08029,0.34564,0.26736,0.42393,104
6296,Industrials & materials,2012-09-14,0.77230,-0.00699,-0.09326,0.07928,0.34479,0.26660,0.42299,104
6297,Industrials & materials,2012-09-21,0.77248,-0.00761,-0.09076,0.07554,0.33308,0.25644,0.40973,104
6298,Industrials & materials,2012-09-28,0.77000,-0.00469,-0.08956,0.08019,0.33905,0.26081,0.41728,104
6299,Industrials & materials,2012-10-05,0.76439,-0.00201,-0.08676,0.08273,0.33831,0.25989,0.41672,104
6300,Industrials & materials,2012-10-12,0.76666,-0.00397,-0.08947,0.08154,0.33839,0.25963,0.41716,104
6301,Industrials & materials,2012-10-19,0.76582,-0.00236,-0.08608,0.08137,0.33446,0.25682,0.41210,104
6302,Industrials & materials,2012-10-26,0.77145,-0.00425,-0.08798,0.07947,0.33552,0.25797,0.41306,104
6303,Industrials & materials,2012-11-02,0.77210,-0.00709,-0.09089,0.07670,0.32689,0.24858,0.40519,104
6304,Industrials & materials,2012-11-09,0.77335,-0.00844,-0.09115,0.07427,0.32108,0.24299,0.39918,104
6305,Industrials & materials,2012-11-16,0.77821,-0.01069,-0.09387,0.07250,0.32022,0.24188,0.39856,104
6306,Industrials & materials,2012-11-23,0.77944,-0.01089,-0.09426,0.07247,0.32236,0.24413,0.40059,104
6307,Industrials & materials,2012-11-30,0.78130,-0.00259,-0.08643,0.08125,0.32819,0.24959,0.40679,104
6308,Industrials & materials,2012-12-07,0.77975,-0.00094,-0.08344,0.08157,0.32540,0.24771,0.40310,104
6309,Industrials & materials,2012-12-14,0.77882,-0.00019,-0.08259,0.08221,0.32494,0.24725,0.40262,104
6310,Industrials & materials,2012-12-21,0.78308,-0.00258,-0.08445,0.07929,0.32052,0.24295,0.39809,104
6311,Industrials & materials,2012-12-28,0.78040,-0.00022,-0.08211,0.08167,0.32141,0.24369,0.39912,104
6312,Industrials & materials,2013-01-04,0.77324,0.00226,-0.07979,0.08432,0.32165,0.24388,0.39942,104
6313,Industrials & materials,2013-01-11,0.77539,0.00101,-0.08224,0.08426,0.32421,0.24563,0.40278,104
6314,Industrials & materials,2013-01-18,0.78619,-0.00276,-0.08584,0.08032,0.32381,0.24512,0.40250,104
6315,Industrials & materials,2013-01-25,0.78646,-0.00353,-0.08654,0.07949,0.32344,0.24483,0.40206,104
6316,Industrials & materials,2013-02-01,0.78970,-0.00206,-0.08427,0.08015,0.32346,0.24540,0.40151,104
6317,Industrials & materials,2013-02-08,0.79023,-0.00310,-0.08513,0.07893,0.32230,0.24438,0.40022,104
6318,Industrials & materials,2013-02-15,0.79725,-0.00848,-0.09212,0.07515,0.32045,0.24188,0.39902,104
6319,Industrials & materials,2013-02-22,0.78810,0.00532,-0.08368,0.09431,0.34766,0.26457,0.43075,104
6320,Industrials & materials,2013-03-01,0.79089,0.00069,-0.08758,0.08897,0.34282,0.26049,0.42515,104
6321,Industrials & materials,2013-03-08,0.77963,0.00242,-0.08541,0.09026,0.33664,0.25525,0.41803,104
6322,Industrials & materials,2013-03-15,0.77792,0.00444,-0.08368,0.09257,0.33729,0.25570,0.41888,104
6323,Industrials & materials,2013-03-22,0.77319,0.00270,-0.08477,0.09017,0.33241,0.25152,0.41329,104
6324,Industrials & materials,2013-03-29,0.77179,0.00026,-0.08541,0.08594,0.32754,0.24787,0.40722,104
6325,Industrials & materials,2013-04-05,0.77730,-0.00636,-0.09246,0.07975,0.33368,0.25440,0.41297,104
6326,Industrials & materials,2013-04-12,0.77890,-0.00459,-0.09121,0.08202,0.33206,0.25182,0.41230,104
6327,Industrials & materials,2013-04-19,0.78019,-0.00797,-0.09358,0.07764,0.32813,0.24850,0.40776,104
6328,Industrials & materials,2013-04-26,0.77232,-0.01545,-0.10098,0.07008,0.31753,0.23791,0.39714,104
6329,Industrials & materials,2013-05-03,0.77343,-0.01461,-0.11831,0.08908,0.35465,0.26037,0.44894,104
6330,Industrials & materials,2013-05-10,0.77314,-0.01206,-0.11786,0.09373,0.36334,0.26798,0.45870,104
6331,Industrials & materials,2013-05-17,0.77167,-0.00846,-0.11527,0.09835,0.36667,0.27066,0.46268,104
6332,Industrials & materials,2013-05-24,0.77205,-0.00780,-0.11567,0.10007,0.37045,0.27393,0.46698,104
6333,Industrials & materials,2013-05-31,0.77663,-0.01297,-0.11991,0.09396,0.36535,0.26981,0.46089,104
6334,Industrials & materials,2013-06-07,0.77288,-0.00648,-0.11321,0.10025,0.36542,0.26979,0.46105,104
6335,Industrials & materials,2013-06-14,0.76969,-0.01437,-0.12356,0.09481,0.35536,0.25658,0.45413,104
6336,Industrials & materials,2013-06-21,0.76754,-0.00691,-0.12069,0.10686,0.36645,0.26392,0.46898,104
6337,Industrials & materials,2013-06-28,0.77451,-0.00101,-0.11467,0.11264,0.36137,0.25874,0.46401,104
6338,Industrials & materials,2013-07-05,0.76758,0.00795,-0.10703,0.12292,0.38225,0.28031,0.48420,104
6339,Industrials & materials,2013-07-12,0.76972,0.00785,-0.10736,0.12306,0.38428,0.28217,0.48638,104
6340,Industrials & materials,2013-07-19,0.77138,0.00753,-0.10749,0.12255,0.38251,0.28048,0.48455,104
6341,Industrials & materials,2013-07-26,0.77392,0.00728,-0.10792,0.12249,0.38138,0.27905,0.48372,104
6342,Industrials & materials,2013-08-02,0.77712,0.00935,-0.10540,0.12410,0.32279,0.21549,0.43009,104
6343,Industrials & materials,2013-08-09,0.77780,0.00581,-0.11011,0.12174,0.31950,0.21226,0.42673,104
6344,Industrials & materials,2013-08-16,0.75689,0.01354,-0.09730,0.12439,0.31873,0.21251,0.42496,104
6345,Industrials & materials,2013-08-23,0.76425,0.01690,-0.09366,0.12746,0.32208,0.21520,0.42896,104
6346,Industrials & materials,2013-08-30,0.76204,0.01594,-0.09289,0.12477,0.31383,0.20767,0.41999,104
6347,Industrials & materials,2013-09-06,0.72888,0.02920,-0.07856,0.13697,0.31555,0.20885,0.42225,104
6348,Industrials & materials,2013-09-13,0.74100,0.02200,-0.08316,0.12715,0.31032,0.20598,0.41465,104
6349,Industrials & materials,2013-09-20,0.70132,0.01820,-0.08286,0.11926,0.25418,0.15204,0.35632,104
6350,Industrials & materials,2013-09-27,0.69837,0.01910,-0.08202,0.12023,0.25577,0.15366,0.35789,104
6351,Industrials & materials,2013-10-04,0.69304,0.02321,-0.07957,0.12598,0.26455,0.16163,0.36747,104
6352,Industrials & materials,2013-10-11,0.70222,0.02702,-0.08101,0.13506,0.24044,0.12875,0.35213,104
6353,Industrials & materials,2013-10-18,0.70491,0.01986,-0.09006,0.12978,0.24541,0.13340,0.35743,104
6354,Industrials & materials,2013-10-25,0.68523,0.02523,-0.08132,0.13177,0.22672,0.11677,0.33668,104
6355,Industrials & materials,2013-11-01,0.68214,0.01868,-0.08582,0.12318,0.22505,0.11648,0.33362,104
6356,Industrials & materials,2013-11-08,0.68534,0.01863,-0.08789,0.12515,0.22579,0.11477,0.33682,104
6357,Industrials & materials,2013-11-15,0.66411,-0.01163,-0.11131,0.08805,0.17713,0.07648,0.27779,104
6358,Industrials & materials,2013-11-22,0.64915,-0.00627,-0.10355,0.09102,0.16789,0.06884,0.26694,104
6359,Industrials & materials,2013-11-29,0.65422,-0.00673,-0.10327,0.08981,0.14955,0.04914,0.24996,104
6360,Industrials & materials,2013-12-06,0.63881,-0.00146,-0.09686,0.09394,0.14613,0.04690,0.24536,104
6361,Industrials & materials,2013-12-13,0.63287,-0.00252,-0.09849,0.09344,0.13570,0.03657,0.23483,104
6362,Industrials & materials,2013-12-20,0.62996,-0.00011,-0.09787,0.09765,0.12751,0.02595,0.22906,104
6363,Industrials & materials,2013-12-27,0.63349,-0.00134,-0.09862,0.09593,0.12752,0.02624,0.22879,104
6364,Industrials & materials,2014-01-03,0.63092,-0.01173,-0.10711,0.08365,0.11204,0.01316,0.21091,104
6365,Industrials & materials,2014-01-10,0.63042,-0.01428,-0.11079,0.08223,0.11327,0.01383,0.21271,104
6366,Industrials & materials,2014-01-17,0.61812,-0.00999,-0.10646,0.08648,0.11548,0.01572,0.21523,104
6367,Industrials & materials,2014-01-24,0.62176,-0.00827,-0.10528,0.08874,0.11555,0.01476,0.21633,104
6368,Industrials & materials,2014-01-31,0.61575,-0.01249,-0.10842,0.08344,0.10781,0.00938,0.20625,104
6369,Industrials & materials,2014-02-07,0.62328,-0.00699,-0.10482,0.09084,0.11726,0.01652,0.21801,104
6370,Industrials & materials,2014-02-14,0.61969,-0.00936,-0.10622,0.08749,0.11356,0.01410,0.21301,104
6371,Industrials & materials,2014-02-21,0.61614,-0.03255,-0.11942,0.05433,0.09043,0.00088,0.17999,104
6372,Industrials & materials,2014-02-28,0.61549,-0.03492,-0.12163,0.05178,0.08785,-0.00155,0.17726,104
6373,Industrials & materials,2014-03-07,0.61070,-0.03180,-0.11943,0.05584,0.09278,0.00290,0.18265,104
6374,Industrials & materials,2014-03-14,0.56759,-0.02416,-0.11292,0.06460,0.09231,0.00264,0.18197,104
6375,Industrials & materials,2014-03-21,0.58578,-0.02982,-0.11674,0.05711,0.08652,-0.00305,0.17610,104
6376,Industrials & materials,2014-03-28,0.58949,-0.03237,-0.11844,0.05369,0.08526,-0.00364,0.17416,104
6377,Industrials & materials,2014-04-04,0.59487,-0.03361,-0.11944,0.05223,0.08462,-0.00415,0.17339,104
6378,Industrials & materials,2014-04-11,0.60819,-0.03707,-0.12264,0.04850,0.08072,-0.00806,0.16951,104
6379,Industrials & materials,2014-04-18,0.60897,-0.04181,-0.12748,0.04386,0.08132,-0.00746,0.17011,104
6380,Industrials & materials,2014-04-25,0.62066,-0.04190,-0.12821,0.04442,0.08587,-0.00312,0.17486,104
6381,Industrials & materials,2014-05-02,0.63267,-0.04976,-0.14004,0.04051,0.07277,-0.02006,0.16561,104
6382,Industrials & materials,2014-05-09,0.63431,-0.05025,-0.14057,0.04008,0.07107,-0.02181,0.16395,104
6383,Industrials & materials,2014-05-16,0.59484,-0.05457,-0.15093,0.04180,0.03811,-0.06666,0.14288,104
6384,Industrials & materials,2014-05-23,0.59464,-0.05580,-0.15427,0.04268,0.03714,-0.06879,0.14307,104
6385,Industrials & materials,2014-05-30,0.63183,-0.01548,-0.09897,0.06801,0.05646,-0.03093,0.14385,104
6386,Industrials & materials,2014-06-06,0.62500,-0.01447,-0.09843,0.06950,0.05242,-0.03515,0.13998,104
6387,Industrials & materials,2014-06-13,0.62484,-0.01838,-0.10209,0.06533,0.04741,-0.04050,0.13532,104
6388,Industrials & materials,2014-06-20,0.62214,-0.02370,-0.11377,0.06636,0.03432,-0.06001,0.12866,104
6389,Industrials & materials,2014-06-27,0.57665,-0.05488,-0.15376,0.04400,-0.03316,-0.13367,0.06735,104
6390,Industrials & materials,2014-07-04,0.57967,-0.05835,-0.15739,0.04068,-0.04010,-0.14056,0.06036,104
6391,Industrials & materials,2014-07-11,0.61932,-0.03174,-0.11966,0.05617,-0.00420,-0.09373,0.08534,104
6392,Industrials & materials,2014-07-18,0.62934,-0.01594,-0.10062,0.06874,0.00624,-0.07964,0.09212,104
6393,Industrials & materials,2014-07-25,0.63100,-0.01611,-0.10139,0.06917,0.00707,-0.07954,0.09367,104
6394,Industrials & materials,2014-08-01,0.64563,-0.00954,-0.09562,0.07654,0.02682,-0.06137,0.11502,104
6395,Industrials & materials,2014-08-08,0.68136,-0.00567,-0.08891,0.07756,0.03145,-0.05407,0.11698,104
6396,Industrials & materials,2014-08-15,0.69724,-0.01711,-0.10084,0.06663,0.01031,-0.07428,0.09490,104
6397,Industrials & materials,2014-08-22,0.70909,-0.01691,-0.09979,0.06598,0.01130,-0.07241,0.09502,104
6398,Industrials & materials,2014-08-29,0.70876,-0.01829,-0.10212,0.06554,0.00976,-0.07473,0.09426,104
6399,Industrials & materials,2014-09-05,0.70840,-0.01214,-0.09355,0.06927,0.01409,-0.06802,0.09620,104
6400,Industrials & materials,2014-09-12,0.71234,0.00006,-0.08061,0.08073,0.02774,-0.05344,0.10892,104
6401,Industrials & materials,2014-09-19,0.71202,-0.00413,-0.08754,0.07928,0.03575,-0.04822,0.11972,104
6402,Industrials & materials,2014-09-26,0.71783,-0.00205,-0.08549,0.08139,0.04595,-0.03789,0.12978,104
6403,Industrials & materials,2014-10-03,0.73586,0.00446,-0.07804,0.08695,0.08056,-0.00137,0.16249,104
6404,Industrials & materials,2014-10-10,0.74978,0.01743,-0.06547,0.10034,0.12069,0.03739,0.20399,104
6405,Industrials & materials,2014-10-17,0.75465,-0.00279,-0.08408,0.07850,0.09758,0.01874,0.17642,104
6406,Industrials & materials,2014-10-24,0.76164,0.00106,-0.07917,0.08128,0.11109,0.03289,0.18930,104
6407,Industrials & materials,2014-10-31,0.77971,-0.00329,-0.08701,0.08043,0.11437,0.03365,0.19508,104
6408,Industrials & materials,2014-11-07,0.77282,0.00515,-0.07794,0.08824,0.13399,0.05412,0.21386,104
6409,Industrials & materials,2014-11-14,0.72349,0.06602,-0.05127,0.18330,0.16864,0.05571,0.28157,104
6410,Industrials & materials,2014-11-21,0.71898,0.05651,-0.04778,0.16080,0.15832,0.05873,0.25792,104
6411,Industrials & materials,2014-11-28,0.67728,0.00292,-0.09203,0.09786,0.16329,0.06688,0.25970,104
6412,Industrials & materials,2014-12-05,0.67948,-0.00302,-0.09851,0.09247,0.15941,0.06300,0.25582,104
6413,Industrials & materials,2014-12-12,0.66951,-0.02552,-0.12870,0.07766,0.15012,0.04683,0.25342,104
6414,Industrials & materials,2014-12-19,0.68733,-0.03164,-0.14081,0.07752,0.14749,0.04245,0.25253,104
6415,Industrials & materials,2014-12-26,0.69058,-0.03149,-0.14079,0.07782,0.15200,0.04747,0.25653,104
6416,Industrials & materials,2015-01-02,0.70524,-0.03649,-0.13863,0.06566,0.13956,0.04213,0.23699,104
6417,Industrials & materials,2015-01-09,0.70960,-0.04577,-0.13620,0.04467,0.11003,0.02432,0.19574,104
6418,Industrials & materials,2015-01-16,0.70330,-0.03517,-0.12500,0.05466,0.11727,0.03052,0.20402,104
6419,Industrials & materials,2015-01-23,0.72618,-0.03131,-0.12424,0.06162,0.13362,0.04092,0.22632,104
6420,Industrials & materials,2015-01-30,0.74123,-0.04827,-0.13310,0.03656,0.10226,0.01874,0.18578,104
6421,Industrials & materials,2015-02-06,0.73198,-0.06731,-0.15873,0.02410,0.08788,0.00319,0.17257,104
6422,Industrials & materials,2015-02-13,0.72922,-0.06642,-0.15794,0.02510,0.08834,0.00358,0.17310,104
6423,Industrials & materials,2015-02-20,0.71838,-0.05653,-0.14104,0.02797,0.09095,0.01149,0.17040,104
6424,Industrials & materials,2015-02-27,0.71863,-0.05690,-0.14045,0.02664,0.08907,0.01014,0.16801,104
6425,Industrials & materials,2015-03-06,0.71863,-0.05262,-0.13688,0.03165,0.09031,0.01059,0.17003,104
6426,Industrials & materials,2015-03-13,0.71959,-0.05287,-0.13348,0.02774,0.08903,0.01343,0.16464,104
6427,Industrials & materials,2015-03-20,0.73269,-0.05153,-0.13346,0.03040,0.09361,0.01534,0.17188,104
6428,Industrials & materials,2015-03-27,0.72714,-0.04834,-0.13129,0.03461,0.09509,0.01592,0.17425,104
6429,Industrials & materials,2015-04-03,0.72374,-0.05111,-0.13394,0.03172,0.08909,0.00951,0.16866,104
6430,Industrials & materials,2015-04-10,0.70420,-0.05042,-0.13285,0.03201,0.09117,0.01381,0.16852,104
6431,Industrials & materials,2015-04-17,0.71000,-0.05427,-0.12882,0.02028,0.07214,-0.00046,0.14475,104
6432,Industrials & materials,2015-04-24,0.72087,-0.05373,-0.12907,0.02160,0.06880,-0.00584,0.14345,104
6433,Industrials & materials,2015-05-01,0.73166,-0.06183,-0.13664,0.01298,0.05871,-0.01515,0.13256,104
6434,Industrials & materials,2015-05-08,0.72515,-0.05906,-0.13297,0.01484,0.05915,-0.01410,0.13241,104
6435,Industrials & materials,2015-05-15,0.72539,-0.06104,-0.13440,0.01231,0.05749,-0.01506,0.13004,104
6436,Industrials & materials,2015-05-22,0.72252,-0.06205,-0.13500,0.01090,0.05597,-0.01595,0.12789,104
6437,Industrials & materials,2015-05-29,0.71296,-0.05821,-0.13224,0.01582,0.05861,-0.01401,0.13122,104
6438,Industrials & materials,2015-06-05,0.72493,-0.06293,-0.13598,0.01011,0.06221,-0.00939,0.13381,104
6439,Industrials & materials,2015-06-12,0.73461,-0.06572,-0.13780,0.00635,0.05938,-0.01209,0.13086,104
6440,Industrials & materials,2015-06-19,0.73395,-0.06815,-0.14002,0.00373,0.05663,-0.01452,0.12778,104
6441,Industrials & materials,2015-06-26,0.73729,-0.06719,-0.13972,0.00534,0.05971,-0.01221,0.13163,104
6442,Industrials & materials,2015-07-03,0.74441,-0.06621,-0.14058,0.00816,0.06031,-0.01424,0.13486,104
6443,Industrials & materials,2015-07-10,0.73958,-0.05890,-0.13451,0.01670,0.06236,-0.01416,0.13888,104
6444,Industrials & materials,2015-07-17,0.73366,-0.05676,-0.13298,0.01946,0.06179,-0.01504,0.13862,104
6445,Industrials & materials,2015-07-24,0.73678,-0.05174,-0.13052,0.02704,0.06881,-0.01078,0.14841,104
6446,Industrials & materials,2015-07-31,0.73697,-0.05079,-0.13041,0.02882,0.06994,-0.01038,0.15026,104
6447,Industrials & materials,2015-08-07,0.73838,-0.05191,-0.12873,0.02491,0.06776,-0.00959,0.14511,104
6448,Industrials & materials,2015-08-14,0.77972,-0.06163,-0.13985,0.01659,0.06194,-0.01688,0.14076,104
6449,Industrials & materials,2015-08-21,0.78416,-0.06063,-0.13776,0.01649,0.07687,0.00007,0.15366,104
6450,Industrials & materials,2015-08-28,0.78347,-0.06171,-0.13489,0.01147,0.07501,0.00300,0.14702,104
6451,Industrials & materials,2015-09-04,0.78069,-0.06025,-0.13366,0.01315,0.07529,0.00286,0.14772,104
6452,Industrials & materials,2015-09-11,0.78043,-0.06074,-0.13425,0.01278,0.07609,0.00380,0.14839,104
6453,Industrials & materials,2015-09-18,0.78707,-0.06450,-0.13780,0.00879,0.07476,0.00256,0.14695,104
6454,Industrials & materials,2015-09-25,0.78629,-0.06320,-0.13599,0.00958,0.07374,0.00168,0.14579,104
6455,Industrials & materials,2015-10-02,0.78576,-0.06285,-0.13583,0.01013,0.07439,0.00225,0.14654,104
6456,Industrials & materials,2015-10-09,0.78750,-0.06217,-0.13425,0.00990,0.09697,0.02813,0.16581,104
6457,Industrials & materials,2015-10-16,0.79513,-0.06703,-0.13690,0.00284,0.09184,0.02545,0.15822,104
6458,Industrials & materials,2015-10-23,0.79458,-0.06718,-0.13846,0.00410,0.09780,0.03116,0.16443,104
6459,Industrials & materials,2015-10-30,0.79393,-0.06306,-0.13456,0.00844,0.09737,0.03028,0.16445,104
6460,Industrials & materials,2015-11-06,0.80563,-0.07071,-0.13983,-0.00159,0.08780,0.02190,0.15370,104
6461,Industrials & materials,2015-11-13,0.80320,-0.06892,-0.13883,0.00100,0.09425,0.02901,0.15949,104
6462,Industrials & materials,2015-11-20,0.81279,-0.07024,-0.14001,-0.00047,0.10028,0.03537,0.16520,104
6463,Industrials & materials,2015-11-27,0.81531,-0.07236,-0.14224,-0.00248,0.09851,0.03363,0.16339,104
6464,Industrials & materials,2015-12-04,0.82421,-0.07816,-0.14730,-0.00901,0.09969,0.03601,0.16336,104
6465,Industrials & materials,2015-12-11,0.82028,-0.08385,-0.15050,-0.01720,0.09726,0.03854,0.15598,104
6466,Industrials & materials,2015-12-18,0.81616,-0.08670,-0.15315,-0.02025,0.09247,0.03432,0.15062,104
6467,Industrials & materials,2015-12-25,0.82057,-0.08637,-0.15295,-0.01979,0.09457,0.03644,0.15270,104
6468,Industrials & materials,2016-01-01,0.82631,-0.08873,-0.15620,-0.02127,0.09349,0.03469,0.15228,104
6469,Industrials & materials,2016-01-08,0.85831,-0.08751,-0.15607,-0.01896,0.12168,0.06083,0.18254,104
6470,Industrials & materials,2016-01-15,0.86538,-0.08590,-0.15478,-0.01701,0.13485,0.07324,0.19645,104
6471,Industrials & materials,2016-01-22,0.86315,-0.08977,-0.15918,-0.02035,0.13713,0.07802,0.19624,104
6472,Industrials & materials,2016-01-29,0.86075,-0.08871,-0.15614,-0.02129,0.13423,0.07706,0.19139,104
6473,Industrials & materials,2016-02-05,0.85949,-0.08991,-0.15721,-0.02261,0.13045,0.07327,0.18762,104
6474,Industrials & materials,2016-02-12,0.83328,-0.08438,-0.15036,-0.01840,0.13194,0.07541,0.18848,104
6475,Industrials & materials,2016-02-19,0.83240,-0.08258,-0.14796,-0.01721,0.13311,0.07627,0.18994,104
6476,Industrials & materials,2016-02-26,0.83169,-0.08438,-0.14854,-0.02022,0.13397,0.07844,0.18949,104
6477,Industrials & materials,2016-03-04,0.83213,-0.08426,-0.14666,-0.02186,0.13782,0.08511,0.19053,104
6478,Industrials & materials,2016-03-11,0.85948,-0.09382,-0.15378,-0.03386,0.13237,0.07999,0.18476,104
6479,Industrials & materials,2016-03-18,0.85692,-0.09143,-0.15182,-0.03105,0.13479,0.08232,0.18725,104
6480,Industrials & materials,2016-03-25,0.85459,-0.09261,-0.15285,-0.03237,0.13277,0.08068,0.18486,104
6481,Industrials & materials,2016-04-01,0.85021,-0.09179,-0.15188,-0.03171,0.13352,0.08163,0.18541,104
6482,Industrials & materials,2016-04-08,0.84939,-0.09002,-0.14987,-0.03017,0.13158,0.08013,0.18302,104
6483,Industrials & materials,2016-04-15,0.84971,-0.08962,-0.14942,-0.02982,0.13424,0.08288,0.18559,104
6484,Industrials & materials,2016-04-22,0.84464,-0.09052,-0.14990,-0.03114,0.13123,0.08074,0.18172,104
6485,Industrials & materials,2016-04-29,0.83933,-0.08611,-0.14572,-0.02649,0.13404,0.08399,0.18409,104
6486,Industrials & materials,2016-05-06,0.83904,-0.08523,-0.14477,-0.02569,0.13552,0.08592,0.18511,104
6487,Industrials & materials,2016-05-13,0.84510,-0.09403,-0.15308,-0.03499,0.12550,0.07675,0.17424,104
6488,Industrials & materials,2016-05-20,0.84932,-0.09435,-0.15338,-0.03531,0.12647,0.07774,0.17520,104
6489,Industrials & materials,2016-05-27,0.85417,-0.09485,-0.15396,-0.03574,0.12849,0.07974,0.17724,104
6490,Industrials & materials,2016-06-03,0.85563,-0.09472,-0.15375,-0.03568,0.12803,0.07924,0.17682,104
6491,Industrials & materials,2016-06-10,0.85697,-0.09491,-0.15426,-0.03556,0.12866,0.07955,0.17778,104
6492,Industrials & materials,2016-06-17,0.86051,-0.09457,-0.15401,-0.03513,0.13075,0.08151,0.18000,104
6493,Industrials & materials,2016-06-24,0.86036,-0.09387,-0.15343,-0.03430,0.13097,0.08158,0.18037,104
6494,Industrials & materials,2016-07-01,0.85727,-0.09321,-0.15326,-0.03316,0.13479,0.08555,0.18404,104
6495,Industrials & materials,2016-07-08,0.84953,-0.08970,-0.14915,-0.03025,0.13101,0.08199,0.18003,104
6496,Industrials & materials,2016-07-15,0.85430,-0.08889,-0.14870,-0.02908,0.13383,0.08387,0.18378,104
6497,Industrials & materials,2016-07-22,0.85121,-0.08717,-0.14703,-0.02730,0.13286,0.08269,0.18303,104
6498,Industrials & materials,2016-07-29,0.84602,-0.09364,-0.15234,-0.03494,0.12420,0.07592,0.17248,104
6499,Industrials & materials,2016-08-05,0.83095,-0.08794,-0.14489,-0.03099,0.12499,0.07737,0.17260,104
6500,Industrials & materials,2016-08-12,0.82272,-0.08312,-0.14009,-0.02615,0.12873,0.08157,0.17590,104
6501,Industrials & materials,2016-08-19,0.81168,-0.07603,-0.13188,-0.02019,0.12295,0.07590,0.17000,104
6502,Industrials & materials,2016-08-26,0.81167,-0.07494,-0.13085,-0.01903,0.12344,0.07621,0.17068,104
6503,Industrials & materials,2016-09-02,0.81508,-0.07633,-0.13113,-0.02154,0.11985,0.07328,0.16643,104
6504,Industrials & materials,2016-09-09,0.81232,-0.07540,-0.13090,-0.01990,0.11913,0.07205,0.16621,104
6505,Industrials & materials,2016-09-16,0.81384,-0.07467,-0.13024,-0.01910,0.12256,0.07555,0.16957,104
6506,Industrials & materials,2016-09-23,0.80815,-0.07373,-0.12911,-0.01835,0.12251,0.07567,0.16935,104
6507,Industrials & materials,2016-09-30,0.80734,-0.08058,-0.13548,-0.02567,0.10973,0.06319,0.15627,104
6508,Industrials & materials,2016-10-07,0.79401,-0.07740,-0.13140,-0.02340,0.10622,0.06052,0.15193,104
6509,Industrials & materials,2016-10-14,0.78724,-0.07482,-0.12970,-0.01994,0.10986,0.06301,0.15670,104
6510,Industrials & materials,2016-10-21,0.77895,-0.07413,-0.12925,-0.01901,0.10668,0.06063,0.15272,104
6511,Industrials & materials,2016-10-28,0.76505,-0.06977,-0.12611,-0.01344,0.10686,0.06139,0.15233,104
6512,Industrials & materials,2016-11-04,0.76641,-0.06978,-0.12544,-0.01411,0.10948,0.06514,0.15382,104
6513,Industrials & materials,2016-11-11,0.80784,-0.08925,-0.14249,-0.03602,0.10690,0.05849,0.15530,104
6514,Industrials & materials,2016-11-18,0.80975,-0.08951,-0.14213,-0.03688,0.10637,0.05932,0.15342,104
6515,Industrials & materials,2016-11-25,0.82835,-0.08242,-0.13250,-0.03234,0.10239,0.06172,0.14307,104
6516,Industrials & materials,2016-12-02,0.82071,-0.07523,-0.12168,-0.02878,0.09290,0.05353,0.13228,104
6517,Industrials & materials,2016-12-09,0.81133,-0.06573,-0.11174,-0.01971,0.09346,0.05569,0.13123,104
6518,Industrials & materials,2016-12-16,0.80626,-0.06551,-0.11185,-0.01917,0.09334,0.05601,0.13068,104
6519,Industrials & materials,2016-12-23,0.80342,-0.06529,-0.11158,-0.01900,0.09289,0.05561,0.13018,104
6520,Industrials & materials,2016-12-30,0.80262,-0.06360,-0.11116,-0.01604,0.09723,0.05845,0.13601,104
6521,Industrials & materials,2017-01-06,0.79805,-0.06002,-0.11060,-0.00944,0.10984,0.06829,0.15139,104
6522,Industrials & materials,2017-01-13,0.80140,-0.06555,-0.11869,-0.01241,0.10535,0.06240,0.14829,104
6523,Industrials & materials,2017-01-20,0.78154,-0.06345,-0.11465,-0.01225,0.10077,0.05684,0.14470,104
6524,Industrials & materials,2017-01-27,0.77902,-0.06004,-0.11131,-0.00877,0.11189,0.06893,0.15485,104
6525,Industrials & materials,2017-02-03,0.78901,-0.05138,-0.10259,-0.00017,0.11810,0.07663,0.15957,104
6526,Industrials & materials,2017-02-10,0.78705,-0.04971,-0.10185,0.00243,0.11945,0.07766,0.16125,104
6527,Industrials & materials,2017-02-17,0.79468,-0.05822,-0.10820,-0.00825,0.11583,0.07639,0.15527,104
6528,Industrials & materials,2017-02-24,0.79458,-0.05811,-0.10840,-0.00783,0.11686,0.07726,0.15645,104
6529,Industrials & materials,2017-03-03,0.79666,-0.06036,-0.11121,-0.00952,0.11723,0.07746,0.15700,104
6530,Industrials & materials,2017-03-10,0.78553,-0.05106,-0.10336,0.00123,0.11827,0.07648,0.16006,104
6531,Industrials & materials,2017-03-17,0.77804,-0.05063,-0.10281,0.00155,0.11656,0.07521,0.15791,104
6532,Industrials & materials,2017-03-24,0.78704,-0.05329,-0.10561,-0.00096,0.11777,0.07640,0.15915,104
6533,Industrials & materials,2017-03-31,0.77989,-0.05036,-0.10299,0.00227,0.11638,0.07419,0.15857,104
6534,Industrials & materials,2017-04-07,0.80392,-0.05325,-0.10805,0.00155,0.11554,0.07292,0.15816,104
6535,Industrials & materials,2017-04-14,0.80294,-0.05172,-0.10948,0.00605,0.12663,0.08266,0.17060,104
6536,Industrials & materials,2017-04-21,0.80270,-0.04841,-0.10601,0.00919,0.13191,0.08844,0.17538,104
6537,Industrials & materials,2017-04-28,0.78731,-0.04327,-0.10103,0.01449,0.13566,0.09237,0.17895,104
6538,Industrials & materials,2017-05-05,0.77582,-0.03639,-0.09669,0.02392,0.13628,0.09133,0.18122,104
6539,Industrials & materials,2017-05-12,0.77546,-0.03653,-0.09648,0.02341,0.13672,0.09227,0.18118,104
6540,Industrials & materials,2017-05-19,0.77443,-0.03493,-0.09472,0.02487,0.13603,0.09145,0.18060,104
6541,Industrials & materials,2017-05-26,0.78178,-0.03748,-0.09707,0.02212,0.13539,0.09124,0.17953,104
6542,Industrials & materials,2017-06-02,0.78609,-0.03986,-0.10005,0.02034,0.13561,0.09171,0.17950,104
6543,Industrials & materials,2017-06-09,0.78119,-0.03805,-0.09822,0.02211,0.13737,0.09386,0.18087,104
6544,Industrials & materials,2017-06-16,0.78144,-0.03805,-0.09823,0.02213,0.13763,0.09415,0.18111,104
6545,Industrials & materials,2017-06-23,0.77488,-0.03965,-0.09980,0.02049,0.13437,0.09155,0.17719,104
6546,Industrials & materials,2017-06-30,0.77045,-0.04007,-0.09969,0.01956,0.13131,0.08909,0.17352,104
6547,Industrials & materials,2017-07-07,0.77656,-0.04524,-0.10420,0.01371,0.12998,0.08868,0.17127,104
6548,Industrials & materials,2017-07-14,0.77930,-0.04810,-0.10811,0.01191,0.13304,0.09177,0.17431,104
6549,Industrials & materials,2017-07-21,0.77599,-0.04900,-0.10965,0.01164,0.13097,0.08995,0.17199,104
6550,Industrials & materials,2017-07-28,0.77835,-0.05401,-0.11504,0.00702,0.12523,0.08439,0.16608,104
6551,Industrials & materials,2017-08-04,0.77659,-0.05251,-0.11419,0.00918,0.12893,0.08707,0.17078,104
6552,Industrials & materials,2017-08-11,0.72964,-0.04032,-0.09557,0.01493,0.13148,0.08991,0.17304,104
6553,Industrials & materials,2017-08-18,0.72619,-0.04144,-0.09672,0.01384,0.12217,0.07901,0.16533,104
6554,Industrials & materials,2017-08-25,0.72389,-0.03908,-0.09553,0.01738,0.12720,0.08294,0.17147,104
6555,Industrials & materials,2017-09-01,0.72789,-0.03969,-0.09600,0.01661,0.12675,0.08248,0.17102,104
6556,Industrials & materials,2017-09-08,0.72944,-0.03995,-0.09642,0.01652,0.12576,0.08122,0.17029,104
6557,Industrials & materials,2017-09-15,0.72291,-0.03913,-0.09590,0.01764,0.12649,0.08179,0.17119,104
6558,Industrials & materials,2017-09-22,0.72386,-0.04053,-0.09775,0.01669,0.12721,0.08247,0.17195,104
6559,Industrials & materials,2017-09-29,0.72222,-0.04097,-0.09824,0.01629,0.12673,0.08184,0.17163,104
6560,Industrials & materials,2017-10-06,0.71936,-0.04484,-0.10175,0.01206,0.10939,0.06265,0.15613,104
6561,Industrials & materials,2017-10-13,0.71637,-0.04139,-0.10008,0.01731,0.11419,0.06635,0.16204,104
6562,Industrials & materials,2017-10-20,0.73122,-0.04765,-0.10891,0.01360,0.11216,0.06341,0.16090,104
6563,Industrials & materials,2017-10-27,0.74354,-0.05670,-0.12407,0.01066,0.10775,0.05638,0.15911,104
6564,Industrials & materials,2017-11-03,0.72225,-0.04476,-0.10565,0.01613,0.12018,0.07202,0.16835,104
6565,Industrials & materials,2017-11-10,0.73750,-0.04595,-0.10886,0.01696,0.11733,0.06787,0.16679,104
6566,Industrials & materials,2017-11-17,0.72959,-0.04540,-0.10786,0.01705,0.11542,0.06566,0.16517,104
6567,Industrials & materials,2017-11-24,0.72750,-0.04393,-0.10561,0.01776,0.11643,0.06674,0.16611,104
6568,Industrials & materials,2017-12-01,0.73194,-0.04193,-0.10299,0.01913,0.11782,0.06920,0.16644,104
6569,Industrials & materials,2017-12-08,0.73272,-0.03330,-0.09128,0.02468,0.12322,0.07455,0.17190,104
6570,Industrials & materials,2017-12-15,0.73440,-0.03183,-0.08908,0.02542,0.12443,0.07543,0.17344,104
6571,Industrials & materials,2017-12-22,0.73252,-0.02885,-0.08551,0.02781,0.12761,0.07852,0.17669,104
6572,Industrials & materials,2017-12-29,0.72339,-0.02031,-0.07566,0.03504,0.13587,0.08333,0.18841,104
6573,Industrials & materials,2018-01-05,0.65354,-0.02038,-0.07441,0.03366,0.09938,0.05275,0.14601,104
6574,Industrials & materials,2018-01-12,0.63217,-0.02562,-0.07955,0.02831,0.07695,0.02913,0.12477,104
6575,Industrials & materials,2018-01-19,0.64163,-0.02436,-0.07821,0.02950,0.07768,0.03014,0.12522,104
6576,Industrials & materials,2018-01-26,0.66185,-0.03118,-0.08792,0.02557,0.07219,0.02226,0.12212,104
6577,Industrials & materials,2018-02-02,0.65859,-0.02976,-0.08640,0.02688,0.07521,0.02579,0.12464,104
6578,Industrials & materials,2018-02-09,0.67801,-0.03982,-0.10198,0.02233,0.06685,0.01433,0.11936,104
6579,Industrials & materials,2018-02-16,0.66046,-0.03556,-0.09880,0.02769,0.07381,0.02237,0.12526,104
6580,Industrials & materials,2018-02-23,0.66281,-0.03495,-0.09825,0.02834,0.07207,0.02000,0.12414,104
6581,Industrials & materials,2018-03-02,0.69036,-0.03581,-0.10110,0.02947,0.07447,0.01987,0.12907,104
6582,Industrials & materials,2018-03-09,0.68682,-0.03369,-0.09958,0.03219,0.07972,0.02486,0.13459,104
6583,Industrials & materials,2018-03-16,0.68281,-0.03437,-0.09973,0.03099,0.07766,0.02278,0.13253,104
6584,Industrials & materials,2018-03-23,0.68960,-0.03587,-0.09926,0.02752,0.07163,0.01781,0.12544,104
6585,Industrials & materials,2018-03-30,0.70614,-0.03989,-0.10490,0.02512,0.06657,0.01170,0.12143,104
6586,Industrials & materials,2018-04-06,0.69709,-0.03487,-0.09919,0.02945,0.07184,0.01749,0.12619,104
6587,Industrials & materials,2018-04-13,0.69291,-0.03566,-0.09911,0.02779,0.07289,0.02040,0.12539,104
6588,Industrials & materials,2018-04-20,0.69738,-0.03378,-0.09758,0.03001,0.07428,0.02101,0.12754,104
6589,Industrials & materials,2018-04-27,0.69402,-0.03743,-0.10297,0.02811,0.06884,0.01391,0.12377,104
6590,Industrials & materials,2018-05-04,0.69297,-0.03788,-0.10433,0.02857,0.06509,0.00856,0.12163,104
6591,Industrials & materials,2018-05-11,0.68991,-0.02800,-0.09212,0.03611,0.07736,0.02169,0.13302,104
6592,Industrials & materials,2018-05-18,0.68516,-0.02825,-0.09219,0.03568,0.07647,0.02106,0.13188,104
6593,Industrials & materials,2018-05-25,0.63894,-0.02609,-0.08846,0.03629,0.07492,0.02066,0.12918,104
6594,Industrials & materials,2018-06-01,0.66961,-0.02866,-0.09268,0.03535,0.07802,0.02320,0.13285,104
6595,Industrials & materials,2018-06-08,0.66712,-0.02806,-0.09219,0.03606,0.07785,0.02285,0.13285,104
6596,Industrials & materials,2018-06-15,0.65620,-0.02765,-0.09059,0.03530,0.07266,0.01886,0.12645,104
6597,Industrials & materials,2018-06-22,0.69023,-0.03920,-0.10581,0.02741,0.06393,0.00905,0.11880,104
6598,Industrials & materials,2018-06-29,0.68662,-0.03899,-0.10389,0.02591,0.05818,0.00403,0.11233,104
6599,Industrials & materials,2018-07-06,0.68936,-0.03517,-0.10081,0.03046,0.06377,0.00742,0.12012,104
6600,Industrials & materials,2018-07-13,0.67096,-0.03390,-0.09859,0.03078,0.06190,0.00515,0.11865,104
6601,Industrials & materials,2018-07-20,0.67186,-0.03443,-0.10059,0.03173,0.06240,0.00407,0.12072,104
6602,Industrials & materials,2018-07-27,0.70071,-0.02172,-0.08756,0.04412,0.07528,0.01781,0.13274,104
6603,Industrials & materials,2018-08-03,0.70356,-0.02231,-0.08870,0.04407,0.07677,0.01892,0.13461,104
6604,Industrials & materials,2018-08-10,0.69957,-0.02340,-0.08989,0.04308,0.07422,0.01600,0.13243,104
6605,Industrials & materials,2018-08-17,0.72076,-0.03185,-0.10338,0.03967,0.08103,0.02026,0.14181,104
6606,Industrials & materials,2018-08-24,0.73332,-0.02227,-0.09616,0.05163,0.09584,0.03042,0.16127,104
6607,Industrials & materials,2018-08-31,0.72639,-0.01760,-0.09432,0.05912,0.10427,0.03691,0.17163,104
6608,Industrials & materials,2018-09-07,0.74747,-0.02240,-0.10070,0.05590,0.10558,0.03648,0.17467,104
6609,Industrials & materials,2018-09-14,0.74778,-0.02210,-0.10049,0.05628,0.09920,0.02905,0.16934,104
6610,Industrials & materials,2018-09-21,0.76052,-0.02381,-0.10323,0.05562,0.10022,0.02956,0.17088,104
6611,Industrials & materials,2018-09-28,0.75425,-0.01172,-0.09018,0.06673,0.11456,0.04470,0.18443,104
6612,Industrials & materials,2018-10-05,0.76880,-0.01716,-0.09746,0.06314,0.11081,0.03912,0.18250,104
6613,Industrials & materials,2018-10-12,0.81174,-0.01800,-0.09985,0.06385,0.12740,0.05413,0.20067,104
6614,Industrials & materials,2018-10-19,0.80409,-0.01470,-0.09555,0.06615,0.12902,0.05568,0.20236,104
6615,Industrials & materials,2018-10-26,0.83744,-0.01852,-0.10270,0.06566,0.14122,0.06449,0.21794,104
6616,Industrials & materials,2018-11-02,0.90228,-0.04192,-0.14064,0.05680,0.10309,0.01958,0.18659,104
6617,Industrials & materials,2018-11-09,0.87953,-0.03893,-0.13785,0.06000,0.10200,0.02021,0.18378,104
6618,Industrials & materials,2018-11-16,0.86663,-0.04547,-0.15065,0.05972,0.09742,0.01135,0.18348,104
6619,Industrials & materials,2018-11-23,0.86573,-0.04789,-0.14972,0.05394,0.11187,0.03447,0.18927,104
6620,Industrials & materials,2018-11-30,0.88024,-0.06143,-0.17667,0.05380,0.12968,0.04361,0.21575,104
6621,Industrials & materials,2018-12-07,0.95964,-0.08795,-0.20430,0.02839,0.10962,0.01994,0.19929,104
6622,Industrials & materials,2018-12-14,0.94120,-0.08696,-0.20393,0.03001,0.11006,0.02002,0.20011,104
6623,Industrials & materials,2018-12-21,0.94698,-0.08143,-0.19222,0.02936,0.12495,0.04354,0.20636,104
6624,Industrials & materials,2018-12-28,0.94642,-0.08478,-0.19527,0.02570,0.12152,0.04081,0.20224,104
6625,Industrials & materials,2019-01-04,0.94009,-0.08928,-0.19863,0.02007,0.12349,0.04624,0.20075,104
6626,Industrials & materials,2019-01-11,0.93811,-0.07620,-0.18706,0.03465,0.13718,0.05914,0.21522,104
6627,Industrials & materials,2019-01-18,0.93181,-0.08062,-0.19045,0.02922,0.13237,0.05624,0.20851,104
6628,Industrials & materials,2019-01-25,0.91431,-0.07782,-0.18807,0.03243,0.13309,0.05747,0.20870,104
6629,Industrials & materials,2019-02-01,0.91326,-0.07736,-0.18881,0.03410,0.13527,0.05976,0.21078,104
6630,Industrials & materials,2019-02-08,0.92569,-0.08056,-0.19178,0.03066,0.13464,0.05850,0.21078,104
6631,Industrials & materials,2019-02-15,0.97724,-0.07531,-0.18674,0.03612,0.16013,0.07777,0.24248,104
6632,Industrials & materials,2019-02-22,0.97869,-0.07515,-0.18655,0.03625,0.16084,0.07820,0.24348,104
6633,Industrials & materials,2019-03-01,0.97979,-0.07458,-0.18560,0.03645,0.16191,0.07929,0.24453,104
6634,Industrials & materials,2019-03-08,1.00538,-0.09100,-0.20277,0.02077,0.16756,0.08623,0.24888,104
6635,Industrials & materials,2019-03-15,1.01621,-0.09153,-0.20287,0.01981,0.17122,0.08944,0.25300,104
6636,Industrials & materials,2019-03-22,1.01501,-0.09173,-0.20296,0.01951,0.16934,0.08759,0.25109,104
6637,Industrials & materials,2019-03-29,1.00655,-0.09065,-0.20221,0.02092,0.17090,0.08957,0.25223,104
6638,Industrials & materials,2019-04-05,1.02288,-0.09389,-0.20523,0.01746,0.17660,0.09434,0.25887,104
6639,Industrials & materials,2019-04-12,1.01859,-0.09200,-0.20364,0.01964,0.17668,0.09426,0.25911,104
6640,Industrials & materials,2019-04-19,1.02023,-0.09459,-0.20649,0.01731,0.17305,0.08903,0.25707,104
6641,Industrials & materials,2019-04-26,1.03406,-0.09894,-0.20712,0.00924,0.17312,0.08989,0.25635,104
6642,Industrials & materials,2019-05-03,1.07997,-0.12394,-0.21912,-0.02875,0.17267,0.09508,0.25026,104
6643,Industrials & materials,2019-05-10,1.08099,-0.12305,-0.21844,-0.02766,0.17306,0.09467,0.25146,104
6644,Industrials & materials,2019-05-17,1.08550,-0.12868,-0.22563,-0.03174,0.17481,0.09589,0.25374,104
6645,Industrials & materials,2019-05-24,1.08142,-0.12204,-0.21939,-0.02468,0.17743,0.09833,0.25654,104
6646,Industrials & materials,2019-05-31,1.07782,-0.12447,-0.22117,-0.02776,0.18011,0.10306,0.25715,104
6647,Industrials & materials,2019-06-07,1.06234,-0.11852,-0.21681,-0.02023,0.17838,0.10004,0.25672,104
6648,Industrials & materials,2019-06-14,1.06872,-0.11591,-0.21594,-0.01588,0.18248,0.10234,0.26262,104
6649,Industrials & materials,2019-06-21,1.06482,-0.10357,-0.20768,0.00054,0.19308,0.11008,0.27609,104
6650,Industrials & materials,2019-06-28,1.05602,-0.10000,-0.20727,0.00728,0.19506,0.11014,0.27998,104
6651,Industrials & materials,2019-07-05,1.01571,-0.08093,-0.19977,0.03790,0.19441,0.10429,0.28452,104
6652,Industrials & materials,2019-07-12,1.03807,-0.08720,-0.19930,0.02489,0.18339,0.09435,0.27243,104
6653,Industrials & materials,2019-07-19,1.04397,-0.09156,-0.20114,0.01803,0.18407,0.09842,0.26971,104
6654,Industrials & materials,2019-07-26,1.04087,-0.08502,-0.20122,0.03118,0.19576,0.10502,0.28650,104
6655,Industrials & materials,2019-08-02,1.04538,-0.08514,-0.20141,0.03113,0.19908,0.10841,0.28975,104
6656,Industrials & materials,2019-08-09,1.05478,-0.08402,-0.19989,0.03184,0.20391,0.11368,0.29414,104
6657,Industrials & materials,2019-08-16,1.07869,-0.09073,-0.20624,0.02478,0.20414,0.11319,0.29510,104
6658,Industrials & materials,2019-08-23,1.08514,-0.09227,-0.20740,0.02287,0.20566,0.11495,0.29637,104
6659,Industrials & materials,2019-08-30,1.10597,-0.09609,-0.21155,0.01937,0.21054,0.11981,0.30127,104
6660,Industrials & materials,2019-09-06,1.10689,-0.09563,-0.21209,0.02083,0.21380,0.12265,0.30495,104
6661,Industrials & materials,2019-09-13,1.14510,-0.10715,-0.22259,0.00829,0.20589,0.11602,0.29577,104
6662,Industrials & materials,2019-09-20,1.15125,-0.12346,-0.24550,-0.00142,0.18904,0.09699,0.28109,104
6663,Industrials & materials,2019-09-27,1.14908,-0.12479,-0.24699,-0.00260,0.19064,0.09839,0.28288,104
6664,Industrials & materials,2019-10-04,1.14316,-0.11828,-0.23940,0.00284,0.19929,0.10923,0.28934,104
6665,Industrials & materials,2019-10-11,1.13512,-0.11914,-0.24080,0.00252,0.19824,0.10714,0.28933,104
6666,Industrials & materials,2019-10-18,1.12625,-0.11368,-0.23429,0.00693,0.19956,0.10895,0.29018,104
6667,Industrials & materials,2019-10-25,1.12051,-0.10373,-0.22441,0.01695,0.20897,0.11806,0.29988,104
6668,Industrials & materials,2019-11-01,1.12123,-0.10524,-0.22510,0.01463,0.20573,0.11511,0.29636,104
6669,Industrials & materials,2019-11-08,1.11069,-0.09932,-0.22082,0.02218,0.21258,0.12156,0.30360,104
6670,Industrials & materials,2019-11-15,1.09648,-0.09406,-0.21541,0.02729,0.21093,0.11989,0.30197,104
6671,Industrials & materials,2019-11-22,1.09531,-0.09519,-0.21683,0.02646,0.20966,0.11851,0.30082,104
6672,Industrials & materials,2019-11-29,1.09075,-0.09586,-0.21658,0.02485,0.20821,0.11828,0.29813,104
6673,Industrials & materials,2019-12-06,1.10027,-0.10053,-0.22035,0.01929,0.20478,0.11529,0.29427,104
6674,Industrials & materials,2019-12-13,1.10047,-0.09884,-0.21854,0.02085,0.20667,0.11736,0.29599,104
6675,Industrials & materials,2019-12-20,1.08549,-0.09931,-0.21924,0.02061,0.20110,0.11179,0.29041,104
6676,Industrials & materials,2019-12-27,1.08173,-0.09844,-0.21814,0.02127,0.19978,0.11031,0.28925,104
6677,Industrials & materials,2020-01-03,1.10553,-0.10196,-0.22145,0.01754,0.20124,0.11222,0.29026,104
6678,Industrials & materials,2020-01-10,1.09931,-0.09354,-0.21224,0.02515,0.20434,0.11538,0.29329,104
6679,Industrials & materials,2020-01-17,1.10057,-0.09461,-0.21301,0.02378,0.20332,0.11426,0.29237,104
6680,Industrials & materials,2020-01-24,1.07119,-0.07239,-0.19554,0.05075,0.21800,0.12581,0.31019,104
6681,Industrials & materials,2020-01-31,1.07971,-0.07186,-0.19527,0.05155,0.22422,0.13236,0.31608,104
6682,Industrials & materials,2020-02-07,1.11305,-0.07783,-0.19443,0.03876,0.21254,0.12377,0.30132,104
6683,Industrials & materials,2020-02-14,1.11012,-0.06312,-0.17877,0.05253,0.21986,0.12849,0.31123,104
6684,Industrials & materials,2020-02-21,1.11221,-0.05964,-0.17622,0.05693,0.22285,0.12947,0.31622,104
6685,Industrials & materials,2020-02-28,1.12287,-0.05977,-0.17633,0.05680,0.29923,0.21447,0.38399,104
6686,Industrials & materials,2020-03-06,1.13371,-0.06885,-0.17945,0.04175,0.29158,0.21429,0.36887,104
6687,Industrials & materials,2020-03-13,1.14381,-0.07013,-0.17913,0.03888,0.39395,0.34019,0.44772,104
6688,Industrials & materials,2020-03-20,1.11048,-0.04629,-0.13505,0.04247,0.34846,0.29834,0.39858,104
6689,Industrials & materials,2020-03-27,1.10782,-0.04591,-0.13165,0.03984,0.34217,0.29300,0.39134,104
6690,Industrials & materials,2020-04-03,1.12596,-0.05679,-0.12288,0.00929,0.29944,0.26264,0.33625,104
6691,Industrials & materials,2020-04-10,1.14167,-0.05937,-0.12289,0.00414,0.29711,0.26074,0.33348,104
6692,Industrials & materials,2020-04-17,1.14493,-0.06197,-0.11701,-0.00692,0.26910,0.23424,0.30396,104
6693,Industrials & materials,2020-04-24,1.14447,-0.05968,-0.10335,-0.01602,0.23319,0.20320,0.26319,104
6694,Industrials & materials,2020-05-01,1.14284,-0.06441,-0.10803,-0.02080,0.23004,0.20016,0.25992,104
6695,Industrials & materials,2020-05-08,1.10733,-0.04533,-0.09076,0.00010,0.21422,0.18404,0.24440,104
6696,Industrials & materials,2020-05-15,1.12242,-0.04997,-0.09121,-0.00873,0.20894,0.18014,0.23775,104
6697,Industrials & materials,2020-05-22,1.13950,-0.05311,-0.09478,-0.01145,0.21075,0.18242,0.23908,104
6698,Industrials & materials,2020-05-29,1.13738,-0.05333,-0.09465,-0.01201,0.21000,0.18156,0.23844,104
6699,Industrials & materials,2020-06-05,1.14875,-0.04835,-0.09033,-0.00637,0.22549,0.19331,0.25768,104
6700,Industrials & materials,2020-06-12,1.14629,-0.04954,-0.09144,-0.00763,0.22666,0.19597,0.25735,104
6701,Industrials & materials,2020-06-19,1.10860,-0.03184,-0.08421,0.02053,0.23219,0.19470,0.26968,104
6702,Industrials & materials,2020-06-26,1.11459,-0.03267,-0.08484,0.01949,0.23510,0.19673,0.27347,104
6703,Industrials & materials,2020-07-03,1.11830,-0.03402,-0.08540,0.01737,0.23515,0.19722,0.27308,104
6704,Industrials & materials,2020-07-10,1.11579,-0.03337,-0.08485,0.01810,0.23513,0.19727,0.27299,104
6705,Industrials & materials,2020-07-17,1.10715,-0.03167,-0.08365,0.02030,0.23543,0.19742,0.27345,104
6706,Industrials & materials,2020-07-24,1.10947,-0.03270,-0.08460,0.01920,0.23435,0.19625,0.27245,104
6707,Industrials & materials,2020-07-31,1.10495,-0.03166,-0.08335,0.02002,0.23420,0.19621,0.27220,104
6708,Industrials & materials,2020-08-07,1.09685,-0.03074,-0.08276,0.02127,0.23461,0.19655,0.27268,104
6709,Industrials & materials,2020-08-14,1.09097,-0.02976,-0.08223,0.02271,0.23447,0.19622,0.27273,104
6710,Industrials & materials,2020-08-21,1.08660,-0.03076,-0.08318,0.02165,0.23194,0.19359,0.27028,104
6711,Industrials & materials,2020-08-28,1.08726,-0.03133,-0.08383,0.02116,0.23176,0.19336,0.27016,104
6712,Industrials & materials,2020-09-04,1.08438,-0.03091,-0.08336,0.02154,0.23210,0.19372,0.27047,104
6713,Industrials & materials,2020-09-11,1.08694,-0.03112,-0.08255,0.02032,0.22890,0.19072,0.26709,104
6714,Industrials & materials,2020-09-18,1.08466,-0.02973,-0.08065,0.02118,0.22787,0.19008,0.26567,104
6715,Industrials & materials,2020-09-25,1.08280,-0.02913,-0.08005,0.02179,0.22876,0.19063,0.26690,104
6716,Industrials & materials,2020-10-02,1.07494,-0.02615,-0.07697,0.02468,0.22736,0.18875,0.26597,104
6717,Industrials & materials,2020-10-09,1.06831,-0.02626,-0.07629,0.02377,0.22475,0.18678,0.26272,104
6718,Industrials & materials,2020-10-16,1.07109,-0.02696,-0.07683,0.02290,0.22466,0.18692,0.26239,104
6719,Industrials & materials,2020-10-23,1.06570,-0.02582,-0.07555,0.02391,0.22357,0.18553,0.26161,104
6720,Industrials & materials,2020-10-30,1.03779,-0.01959,-0.06990,0.03073,0.23252,0.19358,0.27146,104
6721,Industrials & materials,2020-11-06,1.04815,-0.02045,-0.07061,0.02971,0.23699,0.19899,0.27500,104
6722,Industrials & materials,2020-11-13,1.04556,-0.01920,-0.06985,0.03144,0.24169,0.20444,0.27894,104
6723,Industrials & materials,2020-11-20,1.04933,-0.01656,-0.06815,0.03503,0.24342,0.20590,0.28093,104
6724,Industrials & materials,2020-11-27,1.04095,-0.01804,-0.06958,0.03350,0.24237,0.20504,0.27971,104
6725,Industrials & materials,2020-12-04,1.01405,-0.00804,-0.06235,0.04628,0.24764,0.20848,0.28680,104
6726,Industrials & materials,2020-12-11,1.01865,-0.00860,-0.06303,0.04583,0.24778,0.20896,0.28660,104
6727,Industrials & materials,2020-12-18,1.01826,-0.01000,-0.06401,0.04402,0.24528,0.20615,0.28440,104
6728,Industrials & materials,2020-12-25,1.01883,-0.00977,-0.06396,0.04442,0.24544,0.20639,0.28450,104
6729,Industrials & materials,2021-01-01,1.02392,-0.00762,-0.06307,0.04784,0.24707,0.20738,0.28677,104
6730,Industrials & materials,2021-01-08,1.02481,-0.01019,-0.06459,0.04422,0.24508,0.20586,0.28430,104
6731,Industrials & materials,2021-01-15,1.02626,-0.00842,-0.06323,0.04639,0.24677,0.20719,0.28636,104
6732,Industrials & materials,2021-01-22,1.02975,-0.00898,-0.06381,0.04585,0.24685,0.20746,0.28624,104
6733,Industrials & materials,2021-01-29,1.03775,-0.01106,-0.06501,0.04289,0.24695,0.20811,0.28579,104
6734,Industrials & materials,2021-02-05,1.03623,-0.00929,-0.06362,0.04503,0.24976,0.21067,0.28885,104
6735,Industrials & materials,2021-02-12,1.01850,-0.00595,-0.06122,0.04932,0.24470,0.20462,0.28478,104
6736,Industrials & materials,2021-02-19,1.01879,-0.00626,-0.06154,0.04901,0.24438,0.20439,0.28436,104
6737,Industrials & materials,2021-02-26,1.01889,-0.00837,-0.06240,0.04567,0.24228,0.20314,0.28141,104
6738,Industrials & materials,2021-03-05,1.00932,-0.00764,-0.06204,0.04675,0.24234,0.20277,0.28191,104
6739,Industrials & materials,2021-03-12,1.00838,-0.00785,-0.06212,0.04642,0.24142,0.20185,0.28100,104
6740,Industrials & materials,2021-03-19,1.00882,-0.01000,-0.06294,0.04294,0.23887,0.19933,0.27842,104
6741,Industrials & materials,2021-03-26,1.01703,-0.01277,-0.06510,0.03956,0.23876,0.19994,0.27757,104
6742,Industrials & materials,2021-04-02,1.01517,-0.01312,-0.06529,0.03905,0.23698,0.19803,0.27593,104
6743,Industrials & materials,2021-04-09,1.01691,-0.01394,-0.06586,0.03799,0.23670,0.19785,0.27555,104
6744,Industrials & materials,2021-04-16,1.01582,-0.01434,-0.06617,0.03748,0.23643,0.19782,0.27504,104
6745,Industrials & materials,2021-04-23,1.01374,-0.01393,-0.06579,0.03792,0.23663,0.19785,0.27542,104
6746,Industrials & materials,2021-04-30,1.01487,-0.01460,-0.06647,0.03727,0.23613,0.19749,0.27478,104
6747,Industrials & materials,2021-05-07,1.00981,-0.01406,-0.06647,0.03834,0.23558,0.19662,0.27454,104
6748,Industrials & materials,2021-05-14,1.01457,-0.01484,-0.06678,0.03711,0.23554,0.19678,0.27430,104
6749,Industrials & materials,2021-05-21,1.00543,-0.01231,-0.06497,0.04034,0.23454,0.19506,0.27401,104
6750,Industrials & materials,2021-05-28,1.00803,-0.01070,-0.06431,0.04290,0.23538,0.19563,0.27513,104
6751,Industrials & materials,2021-06-04,1.00976,-0.01248,-0.06527,0.04032,0.23511,0.19596,0.27427,104
6752,Industrials & materials,2021-06-11,1.00868,-0.01327,-0.06523,0.03870,0.23370,0.19478,0.27263,104
6753,Industrials & materials,2021-06-18,1.00877,-0.01412,-0.06548,0.03725,0.23266,0.19371,0.27161,104
6754,Industrials & materials,2021-06-25,1.00870,-0.01468,-0.06606,0.03670,0.23358,0.19475,0.27241,104
6755,Industrials & materials,2021-07-02,1.02100,-0.01920,-0.06888,0.03048,0.23392,0.19601,0.27183,104
6756,Industrials & materials,2021-07-09,1.01492,-0.01653,-0.06695,0.03390,0.23607,0.19751,0.27463,104
6757,Industrials & materials,2021-07-16,1.01524,-0.01676,-0.06707,0.03356,0.23507,0.19636,0.27378,104
6758,Industrials & materials,2021-07-23,1.01457,-0.01683,-0.06711,0.03346,0.23484,0.19611,0.27357,104
6759,Industrials & materials,2021-07-30,1.01256,-0.01662,-0.06663,0.03340,0.23369,0.19494,0.27245,104
6760,Industrials & materials,2021-08-06,0.99857,-0.01043,-0.06408,0.04322,0.23248,0.19203,0.27293,104
6761,Industrials & materials,2021-08-13,0.98859,-0.00804,-0.06130,0.04521,0.23239,0.19106,0.27372,104
6762,Industrials & materials,2021-08-20,0.98785,-0.00782,-0.06104,0.04539,0.23300,0.19188,0.27413,104
6763,Industrials & materials,2021-08-27,0.98373,-0.01010,-0.06125,0.04105,0.22896,0.18857,0.26936,104
6764,Industrials & materials,2021-09-03,0.98169,-0.00979,-0.06076,0.04118,0.22877,0.18807,0.26947,104
6765,Industrials & materials,2021-09-10,0.97053,-0.00610,-0.05769,0.04549,0.23061,0.18946,0.27177,104
6766,Industrials & materials,2021-09-17,0.98194,-0.00618,-0.05841,0.04605,0.23234,0.19252,0.27217,104
6767,Industrials & materials,2021-09-24,0.98444,-0.00616,-0.05848,0.04616,0.23208,0.19253,0.27163,104
6768,Industrials & materials,2021-10-01,0.98318,-0.00660,-0.05894,0.04575,0.23091,0.19120,0.27061,104
6769,Industrials & materials,2021-10-08,0.98819,-0.00675,-0.05886,0.04535,0.23104,0.19160,0.27048,104
6770,Industrials & materials,2021-10-15,0.99258,-0.00809,-0.05942,0.04324,0.23177,0.19281,0.27074,104
6771,Industrials & materials,2021-10-22,0.98971,-0.00770,-0.05941,0.04402,0.23168,0.19240,0.27096,104
6772,Industrials & materials,2021-10-29,0.97871,-0.00555,-0.05802,0.04692,0.23167,0.19143,0.27191,104
6773,Industrials & materials,2021-11-05,0.97153,-0.00349,-0.05680,0.04981,0.23064,0.18976,0.27152,104
6774,Industrials & materials,2021-11-12,0.97520,-0.00493,-0.05752,0.04765,0.23038,0.18980,0.27095,104
6775,Industrials & materials,2021-11-19,0.97591,-0.00489,-0.05745,0.04767,0.23067,0.19019,0.27115,104
6776,Industrials & materials,2021-11-26,0.97802,-0.00483,-0.05764,0.04798,0.23389,0.19390,0.27389,104
6777,Industrials & materials,2021-12-03,0.97591,-0.00329,-0.05685,0.05027,0.23471,0.19432,0.27510,104
6778,Industrials & materials,2021-12-10,0.97753,-0.00490,-0.05728,0.04749,0.23228,0.19265,0.27192,104
6779,Industrials & materials,2021-12-17,0.98099,-0.00539,-0.05748,0.04671,0.23276,0.19332,0.27220,104
6780,Industrials & materials,2021-12-24,0.98208,-0.00564,-0.05768,0.04641,0.23356,0.19433,0.27280,104
6781,Industrials & materials,2021-12-31,0.98333,-0.00561,-0.05734,0.04611,0.23363,0.19448,0.27278,104
6782,Industrials & materials,2022-01-07,0.98516,-0.00720,-0.05813,0.04373,0.23297,0.19420,0.27174,104
6783,Industrials & materials,2022-01-14,0.98588,-0.00830,-0.05870,0.04210,0.23170,0.19329,0.27012,104
6784,Industrials & materials,2022-01-21,1.00374,-0.01583,-0.06399,0.03233,0.22832,0.19159,0.26504,104
6785,Industrials & materials,2022-01-28,1.00684,-0.01745,-0.06552,0.03062,0.22551,0.18900,0.26201,104
6786,Industrials & materials,2022-02-04,0.99679,-0.01199,-0.06237,0.03838,0.23137,0.19344,0.26929,104
6787,Industrials & materials,2022-02-11,1.00235,-0.01547,-0.06496,0.03402,0.22974,0.19315,0.26632,104
6788,Industrials & materials,2022-02-18,1.00364,-0.01610,-0.06554,0.03333,0.22981,0.19352,0.26610,104
6789,Industrials & materials,2022-02-25,0.98187,-0.01503,-0.06427,0.03420,0.20391,0.16710,0.24071,104
6790,Industrials & materials,2022-03-04,0.98263,-0.01226,-0.05875,0.03423,0.19357,0.15698,0.23016,104
6791,Industrials & materials,2022-03-11,0.93855,-0.01478,-0.05878,0.02922,0.12315,0.08467,0.16164,104
6792,Industrials & materials,2022-03-18,0.93989,-0.01822,-0.06593,0.02948,0.12575,0.08365,0.16785,104
6793,Industrials & materials,2022-03-25,0.93891,-0.01797,-0.06524,0.02931,0.12783,0.08634,0.16931,104
6794,Industrials & materials,2022-04-01,0.93220,-0.00948,-0.06193,0.04298,0.11822,0.06953,0.16691,104
6795,Industrials & materials,2022-04-08,0.91675,-0.00597,-0.05588,0.04394,0.12270,0.07481,0.17060,104
6796,Industrials & materials,2022-04-15,0.89762,0.00461,-0.04521,0.05444,0.14386,0.09634,0.19138,104
6797,Industrials & materials,2022-04-22,0.88596,0.01490,-0.04221,0.07201,0.17291,0.11991,0.22591,104
6798,Industrials & materials,2022-04-29,0.89658,0.02069,-0.03774,0.07913,0.17220,0.11667,0.22774,104
6799,Industrials & materials,2022-05-06,0.94009,0.00292,-0.06961,0.07546,0.18937,0.12663,0.25210,104
6800,Industrials & materials,2022-05-13,0.91526,0.01277,-0.06047,0.08601,0.19830,0.13462,0.26198,104
6801,Industrials & materials,2022-05-20,0.91408,0.01329,-0.06071,0.08728,0.19565,0.13041,0.26090,104
6802,Industrials & materials,2022-05-27,0.89617,0.01471,-0.06196,0.09138,0.19659,0.13057,0.26261,104
6803,Industrials & materials,2022-06-03,0.87035,-0.00072,-0.06689,0.06545,0.16031,0.10802,0.21260,104
6804,Industrials & materials,2022-06-10,0.90632,-0.00559,-0.07508,0.06389,0.15286,0.09558,0.21015,104
6805,Industrials & materials,2022-06-17,0.95950,-0.01931,-0.07314,0.03452,0.16259,0.11444,0.21075,104
6806,Industrials & materials,2022-06-24,0.93210,-0.01780,-0.07165,0.03605,0.15676,0.10974,0.20379,104
6807,Industrials & materials,2022-07-01,0.93013,-0.01968,-0.07376,0.03440,0.15353,0.10615,0.20090,104
6808,Industrials & materials,2022-07-08,0.93021,-0.01772,-0.07079,0.03534,0.15001,0.10293,0.19709,104
6809,Industrials & materials,2022-07-15,0.92190,-0.01997,-0.07400,0.03406,0.15202,0.10584,0.19820,104
6810,Industrials & materials,2022-07-22,0.94170,-0.02280,-0.07841,0.03280,0.15427,0.10763,0.20092,104
6811,Industrials & materials,2022-07-29,0.95791,-0.02295,-0.07840,0.03249,0.16224,0.11614,0.20834,104
6812,Industrials & materials,2022-08-05,0.96863,-0.02214,-0.07255,0.02826,0.15197,0.10981,0.19413,104
6813,Industrials & materials,2022-08-12,0.97528,-0.02289,-0.07369,0.02791,0.15280,0.11043,0.19517,104
6814,Industrials & materials,2022-08-19,0.97457,-0.01970,-0.07000,0.03059,0.15448,0.11217,0.19679,104
6815,Industrials & materials,2022-08-26,0.97518,-0.02069,-0.07054,0.02915,0.15307,0.11110,0.19505,104
6816,Industrials & materials,2022-09-02,0.98116,-0.01823,-0.06772,0.03127,0.15970,0.11815,0.20126,104
6817,Industrials & materials,2022-09-09,0.96392,-0.01423,-0.06550,0.03704,0.16834,0.12632,0.21036,104
6818,Industrials & materials,2022-09-16,0.99208,-0.01912,-0.07107,0.03284,0.17304,0.12932,0.21676,104
6819,Industrials & materials,2022-09-23,1.00050,-0.01929,-0.07126,0.03268,0.18193,0.13847,0.22539,104
6820,Industrials & materials,2022-09-30,0.99652,-0.01832,-0.07242,0.03578,0.18977,0.14508,0.23446,104
6821,Industrials & materials,2022-10-07,0.99356,-0.02360,-0.07867,0.03147,0.18406,0.13894,0.22918,104
6822,Industrials & materials,2022-10-14,0.99435,-0.02342,-0.07796,0.03113,0.18641,0.14240,0.23042,104
6823,Industrials & materials,2022-10-21,0.99748,-0.02398,-0.07899,0.03104,0.18561,0.14123,0.22999,104
6824,Industrials & materials,2022-10-28,1.01411,-0.02013,-0.07407,0.03381,0.17779,0.13182,0.22377,104
6825,Industrials & materials,2022-11-04,0.98293,-0.01939,-0.07247,0.03370,0.16925,0.12393,0.21458,104
6826,Industrials & materials,2022-11-11,0.98521,-0.02585,-0.08199,0.03028,0.15243,0.10302,0.20184,104
6827,Industrials & materials,2022-11-18,0.97812,-0.03399,-0.09253,0.02455,0.14226,0.08923,0.19529,104
6828,Industrials & materials,2022-11-25,0.98351,-0.02535,-0.07868,0.02798,0.13700,0.08824,0.18576,104
6829,Industrials & materials,2022-12-02,0.99193,-0.02713,-0.08085,0.02659,0.13703,0.08825,0.18581,104
6830,Industrials & materials,2022-12-09,0.99714,-0.03997,-0.09709,0.01714,0.12212,0.06885,0.17538,104
6831,Industrials & materials,2022-12-16,1.01810,-0.04482,-0.10663,0.01698,0.11718,0.06089,0.17348,104
6832,Industrials & materials,2022-12-23,1.01464,-0.04671,-0.11039,0.01697,0.11626,0.05799,0.17453,104
6833,Industrials & materials,2022-12-30,1.01135,-0.04574,-0.10855,0.01707,0.11587,0.05802,0.17372,104
6834,Industrials & materials,2023-01-06,1.01911,-0.05659,-0.12635,0.01316,0.10119,0.03783,0.16454,104
6835,Industrials & materials,2023-01-13,1.01656,-0.05154,-0.11658,0.01350,0.10373,0.04426,0.16319,104
6836,Industrials & materials,2023-01-20,1.01343,-0.05087,-0.11552,0.01378,0.10277,0.04355,0.16199,104
6837,Industrials & materials,2023-01-27,1.00142,-0.04908,-0.11395,0.01578,0.10121,0.04226,0.16016,104
6838,Industrials & materials,2023-02-03,1.00099,-0.05814,-0.12270,0.00642,0.08198,0.02315,0.14081,104
6839,Industrials & materials,2023-02-10,1.00499,-0.06942,-0.13744,-0.00140,0.07600,0.01358,0.13841,104
6840,Industrials & materials,2023-02-17,1.00062,-0.07468,-0.14700,-0.00237,0.07056,0.00360,0.13751,104
6841,Industrials & materials,2023-02-24,1.00427,-0.07248,-0.14440,-0.00057,0.07254,0.00639,0.13868,104
6842,Industrials & materials,2023-03-03,1.02484,-0.07166,-0.14349,0.00018,0.07397,0.00894,0.13900,104
6843,Industrials & materials,2023-03-10,1.03207,-0.07073,-0.14224,0.00079,0.07957,0.01542,0.14371,104
6844,Industrials & materials,2023-03-17,1.03373,-0.06656,-0.13643,0.00332,0.10098,0.04061,0.16135,104
6845,Industrials & materials,2023-03-24,1.03195,-0.06597,-0.13541,0.00346,0.09996,0.03968,0.16023,104
6846,Industrials & materials,2023-03-31,1.02620,-0.06483,-0.13402,0.00437,0.10761,0.04807,0.16714,104
6847,Industrials & materials,2023-04-07,1.02733,-0.06651,-0.13495,0.00194,0.10426,0.04510,0.16343,104
6848,Industrials & materials,2023-04-14,1.02923,-0.06641,-0.13511,0.00229,0.10359,0.04396,0.16321,104
6849,Industrials & materials,2023-04-21,1.03204,-0.06741,-0.13583,0.00101,0.10329,0.04418,0.16240,104
6850,Industrials & materials,2023-04-28,1.02986,-0.06599,-0.13381,0.00183,0.10281,0.04404,0.16157,104
6851,Industrials & materials,2023-05-05,1.04094,-0.06535,-0.13292,0.00222,0.10660,0.04846,0.16474,104
6852,Industrials & materials,2023-05-12,1.03124,-0.06257,-0.13012,0.00498,0.10773,0.04984,0.16563,104
6853,Industrials & materials,2023-05-19,1.04803,-0.06730,-0.13582,0.00121,0.10962,0.05132,0.16791,104
6854,Industrials & materials,2023-05-26,1.05029,-0.07186,-0.14069,-0.00304,0.10386,0.04484,0.16287,104
6855,Industrials & materials,2023-06-02,1.05670,-0.07117,-0.13992,-0.00242,0.10391,0.04501,0.16280,104
6856,Industrials & materials,2023-06-09,1.05244,-0.06944,-0.13778,-0.00110,0.10478,0.04617,0.16338,104
6857,Industrials & materials,2023-06-16,1.05633,-0.06988,-0.13866,-0.00110,0.10637,0.04777,0.16496,104
6858,Industrials & materials,2023-06-23,1.06210,-0.07007,-0.13884,-0.00131,0.10906,0.05056,0.16756,104
6859,Industrials & materials,2023-06-30,1.05992,-0.07014,-0.13870,-0.00158,0.10930,0.05088,0.16773,104
6860,Industrials & materials,2023-07-07,1.04696,-0.06472,-0.13234,0.00289,0.10917,0.05125,0.16709,104
6861,Industrials & materials,2023-07-14,1.04704,-0.06451,-0.13215,0.00314,0.10942,0.05132,0.16752,104
6862,Industrials & materials,2023-07-21,1.03807,-0.06413,-0.13136,0.00311,0.10935,0.05152,0.16717,104
6863,Industrials & materials,2023-07-28,1.03584,-0.06168,-0.12880,0.00544,0.11091,0.05341,0.16841,104
6864,Industrials & materials,2023-08-04,1.05351,-0.07281,-0.14148,-0.00415,0.10886,0.05031,0.16741,104
6865,Industrials & materials,2023-08-11,1.04501,-0.07141,-0.13974,-0.00308,0.10914,0.05072,0.16756,104
6866,Industrials & materials,2023-08-18,1.04954,-0.07163,-0.14094,-0.00232,0.10842,0.04858,0.16827,104
6867,Industrials & materials,2023-08-25,1.05202,-0.06866,-0.13867,0.00135,0.10866,0.04767,0.16965,104
6868,Industrials & materials,2023-09-01,1.05315,-0.06884,-0.13879,0.00110,0.11176,0.05108,0.17243,104
6869,Industrials & materials,2023-09-08,1.05238,-0.06917,-0.13901,0.00068,0.11106,0.05040,0.17172,104
6870,Industrials & materials,2023-09-15,1.03303,-0.06463,-0.13359,0.00432,0.11640,0.05631,0.17649,104
6871,Industrials & materials,2023-09-22,1.03239,-0.06477,-0.13383,0.00430,0.11558,0.05533,0.17583,104
6872,Industrials & materials,2023-09-29,1.04223,-0.06719,-0.13670,0.00233,0.11385,0.05326,0.17444,104
6873,Industrials & materials,2023-10-06,1.04574,-0.06332,-0.13047,0.00382,0.12361,0.06616,0.18106,104
6874,Industrials & materials,2023-10-13,1.00195,-0.06572,-0.13284,0.00140,0.11924,0.06060,0.17788,104
6875,Industrials & materials,2023-10-20,1.04177,-0.07448,-0.14481,-0.00415,0.11598,0.05562,0.17634,104
6876,Industrials & materials,2023-10-27,1.05882,-0.07696,-0.14795,-0.00598,0.11594,0.05486,0.17701,104
6877,Industrials & materials,2023-11-03,1.07604,-0.08241,-0.15437,-0.01046,0.10993,0.04832,0.17154,104
6878,Industrials & materials,2023-11-10,1.07239,-0.07923,-0.14968,-0.00878,0.11170,0.05102,0.17238,104
6879,Industrials & materials,2023-11-17,1.08104,-0.08172,-0.15307,-0.01037,0.11007,0.04886,0.17128,104
6880,Industrials & materials,2023-11-24,1.07543,-0.08071,-0.15213,-0.00928,0.10242,0.03999,0.16485,104
6881,Industrials & materials,2023-12-01,1.07346,-0.08215,-0.15412,-0.01018,0.10192,0.03918,0.16465,104
6882,Industrials & materials,2023-12-08,1.07330,-0.08317,-0.15640,-0.00995,0.10234,0.03863,0.16604,104
6883,Industrials & materials,2023-12-15,1.07304,-0.08229,-0.15520,-0.00937,0.10227,0.03877,0.16577,104
6884,Industrials & materials,2023-12-22,1.06788,-0.08231,-0.15499,-0.00964,0.09826,0.03464,0.16188,104
6885,Industrials & materials,2023-12-29,1.07581,-0.08663,-0.16040,-0.01287,0.09426,0.02984,0.15868,104
6886,Industrials & materials,2024-01-05,1.07170,-0.08838,-0.16302,-0.01374,0.09220,0.02692,0.15748,104
6887,Industrials & materials,2024-01-12,1.05705,-0.08563,-0.15966,-0.01161,0.09283,0.02748,0.15818,104
6888,Industrials & materials,2024-01-19,1.06116,-0.08576,-0.16072,-0.01079,0.09587,0.03020,0.16155,104
6889,Industrials & materials,2024-01-26,1.05694,-0.07836,-0.15099,-0.00572,0.10408,0.04008,0.16807,104
6890,Industrials & materials,2024-02-02,1.05354,-0.08030,-0.15228,-0.00832,0.10127,0.03837,0.16418,104
6891,Industrials & materials,2024-02-09,1.01190,-0.06739,-0.13929,0.00451,0.09884,0.03645,0.16123,104
6892,Industrials & materials,2024-02-16,1.01349,-0.06735,-0.13928,0.00458,0.09947,0.03704,0.16189,104
6893,Industrials & materials,2024-02-23,1.01288,-0.06798,-0.14053,0.00456,0.10044,0.03770,0.16317,104
6894,Industrials & materials,2024-03-01,1.03076,-0.08116,-0.16158,-0.00074,0.11164,0.04400,0.17928,104
6895,Industrials & materials,2024-03-08,1.02537,-0.07744,-0.15939,0.00451,0.11589,0.04727,0.18452,104
6896,Industrials & materials,2024-03-15,1.03236,-0.07765,-0.15994,0.00465,0.12291,0.05470,0.19112,104
6897,Industrials & materials,2024-03-22,1.02900,-0.07910,-0.16325,0.00504,0.11930,0.04882,0.18979,104
6898,Industrials & materials,2024-03-29,1.05361,-0.09681,-0.18029,-0.01334,0.12810,0.05893,0.19728,104
6899,Industrials & materials,2024-04-05,1.05072,-0.09370,-0.17705,-0.01036,0.13223,0.06364,0.20082,104
6900,Industrials & materials,2024-04-12,1.03658,-0.09555,-0.18096,-0.01015,0.12888,0.05951,0.19825,104
6901,Industrials & materials,2024-04-19,1.04262,-0.09557,-0.18115,-0.00999,0.13209,0.06297,0.20122,104
6902,Industrials & materials,2024-04-26,1.04000,-0.09821,-0.18563,-0.01078,0.13336,0.06419,0.20252,104
6903,Industrials & materials,2024-05-03,1.02249,-0.09396,-0.17875,-0.00917,0.13135,0.06322,0.19949,104
6904,Industrials & materials,2024-05-10,1.04860,-0.09998,-0.18522,-0.01475,0.13121,0.06352,0.19891,104
6905,Industrials & materials,2024-05-17,1.04833,-0.09951,-0.18440,-0.01462,0.13066,0.06300,0.19832,104
6906,Industrials & materials,2024-05-24,1.05288,-0.09800,-0.18320,-0.01280,0.12847,0.05939,0.19756,104
6907,Industrials & materials,2024-05-31,1.05910,-0.09960,-0.18502,-0.01418,0.12837,0.05938,0.19736,104
6908,Industrials & materials,2024-06-07,1.02804,-0.09206,-0.18086,-0.00327,0.13338,0.06287,0.20388,104
6909,Industrials & materials,2024-06-14,1.01704,-0.10159,-0.18513,-0.01805,0.11052,0.04269,0.17836,104
6910,Industrials & materials,2024-06-21,1.03686,-0.10599,-0.18957,-0.02241,0.11101,0.04380,0.17821,104
6911,Industrials & materials,2024-06-28,1.03354,-0.10670,-0.19041,-0.02298,0.11012,0.04276,0.17748,104
6912,Industrials & materials,2024-07-05,1.04288,-0.11060,-0.19538,-0.02582,0.11279,0.04563,0.17996,104
6913,Industrials & materials,2024-07-12,1.06740,-0.11607,-0.20218,-0.02997,0.10839,0.03934,0.17743,104
6914,Industrials & materials,2024-07-19,1.04448,-0.11409,-0.20139,-0.02680,0.10128,0.03315,0.16940,104
6915,Industrials & materials,2024-07-26,1.03306,-0.11546,-0.20217,-0.02874,0.09027,0.02327,0.15727,104
6916,Industrials & materials,2024-08-02,1.05096,-0.12563,-0.21535,-0.03590,0.10172,0.03452,0.16892,104
6917,Industrials & materials,2024-08-09,1.04872,-0.12566,-0.21463,-0.03669,0.09912,0.03210,0.16613,104
6918,Industrials & materials,2024-08-16,1.05903,-0.12960,-0.21710,-0.04210,0.09808,0.03203,0.16414,104
6919,Industrials & materials,2024-08-23,1.05610,-0.12861,-0.21712,-0.04010,0.09989,0.03287,0.16690,104
6920,Industrials & materials,2024-08-30,1.04887,-0.13295,-0.22082,-0.04508,0.08778,0.02108,0.15448,104
6921,Industrials & materials,2024-09-06,1.08985,-0.12421,-0.21709,-0.03134,0.11471,0.04192,0.18751,104
6922,Industrials & materials,2024-09-13,1.06478,-0.12021,-0.21249,-0.02793,0.11201,0.03866,0.18536,104
6923,Industrials & materials,2024-09-20,1.04658,-0.11466,-0.20777,-0.02155,0.09838,0.02199,0.17478,104
6924,Industrials & materials,2024-09-27,1.06197,-0.12455,-0.21623,-0.03286,0.09274,0.01913,0.16635,104
6925,Industrials & materials,2024-10-04,1.05878,-0.12424,-0.21815,-0.03034,0.09388,0.01817,0.16960,104
6926,Industrials & materials,2024-10-11,1.05483,-0.12531,-0.21915,-0.03147,0.08821,0.01135,0.16506,104
6927,Industrials & materials,2024-10-18,1.04798,-0.11947,-0.21208,-0.02685,0.09069,0.01526,0.16612,104
6928,Industrials & materials,2024-10-25,1.04662,-0.12001,-0.21224,-0.02779,0.08882,0.01392,0.16373,104
6929,Industrials & materials,2024-11-01,1.05248,-0.12082,-0.21274,-0.02890,0.08841,0.01412,0.16271,104
6930,Industrials & materials,2024-11-08,1.03745,-0.11161,-0.20483,-0.01840,0.09361,0.01912,0.16811,104
6931,Industrials & materials,2024-11-15,1.02528,-0.10419,-0.20004,-0.00835,0.09338,0.01590,0.17086,104
6932,Industrials & materials,2024-11-22,1.05767,-0.11754,-0.21610,-0.01898,0.09672,0.02029,0.17315,104
6933,Industrials & materials,2024-11-29,1.06790,-0.12332,-0.22524,-0.02139,0.09537,0.01771,0.17304,104
6934,Industrials & materials,2024-12-06,1.06000,-0.11461,-0.21523,-0.01398,0.10960,0.03278,0.18642,104
6935,Industrials & materials,2024-12-13,1.03716,-0.10582,-0.20291,-0.00872,0.11480,0.03958,0.19002,104
6936,Industrials & materials,2024-12-20,1.03590,-0.10173,-0.19914,-0.00433,0.12151,0.04529,0.19774,104
6937,Industrials & materials,2024-12-27,1.03887,-0.10380,-0.20272,-0.00487,0.12355,0.04710,0.20000,104
6938,Industrials & materials,2025-01-03,1.00507,-0.09002,-0.19627,0.01622,0.14050,0.05910,0.22189,104
6939,Industrials & materials,2025-01-10,1.01991,-0.10584,-0.21592,0.00425,0.13563,0.05205,0.21921,104
6940,Industrials & materials,2025-01-17,1.02450,-0.10795,-0.22018,0.00428,0.13684,0.05247,0.22121,104
6941,Industrials & materials,2025-01-24,1.02845,-0.11459,-0.22742,-0.00176,0.13142,0.04554,0.21729,104
6942,Industrials & materials,2025-01-31,1.02043,-0.10739,-0.21982,0.00503,0.14735,0.06351,0.23119,104
6943,Industrials & materials,2025-02-07,1.02770,-0.09706,-0.20675,0.01262,0.16195,0.08191,0.24199,104
6944,Industrials & materials,2025-02-14,1.02603,-0.08665,-0.19495,0.02165,0.17217,0.09325,0.25109,104
6945,Industrials & materials,2025-02-21,1.01876,-0.08431,-0.19272,0.02409,0.17262,0.09367,0.25157,104
6946,Industrials & materials,2025-02-28,1.01768,-0.08388,-0.19296,0.02520,0.17042,0.09116,0.24967,104
6947,Industrials & materials,2025-03-07,1.00913,-0.08792,-0.19583,0.01998,0.15738,0.07866,0.23611,104
6948,Industrials & materials,2025-03-14,1.00026,-0.08948,-0.19938,0.02042,0.12849,0.04211,0.21487,104
6949,Industrials & materials,2025-03-21,0.98617,-0.09251,-0.20569,0.02067,0.12780,0.04011,0.21549,104
6950,Industrials & materials,2025-03-28,1.01295,-0.10395,-0.21951,0.01161,0.10657,0.01429,0.19885,104
6951,Industrials & materials,2025-04-04,1.03608,-0.09783,-0.21786,0.02221,0.17148,0.08500,0.25796,104
6952,Industrials & materials,2025-04-11,1.03692,-0.09917,-0.21942,0.02108,0.16738,0.08050,0.25426,104
6953,Industrials & materials,2025-04-18,1.04092,-0.09783,-0.21924,0.02357,0.17280,0.08497,0.26064,104
6954,Industrials & materials,2025-04-25,1.04337,-0.09659,-0.21820,0.02503,0.17786,0.08999,0.26574,104
6955,Industrials & materials,2025-05-02,1.01761,-0.08653,-0.19557,0.02251,0.14584,0.05911,0.23257,104
6956,Industrials & materials,2025-05-09,1.02368,-0.08973,-0.19617,0.01671,0.14023,0.05484,0.22562,104
6957,Industrials & materials,2025-05-16,0.99688,-0.08786,-0.19481,0.01909,0.14077,0.05607,0.22547,104
6958,Industrials & materials,2025-05-23,0.98467,-0.08352,-0.19074,0.02369,0.14477,0.05976,0.22979,104
6959,Industrials & materials,2025-05-30,0.98686,-0.08464,-0.19174,0.02246,0.14403,0.05890,0.22916,104
6960,Industrials & materials,2025-06-06,0.98928,-0.08651,-0.19253,0.01951,0.14407,0.06027,0.22787,104
6961,Industrials & materials,2025-06-13,0.98849,-0.08772,-0.18733,0.01189,0.14098,0.06388,0.21807,104
6962,Industrials & materials,2025-06-20,0.98084,-0.08627,-0.18513,0.01260,0.13224,0.05581,0.20866,104
6963,Industrials & materials,2025-06-27,0.98576,-0.09942,-0.19613,-0.00271,0.11702,0.04245,0.19160,104
6964,Industrials & materials,2025-07-04,1.01213,-0.11084,-0.20939,-0.01229,0.11895,0.04456,0.19334,104
6965,Industrials & materials,2025-07-11,1.01373,-0.11157,-0.20986,-0.01328,0.11688,0.04243,0.19134,104
6966,Industrials & materials,2025-07-18,1.02674,-0.11207,-0.21055,-0.01360,0.11810,0.04350,0.19269,104
6967,Industrials & materials,2025-07-25,1.03502,-0.11984,-0.22051,-0.01917,0.11533,0.03990,0.19077,104
6968,Industrials & materials,2025-08-01,1.03414,-0.11793,-0.21753,-0.01833,0.11553,0.04014,0.19093,104
6969,Industrials & materials,2025-08-08,1.04117,-0.11976,-0.21797,-0.02154,0.11025,0.03512,0.18538,104
6970,Industrials & materials,2025-08-15,1.03247,-0.11911,-0.21700,-0.02121,0.10662,0.03141,0.18183,104
6971,Industrials & materials,2025-08-22,1.02561,-0.12076,-0.21862,-0.02289,0.10496,0.03005,0.17987,104
6972,Industrials & materials,2025-08-29,1.02400,-0.12077,-0.21828,-0.02327,0.09997,0.02373,0.17620,104
6973,Industrials & materials,2025-09-05,1.01859,-0.12143,-0.21974,-0.02312,0.10083,0.02388,0.17778,104
6974,Industrials & materials,2025-09-12,1.01969,-0.12152,-0.21997,-0.02307,0.09877,0.02098,0.17655,104
6975,Industrials & materials,2025-09-19,1.02278,-0.12245,-0.22102,-0.02388,0.09851,0.02069,0.17632,104
6976,Industrials & materials,2025-09-26,1.01282,-0.12208,-0.21983,-0.02432,0.09761,0.02011,0.17511,104
6977,Industrials & materials,2025-10-03,1.00536,-0.13382,-0.23696,-0.03068,0.07381,-0.01300,0.16062,104
6978,Industrials & materials,2025-10-10,1.04769,-0.12448,-0.22287,-0.02610,0.07819,-0.00122,0.15760,104
6979,Industrials & materials,2025-10-17,0.99992,-0.10882,-0.20157,-0.01606,0.09020,0.01133,0.16907,104
6980,Industrials & materials,2025-10-24,1.00545,-0.11250,-0.20285,-0.02216,0.08456,0.00864,0.16047,104
6981,Industrials & materials,2025-10-31,1.00094,-0.10968,-0.20333,-0.01603,0.09718,0.01989,0.17446,104
6982,Industrials & materials,2025-11-07,1.01492,-0.11169,-0.20659,-0.01679,0.09984,0.02202,0.17766,104
6983,Industrials & materials,2025-11-14,1.00597,-0.10797,-0.20229,-0.01365,0.10255,0.02502,0.18008,104
6984,Industrials & materials,2025-11-21,1.01053,-0.10950,-0.20406,-0.01494,0.10436,0.02701,0.18171,104
6985,Industrials & materials,2025-11-28,1.02276,-0.10930,-0.20426,-0.01434,0.10732,0.03002,0.18463,104
6986,Industrials & materials,2025-12-05,1.03007,-0.10916,-0.20464,-0.01368,0.10919,0.03138,0.18701,104
6987,Industrials & materials,2025-12-12,1.03660,-0.11365,-0.20905,-0.01825,0.10318,0.02567,0.18069,104
6988,Industrials & materials,2025-12-19,1.03948,-0.11531,-0.21262,-0.01800,0.10385,0.02530,0.18240,104
6989,Industrials & materials,2025-12-26,1.03013,-0.11073,-0.20597,-0.01549,0.10696,0.02981,0.18410,104
6990,Industrials & materials,2026-01-02,1.02416,-0.10302,-0.19657,-0.00946,0.11018,0.03282,0.18753,104
6991,Industrials & materials,2026-01-09,1.03634,-0.09913,-0.19215,-0.00611,0.11313,0.03574,0.19052,104
6992,Industrials & materials,2026-01-16,1.00058,-0.09056,-0.18709,0.00596,0.11717,0.03900,0.19534,104
6993,Industrials & materials,2026-01-23,1.00019,-0.09985,-0.18876,-0.01093,0.10605,0.03239,0.17971,104
6994,Industrials & materials,2026-01-30,1.00252,-0.10756,-0.19613,-0.01899,0.09578,0.02158,0.16999,104
6995,Industrials & materials,2026-02-06,1.04160,-0.12455,-0.20504,-0.04406,0.09665,0.02733,0.16597,104
6996,Industrials & materials,2026-02-13,1.02701,-0.12183,-0.20206,-0.04160,0.09487,0.02553,0.16421,104
6997,Industrials & materials,2026-02-20,1.03715,-0.11764,-0.19879,-0.03649,0.10717,0.03866,0.17568,104
6998,Industrials & materials,2026-02-27,1.03540,-0.11926,-0.20018,-0.03833,0.10470,0.03639,0.17302,104
6999,Industrials & materials,2026-03-06,1.01052,-0.09697,-0.16215,-0.03180,0.06613,0.00743,0.12483,104
7000,Industrials & materials,2026-03-13,1.01054,-0.09245,-0.15970,-0.02519,0.07089,0.01005,0.13174,104
7001,Industrials & materials,2026-03-20,1.02417,-0.10902,-0.17479,-0.04326,0.05431,-0.00375,0.11237,104
7002,Industrials & materials,2026-03-27,1.02458,-0.10914,-0.17492,-0.04336,0.05423,-0.00383,0.11230,104
7003,Industrials & materials,2026-04-03,1.03733,-0.11640,-0.17965,-0.05314,0.02601,-0.03258,0.08460,104
7004,Industrials & materials,2026-04-10,1.05628,-0.12600,-0.19438,-0.05763,0.01958,-0.04315,0.08230,104
7005,Industrials & materials,2026-04-17,1.07354,-0.12556,-0.19372,-0.05739,0.02618,-0.03447,0.08683,104
7006,Industrials & materials,2026-04-24,1.08828,-0.13336,-0.20151,-0.06521,0.01223,-0.04726,0.07172,104
7007,Industrials & materials,2026-05-01,1.08706,-0.13508,-0.20598,-0.06417,0.01307,-0.04859,0.07473,104
7008,Industrials & materials,2026-05-08,1.05774,-0.13297,-0.20264,-0.06330,0.01658,-0.04330,0.07646,104
7009,Industrials & materials,2026-05-15,1.05901,-0.13364,-0.20312,-0.06416,0.01881,-0.04029,0.07792,104
7010,Industrials & materials,2026-05-22,1.06552,-0.13647,-0.20599,-0.06695,0.01371,-0.04574,0.07317,104
7011,Industrials & materials,2026-05-29,1.05888,-0.13785,-0.20644,-0.06926,0.01480,-0.04307,0.07267,104
7012,Industrials & materials,2026-06-05,1.06760,-0.13803,-0.20719,-0.06886,0.01477,-0.04354,0.07308,104
7013,Industrials & materials,2026-06-12,1.06224,-0.13102,-0.20031,-0.06172,0.02441,-0.03298,0.08180,104
7014,Industrials & materials,2026-06-19,1.04787,-0.13324,-0.20225,-0.06422,0.02690,-0.02923,0.08304,104
7015,Industrials & materials,2026-06-26,1.05232,-0.12837,-0.19635,-0.06039,0.03259,-0.02190,0.08708,104
7016,Industrials & materials,2026-07-03,1.05818,-0.12936,-0.19735,-0.06138,0.03252,-0.02205,0.08710,104
7017,Industrials & materials,2026-07-10,1.03773,-0.12322,-0.18932,-0.05711,0.03414,-0.01979,0.08807,104
7018,Industrials & materials,2026-07-17,1.02223,-0.10788,-0.17609,-0.03967,0.04247,-0.01384,0.09878,104
7019,Industrials & materials,2026-07-24,1.01726,-0.11077,-0.17663,-0.04492,0.04071,-0.01224,0.09366,104
7020,Industrials & materials,2026-07-31,1.00859,-0.11139,-0.17618,-0.04659,0.03431,-0.01821,0.08683,104
7021,Industrials & materials,2026-08-07,1.02135,-0.11926,-0.18328,-0.05525,0.02642,-0.02573,0.07856,104
7022,Industrials & materials,2026-08-14,1.02248,-0.11828,-0.18226,-0.05430,0.03029,-0.02104,0.08161,104
7023,Industrials & materials,2026-08-21,1.02520,-0.11780,-0.18068,-0.05492,0.02943,-0.02139,0.08025,104
7024,Industrials & materials,2026-08-28,1.02449,-0.11730,-0.17964,-0.05497,0.02870,-0.02183,0.07923,104
7025,Industrials & materials,2026-09-04,0.98453,-0.11988,-0.18033,-0.05944,0.01075,-0.03693,0.05843,104
7026,Industrials & materials,2026-09-11,0.99072,-0.12693,-0.18793,-0.06594,0.00209,-0.04660,0.05079,104
7027,"Consumer, telecom & real estate",2009-07-31,0.87576,-0.21437,-0.36351,-0.06523,0.28038,0.16299,0.39777,101
7028,"Consumer, telecom & real estate",2009-08-07,0.87519,-0.22017,-0.36693,-0.07341,0.27427,0.16019,0.38834,101
7029,"Consumer, telecom & real estate",2009-08-14,0.87706,-0.22291,-0.36860,-0.07722,0.27240,0.15959,0.38522,101
7030,"Consumer, telecom & real estate",2009-08-21,0.87754,-0.22231,-0.36829,-0.07634,0.27365,0.16083,0.38648,101
7031,"Consumer, telecom & real estate",2009-08-28,0.87576,-0.22339,-0.36910,-0.07767,0.27050,0.15787,0.38313,101
7032,"Consumer, telecom & real estate",2009-09-04,0.87592,-0.22366,-0.36698,-0.08035,0.26598,0.15473,0.37723,101
7033,"Consumer, telecom & real estate",2009-09-11,0.89399,-0.23065,-0.37409,-0.08721,0.27004,0.15794,0.38213,101
7034,"Consumer, telecom & real estate",2009-09-18,0.89652,-0.22853,-0.37247,-0.08458,0.27558,0.16261,0.38856,101
7035,"Consumer, telecom & real estate",2009-09-25,0.90047,-0.23519,-0.37571,-0.09466,0.26405,0.15472,0.37339,101
7036,"Consumer, telecom & real estate",2009-10-02,0.89381,-0.22788,-0.36648,-0.08927,0.26369,0.15393,0.37345,101
7037,"Consumer, telecom & real estate",2009-10-09,0.90182,-0.23174,-0.37038,-0.09310,0.26738,0.15765,0.37711,101
7038,"Consumer, telecom & real estate",2009-10-16,0.89192,-0.21271,-0.35653,-0.06888,0.27665,0.15955,0.39376,101
7039,"Consumer, telecom & real estate",2009-10-23,0.89148,-0.21688,-0.35985,-0.07392,0.27208,0.15618,0.38798,101
7040,"Consumer, telecom & real estate",2009-10-30,0.89306,-0.22440,-0.36412,-0.08468,0.26778,0.15607,0.37950,101
7041,"Consumer, telecom & real estate",2009-11-06,0.89125,-0.22574,-0.36528,-0.08619,0.26550,0.15429,0.37671,101
7042,"Consumer, telecom & real estate",2009-11-13,0.88654,-0.22255,-0.36278,-0.08233,0.26480,0.15290,0.37670,101
7043,"Consumer, telecom & real estate",2009-11-20,0.89046,-0.22704,-0.36633,-0.08775,0.26539,0.15417,0.37661,101
7044,"Consumer, telecom & real estate",2009-11-27,0.90168,-0.23961,-0.38042,-0.09879,0.27277,0.16304,0.38249,101
7045,"Consumer, telecom & real estate",2009-12-04,0.90243,-0.24019,-0.38110,-0.09927,0.27273,0.16294,0.38252,101
7046,"Consumer, telecom & real estate",2009-12-11,0.89173,-0.22771,-0.36934,-0.08608,0.27227,0.16035,0.38418,101
7047,"Consumer, telecom & real estate",2009-12-18,0.89283,-0.23052,-0.37171,-0.08933,0.27000,0.15874,0.38126,101
7048,"Consumer, telecom & real estate",2009-12-25,0.89098,-0.23137,-0.37233,-0.09042,0.26809,0.15738,0.37880,101
7049,"Consumer, telecom & real estate",2010-01-01,0.88803,-0.22859,-0.37047,-0.08670,0.27140,0.16047,0.38234,101
7050,"Consumer, telecom & real estate",2010-01-08,0.88181,-0.22845,-0.36911,-0.08779,0.26415,0.15499,0.37331,101
7051,"Consumer, telecom & real estate",2010-01-15,0.87328,-0.22285,-0.36304,-0.08266,0.26032,0.15139,0.36925,101
7052,"Consumer, telecom & real estate",2010-01-22,0.87704,-0.22027,-0.36148,-0.07905,0.26716,0.15666,0.37765,101
7053,"Consumer, telecom & real estate",2010-01-29,0.88101,-0.22289,-0.36306,-0.08271,0.26548,0.15530,0.37566,101
7054,"Consumer, telecom & real estate",2010-02-05,0.87056,-0.21284,-0.35360,-0.07208,0.27243,0.16185,0.38302,101
7055,"Consumer, telecom & real estate",2010-02-12,0.87160,-0.20774,-0.34763,-0.06784,0.27141,0.15963,0.38320,101
7056,"Consumer, telecom & real estate",2010-02-19,0.87233,-0.20769,-0.34660,-0.06878,0.27186,0.16123,0.38249,101
7057,"Consumer, telecom & real estate",2010-02-26,0.87414,-0.21088,-0.35025,-0.07151,0.27073,0.16029,0.38117,101
7058,"Consumer, telecom & real estate",2010-03-05,0.87635,-0.20816,-0.34853,-0.06778,0.27969,0.16820,0.39118,101
7059,"Consumer, telecom & real estate",2010-03-12,0.87121,-0.20326,-0.34538,-0.06114,0.28444,0.17170,0.39718,101
7060,"Consumer, telecom & real estate",2010-03-19,0.87139,-0.20394,-0.34645,-0.06143,0.28449,0.17162,0.39736,101
7061,"Consumer, telecom & real estate",2010-03-26,0.86341,-0.20378,-0.34588,-0.06168,0.27836,0.16614,0.39057,101
7062,"Consumer, telecom & real estate",2010-04-02,0.86567,-0.20297,-0.34483,-0.06111,0.27835,0.16618,0.39053,101
7063,"Consumer, telecom & real estate",2010-04-09,0.86351,-0.19794,-0.34020,-0.05568,0.28393,0.17114,0.39671,101
7064,"Consumer, telecom & real estate",2010-04-16,0.86328,-0.19649,-0.33904,-0.05394,0.28410,0.17051,0.39769,101
7065,"Consumer, telecom & real estate",2010-04-23,0.86569,-0.19570,-0.33823,-0.05317,0.28592,0.17207,0.39977,101
7066,"Consumer, telecom & real estate",2010-04-30,0.86051,-0.19231,-0.33596,-0.04866,0.28724,0.17292,0.40157,101
7067,"Consumer, telecom & real estate",2010-05-07,0.86497,-0.18294,-0.33331,-0.03258,0.31169,0.19123,0.43215,101
7068,"Consumer, telecom & real estate",2010-05-14,0.86786,-0.18448,-0.33380,-0.03516,0.31080,0.19040,0.43120,101
7069,"Consumer, telecom & real estate",2010-05-21,0.86761,-0.18766,-0.33680,-0.03851,0.31349,0.19498,0.43200,101
7070,"Consumer, telecom & real estate",2010-05-28,0.86604,-0.18832,-0.33662,-0.04001,0.31233,0.19518,0.42947,101
7071,"Consumer, telecom & real estate",2010-06-04,0.86919,-0.19244,-0.34386,-0.04103,0.31726,0.19925,0.43527,101
7072,"Consumer, telecom & real estate",2010-06-11,0.86914,-0.19226,-0.34308,-0.04143,0.31744,0.20024,0.43465,101
7073,"Consumer, telecom & real estate",2010-06-18,0.86223,-0.18616,-0.33490,-0.03741,0.31862,0.20253,0.43471,101
7074,"Consumer, telecom & real estate",2010-06-25,0.86026,-0.18161,-0.33319,-0.03002,0.32711,0.20913,0.44510,101
7075,"Consumer, telecom & real estate",2010-07-02,0.86401,-0.18662,-0.33915,-0.03409,0.33135,0.21528,0.44742,101
7076,"Consumer, telecom & real estate",2010-07-09,0.86121,-0.18476,-0.33703,-0.03249,0.33532,0.22046,0.45018,101
7077,"Consumer, telecom & real estate",2010-07-16,0.86233,-0.18706,-0.34273,-0.03138,0.33902,0.22244,0.45560,101
7078,"Consumer, telecom & real estate",2010-07-23,0.86284,-0.18622,-0.34247,-0.02998,0.34163,0.22474,0.45851,101
7079,"Consumer, telecom & real estate",2010-07-30,0.86873,-0.18973,-0.34690,-0.03255,0.34138,0.22482,0.45794,101
7080,"Consumer, telecom & real estate",2010-08-06,0.85605,-0.17191,-0.33497,-0.00885,0.36200,0.24073,0.48326,101
7081,"Consumer, telecom & real estate",2010-08-13,0.85544,-0.16750,-0.33140,-0.00360,0.36664,0.24428,0.48900,101
7082,"Consumer, telecom & real estate",2010-08-20,0.86366,-0.17032,-0.33385,-0.00679,0.36809,0.24498,0.49119,101
7083,"Consumer, telecom & real estate",2010-08-27,0.86190,-0.17128,-0.33390,-0.00867,0.36366,0.24144,0.48588,101
7084,"Consumer, telecom & real estate",2010-09-03,0.85640,-0.17214,-0.33241,-0.01188,0.34775,0.22622,0.46929,101
7085,"Consumer, telecom & real estate",2010-09-10,0.85838,-0.17614,-0.33749,-0.01479,0.34836,0.22709,0.46963,101
7086,"Consumer, telecom & real estate",2010-09-17,0.85774,-0.17607,-0.33876,-0.01339,0.35034,0.22883,0.47184,101
7087,"Consumer, telecom & real estate",2010-09-24,0.86402,-0.18147,-0.35184,-0.01109,0.35935,0.23779,0.48091,101
7088,"Consumer, telecom & real estate",2010-10-01,0.86026,-0.17658,-0.35036,-0.00279,0.35839,0.23184,0.48495,101
7089,"Consumer, telecom & real estate",2010-10-08,0.86543,-0.17348,-0.35026,0.00331,0.30620,0.16207,0.45034,101
7090,"Consumer, telecom & real estate",2010-10-15,0.86291,-0.17778,-0.35052,-0.00504,0.29719,0.15636,0.43802,101
7091,"Consumer, telecom & real estate",2010-10-22,0.85938,-0.18507,-0.35464,-0.01551,0.28322,0.14309,0.42335,101
7092,"Consumer, telecom & real estate",2010-10-29,0.88415,-0.19159,-0.36006,-0.02312,0.28158,0.13694,0.42622,101
7093,"Consumer, telecom & real estate",2010-11-05,0.89125,-0.19666,-0.38214,-0.01119,0.31169,0.16020,0.46318,101
7094,"Consumer, telecom & real estate",2010-11-12,0.88962,-0.19831,-0.38163,-0.01500,0.29625,0.14488,0.44761,101
7095,"Consumer, telecom & real estate",2010-11-19,0.91855,-0.20894,-0.39787,-0.02001,0.26345,0.11247,0.41443,101
7096,"Consumer, telecom & real estate",2010-11-26,0.97670,-0.22871,-0.44066,-0.01677,0.24316,0.09907,0.38724,101
7097,"Consumer, telecom & real estate",2010-12-03,0.96806,-0.15752,-0.33925,0.02421,0.32274,0.22118,0.42431,101
7098,"Consumer, telecom & real estate",2010-12-10,0.97226,-0.13674,-0.30817,0.03469,0.33925,0.24617,0.43233,101
7099,"Consumer, telecom & real estate",2010-12-17,0.92931,-0.10085,-0.26754,0.06584,0.37164,0.28322,0.46006,101
7100,"Consumer, telecom & real estate",2010-12-24,0.92295,-0.09091,-0.26759,0.08576,0.39352,0.30161,0.48543,101
7101,"Consumer, telecom & real estate",2010-12-31,0.91860,-0.09336,-0.27038,0.08365,0.36754,0.26718,0.46791,101
7102,"Consumer, telecom & real estate",2011-01-07,0.91638,-0.08648,-0.27226,0.09929,0.37793,0.27362,0.48224,101
7103,"Consumer, telecom & real estate",2011-01-14,0.98108,-0.13485,-0.29468,0.02498,0.37431,0.27562,0.47300,101
7104,"Consumer, telecom & real estate",2011-01-21,0.96781,-0.12748,-0.29621,0.04125,0.38680,0.28735,0.48624,101
7105,"Consumer, telecom & real estate",2011-01-28,0.98476,-0.14485,-0.31609,0.02639,0.39333,0.29313,0.49353,101
7106,"Consumer, telecom & real estate",2011-02-04,1.00249,-0.15422,-0.32800,0.01957,0.39324,0.29256,0.49392,101
7107,"Consumer, telecom & real estate",2011-02-11,1.00191,-0.15451,-0.32833,0.01930,0.39246,0.29178,0.49314,101
7108,"Consumer, telecom & real estate",2011-02-18,0.99929,-0.15439,-0.32835,0.01958,0.35918,0.25501,0.46335,101
7109,"Consumer, telecom & real estate",2011-02-25,0.99412,-0.14681,-0.30702,0.01341,0.36136,0.26429,0.45842,101
7110,"Consumer, telecom & real estate",2011-03-04,0.98939,-0.14703,-0.30825,0.01419,0.34394,0.24567,0.44221,101
7111,"Consumer, telecom & real estate",2011-03-11,0.96595,-0.13873,-0.30241,0.02495,0.34852,0.24946,0.44758,101
7112,"Consumer, telecom & real estate",2011-03-18,0.96192,-0.11032,-0.27046,0.04981,0.37790,0.28731,0.46849,101
7113,"Consumer, telecom & real estate",2011-03-25,0.95185,-0.10646,-0.26776,0.05484,0.37574,0.28488,0.46660,101
7114,"Consumer, telecom & real estate",2011-04-01,0.95687,-0.11364,-0.27459,0.04731,0.37203,0.28081,0.46325,101
7115,"Consumer, telecom & real estate",2011-04-08,0.96302,-0.11189,-0.26754,0.04375,0.35681,0.26657,0.44706,101
7116,"Consumer, telecom & real estate",2011-04-15,0.96319,-0.11531,-0.27365,0.04304,0.35747,0.26740,0.44754,101
7117,"Consumer, telecom & real estate",2011-04-22,0.96334,-0.11449,-0.27252,0.04354,0.35855,0.26886,0.44825,102
7118,"Consumer, telecom & real estate",2011-04-29,0.96260,-0.11481,-0.27286,0.04323,0.35965,0.27046,0.44885,103
7119,"Consumer, telecom & real estate",2011-05-06,0.98243,-0.14761,-0.29728,0.00207,0.30372,0.21246,0.39499,104
7120,"Consumer, telecom & real estate",2011-05-13,0.98153,-0.14848,-0.29645,-0.00050,0.29841,0.20764,0.38919,104
7121,"Consumer, telecom & real estate",2011-05-20,0.98214,-0.15468,-0.30407,-0.00530,0.29384,0.20035,0.38734,104
7122,"Consumer, telecom & real estate",2011-05-27,0.98921,-0.16265,-0.31702,-0.00827,0.29290,0.19535,0.39045,104
7123,"Consumer, telecom & real estate",2011-06-03,0.98911,-0.15516,-0.30775,-0.00258,0.29978,0.20428,0.39529,104
7124,"Consumer, telecom & real estate",2011-06-10,0.99226,-0.14771,-0.29577,0.00035,0.30326,0.20912,0.39739,104
7125,"Consumer, telecom & real estate",2011-06-17,0.97137,-0.14254,-0.28924,0.00416,0.29242,0.19902,0.38581,104
7126,"Consumer, telecom & real estate",2011-06-24,0.98494,-0.14880,-0.29259,-0.00500,0.28747,0.19685,0.37808,104
7127,"Consumer, telecom & real estate",2011-07-01,0.98187,-0.14794,-0.29426,-0.00161,0.29930,0.20946,0.38913,104
7128,"Consumer, telecom & real estate",2011-07-08,0.98335,-0.13627,-0.28008,0.00753,0.28195,0.18389,0.38002,104
7129,"Consumer, telecom & real estate",2011-07-15,0.93899,-0.14184,-0.28276,-0.00092,0.24260,0.14937,0.33583,104
7130,"Consumer, telecom & real estate",2011-07-22,0.94437,-0.13988,-0.28100,0.00124,0.24122,0.14614,0.33630,104
7131,"Consumer, telecom & real estate",2011-07-29,0.93880,-0.14048,-0.28127,0.00032,0.24081,0.14583,0.33579,104
7132,"Consumer, telecom & real estate",2011-08-05,0.90946,-0.13365,-0.27003,0.00274,0.27590,0.18162,0.37019,104
7133,"Consumer, telecom & real estate",2011-08-12,0.91153,-0.13068,-0.26677,0.00542,0.27913,0.18454,0.37373,104
7134,"Consumer, telecom & real estate",2011-08-19,0.91766,-0.13464,-0.26862,-0.00067,0.27653,0.18176,0.37129,104
7135,"Consumer, telecom & real estate",2011-08-26,0.91900,-0.13690,-0.27255,-0.00125,0.27827,0.18350,0.37305,104
7136,"Consumer, telecom & real estate",2011-09-02,0.91107,-0.12988,-0.26865,0.00889,0.28925,0.19036,0.38813,104
7137,"Consumer, telecom & real estate",2011-09-09,0.89064,-0.12444,-0.25613,0.00725,0.28398,0.18333,0.38463,104
7138,"Consumer, telecom & real estate",2011-09-16,0.89361,-0.12715,-0.25904,0.00474,0.27440,0.17238,0.37642,104
7139,"Consumer, telecom & real estate",2011-09-23,0.88339,-0.10210,-0.25170,0.04750,0.32641,0.21198,0.44084,104
7140,"Consumer, telecom & real estate",2011-09-30,0.90229,-0.11918,-0.26105,0.02269,0.32627,0.21833,0.43421,104
7141,"Consumer, telecom & real estate",2011-10-07,0.86299,-0.10446,-0.25646,0.04755,0.30885,0.20512,0.41258,104
7142,"Consumer, telecom & real estate",2011-10-14,0.89343,-0.15529,-0.27200,-0.03858,0.30524,0.22098,0.38949,104
7143,"Consumer, telecom & real estate",2011-10-21,0.91835,-0.18246,-0.29839,-0.06653,0.28015,0.19547,0.36484,104
7144,"Consumer, telecom & real estate",2011-10-28,0.91991,-0.16869,-0.28543,-0.05196,0.29054,0.20782,0.37326,104
7145,"Consumer, telecom & real estate",2011-11-04,0.91882,-0.16647,-0.28228,-0.05067,0.28938,0.20651,0.37224,104
7146,"Consumer, telecom & real estate",2011-11-11,0.94101,-0.18054,-0.29096,-0.07012,0.28846,0.20678,0.37014,104
7147,"Consumer, telecom & real estate",2011-11-18,0.94207,-0.17856,-0.28740,-0.06972,0.29349,0.21441,0.37257,104
7148,"Consumer, telecom & real estate",2011-11-25,0.96171,-0.18794,-0.29272,-0.08317,0.29947,0.22122,0.37773,104
7149,"Consumer, telecom & real estate",2011-12-02,0.98111,-0.19364,-0.29847,-0.08882,0.31485,0.23599,0.39371,104
7150,"Consumer, telecom & real estate",2011-12-09,1.00138,-0.21539,-0.31767,-0.11312,0.33048,0.25107,0.40990,104
7151,"Consumer, telecom & real estate",2011-12-16,1.00036,-0.21147,-0.31302,-0.10992,0.33463,0.25678,0.41249,104
7152,"Consumer, telecom & real estate",2011-12-23,0.99819,-0.21109,-0.31285,-0.10933,0.33865,0.26128,0.41602,104
7153,"Consumer, telecom & real estate",2011-12-30,0.99733,-0.21015,-0.31255,-0.10774,0.34118,0.26365,0.41871,104
7154,"Consumer, telecom & real estate",2012-01-06,0.99533,-0.19894,-0.30503,-0.09286,0.34697,0.26672,0.42722,104
7155,"Consumer, telecom & real estate",2012-01-13,0.98220,-0.18942,-0.30654,-0.07229,0.35154,0.26742,0.43567,104
7156,"Consumer, telecom & real estate",2012-01-20,0.98114,-0.19865,-0.31048,-0.08681,0.33199,0.24930,0.41468,104
7157,"Consumer, telecom & real estate",2012-01-27,0.97422,-0.18867,-0.30670,-0.07064,0.34368,0.25767,0.42970,104
7158,"Consumer, telecom & real estate",2012-02-03,0.97280,-0.18888,-0.30693,-0.07083,0.34240,0.25616,0.42863,104
7159,"Consumer, telecom & real estate",2012-02-10,0.98944,-0.20691,-0.32366,-0.09017,0.34675,0.26285,0.43066,104
7160,"Consumer, telecom & real estate",2012-02-17,0.99001,-0.20308,-0.32162,-0.08455,0.34993,0.26342,0.43643,104
7161,"Consumer, telecom & real estate",2012-02-24,0.98738,-0.19495,-0.31485,-0.07506,0.35155,0.26367,0.43943,104
7162,"Consumer, telecom & real estate",2012-03-02,0.96780,-0.18773,-0.30969,-0.06577,0.34045,0.25275,0.42815,104
7163,"Consumer, telecom & real estate",2012-03-09,0.96975,-0.18962,-0.31083,-0.06842,0.33883,0.25131,0.42635,104
7164,"Consumer, telecom & real estate",2012-03-16,0.98751,-0.20109,-0.31921,-0.08297,0.33615,0.25019,0.42211,104
7165,"Consumer, telecom & real estate",2012-03-23,0.98778,-0.20179,-0.32028,-0.08329,0.33793,0.25207,0.42378,104
7166,"Consumer, telecom & real estate",2012-03-30,0.99522,-0.21443,-0.33326,-0.09560,0.33080,0.24565,0.41596,104
7167,"Consumer, telecom & real estate",2012-04-06,0.99396,-0.21462,-0.33336,-0.09588,0.32824,0.24312,0.41337,104
7168,"Consumer, telecom & real estate",2012-04-13,1.00107,-0.21808,-0.33687,-0.09929,0.33037,0.24604,0.41470,104
7169,"Consumer, telecom & real estate",2012-04-20,0.99720,-0.21231,-0.32927,-0.09535,0.32760,0.24286,0.41234,104
7170,"Consumer, telecom & real estate",2012-04-27,0.99528,-0.21181,-0.32952,-0.09409,0.32674,0.24199,0.41148,104
7171,"Consumer, telecom & real estate",2012-05-04,0.97687,-0.21876,-0.33266,-0.10486,0.27366,0.18847,0.35885,104
7172,"Consumer, telecom & real estate",2012-05-11,0.97872,-0.22274,-0.33948,-0.10600,0.27723,0.19270,0.36176,104
7173,"Consumer, telecom & real estate",2012-05-18,0.98989,-0.21647,-0.33443,-0.09851,0.28080,0.19496,0.36664,104
7174,"Consumer, telecom & real estate",2012-05-25,0.98985,-0.21544,-0.33322,-0.09767,0.27857,0.19233,0.36481,104
7175,"Consumer, telecom & real estate",2012-06-01,0.98649,-0.19812,-0.31833,-0.07790,0.29342,0.20483,0.38202,104
7176,"Consumer, telecom & real estate",2012-06-08,0.99253,-0.20237,-0.32162,-0.08311,0.29290,0.20383,0.38196,104
7177,"Consumer, telecom & real estate",2012-06-15,0.99523,-0.20779,-0.32752,-0.08807,0.28770,0.19818,0.37723,104
7178,"Consumer, telecom & real estate",2012-06-22,0.97872,-0.21231,-0.32595,-0.09867,0.26299,0.17719,0.34879,104
7179,"Consumer, telecom & real estate",2012-06-29,0.98207,-0.20571,-0.32141,-0.09002,0.26975,0.18225,0.35726,104
7180,"Consumer, telecom & real estate",2012-07-06,0.98310,-0.20552,-0.32114,-0.08990,0.25661,0.16791,0.34531,104
7181,"Consumer, telecom & real estate",2012-07-13,0.98385,-0.20507,-0.32027,-0.08988,0.25872,0.17077,0.34666,104
7182,"Consumer, telecom & real estate",2012-07-20,0.98481,-0.21315,-0.32848,-0.09782,0.24543,0.15699,0.33387,104
7183,"Consumer, telecom & real estate",2012-07-27,0.98473,-0.21307,-0.32828,-0.09786,0.24532,0.15695,0.33368,104
7184,"Consumer, telecom & real estate",2012-08-03,0.97954,-0.20881,-0.32422,-0.09339,0.24148,0.15341,0.32954,104
7185,"Consumer, telecom & real estate",2012-08-10,0.97563,-0.22416,-0.33799,-0.11032,0.21416,0.12736,0.30095,104
7186,"Consumer, telecom & real estate",2012-08-17,0.96998,-0.22195,-0.33560,-0.10830,0.21395,0.12684,0.30106,104
7187,"Consumer, telecom & real estate",2012-08-24,0.96533,-0.21776,-0.33259,-0.10293,0.22172,0.13419,0.30925,104
7188,"Consumer, telecom & real estate",2012-08-31,0.95954,-0.21422,-0.33207,-0.09636,0.22405,0.13619,0.31191,104
7189,"Consumer, telecom & real estate",2012-09-07,0.95877,-0.21106,-0.32914,-0.09297,0.22559,0.13693,0.31425,104
7190,"Consumer, telecom & real estate",2012-09-14,0.96261,-0.21236,-0.32940,-0.09531,0.22611,0.13757,0.31465,104
7191,"Consumer, telecom & real estate",2012-09-21,0.95525,-0.20303,-0.31813,-0.08792,0.21828,0.12948,0.30707,104
7192,"Consumer, telecom & real estate",2012-09-28,0.96367,-0.21700,-0.32569,-0.10831,0.21319,0.12655,0.29983,104
7193,"Consumer, telecom & real estate",2012-10-05,0.98636,-0.22703,-0.33234,-0.12172,0.21212,0.12550,0.29874,104
7194,"Consumer, telecom & real estate",2012-10-12,0.97930,-0.22137,-0.32902,-0.11371,0.21595,0.12816,0.30374,104
7195,"Consumer, telecom & real estate",2012-10-19,0.97652,-0.21767,-0.32459,-0.11076,0.21181,0.12454,0.29908,104
7196,"Consumer, telecom & real estate",2012-10-26,0.97381,-0.21771,-0.32489,-0.11053,0.21118,0.12398,0.29838,104
7197,"Consumer, telecom & real estate",2012-11-02,0.97542,-0.22818,-0.33505,-0.12131,0.19375,0.10544,0.28206,104
7198,"Consumer, telecom & real estate",2012-11-09,0.96275,-0.21328,-0.31904,-0.10753,0.19694,0.10915,0.28474,104
7199,"Consumer, telecom & real estate",2012-11-16,0.95454,-0.20328,-0.30906,-0.09750,0.20261,0.11471,0.29050,104
7200,"Consumer, telecom & real estate",2012-11-23,0.95053,-0.20001,-0.30578,-0.09424,0.20639,0.11810,0.29469,104
7201,"Consumer, telecom & real estate",2012-11-30,0.95150,-0.19644,-0.30472,-0.08817,0.20640,0.11496,0.29784,104
7202,"Consumer, telecom & real estate",2012-12-07,0.95442,-0.20268,-0.30840,-0.09696,0.19676,0.10689,0.28664,104
7203,"Consumer, telecom & real estate",2012-12-14,0.95549,-0.20155,-0.30722,-0.09589,0.19733,0.10733,0.28732,104
7204,"Consumer, telecom & real estate",2012-12-21,0.95468,-0.20109,-0.30673,-0.09546,0.19281,0.10242,0.28320,104
7205,"Consumer, telecom & real estate",2012-12-28,0.95777,-0.20415,-0.30891,-0.09940,0.19057,0.10041,0.28072,104
7206,"Consumer, telecom & real estate",2013-01-04,0.96922,-0.20780,-0.31287,-0.10273,0.19254,0.10190,0.28319,104
7207,"Consumer, telecom & real estate",2013-01-11,0.96908,-0.20875,-0.31531,-0.10219,0.19517,0.10332,0.28702,104
7208,"Consumer, telecom & real estate",2013-01-18,0.97367,-0.20995,-0.31623,-0.10367,0.19449,0.10288,0.28611,104
7209,"Consumer, telecom & real estate",2013-01-25,0.97367,-0.20880,-0.31529,-0.10232,0.19600,0.10414,0.28786,104
7210,"Consumer, telecom & real estate",2013-02-01,0.97772,-0.20884,-0.31515,-0.10252,0.19419,0.10242,0.28596,104
7211,"Consumer, telecom & real estate",2013-02-08,0.97823,-0.21072,-0.31631,-0.10513,0.19209,0.10095,0.28324,104
7212,"Consumer, telecom & real estate",2013-02-15,0.97700,-0.21146,-0.31736,-0.10556,0.19164,0.10006,0.28322,104
7213,"Consumer, telecom & real estate",2013-02-22,0.97498,-0.20849,-0.32107,-0.09591,0.21504,0.12079,0.30929,104
7214,"Consumer, telecom & real estate",2013-03-01,0.97315,-0.20462,-0.31707,-0.09218,0.21635,0.12258,0.31012,104
7215,"Consumer, telecom & real estate",2013-03-08,0.98158,-0.20545,-0.31797,-0.09294,0.21534,0.12164,0.30904,104
7216,"Consumer, telecom & real estate",2013-03-15,0.98120,-0.20480,-0.31709,-0.09250,0.21503,0.12148,0.30857,104
7217,"Consumer, telecom & real estate",2013-03-22,0.98825,-0.20443,-0.31698,-0.09187,0.21698,0.12328,0.31069,104
7218,"Consumer, telecom & real estate",2013-03-29,0.98882,-0.20243,-0.31521,-0.08964,0.21689,0.12254,0.31123,104
7219,"Consumer, telecom & real estate",2013-04-05,0.99151,-0.20353,-0.32109,-0.08596,0.23022,0.13386,0.32658,104
7220,"Consumer, telecom & real estate",2013-04-12,1.00148,-0.20649,-0.32342,-0.08956,0.22637,0.13044,0.32230,104
7221,"Consumer, telecom & real estate",2013-04-19,1.00584,-0.22761,-0.34885,-0.10637,0.20570,0.10617,0.30524,104
7222,"Consumer, telecom & real estate",2013-04-26,1.01028,-0.22385,-0.34383,-0.10387,0.21172,0.11410,0.30934,104
7223,"Consumer, telecom & real estate",2013-05-03,1.00125,-0.20042,-0.33619,-0.06465,0.27762,0.16733,0.38791,104
7224,"Consumer, telecom & real estate",2013-05-10,0.99946,-0.19987,-0.33835,-0.06139,0.28543,0.17384,0.39701,104
7225,"Consumer, telecom & real estate",2013-05-17,1.00060,-0.20193,-0.34109,-0.06276,0.28450,0.17233,0.39666,104
7226,"Consumer, telecom & real estate",2013-05-24,0.99465,-0.19307,-0.33262,-0.05353,0.29424,0.18191,0.40656,104
7227,"Consumer, telecom & real estate",2013-05-31,0.98782,-0.18503,-0.32470,-0.04536,0.29618,0.18429,0.40806,104
7228,"Consumer, telecom & real estate",2013-06-07,0.99472,-0.19258,-0.32984,-0.05531,0.28608,0.17556,0.39660,104
7229,"Consumer, telecom & real estate",2013-06-14,0.99519,-0.19472,-0.33351,-0.05593,0.28333,0.17040,0.39626,104
7230,"Consumer, telecom & real estate",2013-06-21,0.99415,-0.19205,-0.33608,-0.04801,0.29156,0.17338,0.40973,104
7231,"Consumer, telecom & real estate",2013-06-28,0.99336,-0.18726,-0.33330,-0.04123,0.27753,0.15416,0.40090,104
7232,"Consumer, telecom & real estate",2013-07-05,1.00355,-0.20627,-0.35378,-0.05877,0.28311,0.16012,0.40609,104
7233,"Consumer, telecom & real estate",2013-07-12,1.00061,-0.20599,-0.35334,-0.05863,0.28336,0.16033,0.40638,104
7234,"Consumer, telecom & real estate",2013-07-19,0.99361,-0.20117,-0.34806,-0.05428,0.28185,0.15941,0.40429,104
7235,"Consumer, telecom & real estate",2013-07-26,0.99916,-0.20017,-0.34709,-0.05325,0.28281,0.16133,0.40429,104
7236,"Consumer, telecom & real estate",2013-08-02,1.05551,-0.20679,-0.35591,-0.05768,0.21894,0.09584,0.34203,104
7237,"Consumer, telecom & real estate",2013-08-09,1.05159,-0.20202,-0.35121,-0.05282,0.22209,0.09912,0.34505,104
7238,"Consumer, telecom & real estate",2013-08-16,1.05657,-0.21350,-0.36501,-0.06199,0.21253,0.09070,0.33436,104
7239,"Consumer, telecom & real estate",2013-08-23,1.05914,-0.21299,-0.36463,-0.06136,0.20995,0.08756,0.33234,104
7240,"Consumer, telecom & real estate",2013-08-30,1.08467,-0.22798,-0.38335,-0.07261,0.19603,0.07255,0.31952,104
7241,"Consumer, telecom & real estate",2013-09-06,1.04277,-0.20980,-0.36094,-0.05865,0.19987,0.07637,0.32336,104
7242,"Consumer, telecom & real estate",2013-09-13,1.03847,-0.20651,-0.35536,-0.05767,0.19755,0.07562,0.31948,104
7243,"Consumer, telecom & real estate",2013-09-20,1.03373,-0.20331,-0.35036,-0.05625,0.14452,0.01559,0.27346,104
7244,"Consumer, telecom & real estate",2013-09-27,1.03428,-0.20316,-0.35091,-0.05541,0.14735,0.01829,0.27640,104
7245,"Consumer, telecom & real estate",2013-10-04,1.03934,-0.20710,-0.36032,-0.05388,0.15483,0.02326,0.28639,104
7246,"Consumer, telecom & real estate",2013-10-11,1.05054,-0.19675,-0.35017,-0.04333,0.12254,-0.01260,0.25768,104
7247,"Consumer, telecom & real estate",2013-10-18,1.03115,-0.17471,-0.33041,-0.01901,0.15523,0.02025,0.29021,104
7248,"Consumer, telecom & real estate",2013-10-25,1.02495,-0.16317,-0.31474,-0.01159,0.13822,0.00375,0.27269,104
7249,"Consumer, telecom & real estate",2013-11-01,1.02939,-0.16465,-0.31928,-0.01002,0.14678,0.01200,0.28157,104
7250,"Consumer, telecom & real estate",2013-11-08,1.02520,-0.15610,-0.31200,-0.00021,0.15380,0.01689,0.29070,104
7251,"Consumer, telecom & real estate",2013-11-15,1.02077,-0.16301,-0.31967,-0.00634,0.12713,-0.01195,0.26621,104
7252,"Consumer, telecom & real estate",2013-11-22,0.98080,-0.14920,-0.30466,0.00627,0.11394,-0.02496,0.25284,104
7253,"Consumer, telecom & real estate",2013-11-29,0.92934,-0.14334,-0.29553,0.00885,0.07866,-0.05921,0.21652,104
7254,"Consumer, telecom & real estate",2013-12-06,0.96194,-0.16559,-0.31925,-0.01192,0.05667,-0.08084,0.19417,104
7255,"Consumer, telecom & real estate",2013-12-13,0.96478,-0.16063,-0.31384,-0.00743,0.05008,-0.09041,0.19058,104
7256,"Consumer, telecom & real estate",2013-12-20,0.99121,-0.15481,-0.31314,0.00352,0.04599,-0.10246,0.19444,104
7257,"Consumer, telecom & real estate",2013-12-27,0.97911,-0.15400,-0.31065,0.00264,0.04515,-0.10212,0.19243,104
7258,"Consumer, telecom & real estate",2014-01-03,0.96847,-0.16555,-0.30649,-0.02461,0.02443,-0.10714,0.15600,104
7259,"Consumer, telecom & real estate",2014-01-10,1.00698,-0.18599,-0.32550,-0.04649,0.01774,-0.11294,0.14843,104
7260,"Consumer, telecom & real estate",2014-01-17,0.99894,-0.18312,-0.32228,-0.04396,0.01965,-0.11067,0.14996,104
7261,"Consumer, telecom & real estate",2014-01-24,0.97287,-0.18698,-0.32252,-0.05144,0.00676,-0.12095,0.13448,104
7262,"Consumer, telecom & real estate",2014-01-31,1.00772,-0.18460,-0.32345,-0.04575,0.01228,-0.11865,0.14320,104
7263,"Consumer, telecom & real estate",2014-02-07,1.01666,-0.17722,-0.31906,-0.03539,0.02545,-0.10881,0.15971,104
7264,"Consumer, telecom & real estate",2014-02-14,1.01159,-0.18072,-0.32171,-0.03972,0.01994,-0.11331,0.15319,104
7265,"Consumer, telecom & real estate",2014-02-21,1.01305,-0.19297,-0.33479,-0.05116,0.00923,-0.12310,0.14157,104
7266,"Consumer, telecom & real estate",2014-02-28,1.01312,-0.19608,-0.33868,-0.05348,0.00602,-0.12685,0.13889,104
7267,"Consumer, telecom & real estate",2014-03-07,1.01659,-0.19825,-0.34245,-0.05405,0.00912,-0.12385,0.14210,104
7268,"Consumer, telecom & real estate",2014-03-14,0.97477,-0.18984,-0.32744,-0.05223,0.01017,-0.11991,0.14026,104
7269,"Consumer, telecom & real estate",2014-03-21,0.96596,-0.18590,-0.32148,-0.05032,0.00595,-0.12324,0.13514,104
7270,"Consumer, telecom & real estate",2014-03-28,0.97104,-0.17460,-0.31103,-0.03818,0.01917,-0.11105,0.14939,104
7271,"Consumer, telecom & real estate",2014-04-04,0.97369,-0.17438,-0.31063,-0.03813,0.01913,-0.11080,0.14907,104
7272,"Consumer, telecom & real estate",2014-04-11,0.96869,-0.17545,-0.31073,-0.04018,0.01216,-0.11751,0.14184,104
7273,"Consumer, telecom & real estate",2014-04-18,0.97044,-0.18407,-0.31971,-0.04844,0.01215,-0.11692,0.14122,104
7274,"Consumer, telecom & real estate",2014-04-25,0.96881,-0.18150,-0.31826,-0.04474,0.01794,-0.11222,0.14809,104
7275,"Consumer, telecom & real estate",2014-05-02,0.94797,-0.18626,-0.32192,-0.05060,-0.00266,-0.13392,0.12860,104
7276,"Consumer, telecom & real estate",2014-05-09,0.96835,-0.18965,-0.32704,-0.05225,-0.00444,-0.13797,0.12910,104
7277,"Consumer, telecom & real estate",2014-05-16,0.95679,-0.19557,-0.33131,-0.05984,-0.04651,-0.18026,0.08725,104
7278,"Consumer, telecom & real estate",2014-05-23,0.96081,-0.19635,-0.33259,-0.06011,-0.04618,-0.18038,0.08802,104
7279,"Consumer, telecom & real estate",2014-05-30,0.93208,-0.22388,-0.36401,-0.08375,-0.11775,-0.25550,0.02000,104
7280,"Consumer, telecom & real estate",2014-06-06,0.90684,-0.22284,-0.35935,-0.08633,-0.12580,-0.26131,0.00972,104
7281,"Consumer, telecom & real estate",2014-06-13,0.91187,-0.24233,-0.37921,-0.10545,-0.14631,-0.28173,-0.01090,104
7282,"Consumer, telecom & real estate",2014-06-20,0.91317,-0.22305,-0.36669,-0.07941,-0.13787,-0.28136,0.00561,104
7283,"Consumer, telecom & real estate",2014-06-27,0.91754,-0.22332,-0.37857,-0.06808,-0.18877,-0.34456,-0.03297,104
7284,"Consumer, telecom & real estate",2014-07-04,0.91618,-0.22198,-0.37506,-0.06891,-0.19313,-0.34676,-0.03950,104
7285,"Consumer, telecom & real estate",2014-07-11,0.91284,-0.22548,-0.37944,-0.07152,-0.18488,-0.33933,-0.03043,104
7286,"Consumer, telecom & real estate",2014-07-18,0.92376,-0.20320,-0.35713,-0.04928,-0.17065,-0.32483,-0.01647,104
7287,"Consumer, telecom & real estate",2014-07-25,0.92678,-0.20091,-0.35497,-0.04685,-0.16688,-0.32120,-0.01255,104
7288,"Consumer, telecom & real estate",2014-08-01,0.94171,-0.20215,-0.35837,-0.04594,-0.14912,-0.30542,0.00719,104
7289,"Consumer, telecom & real estate",2014-08-08,0.95232,-0.18780,-0.34636,-0.02924,-0.13591,-0.29447,0.02266,104
7290,"Consumer, telecom & real estate",2014-08-15,0.98332,-0.20083,-0.35933,-0.04232,-0.16216,-0.32020,-0.00412,104
7291,"Consumer, telecom & real estate",2014-08-22,0.98145,-0.20177,-0.36027,-0.04326,-0.16273,-0.32075,-0.00471,104
7292,"Consumer, telecom & real estate",2014-08-29,0.97993,-0.20308,-0.36004,-0.04613,-0.16430,-0.32078,-0.00781,104
7293,"Consumer, telecom & real estate",2014-09-05,0.98771,-0.21159,-0.36897,-0.05421,-0.17501,-0.33178,-0.01825,104
7294,"Consumer, telecom & real estate",2014-09-12,0.98323,-0.22599,-0.38338,-0.06859,-0.18778,-0.34439,-0.03117,104
7295,"Consumer, telecom & real estate",2014-09-19,0.99282,-0.24526,-0.40578,-0.08473,-0.18964,-0.34877,-0.03051,104
7296,"Consumer, telecom & real estate",2014-09-26,0.98856,-0.24364,-0.40450,-0.08277,-0.17754,-0.33637,-0.01870,104
7297,"Consumer, telecom & real estate",2014-10-03,0.97982,-0.24686,-0.40313,-0.09060,-0.14552,-0.29741,0.00637,104
7298,"Consumer, telecom & real estate",2014-10-10,1.06012,-0.25265,-0.41338,-0.09192,-0.10666,-0.26026,0.04694,104
7299,"Consumer, telecom & real estate",2014-10-17,1.06176,-0.25725,-0.40825,-0.10626,-0.11604,-0.26098,0.02891,104
7300,"Consumer, telecom & real estate",2014-10-24,1.09051,-0.25330,-0.40654,-0.10007,-0.09576,-0.24292,0.05140,104
7301,"Consumer, telecom & real estate",2014-10-31,1.08966,-0.24907,-0.40860,-0.08955,-0.08465,-0.23716,0.06787,104
7302,"Consumer, telecom & real estate",2014-11-07,1.11303,-0.27336,-0.42696,-0.11976,-0.08780,-0.23489,0.05929,104
7303,"Consumer, telecom & real estate",2014-11-14,1.11407,-0.25715,-0.40509,-0.10922,-0.09913,-0.24240,0.04415,104
7304,"Consumer, telecom & real estate",2014-11-21,1.10973,-0.26437,-0.40624,-0.12249,-0.10722,-0.24435,0.02990,104
7305,"Consumer, telecom & real estate",2014-11-28,1.03624,-0.35053,-0.50466,-0.19641,-0.10516,-0.27372,0.06341,104
7306,"Consumer, telecom & real estate",2014-12-05,1.03705,-0.35120,-0.51231,-0.19010,-0.10330,-0.27889,0.07230,104
7307,"Consumer, telecom & real estate",2014-12-12,1.04502,-0.33767,-0.47283,-0.20250,-0.06351,-0.20707,0.08004,104
7308,"Consumer, telecom & real estate",2014-12-19,0.94951,-0.31113,-0.44045,-0.18180,-0.06366,-0.20111,0.07378,104
7309,"Consumer, telecom & real estate",2014-12-26,0.95078,-0.31132,-0.44211,-0.18053,-0.05870,-0.19665,0.07924,104
7310,"Consumer, telecom & real estate",2015-01-02,0.91759,-0.28183,-0.42825,-0.13542,-0.05278,-0.19852,0.09296,104
7311,"Consumer, telecom & real estate",2015-01-09,0.90729,-0.26327,-0.40535,-0.12120,-0.06407,-0.20537,0.07723,104
7312,"Consumer, telecom & real estate",2015-01-16,0.90675,-0.25900,-0.40137,-0.11662,-0.06245,-0.20442,0.07952,104
7313,"Consumer, telecom & real estate",2015-01-23,0.93325,-0.26135,-0.40767,-0.11503,-0.04939,-0.19902,0.10024,104
7314,"Consumer, telecom & real estate",2015-01-30,0.89693,-0.22171,-0.38656,-0.05687,-0.03956,-0.20737,0.12825,104
7315,"Consumer, telecom & real estate",2015-02-06,0.89235,-0.22876,-0.37738,-0.08014,-0.03956,-0.18772,0.10860,104
7316,"Consumer, telecom & real estate",2015-02-13,0.90248,-0.23266,-0.38261,-0.08271,-0.04112,-0.19229,0.11004,104
7317,"Consumer, telecom & real estate",2015-02-20,0.88759,-0.21199,-0.35706,-0.06693,-0.02977,-0.17938,0.11984,104
7318,"Consumer, telecom & real estate",2015-02-27,0.88542,-0.20831,-0.35224,-0.06437,-0.02845,-0.17731,0.12041,104
7319,"Consumer, telecom & real estate",2015-03-06,0.88262,-0.20096,-0.34303,-0.05889,-0.02542,-0.17373,0.12288,104
7320,"Consumer, telecom & real estate",2015-03-13,0.88263,-0.20106,-0.33563,-0.06650,-0.02701,-0.16732,0.11331,104
7321,"Consumer, telecom & real estate",2015-03-20,0.87982,-0.20127,-0.33561,-0.06694,-0.02699,-0.16675,0.11278,104
7322,"Consumer, telecom & real estate",2015-03-27,0.87211,-0.19678,-0.33039,-0.06316,-0.02476,-0.16384,0.11432,104
7323,"Consumer, telecom & real estate",2015-04-03,0.87002,-0.19871,-0.33460,-0.06283,-0.03018,-0.17148,0.11112,104
7324,"Consumer, telecom & real estate",2015-04-10,0.88078,-0.19781,-0.33352,-0.06209,-0.02072,-0.16307,0.12162,104
7325,"Consumer, telecom & real estate",2015-04-17,0.87377,-0.16060,-0.28870,-0.03250,-0.00503,-0.14743,0.13738,104
7326,"Consumer, telecom & real estate",2015-04-24,0.85805,-0.16042,-0.28957,-0.03127,-0.01456,-0.15677,0.12764,104
7327,"Consumer, telecom & real estate",2015-05-01,0.84364,-0.15587,-0.28625,-0.02549,-0.01688,-0.15893,0.12517,104
7328,"Consumer, telecom & real estate",2015-05-08,0.84684,-0.15694,-0.28659,-0.02729,-0.01888,-0.16030,0.12253,104
7329,"Consumer, telecom & real estate",2015-05-15,0.84655,-0.15845,-0.28779,-0.02910,-0.02011,-0.16111,0.12088,104
7330,"Consumer, telecom & real estate",2015-05-22,0.84729,-0.15667,-0.28635,-0.02700,-0.01827,-0.16000,0.12346,104
7331,"Consumer, telecom & real estate",2015-05-29,0.84708,-0.15836,-0.28796,-0.02877,-0.01957,-0.16056,0.12142,104
7332,"Consumer, telecom & real estate",2015-06-05,0.83926,-0.15526,-0.28487,-0.02565,-0.01038,-0.15106,0.13030,104
7333,"Consumer, telecom & real estate",2015-06-12,0.83329,-0.15337,-0.28179,-0.02496,-0.01146,-0.15109,0.12816,104
7334,"Consumer, telecom & real estate",2015-06-19,0.83085,-0.15445,-0.28305,-0.02585,-0.01320,-0.15273,0.12634,104
7335,"Consumer, telecom & real estate",2015-06-26,0.83078,-0.15736,-0.28734,-0.02738,-0.01437,-0.15488,0.12614,104
7336,"Consumer, telecom & real estate",2015-07-03,0.82999,-0.15638,-0.28919,-0.02357,-0.01532,-0.15902,0.12839,104
7337,"Consumer, telecom & real estate",2015-07-10,0.83422,-0.16557,-0.29822,-0.03292,-0.02879,-0.17082,0.11325,104
7338,"Consumer, telecom & real estate",2015-07-17,0.84009,-0.16699,-0.29943,-0.03455,-0.03124,-0.17285,0.11037,104
7339,"Consumer, telecom & real estate",2015-07-24,0.84084,-0.16326,-0.29311,-0.03341,-0.02568,-0.16517,0.11382,104
7340,"Consumer, telecom & real estate",2015-07-31,0.84097,-0.16241,-0.29195,-0.03288,-0.02464,-0.16390,0.11462,104
7341,"Consumer, telecom & real estate",2015-08-07,0.84345,-0.16513,-0.29107,-0.03920,-0.02844,-0.16320,0.10633,104
7342,"Consumer, telecom & real estate",2015-08-14,0.83312,-0.15514,-0.27643,-0.03385,-0.02311,-0.15512,0.10890,104
7343,"Consumer, telecom & real estate",2015-08-21,0.83737,-0.15285,-0.27141,-0.03429,-0.00602,-0.13460,0.12256,104
7344,"Consumer, telecom & real estate",2015-08-28,0.82675,-0.14576,-0.25353,-0.03800,-0.00149,-0.12001,0.11703,104
7345,"Consumer, telecom & real estate",2015-09-04,0.81259,-0.14398,-0.25072,-0.03723,-0.00290,-0.11994,0.11415,104
7346,"Consumer, telecom & real estate",2015-09-11,0.81262,-0.14328,-0.25016,-0.03640,-0.00080,-0.11800,0.11639,104
7347,"Consumer, telecom & real estate",2015-09-18,0.80953,-0.14228,-0.24971,-0.03485,0.00096,-0.11679,0.11871,104
7348,"Consumer, telecom & real estate",2015-09-25,0.80911,-0.14224,-0.24870,-0.03578,-0.00132,-0.11823,0.11559,104
7349,"Consumer, telecom & real estate",2015-10-02,0.81007,-0.14330,-0.25040,-0.03620,-0.00180,-0.11930,0.11569,104
7350,"Consumer, telecom & real estate",2015-10-09,0.78692,-0.15663,-0.26347,-0.04979,0.00240,-0.11095,0.11574,104
7351,"Consumer, telecom & real estate",2015-10-16,0.78016,-0.15210,-0.25456,-0.04964,0.00378,-0.10517,0.11273,104
7352,"Consumer, telecom & real estate",2015-10-23,0.78055,-0.15238,-0.25642,-0.04835,0.00968,-0.09984,0.11920,104
7353,"Consumer, telecom & real estate",2015-10-30,0.76496,-0.14298,-0.24413,-0.04184,0.01159,-0.09504,0.11821,104
7354,"Consumer, telecom & real estate",2015-11-06,0.76035,-0.13924,-0.23963,-0.03884,0.01036,-0.09536,0.11608,104
7355,"Consumer, telecom & real estate",2015-11-13,0.76478,-0.13432,-0.23510,-0.03354,0.02104,-0.08499,0.12707,104
7356,"Consumer, telecom & real estate",2015-11-20,0.76766,-0.13917,-0.24247,-0.03586,0.02189,-0.08441,0.12818,104
7357,"Consumer, telecom & real estate",2015-11-27,0.77015,-0.14099,-0.24450,-0.03748,0.02042,-0.08601,0.12685,104
7358,"Consumer, telecom & real estate",2015-12-04,0.74082,-0.12937,-0.22787,-0.03087,0.03049,-0.07224,0.13321,104
7359,"Consumer, telecom & real estate",2015-12-11,0.73721,-0.13060,-0.22365,-0.03754,0.03217,-0.06250,0.12685,104
7360,"Consumer, telecom & real estate",2015-12-18,0.73551,-0.13165,-0.22508,-0.03823,0.02981,-0.06518,0.12480,104
7361,"Consumer, telecom & real estate",2015-12-25,0.73962,-0.13186,-0.22528,-0.03844,0.03123,-0.06381,0.12627,104
7362,"Consumer, telecom & real estate",2016-01-01,0.73903,-0.13315,-0.22707,-0.03923,0.02983,-0.06544,0.12509,104
7363,"Consumer, telecom & real estate",2016-01-08,0.72212,-0.13383,-0.22768,-0.03998,0.04218,-0.04959,0.13394,104
7364,"Consumer, telecom & real estate",2016-01-15,0.72657,-0.13238,-0.22595,-0.03881,0.05295,-0.03734,0.14324,104
7365,"Consumer, telecom & real estate",2016-01-22,0.73337,-0.13608,-0.23155,-0.04061,0.05669,-0.03321,0.14660,104
7366,"Consumer, telecom & real estate",2016-01-29,0.71588,-0.12960,-0.22038,-0.03883,0.05582,-0.02893,0.14057,104
7367,"Consumer, telecom & real estate",2016-02-05,0.71167,-0.13086,-0.22213,-0.03958,0.05160,-0.03368,0.13689,104
7368,"Consumer, telecom & real estate",2016-02-12,0.70540,-0.12994,-0.21962,-0.04026,0.05318,-0.03196,0.13832,104
7369,"Consumer, telecom & real estate",2016-02-19,0.70082,-0.12979,-0.21873,-0.04085,0.05180,-0.03348,0.13708,104
7370,"Consumer, telecom & real estate",2016-02-26,0.70546,-0.12196,-0.21022,-0.03370,0.06325,-0.02191,0.14840,104
7371,"Consumer, telecom & real estate",2016-03-04,0.70453,-0.12312,-0.20787,-0.03836,0.06491,-0.01491,0.14473,104
7372,"Consumer, telecom & real estate",2016-03-11,0.70144,-0.12214,-0.20558,-0.03869,0.06247,-0.01614,0.14107,104
7373,"Consumer, telecom & real estate",2016-03-18,0.70212,-0.12178,-0.20540,-0.03816,0.06357,-0.01474,0.14189,104
7374,"Consumer, telecom & real estate",2016-03-25,0.69865,-0.12349,-0.20783,-0.03915,0.06076,-0.01776,0.13928,104
7375,"Consumer, telecom & real estate",2016-04-01,0.69682,-0.12320,-0.20729,-0.03912,0.06146,-0.01685,0.13977,104
7376,"Consumer, telecom & real estate",2016-04-08,0.67775,-0.11491,-0.19500,-0.03481,0.06191,-0.01354,0.13736,104
7377,"Consumer, telecom & real estate",2016-04-15,0.67686,-0.11458,-0.19448,-0.03468,0.06374,-0.01124,0.13872,104
7378,"Consumer, telecom & real estate",2016-04-22,0.67192,-0.11541,-0.19498,-0.03583,0.06100,-0.01318,0.13518,104
7379,"Consumer, telecom & real estate",2016-04-29,0.67552,-0.11318,-0.19172,-0.03464,0.06400,-0.00850,0.13651,104
7380,"Consumer, telecom & real estate",2016-05-06,0.67008,-0.11092,-0.18911,-0.03274,0.06537,-0.00682,0.13757,104
7381,"Consumer, telecom & real estate",2016-05-13,0.66826,-0.10785,-0.18433,-0.03137,0.06574,-0.00548,0.13696,104
7382,"Consumer, telecom & real estate",2016-05-20,0.66597,-0.10734,-0.18380,-0.03088,0.06581,-0.00542,0.13704,104
7383,"Consumer, telecom & real estate",2016-05-27,0.66716,-0.10738,-0.18384,-0.03092,0.06706,-0.00408,0.13820,104
7384,"Consumer, telecom & real estate",2016-06-03,0.66626,-0.10688,-0.18327,-0.03049,0.06657,-0.00439,0.13753,104
7385,"Consumer, telecom & real estate",2016-06-10,0.66630,-0.10241,-0.17563,-0.02919,0.07142,0.00222,0.14062,104
7386,"Consumer, telecom & real estate",2016-06-17,0.67905,-0.10065,-0.17341,-0.02788,0.07716,0.00777,0.14654,104
7387,"Consumer, telecom & real estate",2016-06-24,0.67469,-0.09962,-0.17202,-0.02722,0.07670,0.00768,0.14572,104
7388,"Consumer, telecom & real estate",2016-07-01,0.66610,-0.09961,-0.17281,-0.02641,0.07755,0.00878,0.14632,104
7389,"Consumer, telecom & real estate",2016-07-08,0.66881,-0.10519,-0.17881,-0.03157,0.06856,-0.00001,0.13714,104
7390,"Consumer, telecom & real estate",2016-07-15,0.66862,-0.10528,-0.17894,-0.03162,0.06903,0.00050,0.13756,104
7391,"Consumer, telecom & real estate",2016-07-22,0.66640,-0.10526,-0.17850,-0.03202,0.06700,-0.00133,0.13532,104
7392,"Consumer, telecom & real estate",2016-07-29,0.65740,-0.11180,-0.18636,-0.03725,0.05747,-0.01094,0.12589,104
7393,"Consumer, telecom & real estate",2016-08-05,0.64851,-0.11110,-0.18477,-0.03742,0.05508,-0.01315,0.12331,104
7394,"Consumer, telecom & real estate",2016-08-12,0.62911,-0.09717,-0.16583,-0.02851,0.06483,-0.00059,0.13024,104
7395,"Consumer, telecom & real estate",2016-08-19,0.62722,-0.09496,-0.15991,-0.03001,0.05880,-0.00472,0.12233,104
7396,"Consumer, telecom & real estate",2016-08-26,0.62537,-0.09506,-0.16025,-0.02987,0.05779,-0.00607,0.12165,104
7397,"Consumer, telecom & real estate",2016-09-02,0.62091,-0.09346,-0.15656,-0.03036,0.05599,-0.00690,0.11888,104
7398,"Consumer, telecom & real estate",2016-09-09,0.62205,-0.09271,-0.15537,-0.03005,0.05626,-0.00713,0.11964,104
7399,"Consumer, telecom & real estate",2016-09-16,0.62118,-0.09233,-0.15460,-0.03007,0.05821,-0.00462,0.12104,104
7400,"Consumer, telecom & real estate",2016-09-23,0.61741,-0.09171,-0.15353,-0.02989,0.05821,-0.00444,0.12086,104
7401,"Consumer, telecom & real estate",2016-09-30,0.61567,-0.09097,-0.15155,-0.03039,0.05415,-0.00764,0.11595,104
7402,"Consumer, telecom & real estate",2016-10-07,0.55918,-0.08469,-0.13733,-0.03206,0.04462,-0.01379,0.10303,104
7403,"Consumer, telecom & real estate",2016-10-14,0.55562,-0.08202,-0.13488,-0.02917,0.04831,-0.01122,0.10785,104
7404,"Consumer, telecom & real estate",2016-10-21,0.53866,-0.08060,-0.13277,-0.02844,0.04443,-0.01481,0.10366,104
7405,"Consumer, telecom & real estate",2016-10-28,0.52901,-0.07517,-0.12659,-0.02375,0.04697,-0.01248,0.10641,104
7406,"Consumer, telecom & real estate",2016-11-04,0.52926,-0.07055,-0.12137,-0.01973,0.05324,-0.00570,0.11219,104
7407,"Consumer, telecom & real estate",2016-11-11,0.50619,-0.06499,-0.11721,-0.01276,0.05792,-0.00031,0.11614,104
7408,"Consumer, telecom & real estate",2016-11-18,0.50711,-0.06377,-0.11489,-0.01266,0.05889,0.00248,0.11531,104
7409,"Consumer, telecom & real estate",2016-11-25,0.54210,-0.05047,-0.09887,-0.00207,0.07048,0.02837,0.11259,104
7410,"Consumer, telecom & real estate",2016-12-02,0.55063,-0.05889,-0.10681,-0.01098,0.05391,0.01132,0.09649,104
7411,"Consumer, telecom & real estate",2016-12-09,0.56193,-0.06262,-0.11224,-0.01300,0.04764,0.00362,0.09166,104
7412,"Consumer, telecom & real estate",2016-12-16,0.60139,-0.07192,-0.12099,-0.02284,0.04658,0.00259,0.09056,104
7413,"Consumer, telecom & real estate",2016-12-23,0.59990,-0.07174,-0.12069,-0.02278,0.04637,0.00243,0.09031,104
7414,"Consumer, telecom & real estate",2016-12-30,0.60213,-0.07510,-0.12587,-0.02432,0.04556,0.00086,0.09026,104
7415,"Consumer, telecom & real estate",2017-01-06,0.59627,-0.06948,-0.12424,-0.01471,0.05744,0.00926,0.10561,104
7416,"Consumer, telecom & real estate",2017-01-13,0.59738,-0.07079,-0.12575,-0.01582,0.05661,0.00840,0.10481,104
7417,"Consumer, telecom & real estate",2017-01-20,0.56752,-0.06762,-0.12457,-0.01068,0.05163,0.00414,0.09911,104
7418,"Consumer, telecom & real estate",2017-01-27,0.58369,-0.07916,-0.13415,-0.02418,0.04966,0.00202,0.09729,104
7419,"Consumer, telecom & real estate",2017-02-03,0.58449,-0.07233,-0.12887,-0.01578,0.05322,0.00390,0.10255,104
7420,"Consumer, telecom & real estate",2017-02-10,0.58843,-0.07519,-0.13042,-0.01995,0.05129,0.00305,0.09952,104
7421,"Consumer, telecom & real estate",2017-02-17,0.59256,-0.07811,-0.13346,-0.02276,0.05167,0.00332,0.10003,104
7422,"Consumer, telecom & real estate",2017-02-24,0.59206,-0.07803,-0.13371,-0.02236,0.05234,0.00370,0.10098,104
7423,"Consumer, telecom & real estate",2017-03-03,0.59632,-0.08165,-0.13786,-0.02544,0.05128,0.00236,0.10020,104
7424,"Consumer, telecom & real estate",2017-03-10,0.59525,-0.07906,-0.13424,-0.02387,0.04925,0.00016,0.09835,104
7425,"Consumer, telecom & real estate",2017-03-17,0.59822,-0.07875,-0.13389,-0.02361,0.04980,0.00079,0.09881,104
7426,"Consumer, telecom & real estate",2017-03-24,0.60199,-0.08027,-0.13550,-0.02503,0.05058,0.00181,0.09934,104
7427,"Consumer, telecom & real estate",2017-03-31,0.60772,-0.08400,-0.13892,-0.02908,0.04593,-0.00252,0.09438,104
7428,"Consumer, telecom & real estate",2017-04-07,0.57281,-0.07660,-0.13396,-0.01923,0.04367,-0.00409,0.09144,104
7429,"Consumer, telecom & real estate",2017-04-14,0.58257,-0.08468,-0.14115,-0.02821,0.04472,-0.00233,0.09177,104
7430,"Consumer, telecom & real estate",2017-04-21,0.58371,-0.08953,-0.14497,-0.03410,0.04159,-0.00457,0.08776,104
7431,"Consumer, telecom & real estate",2017-04-28,0.59701,-0.09411,-0.14961,-0.03860,0.04158,-0.00430,0.08745,104
7432,"Consumer, telecom & real estate",2017-05-05,0.57850,-0.08465,-0.14030,-0.02900,0.04410,-0.00216,0.09036,104
7433,"Consumer, telecom & real estate",2017-05-12,0.57779,-0.08502,-0.14034,-0.02971,0.04407,-0.00185,0.08999,104
7434,"Consumer, telecom & real estate",2017-05-19,0.57484,-0.08300,-0.13898,-0.02702,0.04390,-0.00220,0.08999,104
7435,"Consumer, telecom & real estate",2017-05-26,0.57740,-0.08451,-0.14014,-0.02887,0.04317,-0.00253,0.08886,104
7436,"Consumer, telecom & real estate",2017-06-02,0.57236,-0.08535,-0.14083,-0.02987,0.04241,-0.00327,0.08808,104
7437,"Consumer, telecom & real estate",2017-06-09,0.57366,-0.08368,-0.13912,-0.02824,0.04514,0.00004,0.09025,104
7438,"Consumer, telecom & real estate",2017-06-16,0.57373,-0.08360,-0.13901,-0.02818,0.04539,0.00038,0.09039,104
7439,"Consumer, telecom & real estate",2017-06-23,0.57803,-0.08530,-0.14074,-0.02986,0.04451,-0.00004,0.08907,104
7440,"Consumer, telecom & real estate",2017-06-30,0.57599,-0.08175,-0.13711,-0.02640,0.04637,0.00200,0.09074,104
7441,"Consumer, telecom & real estate",2017-07-07,0.56453,-0.07087,-0.12523,-0.01652,0.05651,0.01196,0.10105,104
7442,"Consumer, telecom & real estate",2017-07-14,0.54876,-0.06929,-0.12413,-0.01445,0.05826,0.01404,0.10249,104
7443,"Consumer, telecom & real estate",2017-07-21,0.54839,-0.07141,-0.12666,-0.01615,0.05578,0.01124,0.10032,104
7444,"Consumer, telecom & real estate",2017-07-28,0.54923,-0.07310,-0.12759,-0.01861,0.05338,0.00979,0.09697,104
7445,"Consumer, telecom & real estate",2017-08-04,0.54670,-0.06939,-0.12476,-0.01402,0.05834,0.01365,0.10302,104
7446,"Consumer, telecom & real estate",2017-08-11,0.54364,-0.06817,-0.12452,-0.01183,0.05983,0.01504,0.10461,104
7447,"Consumer, telecom & real estate",2017-08-18,0.53062,-0.06869,-0.12544,-0.01195,0.05086,0.00434,0.09737,104
7448,"Consumer, telecom & real estate",2017-08-25,0.52994,-0.06643,-0.12559,-0.00727,0.05529,0.00720,0.10339,104
7449,"Consumer, telecom & real estate",2017-09-01,0.54071,-0.06782,-0.12595,-0.00969,0.05582,0.00812,0.10352,104
7450,"Consumer, telecom & real estate",2017-09-08,0.53980,-0.06762,-0.12579,-0.00945,0.05501,0.00710,0.10292,104
7451,"Consumer, telecom & real estate",2017-09-15,0.54816,-0.06728,-0.12617,-0.00839,0.05830,0.01001,0.10659,104
7452,"Consumer, telecom & real estate",2017-09-22,0.54340,-0.06668,-0.12590,-0.00746,0.05924,0.01108,0.10739,104
7453,"Consumer, telecom & real estate",2017-09-29,0.54477,-0.06708,-0.12639,-0.00777,0.05942,0.01114,0.10771,104
7454,"Consumer, telecom & real estate",2017-10-06,0.56809,-0.06501,-0.12472,-0.00531,0.05679,0.00827,0.10530,104
7455,"Consumer, telecom & real estate",2017-10-13,0.56873,-0.06729,-0.12769,-0.00689,0.05623,0.00697,0.10548,104
7456,"Consumer, telecom & real estate",2017-10-20,0.57347,-0.06916,-0.12880,-0.00953,0.05617,0.00737,0.10497,104
7457,"Consumer, telecom & real estate",2017-10-27,0.58894,-0.07669,-0.13229,-0.02108,0.05357,0.00716,0.09998,104
7458,"Consumer, telecom & real estate",2017-11-03,0.59132,-0.08025,-0.13634,-0.02417,0.05479,0.00848,0.10110,104
7459,"Consumer, telecom & real estate",2017-11-10,0.59565,-0.08849,-0.14518,-0.03180,0.04338,-0.00403,0.09079,104
7460,"Consumer, telecom & real estate",2017-11-17,0.58913,-0.08833,-0.14511,-0.03154,0.04153,-0.00646,0.08953,104
7461,"Consumer, telecom & real estate",2017-11-24,0.58734,-0.08750,-0.14430,-0.03069,0.04196,-0.00595,0.08988,104
7462,"Consumer, telecom & real estate",2017-12-01,0.58882,-0.08668,-0.14370,-0.02965,0.04184,-0.00644,0.09011,104
7463,"Consumer, telecom & real estate",2017-12-08,0.59116,-0.08667,-0.14753,-0.02581,0.03962,-0.01333,0.09257,104
7464,"Consumer, telecom & real estate",2017-12-15,0.59079,-0.08410,-0.14521,-0.02298,0.04161,-0.01178,0.09500,104
7465,"Consumer, telecom & real estate",2017-12-22,0.58462,-0.08446,-0.14571,-0.02321,0.04040,-0.01313,0.09393,104
7466,"Consumer, telecom & real estate",2017-12-29,0.58719,-0.08442,-0.14629,-0.02255,0.04236,-0.01121,0.09593,104
7467,"Consumer, telecom & real estate",2018-01-05,0.61171,-0.08660,-0.14838,-0.02482,0.02549,-0.03030,0.08128,104
7468,"Consumer, telecom & real estate",2018-01-12,0.59422,-0.09147,-0.15357,-0.02937,0.00494,-0.05178,0.06166,104
7469,"Consumer, telecom & real estate",2018-01-19,0.59525,-0.09120,-0.15304,-0.02936,0.00346,-0.05318,0.06010,104
7470,"Consumer, telecom & real estate",2018-01-26,0.58868,-0.09099,-0.15348,-0.02851,0.00095,-0.05679,0.05869,104
7471,"Consumer, telecom & real estate",2018-02-02,0.61309,-0.08659,-0.15012,-0.02306,0.01113,-0.04952,0.07178,104
7472,"Consumer, telecom & real estate",2018-02-09,0.64143,-0.07105,-0.14355,0.00145,0.02986,-0.04728,0.10700,104
7473,"Consumer, telecom & real estate",2018-02-16,0.62875,-0.07024,-0.14493,0.00445,0.03388,-0.04227,0.11004,104
7474,"Consumer, telecom & real estate",2018-02-23,0.60516,-0.07573,-0.15034,-0.00111,0.02199,-0.05384,0.09782,104
7475,"Consumer, telecom & real estate",2018-03-02,0.63206,-0.07321,-0.14901,0.00259,0.02776,-0.05104,0.10656,104
7476,"Consumer, telecom & real estate",2018-03-09,0.62586,-0.07232,-0.14896,0.00431,0.03103,-0.04828,0.11033,104
7477,"Consumer, telecom & real estate",2018-03-16,0.62229,-0.07216,-0.14896,0.00464,0.02994,-0.04953,0.10941,104
7478,"Consumer, telecom & real estate",2018-03-23,0.63185,-0.07414,-0.14915,0.00087,0.02436,-0.05386,0.10258,104
7479,"Consumer, telecom & real estate",2018-03-30,0.63591,-0.07310,-0.14729,0.00110,0.02277,-0.05550,0.10104,104
7480,"Consumer, telecom & real estate",2018-04-06,0.64271,-0.07664,-0.14975,-0.00353,0.02174,-0.05577,0.09926,104
7481,"Consumer, telecom & real estate",2018-04-13,0.70792,-0.05387,-0.13799,0.03025,0.05704,-0.03958,0.15366,104
7482,"Consumer, telecom & real estate",2018-04-20,0.71848,-0.04945,-0.13720,0.03829,0.06188,-0.03992,0.16367,104
7483,"Consumer, telecom & real estate",2018-04-27,0.69176,-0.04857,-0.14132,0.04418,0.05735,-0.04680,0.16150,104
7484,"Consumer, telecom & real estate",2018-05-04,0.69205,-0.04835,-0.14332,0.04661,0.05449,-0.05235,0.16132,104
7485,"Consumer, telecom & real estate",2018-05-11,0.69417,-0.04992,-0.14613,0.04629,0.05609,-0.05183,0.16401,104
7486,"Consumer, telecom & real estate",2018-05-18,0.67696,-0.05065,-0.14705,0.04575,0.05282,-0.05564,0.16128,104
7487,"Consumer, telecom & real estate",2018-05-25,0.63704,-0.04940,-0.14709,0.04828,0.05130,-0.05846,0.16106,104
7488,"Consumer, telecom & real estate",2018-06-01,0.63091,-0.04962,-0.14746,0.04821,0.05090,-0.05918,0.16098,104
7489,"Consumer, telecom & real estate",2018-06-08,0.60420,-0.04141,-0.14042,0.05760,0.05451,-0.05617,0.16520,104
7490,"Consumer, telecom & real estate",2018-06-15,0.57581,-0.04011,-0.13928,0.05905,0.04790,-0.06344,0.15925,104
7491,"Consumer, telecom & real estate",2018-06-22,0.57283,-0.03944,-0.13875,0.05987,0.04614,-0.06522,0.15750,104
7492,"Consumer, telecom & real estate",2018-06-29,0.60202,-0.04684,-0.14308,0.04940,0.03836,-0.06996,0.14668,104
7493,"Consumer, telecom & real estate",2018-07-06,0.59680,-0.03458,-0.12819,0.05904,0.05108,-0.05463,0.15679,104
7494,"Consumer, telecom & real estate",2018-07-13,0.60071,-0.03106,-0.12400,0.06187,0.05471,-0.05047,0.15989,104
7495,"Consumer, telecom & real estate",2018-07-20,0.59316,-0.02305,-0.11813,0.07204,0.06244,-0.04431,0.16918,104
7496,"Consumer, telecom & real estate",2018-07-27,0.61663,-0.00776,-0.10288,0.08736,0.07760,-0.02781,0.18301,104
7497,"Consumer, telecom & real estate",2018-08-03,0.61148,-0.00315,-0.10060,0.09429,0.08296,-0.02426,0.19018,104
7498,"Consumer, telecom & real estate",2018-08-10,0.61255,-0.01244,-0.11025,0.08537,0.07304,-0.03560,0.18167,104
7499,"Consumer, telecom & real estate",2018-08-17,0.60795,-0.01321,-0.11711,0.09069,0.08201,-0.03156,0.19558,104
7500,"Consumer, telecom & real estate",2018-08-24,0.61153,-0.01057,-0.11367,0.09253,0.08793,-0.02373,0.19958,104
7501,"Consumer, telecom & real estate",2018-08-31,0.60569,-0.00469,-0.11036,0.10098,0.09693,-0.01677,0.21063,104
7502,"Consumer, telecom & real estate",2018-09-07,0.59204,-0.00186,-0.10918,0.10545,0.09950,-0.01505,0.21406,104
7503,"Consumer, telecom & real estate",2018-09-14,0.60792,-0.00028,-0.10766,0.10709,0.09833,-0.01698,0.21364,104
7504,"Consumer, telecom & real estate",2018-09-21,0.61131,-0.00076,-0.10813,0.10662,0.09894,-0.01621,0.21409,104
7505,"Consumer, telecom & real estate",2018-09-28,0.60572,-0.00714,-0.11665,0.10237,0.09428,-0.02360,0.21216,104
7506,"Consumer, telecom & real estate",2018-10-05,0.64097,-0.00979,-0.12240,0.10283,0.09691,-0.02250,0.21631,104
7507,"Consumer, telecom & real estate",2018-10-12,0.64058,-0.01005,-0.12236,0.10227,0.10469,-0.01279,0.22217,104
7508,"Consumer, telecom & real estate",2018-10-19,0.63107,-0.00595,-0.11852,0.10662,0.10684,-0.01082,0.22449,104
7509,"Consumer, telecom & real estate",2018-10-26,0.50842,-0.00509,-0.12414,0.11396,0.09189,-0.03513,0.21891,104
7510,"Consumer, telecom & real estate",2018-11-02,0.54818,-0.02874,-0.14740,0.08993,0.05936,-0.07670,0.19542,104
7511,"Consumer, telecom & real estate",2018-11-09,0.59077,-0.04278,-0.16118,0.07562,0.05188,-0.08499,0.18875,104
7512,"Consumer, telecom & real estate",2018-11-16,0.59384,-0.04042,-0.15571,0.07487,0.05749,-0.07523,0.19020,104
7513,"Consumer, telecom & real estate",2018-11-23,0.60026,-0.04149,-0.14522,0.06223,0.06928,-0.04786,0.18641,104
7514,"Consumer, telecom & real estate",2018-11-30,0.59055,-0.02195,-0.13391,0.09001,0.10626,-0.02310,0.23563,104
7515,"Consumer, telecom & real estate",2018-12-07,0.60476,-0.03459,-0.15044,0.08126,0.08992,-0.03973,0.21957,104
7516,"Consumer, telecom & real estate",2018-12-14,0.57677,-0.03372,-0.15120,0.08377,0.08702,-0.04400,0.21805,104
7517,"Consumer, telecom & real estate",2018-12-21,0.58493,-0.02428,-0.13022,0.08165,0.10320,-0.01456,0.22095,104
7518,"Consumer, telecom & real estate",2018-12-28,0.58486,-0.02453,-0.13012,0.08105,0.10296,-0.01443,0.22035,104
7519,"Consumer, telecom & real estate",2019-01-04,0.57696,-0.02952,-0.13124,0.07221,0.10107,-0.01069,0.21283,104
7520,"Consumer, telecom & real estate",2019-01-11,0.57441,-0.02611,-0.12694,0.07472,0.10455,-0.00541,0.21450,104
7521,"Consumer, telecom & real estate",2019-01-18,0.57246,-0.02767,-0.12790,0.07256,0.10318,-0.00609,0.21245,104
7522,"Consumer, telecom & real estate",2019-01-25,0.59526,-0.03014,-0.13022,0.06994,0.10717,-0.00184,0.21619,104
7523,"Consumer, telecom & real estate",2019-02-01,0.60145,-0.03277,-0.13304,0.06750,0.10726,-0.00189,0.21641,104
7524,"Consumer, telecom & real estate",2019-02-08,0.61257,-0.03590,-0.13616,0.06436,0.10651,-0.00289,0.21590,104
7525,"Consumer, telecom & real estate",2019-02-15,0.59543,-0.03814,-0.13816,0.06188,0.10531,-0.00231,0.21293,104
7526,"Consumer, telecom & real estate",2019-02-22,0.59821,-0.03854,-0.13854,0.06147,0.10571,-0.00188,0.21329,104
7527,"Consumer, telecom & real estate",2019-03-01,0.59772,-0.03891,-0.13840,0.06058,0.10536,-0.00157,0.21230,104
7528,"Consumer, telecom & real estate",2019-03-08,0.58294,-0.03109,-0.13857,0.07640,0.11883,0.00700,0.23066,104
7529,"Consumer, telecom & real estate",2019-03-15,0.57716,-0.03060,-0.13828,0.07708,0.11863,0.00658,0.23069,104
7530,"Consumer, telecom & real estate",2019-03-22,0.58929,-0.03267,-0.14013,0.07479,0.11890,0.00610,0.23169,104
7531,"Consumer, telecom & real estate",2019-03-29,0.58583,-0.02973,-0.13807,0.07860,0.12249,0.00922,0.23577,104
7532,"Consumer, telecom & real estate",2019-04-05,0.58088,-0.03259,-0.14270,0.07751,0.12102,0.00638,0.23565,104
7533,"Consumer, telecom & real estate",2019-04-12,0.58124,-0.03256,-0.14236,0.07723,0.12076,0.00630,0.23522,104
7534,"Consumer, telecom & real estate",2019-04-19,0.58337,-0.02534,-0.13962,0.08894,0.12770,0.00841,0.24698,104
7535,"Consumer, telecom & real estate",2019-04-26,0.58307,-0.02527,-0.14158,0.09104,0.12814,0.00810,0.24817,104
7536,"Consumer, telecom & real estate",2019-05-03,0.60630,-0.03948,-0.15708,0.07812,0.12704,0.00593,0.24814,104
7537,"Consumer, telecom & real estate",2019-05-10,0.59043,-0.03475,-0.15285,0.08335,0.12699,0.00565,0.24832,104
7538,"Consumer, telecom & real estate",2019-05-17,0.60360,-0.03760,-0.15894,0.08374,0.13116,0.00806,0.25426,104
7539,"Consumer, telecom & real estate",2019-05-24,0.60025,-0.03120,-0.15107,0.08867,0.13503,0.01369,0.25636,104
7540,"Consumer, telecom & real estate",2019-05-31,0.60802,-0.01680,-0.13936,0.10575,0.15502,0.03280,0.27723,104
7541,"Consumer, telecom & real estate",2019-06-07,0.59974,-0.01572,-0.13890,0.10747,0.15190,0.02845,0.27534,104
7542,"Consumer, telecom & real estate",2019-06-14,0.59763,-0.01781,-0.13999,0.10438,0.14906,0.02685,0.27126,104
7543,"Consumer, telecom & real estate",2019-06-21,0.59454,-0.00836,-0.13303,0.11631,0.15728,0.03415,0.28040,104
7544,"Consumer, telecom & real estate",2019-06-28,0.59908,-0.01361,-0.13820,0.11098,0.15378,0.02918,0.27838,104
7545,"Consumer, telecom & real estate",2019-07-05,0.67363,-0.05043,-0.17871,0.07785,0.13217,0.00800,0.25635,104
7546,"Consumer, telecom & real estate",2019-07-12,0.69957,-0.05450,-0.18333,0.07433,0.12785,0.00330,0.25241,104
7547,"Consumer, telecom & real estate",2019-07-19,0.69825,-0.05701,-0.18514,0.07113,0.12734,0.00576,0.24892,104
7548,"Consumer, telecom & real estate",2019-07-26,0.69641,-0.05426,-0.18977,0.08126,0.13360,0.00544,0.26176,104
7549,"Consumer, telecom & real estate",2019-08-02,0.69459,-0.05390,-0.18949,0.08169,0.13495,0.00732,0.26257,104
7550,"Consumer, telecom & real estate",2019-08-09,0.68919,-0.05521,-0.18911,0.07869,0.13292,0.00810,0.25774,104
7551,"Consumer, telecom & real estate",2019-08-16,0.71246,-0.06294,-0.19639,0.07050,0.13182,0.00658,0.25705,104
7552,"Consumer, telecom & real estate",2019-08-23,0.70949,-0.06187,-0.19571,0.07197,0.13292,0.00758,0.25827,104
7553,"Consumer, telecom & real estate",2019-08-30,0.74670,-0.06823,-0.20234,0.06588,0.13879,0.01433,0.26326,104
7554,"Consumer, telecom & real estate",2019-09-06,0.74591,-0.07333,-0.20904,0.06237,0.13519,0.01007,0.26031,104
7555,"Consumer, telecom & real estate",2019-09-13,0.73737,-0.07525,-0.20830,0.05780,0.12633,0.00048,0.25218,104
7556,"Consumer, telecom & real estate",2019-09-20,0.74279,-0.06890,-0.19919,0.06139,0.13273,0.01000,0.25545,104
7557,"Consumer, telecom & real estate",2019-09-27,0.74038,-0.06889,-0.19900,0.06123,0.13435,0.01273,0.25598,104
7558,"Consumer, telecom & real estate",2019-10-04,0.73637,-0.07207,-0.20141,0.05726,0.13249,0.01295,0.25202,104
7559,"Consumer, telecom & real estate",2019-10-11,0.73438,-0.07220,-0.20166,0.05726,0.13313,0.01393,0.25233,104
7560,"Consumer, telecom & real estate",2019-10-18,0.73520,-0.07258,-0.20119,0.05604,0.13191,0.01289,0.25092,104
7561,"Consumer, telecom & real estate",2019-10-25,0.72941,-0.05785,-0.18928,0.07359,0.14571,0.02597,0.26544,104
7562,"Consumer, telecom & real estate",2019-11-01,0.73718,-0.05852,-0.18931,0.07228,0.14594,0.02669,0.26519,104
7563,"Consumer, telecom & real estate",2019-11-08,0.71567,-0.05195,-0.18528,0.08138,0.14902,0.02981,0.26823,104
7564,"Consumer, telecom & real estate",2019-11-15,0.71511,-0.04824,-0.18195,0.08547,0.15067,0.03115,0.27019,104
7565,"Consumer, telecom & real estate",2019-11-22,0.71422,-0.04861,-0.18263,0.08542,0.15018,0.03025,0.27010,104
7566,"Consumer, telecom & real estate",2019-11-29,0.71355,-0.04872,-0.18270,0.08526,0.15020,0.03043,0.26996,104
7567,"Consumer, telecom & real estate",2019-12-06,0.71453,-0.05027,-0.18337,0.08283,0.14800,0.02900,0.26699,104
7568,"Consumer, telecom & real estate",2019-12-13,0.71723,-0.05031,-0.18330,0.08268,0.14881,0.03028,0.26734,104
7569,"Consumer, telecom & real estate",2019-12-20,0.72052,-0.04891,-0.18197,0.08416,0.15050,0.03127,0.26973,104
7570,"Consumer, telecom & real estate",2019-12-27,0.71686,-0.04681,-0.17974,0.08612,0.15081,0.03197,0.26965,104
7571,"Consumer, telecom & real estate",2020-01-03,0.69642,-0.04376,-0.17710,0.08958,0.14724,0.02814,0.26634,104
7572,"Consumer, telecom & real estate",2020-01-10,0.69140,-0.03638,-0.16929,0.09652,0.15097,0.03195,0.26998,104
7573,"Consumer, telecom & real estate",2020-01-17,0.70643,-0.04077,-0.17263,0.09110,0.15047,0.03194,0.26900,104
7574,"Consumer, telecom & real estate",2020-01-24,0.71595,-0.04423,-0.17316,0.08470,0.14986,0.03449,0.26523,104
7575,"Consumer, telecom & real estate",2020-01-31,0.70387,-0.04551,-0.17396,0.08295,0.14751,0.03658,0.25845,104
7576,"Consumer, telecom & real estate",2020-02-07,0.70679,-0.06749,-0.18868,0.05371,0.11690,0.00899,0.22481,104
7577,"Consumer, telecom & real estate",2020-02-14,0.71276,-0.06154,-0.18009,0.05702,0.12015,0.01347,0.22684,104
7578,"Consumer, telecom & real estate",2020-02-21,0.71411,-0.06008,-0.17911,0.05896,0.12130,0.01372,0.22888,104
7579,"Consumer, telecom & real estate",2020-02-28,0.96366,-0.06329,-0.18343,0.05684,0.24480,0.09278,0.39682,104
7580,"Consumer, telecom & real estate",2020-03-06,0.97836,-0.05083,-0.17038,0.06873,0.26022,0.10234,0.41809,104
7581,"Consumer, telecom & real estate",2020-03-13,1.06454,-0.03688,-0.16033,0.08657,0.39504,0.25949,0.53059,104
7582,"Consumer, telecom & real estate",2020-03-20,1.08450,-0.05156,-0.14618,0.04307,0.33396,0.22365,0.44426,104
7583,"Consumer, telecom & real estate",2020-03-27,1.08525,-0.05125,-0.14276,0.04026,0.32892,0.22025,0.43760,104
7584,"Consumer, telecom & real estate",2020-04-03,1.07410,-0.03784,-0.11619,0.04051,0.30199,0.22016,0.38381,104
7585,"Consumer, telecom & real estate",2020-04-10,1.09089,-0.05631,-0.12466,0.01204,0.28431,0.19876,0.36987,104
7586,"Consumer, telecom & real estate",2020-04-17,1.00391,-0.01392,-0.10459,0.07674,0.27636,0.19336,0.35937,104
7587,"Consumer, telecom & real estate",2020-04-24,1.04645,-0.03684,-0.10080,0.02712,0.23095,0.15936,0.30254,104
7588,"Consumer, telecom & real estate",2020-05-01,1.04221,-0.04901,-0.11587,0.01784,0.21951,0.14209,0.29694,104
7589,"Consumer, telecom & real estate",2020-05-08,1.05551,-0.05603,-0.11719,0.00513,0.19138,0.11684,0.26592,104
7590,"Consumer, telecom & real estate",2020-05-15,1.04839,-0.05031,-0.10645,0.00583,0.19153,0.11876,0.26429,104
7591,"Consumer, telecom & real estate",2020-05-22,1.05769,-0.05748,-0.11586,0.00091,0.18744,0.11222,0.26266,104
7592,"Consumer, telecom & real estate",2020-05-29,1.09179,-0.06316,-0.12510,-0.00122,0.18962,0.11716,0.26207,104
7593,"Consumer, telecom & real estate",2020-06-05,1.09157,-0.06944,-0.13522,-0.00366,0.19077,0.11748,0.26407,104
7594,"Consumer, telecom & real estate",2020-06-12,1.09747,-0.06925,-0.13455,-0.00395,0.19519,0.12442,0.26595,104
7595,"Consumer, telecom & real estate",2020-06-19,1.08857,-0.06390,-0.12617,-0.00162,0.19537,0.12601,0.26472,104
7596,"Consumer, telecom & real estate",2020-06-26,1.08456,-0.06157,-0.12399,0.00084,0.19899,0.12948,0.26849,104
7597,"Consumer, telecom & real estate",2020-07-03,1.08502,-0.06140,-0.12384,0.00104,0.19975,0.13041,0.26910,104
7598,"Consumer, telecom & real estate",2020-07-10,1.08717,-0.06262,-0.12522,-0.00002,0.19900,0.12929,0.26870,104
7599,"Consumer, telecom & real estate",2020-07-17,1.08693,-0.06378,-0.12544,-0.00211,0.19845,0.12771,0.26920,104
7600,"Consumer, telecom & real estate",2020-07-24,1.09395,-0.06577,-0.12746,-0.00409,0.19754,0.12766,0.26742,104
7601,"Consumer, telecom & real estate",2020-07-31,1.09312,-0.06565,-0.12718,-0.00411,0.19737,0.12721,0.26754,104
7602,"Consumer, telecom & real estate",2020-08-07,1.05106,-0.05932,-0.11956,0.00093,0.19496,0.12138,0.26854,104
7603,"Consumer, telecom & real estate",2020-08-14,1.04047,-0.05741,-0.11741,0.00260,0.19459,0.12069,0.26849,104
7604,"Consumer, telecom & real estate",2020-08-21,1.03764,-0.05714,-0.11737,0.00309,0.19372,0.11893,0.26852,104
7605,"Consumer, telecom & real estate",2020-08-28,1.03709,-0.05725,-0.11729,0.00279,0.19370,0.11884,0.26856,104
7606,"Consumer, telecom & real estate",2020-09-04,1.03742,-0.05926,-0.12011,0.00159,0.19236,0.11654,0.26818,104
7607,"Consumer, telecom & real estate",2020-09-11,1.03250,-0.05708,-0.11608,0.00192,0.18991,0.11492,0.26490,104
7608,"Consumer, telecom & real estate",2020-09-18,1.03374,-0.05740,-0.11595,0.00116,0.18811,0.11394,0.26229,104
7609,"Consumer, telecom & real estate",2020-09-25,1.03394,-0.05530,-0.11332,0.00272,0.19096,0.11739,0.26453,104
7610,"Consumer, telecom & real estate",2020-10-02,1.03859,-0.05743,-0.11691,0.00205,0.18751,0.11334,0.26168,104
7611,"Consumer, telecom & real estate",2020-10-09,1.04015,-0.06423,-0.12731,-0.00116,0.18016,0.10310,0.25722,104
7612,"Consumer, telecom & real estate",2020-10-16,1.04236,-0.06476,-0.12780,-0.00173,0.18011,0.10286,0.25735,104
7613,"Consumer, telecom & real estate",2020-10-23,1.09555,-0.07506,-0.13801,-0.01210,0.18132,0.10998,0.25265,104
7614,"Consumer, telecom & real estate",2020-10-30,1.09208,-0.07392,-0.13871,-0.00913,0.19137,0.12091,0.26184,104
7615,"Consumer, telecom & real estate",2020-11-06,1.10217,-0.07302,-0.13683,-0.00922,0.19768,0.12980,0.26557,104
7616,"Consumer, telecom & real estate",2020-11-13,1.05940,-0.07183,-0.13594,-0.00772,0.19252,0.11806,0.26697,104
7617,"Consumer, telecom & real estate",2020-11-20,1.06093,-0.07095,-0.13392,-0.00798,0.19190,0.11708,0.26673,104
7618,"Consumer, telecom & real estate",2020-11-27,1.05473,-0.07060,-0.13399,-0.00721,0.19327,0.11792,0.26861,104
7619,"Consumer, telecom & real estate",2020-12-04,1.04296,-0.06623,-0.12947,-0.00298,0.19674,0.12106,0.27243,104
7620,"Consumer, telecom & real estate",2020-12-11,1.04437,-0.06127,-0.12540,0.00287,0.20158,0.12678,0.27639,104
7621,"Consumer, telecom & real estate",2020-12-18,1.04381,-0.06406,-0.12810,-0.00001,0.19762,0.12109,0.27416,104
7622,"Consumer, telecom & real estate",2020-12-25,1.05177,-0.06793,-0.13387,-0.00199,0.19553,0.11719,0.27388,104
7623,"Consumer, telecom & real estate",2021-01-01,1.06743,-0.06832,-0.13448,-0.00216,0.19719,0.11988,0.27450,104
7624,"Consumer, telecom & real estate",2021-01-08,1.06657,-0.07137,-0.13953,-0.00322,0.19429,0.11546,0.27312,104
7625,"Consumer, telecom & real estate",2021-01-15,1.07361,-0.07327,-0.14256,-0.00398,0.19370,0.11539,0.27201,104
7626,"Consumer, telecom & real estate",2021-01-22,1.06965,-0.07255,-0.14193,-0.00317,0.19320,0.11422,0.27217,104
7627,"Consumer, telecom & real estate",2021-01-29,1.07588,-0.07418,-0.14327,-0.00508,0.19332,0.11510,0.27153,104
7628,"Consumer, telecom & real estate",2021-02-05,1.07381,-0.07280,-0.14171,-0.00388,0.19566,0.11768,0.27364,104
7629,"Consumer, telecom & real estate",2021-02-12,1.09579,-0.07705,-0.14722,-0.00688,0.19262,0.11628,0.26896,104
7630,"Consumer, telecom & real estate",2021-02-19,1.09538,-0.07691,-0.14706,-0.00675,0.19258,0.11613,0.26902,104
7631,"Consumer, telecom & real estate",2021-02-26,1.09535,-0.07600,-0.14566,-0.00634,0.19345,0.11756,0.26934,104
7632,"Consumer, telecom & real estate",2021-03-05,1.08268,-0.07633,-0.14580,-0.00686,0.19182,0.11469,0.26895,104
7633,"Consumer, telecom & real estate",2021-03-12,1.08153,-0.07575,-0.14477,-0.00672,0.19161,0.11457,0.26865,104
7634,"Consumer, telecom & real estate",2021-03-19,1.07811,-0.07506,-0.14377,-0.00635,0.19091,0.11383,0.26800,104
7635,"Consumer, telecom & real estate",2021-03-26,1.07701,-0.07469,-0.14378,-0.00561,0.19167,0.11436,0.26897,104
7636,"Consumer, telecom & real estate",2021-04-02,1.09083,-0.07823,-0.14933,-0.00713,0.19051,0.11254,0.26848,104
7637,"Consumer, telecom & real estate",2021-04-09,1.09135,-0.07845,-0.14976,-0.00713,0.19054,0.11241,0.26867,104
7638,"Consumer, telecom & real estate",2021-04-16,1.09211,-0.07789,-0.14893,-0.00686,0.19171,0.11421,0.26922,104
7639,"Consumer, telecom & real estate",2021-04-23,1.08631,-0.07642,-0.14748,-0.00536,0.19208,0.11379,0.27038,104
7640,"Consumer, telecom & real estate",2021-04-30,1.08696,-0.07644,-0.14722,-0.00565,0.19211,0.11429,0.26993,104
7641,"Consumer, telecom & real estate",2021-05-07,1.10157,-0.07894,-0.15012,-0.00776,0.19339,0.11679,0.26999,104
7642,"Consumer, telecom & real estate",2021-05-14,1.11596,-0.08378,-0.15623,-0.01133,0.19161,0.11607,0.26716,104
7643,"Consumer, telecom & real estate",2021-05-21,1.11972,-0.08555,-0.15827,-0.01282,0.18936,0.11309,0.26563,104
7644,"Consumer, telecom & real estate",2021-05-28,1.11709,-0.09161,-0.16902,-0.01421,0.18109,0.10108,0.26110,104
7645,"Consumer, telecom & real estate",2021-06-04,1.12301,-0.09403,-0.17324,-0.01481,0.18133,0.10074,0.26192,104
7646,"Consumer, telecom & real estate",2021-06-11,1.12623,-0.09391,-0.17245,-0.01536,0.18185,0.10238,0.26132,104
7647,"Consumer, telecom & real estate",2021-06-18,1.13144,-0.09642,-0.17615,-0.01670,0.18037,0.10046,0.26027,104
7648,"Consumer, telecom & real estate",2021-06-25,1.12777,-0.09670,-0.17687,-0.01653,0.18086,0.10055,0.26118,104
7649,"Consumer, telecom & real estate",2021-07-02,1.10684,-0.08962,-0.16602,-0.01323,0.18478,0.10497,0.26460,104
7650,"Consumer, telecom & real estate",2021-07-09,1.10418,-0.08898,-0.16589,-0.01208,0.18583,0.10527,0.26639,104
7651,"Consumer, telecom & real estate",2021-07-16,1.10511,-0.08642,-0.16126,-0.01157,0.18771,0.10925,0.26616,104
7652,"Consumer, telecom & real estate",2021-07-23,1.10308,-0.08555,-0.16055,-0.01056,0.18807,0.10901,0.26713,104
7653,"Consumer, telecom & real estate",2021-07-30,1.10550,-0.08589,-0.16063,-0.01114,0.18740,0.10884,0.26596,104
7654,"Consumer, telecom & real estate",2021-08-06,1.10236,-0.08249,-0.15385,-0.01113,0.18566,0.10922,0.26211,104
7655,"Consumer, telecom & real estate",2021-08-13,1.09574,-0.08085,-0.15187,-0.00983,0.18564,0.10862,0.26266,104
7656,"Consumer, telecom & real estate",2021-08-20,1.09386,-0.08385,-0.15673,-0.01097,0.18282,0.10382,0.26181,104
7657,"Consumer, telecom & real estate",2021-08-27,1.08602,-0.08688,-0.16125,-0.01250,0.17705,0.09629,0.25780,104
7658,"Consumer, telecom & real estate",2021-09-03,1.08681,-0.08611,-0.16052,-0.01170,0.17800,0.09713,0.25886,104
7659,"Consumer, telecom & real estate",2021-09-10,1.09367,-0.08813,-0.16401,-0.01225,0.17862,0.09787,0.25937,104
7660,"Consumer, telecom & real estate",2021-09-17,1.08522,-0.08590,-0.16057,-0.01122,0.17771,0.09610,0.25932,104
7661,"Consumer, telecom & real estate",2021-09-24,1.08823,-0.08584,-0.16022,-0.01145,0.17752,0.09658,0.25847,104
7662,"Consumer, telecom & real estate",2021-10-01,1.08827,-0.08470,-0.15779,-0.01162,0.17819,0.09864,0.25773,104
7663,"Consumer, telecom & real estate",2021-10-08,1.08993,-0.08464,-0.15749,-0.01178,0.17764,0.09826,0.25702,104
7664,"Consumer, telecom & real estate",2021-10-15,1.09316,-0.08494,-0.15809,-0.01180,0.17923,0.10007,0.25838,104
7665,"Consumer, telecom & real estate",2021-10-22,1.08881,-0.08659,-0.15973,-0.01345,0.17676,0.09701,0.25651,104
7666,"Consumer, telecom & real estate",2021-10-29,1.07176,-0.08333,-0.15596,-0.01070,0.17644,0.09500,0.25787,104
7667,"Consumer, telecom & real estate",2021-11-05,1.07882,-0.08487,-0.15708,-0.01266,0.17512,0.09367,0.25657,104
7668,"Consumer, telecom & real estate",2021-11-12,1.08755,-0.08761,-0.16088,-0.01433,0.17481,0.09361,0.25601,104
7669,"Consumer, telecom & real estate",2021-11-19,1.08809,-0.08697,-0.15972,-0.01423,0.17567,0.09535,0.25598,104
7670,"Consumer, telecom & real estate",2021-11-26,1.09076,-0.08687,-0.15926,-0.01449,0.17937,0.10070,0.25805,104
7671,"Consumer, telecom & real estate",2021-12-03,1.08806,-0.08489,-0.15613,-0.01366,0.18046,0.10272,0.25819,104
7672,"Consumer, telecom & real estate",2021-12-10,1.08332,-0.08137,-0.15123,-0.01151,0.18148,0.10480,0.25816,104
7673,"Consumer, telecom & real estate",2021-12-17,1.08309,-0.08152,-0.15172,-0.01132,0.18141,0.10440,0.25841,104
7674,"Consumer, telecom & real estate",2021-12-24,1.08587,-0.08217,-0.15265,-0.01170,0.18230,0.10558,0.25902,104
7675,"Consumer, telecom & real estate",2021-12-31,1.08130,-0.07986,-0.14973,-0.01000,0.18321,0.10668,0.25974,104
7676,"Consumer, telecom & real estate",2022-01-07,1.08197,-0.08044,-0.15101,-0.00987,0.18333,0.10613,0.26053,104
7677,"Consumer, telecom & real estate",2022-01-14,1.07778,-0.07993,-0.14939,-0.01047,0.18245,0.10610,0.25880,104
7678,"Consumer, telecom & real estate",2022-01-21,1.06321,-0.07556,-0.14376,-0.00735,0.18305,0.10547,0.26064,104
7679,"Consumer, telecom & real estate",2022-01-28,1.06288,-0.07502,-0.14281,-0.00723,0.18146,0.10379,0.25913,104
7680,"Consumer, telecom & real estate",2022-02-04,1.05694,-0.07296,-0.14070,-0.00522,0.18508,0.10692,0.26325,104
7681,"Consumer, telecom & real estate",2022-02-11,1.05893,-0.07457,-0.14309,-0.00605,0.18448,0.10658,0.26237,104
7682,"Consumer, telecom & real estate",2022-02-18,1.06032,-0.07491,-0.14332,-0.00649,0.18489,0.10734,0.26245,104
7683,"Consumer, telecom & real estate",2022-02-25,0.98013,-0.07045,-0.13957,-0.00133,0.14810,0.06869,0.22752,104
7684,"Consumer, telecom & real estate",2022-03-04,1.00201,-0.09016,-0.17128,-0.00905,0.11972,0.03656,0.20289,104
7685,"Consumer, telecom & real estate",2022-03-11,0.82893,-0.09350,-0.18628,-0.00072,0.02832,-0.05433,0.11096,104
7686,"Consumer, telecom & real estate",2022-03-18,0.81462,-0.08980,-0.18859,0.00898,0.03498,-0.05425,0.12421,104
7687,"Consumer, telecom & real estate",2022-03-25,0.81360,-0.09291,-0.19288,0.00706,0.03343,-0.05638,0.12324,104
7688,"Consumer, telecom & real estate",2022-04-01,0.78306,-0.11583,-0.19881,-0.03285,-0.00856,-0.07937,0.06225,104
7689,"Consumer, telecom & real estate",2022-04-08,0.75691,-0.10892,-0.19818,-0.01966,-0.00268,-0.07537,0.07000,104
7690,"Consumer, telecom & real estate",2022-04-15,0.82314,-0.14380,-0.21511,-0.07249,-0.01611,-0.07832,0.04610,104
7691,"Consumer, telecom & real estate",2022-04-22,0.81882,-0.15624,-0.24268,-0.06979,-0.01020,-0.08675,0.06635,104
7692,"Consumer, telecom & real estate",2022-04-29,0.81663,-0.15145,-0.24104,-0.06186,-0.01345,-0.09546,0.06856,104
7693,"Consumer, telecom & real estate",2022-05-06,0.85897,-0.16759,-0.27351,-0.06167,0.00276,-0.08957,0.09510,104
7694,"Consumer, telecom & real estate",2022-05-13,0.88362,-0.17494,-0.28294,-0.06694,0.00417,-0.08773,0.09607,104
7695,"Consumer, telecom & real estate",2022-05-20,0.87494,-0.16626,-0.27389,-0.05863,0.00830,-0.08658,0.10318,104
7696,"Consumer, telecom & real estate",2022-05-27,0.83455,-0.15539,-0.26791,-0.04288,0.01398,-0.08172,0.10968,104
7697,"Consumer, telecom & real estate",2022-06-03,0.81828,-0.16355,-0.27631,-0.05080,-0.01216,-0.10996,0.08564,104
7698,"Consumer, telecom & real estate",2022-06-10,0.80315,-0.17462,-0.28194,-0.06730,-0.03420,-0.12639,0.05798,104
7699,"Consumer, telecom & real estate",2022-06-17,0.84786,-0.18263,-0.28733,-0.07793,-0.02189,-0.11081,0.06702,104
7700,"Consumer, telecom & real estate",2022-06-24,0.81207,-0.17867,-0.28533,-0.07201,-0.02658,-0.11649,0.06332,104
7701,"Consumer, telecom & real estate",2022-07-01,0.81076,-0.18250,-0.28916,-0.07583,-0.03152,-0.12153,0.05850,104
7702,"Consumer, telecom & real estate",2022-07-08,0.81478,-0.18539,-0.28931,-0.08146,-0.03847,-0.12765,0.05071,104
7703,"Consumer, telecom & real estate",2022-07-15,0.77570,-0.19223,-0.30166,-0.08281,-0.04752,-0.14180,0.04676,104
7704,"Consumer, telecom & real estate",2022-07-22,0.73073,-0.18623,-0.29450,-0.07797,-0.04883,-0.14515,0.04750,104
7705,"Consumer, telecom & real estate",2022-07-29,0.72469,-0.18665,-0.29513,-0.07818,-0.04655,-0.14261,0.04952,104
7706,"Consumer, telecom & real estate",2022-08-05,0.76617,-0.17660,-0.27648,-0.07672,-0.03888,-0.12357,0.04581,104
7707,"Consumer, telecom & real estate",2022-08-12,0.78333,-0.17903,-0.27946,-0.07860,-0.03792,-0.12272,0.04689,104
7708,"Consumer, telecom & real estate",2022-08-19,0.78308,-0.17712,-0.27757,-0.07666,-0.03716,-0.12202,0.04769,104
7709,"Consumer, telecom & real estate",2022-08-26,0.78725,-0.18264,-0.28159,-0.08370,-0.04236,-0.12593,0.04120,104
7710,"Consumer, telecom & real estate",2022-09-02,0.80976,-0.17336,-0.27108,-0.07563,-0.02651,-0.10989,0.05687,104
7711,"Consumer, telecom & real estate",2022-09-09,0.82575,-0.18020,-0.28161,-0.07879,-0.02380,-0.10906,0.06146,104
7712,"Consumer, telecom & real estate",2022-09-16,0.85042,-0.18566,-0.28940,-0.08192,-0.02094,-0.10827,0.06639,104
7713,"Consumer, telecom & real estate",2022-09-23,0.87755,-0.18579,-0.28876,-0.08283,-0.00930,-0.09731,0.07872,104
7714,"Consumer, telecom & real estate",2022-09-30,0.85817,-0.17590,-0.27792,-0.07388,0.00329,-0.08399,0.09058,104
7715,"Consumer, telecom & real estate",2022-10-07,0.86736,-0.16513,-0.26498,-0.06528,0.01615,-0.07040,0.10270,104
7716,"Consumer, telecom & real estate",2022-10-14,0.86941,-0.16381,-0.26253,-0.06509,0.01965,-0.06517,0.10447,104
7717,"Consumer, telecom & real estate",2022-10-21,0.87439,-0.16308,-0.26157,-0.06460,0.02064,-0.06468,0.10595,104
7718,"Consumer, telecom & real estate",2022-10-28,0.84163,-0.16734,-0.26791,-0.06677,-0.00308,-0.09434,0.08817,104
7719,"Consumer, telecom & real estate",2022-11-04,0.80184,-0.16704,-0.26766,-0.06642,-0.01315,-0.10811,0.08181,104
7720,"Consumer, telecom & real estate",2022-11-11,0.86241,-0.16628,-0.26621,-0.06634,-0.01021,-0.10032,0.07989,104
7721,"Consumer, telecom & real estate",2022-11-18,0.86717,-0.16726,-0.26587,-0.06865,-0.01100,-0.09902,0.07703,104
7722,"Consumer, telecom & real estate",2022-11-25,0.85861,-0.16545,-0.26030,-0.07059,-0.02371,-0.11196,0.06454,104
7723,"Consumer, telecom & real estate",2022-12-02,0.86533,-0.16748,-0.26232,-0.07265,-0.02427,-0.11222,0.06368,104
7724,"Consumer, telecom & real estate",2022-12-09,0.87128,-0.16847,-0.25902,-0.07793,-0.02684,-0.10993,0.05625,104
7725,"Consumer, telecom & real estate",2022-12-16,0.85554,-0.15663,-0.24719,-0.06608,-0.02049,-0.10347,0.06249,104
7726,"Consumer, telecom & real estate",2022-12-23,0.84529,-0.14890,-0.23473,-0.06306,-0.01313,-0.09324,0.06698,104
7727,"Consumer, telecom & real estate",2022-12-30,0.81692,-0.14306,-0.22831,-0.05782,-0.01252,-0.09338,0.06834,104
7728,"Consumer, telecom & real estate",2023-01-06,0.82415,-0.14160,-0.22407,-0.05913,-0.01401,-0.09288,0.06487,104
7729,"Consumer, telecom & real estate",2023-01-13,0.80419,-0.12395,-0.21178,-0.03612,-0.00112,-0.08459,0.08234,104
7730,"Consumer, telecom & real estate",2023-01-20,0.80134,-0.12382,-0.21124,-0.03639,-0.00233,-0.08569,0.08103,104
7731,"Consumer, telecom & real estate",2023-01-27,0.78541,-0.12273,-0.21056,-0.03489,-0.00485,-0.08847,0.07877,104
7732,"Consumer, telecom & real estate",2023-02-03,0.79835,-0.14038,-0.22770,-0.05307,-0.02863,-0.11146,0.05420,104
7733,"Consumer, telecom & real estate",2023-02-10,0.78618,-0.13642,-0.22463,-0.04821,-0.02266,-0.10528,0.05995,104
7734,"Consumer, telecom & real estate",2023-02-17,0.78339,-0.14091,-0.23136,-0.05046,-0.02720,-0.11180,0.05741,104
7735,"Consumer, telecom & real estate",2023-02-24,0.78061,-0.14316,-0.23388,-0.05244,-0.03044,-0.11581,0.05494,104
7736,"Consumer, telecom & real estate",2023-03-03,0.79604,-0.14243,-0.23319,-0.05168,-0.02932,-0.11500,0.05636,104
7737,"Consumer, telecom & real estate",2023-03-10,0.79819,-0.14280,-0.23368,-0.05191,-0.02656,-0.11184,0.05872,104
7738,"Consumer, telecom & real estate",2023-03-17,0.84076,-0.13588,-0.22747,-0.04429,0.00038,-0.08489,0.08566,104
7739,"Consumer, telecom & real estate",2023-03-24,0.81840,-0.12802,-0.22345,-0.03258,0.00358,-0.08534,0.09249,104
7740,"Consumer, telecom & real estate",2023-03-31,0.81324,-0.12275,-0.21823,-0.02726,0.01390,-0.07495,0.10275,104
7741,"Consumer, telecom & real estate",2023-04-07,0.80788,-0.11877,-0.21439,-0.02314,0.01553,-0.07391,0.10496,104
7742,"Consumer, telecom & real estate",2023-04-14,0.80926,-0.12176,-0.21757,-0.02596,0.01190,-0.07818,0.10198,104
7743,"Consumer, telecom & real estate",2023-04-21,0.81127,-0.12349,-0.21847,-0.02851,0.01069,-0.07821,0.09959,104
7744,"Consumer, telecom & real estate",2023-04-28,0.83262,-0.13068,-0.22599,-0.03538,0.00578,-0.08267,0.09423,104
7745,"Consumer, telecom & real estate",2023-05-05,0.81550,-0.13114,-0.22626,-0.03602,0.00357,-0.08520,0.09233,104
7746,"Consumer, telecom & real estate",2023-05-12,0.78971,-0.12665,-0.22079,-0.03250,0.00377,-0.08615,0.09369,104
7747,"Consumer, telecom & real estate",2023-05-19,0.78120,-0.12269,-0.21680,-0.02858,0.00918,-0.08060,0.09896,104
7748,"Consumer, telecom & real estate",2023-05-26,0.79978,-0.11515,-0.20809,-0.02221,0.01866,-0.06863,0.10594,104
7749,"Consumer, telecom & real estate",2023-06-02,0.79505,-0.11341,-0.20642,-0.02041,0.01831,-0.06940,0.10603,104
7750,"Consumer, telecom & real estate",2023-06-09,0.79298,-0.11256,-0.20569,-0.01943,0.01870,-0.06909,0.10649,104
7751,"Consumer, telecom & real estate",2023-06-16,0.77685,-0.11039,-0.20437,-0.01642,0.01922,-0.06910,0.10755,104
7752,"Consumer, telecom & real estate",2023-06-23,0.78127,-0.11033,-0.20421,-0.01645,0.02144,-0.06688,0.10975,104
7753,"Consumer, telecom & real estate",2023-06-30,0.77135,-0.11003,-0.20379,-0.01628,0.02056,-0.06775,0.10887,104
7754,"Consumer, telecom & real estate",2023-07-07,0.75602,-0.10301,-0.19750,-0.00852,0.02256,-0.06637,0.11148,104
7755,"Consumer, telecom & real estate",2023-07-14,0.75798,-0.10685,-0.20024,-0.01346,0.01906,-0.06926,0.10739,104
7756,"Consumer, telecom & real estate",2023-07-21,0.75123,-0.10693,-0.20030,-0.01356,0.01861,-0.06958,0.10680,104
7757,"Consumer, telecom & real estate",2023-07-28,0.74989,-0.10547,-0.19879,-0.01216,0.01947,-0.06858,0.10752,104
7758,"Consumer, telecom & real estate",2023-08-04,0.75596,-0.10932,-0.20520,-0.01343,0.02104,-0.06862,0.11071,104
7759,"Consumer, telecom & real estate",2023-08-11,0.75699,-0.10952,-0.20548,-0.01357,0.02126,-0.06837,0.11090,104
7760,"Consumer, telecom & real estate",2023-08-18,0.75565,-0.10576,-0.20256,-0.00897,0.02387,-0.06660,0.11434,104
7761,"Consumer, telecom & real estate",2023-08-25,0.75903,-0.10082,-0.20078,-0.00085,0.02712,-0.06690,0.12114,104
7762,"Consumer, telecom & real estate",2023-09-01,0.75881,-0.10082,-0.20063,-0.00100,0.02931,-0.06406,0.12267,104
7763,"Consumer, telecom & real estate",2023-09-08,0.75284,-0.09919,-0.19936,0.00098,0.02973,-0.06399,0.12346,104
7764,"Consumer, telecom & real estate",2023-09-15,0.76058,-0.10290,-0.20288,-0.00292,0.03039,-0.06246,0.12324,104
7765,"Consumer, telecom & real estate",2023-09-22,0.75954,-0.10360,-0.20374,-0.00346,0.02909,-0.06410,0.12227,104
7766,"Consumer, telecom & real estate",2023-09-29,0.76876,-0.10393,-0.20364,-0.00421,0.02960,-0.06328,0.12249,104
7767,"Consumer, telecom & real estate",2023-10-06,0.77052,-0.10162,-0.19937,-0.00387,0.03611,-0.05297,0.12519,104
7768,"Consumer, telecom & real estate",2023-10-13,0.74803,-0.10226,-0.19993,-0.00459,0.03582,-0.05265,0.12429,104
7769,"Consumer, telecom & real estate",2023-10-20,0.75276,-0.10245,-0.19909,-0.00581,0.03517,-0.05317,0.12352,104
7770,"Consumer, telecom & real estate",2023-10-27,0.77263,-0.10461,-0.20063,-0.00859,0.03615,-0.05112,0.12342,104
7771,"Consumer, telecom & real estate",2023-11-03,0.79829,-0.11863,-0.21719,-0.02008,0.02406,-0.06349,0.11162,104
7772,"Consumer, telecom & real estate",2023-11-10,0.80162,-0.12222,-0.22235,-0.02209,0.02050,-0.06796,0.10897,104
7773,"Consumer, telecom & real estate",2023-11-17,0.80706,-0.12614,-0.22629,-0.02598,0.01705,-0.07088,0.10497,104
7774,"Consumer, telecom & real estate",2023-11-24,0.78701,-0.12836,-0.22772,-0.02901,0.00565,-0.08244,0.09374,104
7775,"Consumer, telecom & real estate",2023-12-01,0.78590,-0.13366,-0.23230,-0.03503,0.00109,-0.08669,0.08888,104
7776,"Consumer, telecom & real estate",2023-12-08,0.78759,-0.14559,-0.24412,-0.04705,-0.00946,-0.09744,0.07853,104
7777,"Consumer, telecom & real estate",2023-12-15,0.78803,-0.14571,-0.24427,-0.04715,-0.01017,-0.09837,0.07802,104
7778,"Consumer, telecom & real estate",2023-12-22,0.77522,-0.14317,-0.24128,-0.04506,-0.01208,-0.10032,0.07615,104
7779,"Consumer, telecom & real estate",2023-12-29,0.77428,-0.14572,-0.24311,-0.04833,-0.01553,-0.10343,0.07237,104
7780,"Consumer, telecom & real estate",2024-01-05,0.77724,-0.14462,-0.24234,-0.04689,-0.01365,-0.10181,0.07450,104
7781,"Consumer, telecom & real estate",2024-01-12,0.75359,-0.14010,-0.23982,-0.04039,-0.01287,-0.10284,0.07709,104
7782,"Consumer, telecom & real estate",2024-01-19,0.75578,-0.14099,-0.24215,-0.03983,-0.01163,-0.10164,0.07839,104
7783,"Consumer, telecom & real estate",2024-01-26,0.75587,-0.13498,-0.23781,-0.03216,-0.00452,-0.09472,0.08569,104
7784,"Consumer, telecom & real estate",2024-02-02,0.76234,-0.12873,-0.23286,-0.02461,0.00265,-0.08798,0.09329,104
7785,"Consumer, telecom & real estate",2024-02-09,0.74651,-0.12357,-0.22660,-0.02054,-0.00094,-0.09251,0.09063,104
7786,"Consumer, telecom & real estate",2024-02-16,0.73715,-0.12248,-0.22498,-0.01997,-0.00115,-0.09340,0.09111,104
7787,"Consumer, telecom & real estate",2024-02-23,0.72857,-0.11638,-0.21539,-0.01736,0.00477,-0.08505,0.09459,104
7788,"Consumer, telecom & real estate",2024-03-01,0.69554,-0.08531,-0.18228,0.01166,0.04479,-0.04201,0.13159,104
7789,"Consumer, telecom & real estate",2024-03-08,0.69094,-0.08215,-0.18060,0.01629,0.04812,-0.03941,0.13566,104
7790,"Consumer, telecom & real estate",2024-03-15,0.70961,-0.08983,-0.18987,0.01021,0.04803,-0.03951,0.13557,104
7791,"Consumer, telecom & real estate",2024-03-22,0.71282,-0.08451,-0.18804,0.01902,0.05293,-0.03877,0.14464,104
7792,"Consumer, telecom & real estate",2024-03-29,0.73252,-0.09768,-0.21258,0.01722,0.05869,-0.04073,0.15811,104
7793,"Consumer, telecom & real estate",2024-04-05,0.73077,-0.10069,-0.21574,0.01437,0.05645,-0.04259,0.15549,104
7794,"Consumer, telecom & real estate",2024-04-12,0.72794,-0.09765,-0.21284,0.01754,0.05996,-0.03952,0.15944,104
7795,"Consumer, telecom & real estate",2024-04-19,0.73565,-0.09791,-0.21341,0.01759,0.06272,-0.03582,0.16126,104
7796,"Consumer, telecom & real estate",2024-04-26,0.72697,-0.09996,-0.21851,0.01860,0.06191,-0.03800,0.16182,104
7797,"Consumer, telecom & real estate",2024-05-03,0.67813,-0.07966,-0.19283,0.03352,0.06978,-0.02689,0.16644,104
7798,"Consumer, telecom & real estate",2024-05-10,0.69012,-0.08257,-0.19378,0.02864,0.06959,-0.02671,0.16589,104
7799,"Consumer, telecom & real estate",2024-05-17,0.70981,-0.08472,-0.19498,0.02554,0.07112,-0.02444,0.16669,104
7800,"Consumer, telecom & real estate",2024-05-24,0.70502,-0.08362,-0.19444,0.02720,0.06803,-0.02889,0.16494,104
7801,"Consumer, telecom & real estate",2024-05-31,0.70176,-0.08286,-0.19389,0.02818,0.06819,-0.02882,0.16521,104
7802,"Consumer, telecom & real estate",2024-06-07,0.68390,-0.07785,-0.19158,0.03588,0.07212,-0.02538,0.16963,104
7803,"Consumer, telecom & real estate",2024-06-14,0.64863,-0.07822,-0.18908,0.03264,0.05706,-0.04286,0.15698,104
7804,"Consumer, telecom & real estate",2024-06-21,0.66905,-0.08573,-0.19824,0.02677,0.05429,-0.04528,0.15386,104
7805,"Consumer, telecom & real estate",2024-06-28,0.66531,-0.08572,-0.19868,0.02724,0.05385,-0.04601,0.15370,104
7806,"Consumer, telecom & real estate",2024-07-05,0.65955,-0.08294,-0.19871,0.03283,0.05834,-0.04162,0.15830,104
7807,"Consumer, telecom & real estate",2024-07-12,0.68453,-0.07619,-0.19263,0.04025,0.06776,-0.02740,0.16291,104
7808,"Consumer, telecom & real estate",2024-07-19,0.73161,-0.08370,-0.19802,0.03061,0.06715,-0.02583,0.16013,104
7809,"Consumer, telecom & real estate",2024-07-26,0.75013,-0.08102,-0.19536,0.03332,0.06837,-0.02506,0.16179,104
7810,"Consumer, telecom & real estate",2024-08-02,0.75702,-0.09062,-0.21792,0.03667,0.07314,-0.02911,0.17538,104
7811,"Consumer, telecom & real estate",2024-08-09,0.75603,-0.08936,-0.21571,0.03698,0.07268,-0.02934,0.17470,104
7812,"Consumer, telecom & real estate",2024-08-16,0.75689,-0.09072,-0.21712,0.03567,0.07200,-0.03023,0.17423,104
7813,"Consumer, telecom & real estate",2024-08-23,0.74023,-0.07784,-0.20182,0.04614,0.08232,-0.02227,0.18691,104
7814,"Consumer, telecom & real estate",2024-08-30,0.72673,-0.08644,-0.21197,0.03909,0.06649,-0.03863,0.17161,104
7815,"Consumer, telecom & real estate",2024-09-06,0.70810,-0.08664,-0.20954,0.03627,0.06860,-0.03217,0.16936,104
7816,"Consumer, telecom & real estate",2024-09-13,0.68231,-0.08237,-0.20325,0.03852,0.06644,-0.03410,0.16698,104
7817,"Consumer, telecom & real estate",2024-09-20,0.61701,-0.07774,-0.19639,0.04091,0.04786,-0.05466,0.15038,104
7818,"Consumer, telecom & real estate",2024-09-27,0.61126,-0.07541,-0.19369,0.04286,0.04965,-0.05238,0.15169,104
7819,"Consumer, telecom & real estate",2024-10-04,0.59535,-0.08643,-0.21129,0.03842,0.03622,-0.07497,0.14741,104
7820,"Consumer, telecom & real estate",2024-10-11,0.58710,-0.08821,-0.21350,0.03707,0.03062,-0.08325,0.14449,104
7821,"Consumer, telecom & real estate",2024-10-18,0.58728,-0.08637,-0.20778,0.03504,0.03140,-0.07842,0.14122,104
7822,"Consumer, telecom & real estate",2024-10-25,0.58548,-0.09263,-0.21555,0.03029,0.02419,-0.08827,0.13665,104
7823,"Consumer, telecom & real estate",2024-11-01,0.58793,-0.09305,-0.21563,0.02952,0.02383,-0.08834,0.13599,104
7824,"Consumer, telecom & real estate",2024-11-08,0.58237,-0.08951,-0.21179,0.03277,0.02569,-0.08644,0.13782,104
7825,"Consumer, telecom & real estate",2024-11-15,0.54433,-0.07295,-0.20003,0.05412,0.03194,-0.08433,0.14822,104
7826,"Consumer, telecom & real estate",2024-11-22,0.53716,-0.07184,-0.20360,0.05991,0.03697,-0.07910,0.15304,104
7827,"Consumer, telecom & real estate",2024-11-29,0.52564,-0.07091,-0.20267,0.06086,0.03674,-0.07957,0.15304,104
7828,"Consumer, telecom & real estate",2024-12-06,0.53204,-0.08177,-0.22072,0.05717,0.03076,-0.09335,0.15487,104
7829,"Consumer, telecom & real estate",2024-12-13,0.54665,-0.08731,-0.22560,0.05098,0.02897,-0.09406,0.15199,104
7830,"Consumer, telecom & real estate",2024-12-20,0.57029,-0.08828,-0.22894,0.05237,0.03462,-0.08945,0.15869,104
7831,"Consumer, telecom & real estate",2024-12-27,0.57753,-0.08917,-0.23049,0.05215,0.03722,-0.08664,0.16107,104
7832,"Consumer, telecom & real estate",2025-01-03,0.56602,-0.08829,-0.23886,0.06228,0.04153,-0.08831,0.17137,104
7833,"Consumer, telecom & real estate",2025-01-10,0.59222,-0.11347,-0.27203,0.04509,0.02674,-0.10769,0.16118,104
7834,"Consumer, telecom & real estate",2025-01-17,0.58866,-0.11175,-0.27043,0.04694,0.02891,-0.10554,0.16336,104
7835,"Consumer, telecom & real estate",2025-01-24,0.58518,-0.11090,-0.26844,0.04665,0.02908,-0.10462,0.16278,104
7836,"Consumer, telecom & real estate",2025-01-31,0.56949,-0.09347,-0.24486,0.05791,0.04869,-0.07986,0.17725,104
7837,"Consumer, telecom & real estate",2025-02-07,0.56672,-0.08814,-0.24155,0.06527,0.05469,-0.07591,0.18530,104
7838,"Consumer, telecom & real estate",2025-02-14,0.56559,-0.08133,-0.23630,0.07365,0.06134,-0.07038,0.19307,104
7839,"Consumer, telecom & real estate",2025-02-21,0.56292,-0.08046,-0.23528,0.07435,0.06151,-0.07030,0.19331,104
7840,"Consumer, telecom & real estate",2025-02-28,0.57237,-0.07963,-0.23420,0.07494,0.06339,-0.07095,0.19773,104
7841,"Consumer, telecom & real estate",2025-03-07,0.55803,-0.07553,-0.22839,0.07732,0.06012,-0.07199,0.19222,104
7842,"Consumer, telecom & real estate",2025-03-14,0.48528,-0.10174,-0.23981,0.03633,0.00401,-0.09944,0.10746,104
7843,"Consumer, telecom & real estate",2025-03-21,0.52620,-0.11622,-0.25287,0.02044,0.00133,-0.09982,0.10249,104
7844,"Consumer, telecom & real estate",2025-03-28,0.47152,-0.10596,-0.24261,0.03069,-0.00797,-0.11094,0.09500,104
7845,"Consumer, telecom & real estate",2025-04-04,0.48588,-0.10934,-0.25258,0.03390,0.01696,-0.08030,0.11421,104
7846,"Consumer, telecom & real estate",2025-04-11,0.46434,-0.10327,-0.24841,0.04187,0.01609,-0.08243,0.11462,104
7847,"Consumer, telecom & real estate",2025-04-18,0.48555,-0.10567,-0.25138,0.04003,0.02057,-0.08014,0.12127,104
7848,"Consumer, telecom & real estate",2025-04-25,0.45339,-0.08906,-0.23403,0.05590,0.03019,-0.07055,0.13094,104
7849,"Consumer, telecom & real estate",2025-05-02,0.49302,-0.11085,-0.24061,0.01892,0.00173,-0.09629,0.09976,104
7850,"Consumer, telecom & real estate",2025-05-09,0.49318,-0.11133,-0.23984,0.01717,-0.00054,-0.09790,0.09681,104
7851,"Consumer, telecom & real estate",2025-05-16,0.46803,-0.11103,-0.24004,0.01798,-0.00369,-0.10305,0.09566,104
7852,"Consumer, telecom & real estate",2025-05-23,0.46001,-0.10593,-0.23572,0.02387,0.00073,-0.09859,0.10004,104
7853,"Consumer, telecom & real estate",2025-05-30,0.46985,-0.11037,-0.23932,0.01858,-0.00150,-0.10062,0.09762,104
7854,"Consumer, telecom & real estate",2025-06-06,0.47087,-0.11482,-0.24376,0.01412,-0.00507,-0.10406,0.09391,104
7855,"Consumer, telecom & real estate",2025-06-13,0.47413,-0.12674,-0.25298,-0.00049,-0.01704,-0.11521,0.08112,104
7856,"Consumer, telecom & real estate",2025-06-20,0.44821,-0.12241,-0.24729,0.00247,-0.02256,-0.12016,0.07505,104
7857,"Consumer, telecom & real estate",2025-06-27,0.46185,-0.13222,-0.25020,-0.01424,-0.03081,-0.12361,0.06199,104
7858,"Consumer, telecom & real estate",2025-07-04,0.48191,-0.14108,-0.26186,-0.02031,-0.03167,-0.12486,0.06151,104
7859,"Consumer, telecom & real estate",2025-07-11,0.45985,-0.12784,-0.24694,-0.00875,-0.02421,-0.11683,0.06841,104
7860,"Consumer, telecom & real estate",2025-07-18,0.46612,-0.12884,-0.24763,-0.01005,-0.02435,-0.11680,0.06810,104
7861,"Consumer, telecom & real estate",2025-07-25,0.46838,-0.12843,-0.24980,-0.00706,-0.02201,-0.11567,0.07165,104
7862,"Consumer, telecom & real estate",2025-08-01,0.46867,-0.12752,-0.24808,-0.00695,-0.02171,-0.11532,0.07190,104
7863,"Consumer, telecom & real estate",2025-08-08,0.46490,-0.12493,-0.24344,-0.00643,-0.02223,-0.11517,0.07071,104
7864,"Consumer, telecom & real estate",2025-08-15,0.46383,-0.12433,-0.24283,-0.00583,-0.02293,-0.11610,0.07025,104
7865,"Consumer, telecom & real estate",2025-08-22,0.46453,-0.12358,-0.24197,-0.00518,-0.02135,-0.11418,0.07149,104
7866,"Consumer, telecom & real estate",2025-08-29,0.47012,-0.12594,-0.24416,-0.00772,-0.02460,-0.11844,0.06924,104
7867,"Consumer, telecom & real estate",2025-09-05,0.47233,-0.12498,-0.24373,-0.00624,-0.02192,-0.11545,0.07161,104
7868,"Consumer, telecom & real estate",2025-09-12,0.48087,-0.12358,-0.24217,-0.00498,-0.01969,-0.11411,0.07473,104
7869,"Consumer, telecom & real estate",2025-09-19,0.48983,-0.12535,-0.24419,-0.00652,-0.01953,-0.11373,0.07467,104
7870,"Consumer, telecom & real estate",2025-09-26,0.48314,-0.12824,-0.24857,-0.00791,-0.02344,-0.11768,0.07079,104
7871,"Consumer, telecom & real estate",2025-10-03,0.46650,-0.13004,-0.25093,-0.00916,-0.03370,-0.12998,0.06258,104
7872,"Consumer, telecom & real estate",2025-10-10,0.47043,-0.12908,-0.24988,-0.00828,-0.03807,-0.13689,0.06074,104
7873,"Consumer, telecom & real estate",2025-10-17,0.44222,-0.12458,-0.24496,-0.00419,-0.03656,-0.13504,0.06192,104
7874,"Consumer, telecom & real estate",2025-10-24,0.44352,-0.12947,-0.24591,-0.01303,-0.04254,-0.13793,0.05285,104
7875,"Consumer, telecom & real estate",2025-10-31,0.43307,-0.10683,-0.21126,-0.00239,-0.01733,-0.10533,0.07067,104
7876,"Consumer, telecom & real estate",2025-11-07,0.43560,-0.09991,-0.20442,0.00461,-0.00912,-0.09683,0.07859,104
7877,"Consumer, telecom & real estate",2025-11-14,0.42991,-0.09695,-0.20131,0.00741,-0.00699,-0.09462,0.08065,104
7878,"Consumer, telecom & real estate",2025-11-21,0.43405,-0.09780,-0.20228,0.00669,-0.00594,-0.09329,0.08141,104
7879,"Consumer, telecom & real estate",2025-11-28,0.45549,-0.09738,-0.20203,0.00727,-0.00091,-0.08813,0.08631,104
7880,"Consumer, telecom & real estate",2025-12-05,0.45338,-0.09000,-0.19631,0.01632,0.00611,-0.08176,0.09398,104
7881,"Consumer, telecom & real estate",2025-12-12,0.45274,-0.08950,-0.19481,0.01581,0.00520,-0.08235,0.09275,104
7882,"Consumer, telecom & real estate",2025-12-19,0.45965,-0.09506,-0.19926,0.00914,0.00185,-0.08478,0.08848,104
7883,"Consumer, telecom & real estate",2025-12-26,0.46228,-0.09652,-0.19974,0.00670,0.00117,-0.08469,0.08702,104
7884,"Consumer, telecom & real estate",2026-01-02,0.45234,-0.09644,-0.19720,0.00433,-0.00228,-0.08665,0.08209,104
7885,"Consumer, telecom & real estate",2026-01-09,0.49694,-0.10986,-0.20524,-0.01448,-0.00808,-0.09102,0.07486,104
7886,"Consumer, telecom & real estate",2026-01-16,0.48150,-0.10881,-0.20275,-0.01487,-0.00884,-0.09144,0.07375,104
7887,"Consumer, telecom & real estate",2026-01-23,0.47338,-0.11521,-0.20001,-0.03041,-0.01776,-0.09071,0.05519,104
7888,"Consumer, telecom & real estate",2026-01-30,0.46696,-0.12431,-0.20242,-0.04619,-0.02959,-0.09457,0.03539,104
7889,"Consumer, telecom & real estate",2026-02-06,0.47527,-0.12781,-0.20899,-0.04664,-0.02688,-0.09217,0.03840,104
7890,"Consumer, telecom & real estate",2026-02-13,0.47698,-0.12872,-0.20946,-0.04799,-0.02808,-0.09339,0.03723,104
7891,"Consumer, telecom & real estate",2026-02-20,0.47692,-0.12966,-0.21013,-0.04920,-0.02629,-0.09024,0.03766,104
7892,"Consumer, telecom & real estate",2026-02-27,0.47571,-0.12994,-0.21045,-0.04942,-0.02704,-0.09120,0.03712,104
7893,"Consumer, telecom & real estate",2026-03-06,0.48320,-0.13666,-0.19163,-0.08169,-0.05867,-0.10532,-0.01202,104
7894,"Consumer, telecom & real estate",2026-03-13,0.48301,-0.14115,-0.19572,-0.08658,-0.06308,-0.10899,-0.01717,104
7895,"Consumer, telecom & real estate",2026-03-20,0.48333,-0.14749,-0.20320,-0.09178,-0.07041,-0.11719,-0.02363,104
7896,"Consumer, telecom & real estate",2026-03-27,0.48049,-0.14734,-0.20260,-0.09208,-0.07073,-0.11709,-0.02437,104
7897,"Consumer, telecom & real estate",2026-04-03,0.49558,-0.15153,-0.20319,-0.09987,-0.08350,-0.12946,-0.03753,104
7898,"Consumer, telecom & real estate",2026-04-10,0.49361,-0.15068,-0.20199,-0.09938,-0.08265,-0.12796,-0.03734,104
7899,"Consumer, telecom & real estate",2026-04-17,0.49506,-0.15064,-0.20196,-0.09932,-0.08067,-0.12563,-0.03570,104
7900,"Consumer, telecom & real estate",2026-04-24,0.50229,-0.14463,-0.19421,-0.09505,-0.07743,-0.12191,-0.03296,104
7901,"Consumer, telecom & real estate",2026-05-01,0.50904,-0.15030,-0.19816,-0.10245,-0.08093,-0.12290,-0.03896,104
7902,"Consumer, telecom & real estate",2026-05-08,0.49267,-0.14419,-0.19396,-0.09443,-0.07453,-0.11714,-0.03193,104
7903,"Consumer, telecom & real estate",2026-05-15,0.48923,-0.14642,-0.19478,-0.09807,-0.07599,-0.11638,-0.03561,104
7904,"Consumer, telecom & real estate",2026-05-22,0.49580,-0.14947,-0.19596,-0.10298,-0.07959,-0.11916,-0.04002,104
7905,"Consumer, telecom & real estate",2026-05-29,0.50198,-0.14637,-0.19262,-0.10012,-0.07400,-0.11274,-0.03527,104
7906,"Consumer, telecom & real estate",2026-06-05,0.50583,-0.14799,-0.19358,-0.10240,-0.07559,-0.11339,-0.03779,104
7907,"Consumer, telecom & real estate",2026-06-12,0.52464,-0.15197,-0.19734,-0.10661,-0.07521,-0.11191,-0.03850,104
7908,"Consumer, telecom & real estate",2026-06-19,0.53481,-0.14952,-0.19535,-0.10369,-0.06779,-0.10447,-0.03111,104
7909,"Consumer, telecom & real estate",2026-06-26,0.53705,-0.15371,-0.19856,-0.10886,-0.07156,-0.10683,-0.03630,104
7910,"Consumer, telecom & real estate",2026-07-03,0.52217,-0.15114,-0.19598,-0.10629,-0.07125,-0.10708,-0.03542,104
7911,"Consumer, telecom & real estate",2026-07-10,0.52715,-0.15460,-0.19913,-0.11008,-0.07467,-0.11025,-0.03908,104
7912,"Consumer, telecom & real estate",2026-07-17,0.52147,-0.15061,-0.19268,-0.10853,-0.07391,-0.10726,-0.04055,104
7913,"Consumer, telecom & real estate",2026-07-24,0.50980,-0.15476,-0.19659,-0.11293,-0.07884,-0.11234,-0.04535,104
7914,"Consumer, telecom & real estate",2026-07-31,0.51389,-0.15815,-0.19985,-0.11645,-0.08391,-0.11814,-0.04969,104
7915,"Consumer, telecom & real estate",2026-08-07,0.51276,-0.15740,-0.19796,-0.11683,-0.08426,-0.11756,-0.05096,104
7916,"Consumer, telecom & real estate",2026-08-14,0.51069,-0.15762,-0.19834,-0.11689,-0.08341,-0.11645,-0.05038,104
7917,"Consumer, telecom & real estate",2026-08-21,0.52229,-0.15888,-0.19889,-0.11887,-0.08387,-0.11602,-0.05173,104
7918,"Consumer, telecom & real estate",2026-08-28,0.51980,-0.15715,-0.19702,-0.11727,-0.08307,-0.11495,-0.05120,104
7919,"Consumer, telecom & real estate",2026-09-04,0.51908,-0.15961,-0.19827,-0.12096,-0.09074,-0.12264,-0.05884,104
7920,"Consumer, telecom & real estate",2026-09-11,0.51403,-0.16228,-0.20088,-0.12367,-0.09533,-0.12704,-0.06362,104
7921,Technology & renewables,2009-07-31,0.43168,-0.06581,-0.19604,0.06443,0.17807,0.04135,0.31479,101
7922,Technology & renewables,2009-08-07,0.43035,-0.07375,-0.20097,0.05348,0.16938,0.03611,0.30266,101
7923,Technology & renewables,2009-08-14,0.43322,-0.07626,-0.20322,0.05071,0.16840,0.03555,0.30126,101
7924,Technology & renewables,2009-08-21,0.42431,-0.07178,-0.19986,0.05631,0.16804,0.03497,0.30111,101
7925,Technology & renewables,2009-08-28,0.42721,-0.07392,-0.20130,0.05347,0.16701,0.03403,0.29999,101
7926,Technology & renewables,2009-09-04,0.43129,-0.08155,-0.20690,0.04380,0.15955,0.02892,0.29018,101
7927,Technology & renewables,2009-09-11,0.44496,-0.08505,-0.21007,0.03996,0.16415,0.03380,0.29450,101
7928,Technology & renewables,2009-09-18,0.44683,-0.08456,-0.20943,0.04031,0.16669,0.03654,0.29684,101
7929,Technology & renewables,2009-09-25,0.44723,-0.08314,-0.20500,0.03872,0.16481,0.03637,0.29325,101
7930,Technology & renewables,2009-10-02,0.43767,-0.07284,-0.19600,0.05033,0.16787,0.03810,0.29763,101
7931,Technology & renewables,2009-10-09,0.42819,-0.07021,-0.19453,0.05411,0.16677,0.03720,0.29634,101
7932,Technology & renewables,2009-10-16,0.41762,-0.05381,-0.18288,0.07526,0.17531,0.04412,0.30650,101
7933,Technology & renewables,2009-10-23,0.41763,-0.04567,-0.17337,0.08204,0.18339,0.05172,0.31507,101
7934,Technology & renewables,2009-10-30,0.41469,-0.04821,-0.17375,0.07733,0.18033,0.05049,0.31017,101
7935,Technology & renewables,2009-11-06,0.41543,-0.04686,-0.17186,0.07815,0.18212,0.05223,0.31200,101
7936,Technology & renewables,2009-11-13,0.40835,-0.04341,-0.16893,0.08211,0.18107,0.05105,0.31109,101
7937,Technology & renewables,2009-11-20,0.39898,-0.03199,-0.16235,0.09836,0.18865,0.05609,0.32120,101
7938,Technology & renewables,2009-11-27,0.41211,-0.04331,-0.17256,0.08593,0.19087,0.05906,0.32268,101
7939,Technology & renewables,2009-12-04,0.41367,-0.04353,-0.17218,0.08512,0.19159,0.05986,0.32332,101
7940,Technology & renewables,2009-12-11,0.41907,-0.05063,-0.17524,0.07397,0.18433,0.05510,0.31356,101
7941,Technology & renewables,2009-12-18,0.41802,-0.04545,-0.17066,0.07977,0.18889,0.05849,0.31930,101
7942,Technology & renewables,2009-12-25,0.41701,-0.04583,-0.17104,0.07937,0.18793,0.05791,0.31795,101
7943,Technology & renewables,2010-01-01,0.41387,-0.04172,-0.16869,0.08525,0.19130,0.06040,0.32220,101
7944,Technology & renewables,2010-01-08,0.40072,-0.04134,-0.16705,0.08436,0.18251,0.05441,0.31061,101
7945,Technology & renewables,2010-01-15,0.39022,-0.03755,-0.16364,0.08853,0.17835,0.05110,0.30559,101
7946,Technology & renewables,2010-01-22,0.38800,-0.03922,-0.16501,0.08656,0.17641,0.05019,0.30263,101
7947,Technology & renewables,2010-01-29,0.38804,-0.03868,-0.16435,0.08698,0.17642,0.05008,0.30275,101
7948,Technology & renewables,2010-02-05,0.39027,-0.03946,-0.16649,0.08757,0.17809,0.05140,0.30478,101
7949,Technology & renewables,2010-02-12,0.38811,-0.02862,-0.15689,0.09965,0.18473,0.05642,0.31305,101
7950,Technology & renewables,2010-02-19,0.38934,-0.02423,-0.15373,0.10527,0.18980,0.06086,0.31875,101
7951,Technology & renewables,2010-02-26,0.39028,-0.02542,-0.15552,0.10468,0.18961,0.06035,0.31887,101
7952,Technology & renewables,2010-03-05,0.37524,-0.01608,-0.14883,0.11667,0.19281,0.06328,0.32235,101
7953,Technology & renewables,2010-03-12,0.37223,-0.01350,-0.14891,0.12191,0.19487,0.06439,0.32536,101
7954,Technology & renewables,2010-03-19,0.37114,-0.01367,-0.14871,0.12138,0.19436,0.06365,0.32507,101
7955,Technology & renewables,2010-03-26,0.38023,-0.01738,-0.15044,0.11567,0.19494,0.06404,0.32584,101
7956,Technology & renewables,2010-04-02,0.37971,-0.02200,-0.15461,0.11061,0.18912,0.05958,0.31867,101
7957,Technology & renewables,2010-04-09,0.37946,-0.02261,-0.15586,0.11065,0.18914,0.05949,0.31880,101
7958,Technology & renewables,2010-04-16,0.38051,-0.02670,-0.15993,0.10653,0.18513,0.05556,0.31470,101
7959,Technology & renewables,2010-04-23,0.37952,-0.02678,-0.15992,0.10635,0.18436,0.05487,0.31385,101
7960,Technology & renewables,2010-04-30,0.37615,-0.02451,-0.15813,0.10910,0.18511,0.05547,0.31474,101
7961,Technology & renewables,2010-05-07,0.39153,-0.00792,-0.15336,0.13751,0.21597,0.07244,0.35950,101
7962,Technology & renewables,2010-05-14,0.41770,-0.02418,-0.16191,0.11355,0.21419,0.07301,0.35538,101
7963,Technology & renewables,2010-05-21,0.42188,-0.02088,-0.16127,0.11951,0.22280,0.07795,0.36766,101
7964,Technology & renewables,2010-05-28,0.42482,-0.01987,-0.16105,0.12130,0.22571,0.08078,0.37063,101
7965,Technology & renewables,2010-06-04,0.42330,-0.01789,-0.16312,0.12734,0.23033,0.08295,0.37772,101
7966,Technology & renewables,2010-06-11,0.42341,-0.01430,-0.15948,0.13088,0.23400,0.08591,0.38210,101
7967,Technology & renewables,2010-06-18,0.41980,-0.00673,-0.15289,0.13943,0.23903,0.08972,0.38833,101
7968,Technology & renewables,2010-06-25,0.41164,0.00240,-0.14532,0.15011,0.24582,0.09452,0.39712,101
7969,Technology & renewables,2010-07-02,0.41333,0.01691,-0.14258,0.17640,0.26470,0.10417,0.42522,101
7970,Technology & renewables,2010-07-09,0.41748,0.01603,-0.14345,0.17550,0.26814,0.10791,0.42837,101
7971,Technology & renewables,2010-07-16,0.41719,0.01554,-0.14674,0.17782,0.27005,0.10706,0.43304,101
7972,Technology & renewables,2010-07-23,0.41186,0.01944,-0.14651,0.18538,0.27140,0.10777,0.43502,101
7973,Technology & renewables,2010-07-30,0.41136,0.02041,-0.14579,0.18661,0.27190,0.10821,0.43559,101
7974,Technology & renewables,2010-08-06,0.41907,0.00763,-0.15632,0.17158,0.26900,0.10665,0.43136,101
7975,Technology & renewables,2010-08-13,0.41802,0.00848,-0.15474,0.17171,0.26950,0.10837,0.43063,101
7976,Technology & renewables,2010-08-20,0.42255,0.00746,-0.15555,0.17047,0.27088,0.10923,0.43253,101
7977,Technology & renewables,2010-08-27,0.43335,-0.00390,-0.16398,0.15619,0.26507,0.10550,0.42463,101
7978,Technology & renewables,2010-09-03,0.44988,-0.00670,-0.16698,0.15359,0.26642,0.10275,0.43009,101
7979,Technology & renewables,2010-09-10,0.45605,-0.01728,-0.17994,0.14539,0.26139,0.09984,0.42293,101
7980,Technology & renewables,2010-09-17,0.44351,-0.00719,-0.16783,0.15345,0.26500,0.10158,0.42842,101
7981,Technology & renewables,2010-09-24,0.40855,0.01944,-0.14384,0.18271,0.27516,0.10637,0.44395,101
7982,Technology & renewables,2010-10-01,0.40420,0.02529,-0.14207,0.19265,0.27665,0.10172,0.45158,101
7983,Technology & renewables,2010-10-08,0.32358,0.02925,-0.13286,0.19135,0.20860,0.03643,0.38077,101
7984,Technology & renewables,2010-10-15,0.32538,0.03431,-0.12883,0.19744,0.21341,0.03991,0.38691,101
7985,Technology & renewables,2010-10-22,0.33208,0.04612,-0.11891,0.21115,0.22707,0.04745,0.40670,101
7986,Technology & renewables,2010-10-29,0.34184,0.04393,-0.12195,0.20982,0.22687,0.04572,0.40803,101
7987,Technology & renewables,2010-11-05,0.30205,0.08552,-0.08027,0.25131,0.25780,0.06887,0.44674,101
7988,Technology & renewables,2010-11-12,0.30030,0.08357,-0.07850,0.24565,0.25052,0.06124,0.43980,101
7989,Technology & renewables,2010-11-19,0.27419,0.08506,-0.06296,0.23309,0.22607,0.03106,0.42108,101
7990,Technology & renewables,2010-11-26,0.34407,0.06288,-0.10433,0.23008,0.22910,0.04081,0.41739,101
7991,Technology & renewables,2010-12-03,0.33562,0.12304,-0.03568,0.28176,0.28955,0.09111,0.48799,101
7992,Technology & renewables,2010-12-10,0.34023,0.14577,-0.01601,0.30754,0.31233,0.10720,0.51746,101
7993,Technology & renewables,2010-12-17,0.34812,0.14006,-0.03055,0.31067,0.31706,0.10821,0.52590,101
7994,Technology & renewables,2010-12-24,0.34572,0.14263,-0.03633,0.32159,0.32409,0.10901,0.53917,101
7995,Technology & renewables,2010-12-31,0.37723,0.18822,0.00744,0.36899,0.37749,0.17117,0.58382,101
7996,Technology & renewables,2011-01-07,0.38167,0.18160,-0.00113,0.36434,0.37503,0.16601,0.58405,101
7997,Technology & renewables,2011-01-14,0.41018,0.15528,-0.02762,0.33818,0.36815,0.16129,0.57502,101
7998,Technology & renewables,2011-01-21,0.39520,0.16603,-0.02638,0.35844,0.37603,0.16645,0.58562,101
7999,Technology & renewables,2011-01-28,0.42446,0.13605,-0.05867,0.33076,0.36802,0.15631,0.57973,101
8000,Technology & renewables,2011-02-04,0.43451,0.13050,-0.06602,0.32702,0.36778,0.15653,0.57904,101
8001,Technology & renewables,2011-02-11,0.43459,0.12889,-0.06786,0.32565,0.36615,0.15485,0.57745,101
8002,Technology & renewables,2011-02-18,0.42192,0.13005,-0.06537,0.32548,0.34689,0.12438,0.56940,101
8003,Technology & renewables,2011-02-25,0.42497,0.12962,-0.08197,0.34122,0.34686,0.13162,0.56209,101
8004,Technology & renewables,2011-03-04,0.49333,0.10480,-0.10656,0.31616,0.34961,0.14542,0.55380,101
8005,Technology & renewables,2011-03-11,0.52723,0.08573,-0.13337,0.30482,0.35168,0.14995,0.55340,101
8006,Technology & renewables,2011-03-18,0.52406,0.10394,-0.12357,0.33145,0.36993,0.16307,0.57678,101
8007,Technology & renewables,2011-03-25,0.54473,0.09509,-0.13239,0.32257,0.37105,0.16648,0.57562,101
8008,Technology & renewables,2011-04-01,0.54330,0.09517,-0.13377,0.32411,0.37093,0.16638,0.57547,101
8009,Technology & renewables,2011-04-08,0.59581,0.08044,-0.14154,0.30243,0.37043,0.17653,0.56432,101
8010,Technology & renewables,2011-04-15,0.63720,0.06909,-0.15449,0.29266,0.38186,0.19481,0.56890,101
8011,Technology & renewables,2011-04-22,0.63699,0.06794,-0.15546,0.29133,0.38073,0.19409,0.56737,102
8012,Technology & renewables,2011-04-29,0.64441,0.07117,-0.15163,0.29397,0.38881,0.20390,0.57371,103
8013,Technology & renewables,2011-05-06,0.64599,0.06858,-0.12677,0.26392,0.36534,0.20130,0.52938,104
8014,Technology & renewables,2011-05-13,0.64737,0.05940,-0.13384,0.25263,0.35414,0.18906,0.51922,104
8015,Technology & renewables,2011-05-20,0.64942,0.05242,-0.14531,0.25015,0.34900,0.17754,0.52046,104
8016,Technology & renewables,2011-05-27,0.64042,0.06640,-0.13478,0.26758,0.36132,0.18687,0.53577,104
8017,Technology & renewables,2011-06-03,0.64376,0.06657,-0.13567,0.26881,0.36267,0.18734,0.53799,104
8018,Technology & renewables,2011-06-10,0.63816,0.06282,-0.13311,0.25874,0.35285,0.17582,0.52988,104
8019,Technology & renewables,2011-06-17,0.67754,0.05465,-0.14007,0.24936,0.35804,0.18652,0.52955,104
8020,Technology & renewables,2011-06-24,0.68095,0.04880,-0.14195,0.23955,0.35042,0.18352,0.51732,104
8021,Technology & renewables,2011-07-01,0.68561,0.04096,-0.15083,0.23274,0.35324,0.19041,0.51608,104
8022,Technology & renewables,2011-07-08,0.67716,0.03189,-0.15263,0.21641,0.31989,0.15635,0.48344,104
8023,Technology & renewables,2011-07-15,0.63641,0.02608,-0.15696,0.20913,0.28664,0.12611,0.44717,104
8024,Technology & renewables,2011-07-22,0.62525,0.02214,-0.16169,0.20597,0.27446,0.10859,0.44033,104
8025,Technology & renewables,2011-07-29,0.63173,0.01895,-0.16603,0.20392,0.27552,0.11026,0.44078,104
8026,Technology & renewables,2011-08-05,0.64795,0.01990,-0.16058,0.20039,0.31169,0.15277,0.47061,104
8027,Technology & renewables,2011-08-12,0.64417,0.02798,-0.15171,0.20766,0.31759,0.15987,0.47530,104
8028,Technology & renewables,2011-08-19,0.65331,0.02562,-0.15084,0.20208,0.31834,0.16162,0.47507,104
8029,Technology & renewables,2011-08-26,0.64778,0.02977,-0.14480,0.20434,0.32241,0.16705,0.47777,104
8030,Technology & renewables,2011-09-02,0.65308,0.04891,-0.12294,0.22076,0.34935,0.19432,0.50438,104
8031,Technology & renewables,2011-09-09,0.64529,0.05056,-0.12232,0.22344,0.34647,0.19171,0.50124,104
8032,Technology & renewables,2011-09-16,0.63625,0.05743,-0.11378,0.22865,0.34334,0.18639,0.50028,104
8033,Technology & renewables,2011-09-23,0.65118,0.06906,-0.11515,0.25327,0.38493,0.22503,0.54484,104
8034,Technology & renewables,2011-09-30,0.67399,0.04809,-0.12605,0.22222,0.38082,0.22138,0.54027,104
8035,Technology & renewables,2011-10-07,0.71872,0.03225,-0.13584,0.20034,0.37646,0.22044,0.53249,104
8036,Technology & renewables,2011-10-14,0.72143,0.00503,-0.17346,0.18352,0.37690,0.21332,0.54048,104
8037,Technology & renewables,2011-10-21,0.72993,-0.00220,-0.17686,0.17246,0.36550,0.20318,0.52781,104
8038,Technology & renewables,2011-10-28,0.76144,0.00306,-0.17427,0.18040,0.38319,0.22869,0.53768,104
8039,Technology & renewables,2011-11-04,0.75590,0.00735,-0.16688,0.18157,0.38236,0.22790,0.53683,104
8040,Technology & renewables,2011-11-11,0.77476,-0.00409,-0.17942,0.17123,0.38204,0.22810,0.53598,104
8041,Technology & renewables,2011-11-18,0.77492,-0.00396,-0.17752,0.16961,0.38433,0.23349,0.53517,104
8042,Technology & renewables,2011-11-25,0.72714,0.01663,-0.15837,0.19163,0.38516,0.23118,0.53914,104
8043,Technology & renewables,2011-12-02,0.72563,0.01733,-0.15687,0.19154,0.39342,0.24100,0.54584,104
8044,Technology & renewables,2011-12-09,0.72568,0.01958,-0.16814,0.20731,0.41517,0.25786,0.57249,104
8045,Technology & renewables,2011-12-16,0.72890,-0.00426,-0.18824,0.17971,0.39365,0.23543,0.55187,104
8046,Technology & renewables,2011-12-23,0.72698,-0.00425,-0.18827,0.17976,0.39612,0.23819,0.55405,104
8047,Technology & renewables,2011-12-30,0.73215,-0.01184,-0.19816,0.17448,0.39290,0.23292,0.55289,104
8048,Technology & renewables,2012-01-06,0.73106,-0.01087,-0.19543,0.17370,0.39010,0.23084,0.54936,104
8049,Technology & renewables,2012-01-13,0.72004,0.00340,-0.18281,0.18962,0.39997,0.24102,0.55892,104
8050,Technology & renewables,2012-01-20,0.74493,0.00275,-0.18644,0.19194,0.40563,0.24559,0.56567,104
8051,Technology & renewables,2012-01-27,0.74846,0.00018,-0.19019,0.19055,0.40917,0.24900,0.56933,104
8052,Technology & renewables,2012-02-03,0.75011,0.00024,-0.19004,0.19053,0.40990,0.24964,0.57016,104
8053,Technology & renewables,2012-02-10,0.79000,-0.04085,-0.21338,0.13168,0.40121,0.24441,0.55801,104
8054,Technology & renewables,2012-02-17,0.78963,-0.04714,-0.22113,0.12685,0.39394,0.23192,0.55596,104
8055,Technology & renewables,2012-02-24,0.78907,-0.04173,-0.21345,0.13000,0.39501,0.23553,0.55449,104
8056,Technology & renewables,2012-03-02,0.80919,-0.04527,-0.21683,0.12629,0.39634,0.23870,0.55398,104
8057,Technology & renewables,2012-03-09,0.81171,-0.04771,-0.22023,0.12480,0.39462,0.23621,0.55302,104
8058,Technology & renewables,2012-03-16,0.81137,-0.04742,-0.22085,0.12601,0.39400,0.23646,0.55153,104
8059,Technology & renewables,2012-03-23,0.78721,-0.03242,-0.20059,0.13575,0.39770,0.24120,0.55421,104
8060,Technology & renewables,2012-03-30,0.78093,-0.01932,-0.18638,0.14773,0.40852,0.25293,0.56410,104
8061,Technology & renewables,2012-04-06,0.78258,-0.01893,-0.18620,0.14833,0.40848,0.25195,0.56502,104
8062,Technology & renewables,2012-04-13,0.77960,-0.01568,-0.18402,0.15267,0.41143,0.25399,0.56887,104
8063,Technology & renewables,2012-04-20,0.77019,-0.01057,-0.17649,0.15535,0.40644,0.25154,0.56134,104
8064,Technology & renewables,2012-04-27,0.78841,-0.02126,-0.18604,0.14352,0.40535,0.25231,0.55838,104
8065,Technology & renewables,2012-05-04,0.75417,-0.03876,-0.21486,0.13735,0.34141,0.18824,0.49458,104
8066,Technology & renewables,2012-05-11,0.69940,-0.00418,-0.16953,0.16117,0.35310,0.20047,0.50572,104
8067,Technology & renewables,2012-05-18,0.69812,-0.00543,-0.17256,0.16170,0.34527,0.18887,0.50167,104
8068,Technology & renewables,2012-05-25,0.69969,-0.00507,-0.17248,0.16234,0.34413,0.18675,0.50151,104
8069,Technology & renewables,2012-06-01,0.69881,-0.01028,-0.17387,0.15332,0.33792,0.18473,0.49111,104
8070,Technology & renewables,2012-06-08,0.68462,-0.01379,-0.17126,0.14367,0.32782,0.18070,0.47495,104
8071,Technology & renewables,2012-06-15,0.67915,-0.02140,-0.16725,0.12446,0.31673,0.18270,0.45077,104
8072,Technology & renewables,2012-06-22,0.67246,-0.01257,-0.15567,0.13053,0.31400,0.18530,0.44271,104
8073,Technology & renewables,2012-06-29,0.64273,-0.05970,-0.18723,0.06783,0.25148,0.13784,0.36511,104
8074,Technology & renewables,2012-07-06,0.63886,-0.06081,-0.18811,0.06649,0.23950,0.12380,0.35519,104
8075,Technology & renewables,2012-07-13,0.64134,-0.06724,-0.19402,0.05953,0.23508,0.11902,0.35114,104
8076,Technology & renewables,2012-07-20,0.66189,-0.07408,-0.20181,0.05365,0.23413,0.11793,0.35033,104
8077,Technology & renewables,2012-07-27,0.66268,-0.07555,-0.20294,0.05184,0.23292,0.11695,0.34889,104
8078,Technology & renewables,2012-08-03,0.67417,-0.08228,-0.21115,0.04659,0.22762,0.11122,0.34402,104
8079,Technology & renewables,2012-08-10,0.67516,-0.07365,-0.20009,0.05280,0.22968,0.11300,0.34635,104
8080,Technology & renewables,2012-08-17,0.67422,-0.07664,-0.20527,0.05200,0.22635,0.10771,0.34499,104
8081,Technology & renewables,2012-08-24,0.65432,-0.05858,-0.18191,0.06474,0.23931,0.12208,0.35653,104
8082,Technology & renewables,2012-08-31,0.65105,-0.05748,-0.18210,0.06713,0.23988,0.12293,0.35684,104
8083,Technology & renewables,2012-09-07,0.65870,-0.05834,-0.18432,0.06764,0.24165,0.12332,0.35998,104
8084,Technology & renewables,2012-09-14,0.65965,-0.05655,-0.18233,0.06923,0.24393,0.12558,0.36228,104
8085,Technology & renewables,2012-09-21,0.64052,-0.03812,-0.16231,0.08608,0.24438,0.12772,0.36104,104
8086,Technology & renewables,2012-09-28,0.64626,-0.05485,-0.17498,0.06528,0.23365,0.11797,0.34933,104
8087,Technology & renewables,2012-10-05,0.65162,-0.05721,-0.17728,0.06286,0.23290,0.11689,0.34891,104
8088,Technology & renewables,2012-10-12,0.66227,-0.06560,-0.18561,0.05440,0.23014,0.11408,0.34620,104
8089,Technology & renewables,2012-10-19,0.67247,-0.07781,-0.20009,0.04448,0.21795,0.10057,0.33533,104
8090,Technology & renewables,2012-10-26,0.67657,-0.07969,-0.20339,0.04401,0.21829,0.10059,0.33600,104
8091,Technology & renewables,2012-11-02,0.66961,-0.06989,-0.18941,0.04963,0.21976,0.10338,0.33614,104
8092,Technology & renewables,2012-11-09,0.67452,-0.06991,-0.18255,0.04274,0.21751,0.10650,0.32852,104
8093,Technology & renewables,2012-11-16,0.66962,-0.05450,-0.15639,0.04739,0.23023,0.12880,0.33166,104
8094,Technology & renewables,2012-11-23,0.67654,-0.05857,-0.16202,0.04487,0.23068,0.12876,0.33260,104
8095,Technology & renewables,2012-11-30,0.68176,-0.04620,-0.14878,0.05639,0.24245,0.14092,0.34398,104
8096,Technology & renewables,2012-12-07,0.67284,-0.03311,-0.13642,0.07020,0.24849,0.14671,0.35026,104
8097,Technology & renewables,2012-12-14,0.66868,-0.03484,-0.13651,0.06684,0.24431,0.14373,0.34489,104
8098,Technology & renewables,2012-12-21,0.67294,-0.03694,-0.13869,0.06481,0.24072,0.13917,0.34227,104
8099,Technology & renewables,2012-12-28,0.66907,-0.03352,-0.13525,0.06820,0.24222,0.14073,0.34370,104
8100,Technology & renewables,2013-01-04,0.67630,-0.03570,-0.13828,0.06689,0.24365,0.14129,0.34601,104
8101,Technology & renewables,2013-01-11,0.67328,-0.02976,-0.13453,0.07500,0.25087,0.14682,0.35492,104
8102,Technology & renewables,2013-01-18,0.68011,-0.03180,-0.13618,0.07258,0.25070,0.14698,0.35443,104
8103,Technology & renewables,2013-01-25,0.68180,-0.03469,-0.13917,0.06980,0.24877,0.14525,0.35229,104
8104,Technology & renewables,2013-02-01,0.67846,-0.03438,-0.13678,0.06801,0.24529,0.14273,0.34784,104
8105,Technology & renewables,2013-02-08,0.67841,-0.03036,-0.13260,0.07188,0.24899,0.14666,0.35133,104
8106,Technology & renewables,2013-02-15,0.67970,-0.03182,-0.13528,0.07165,0.24862,0.14575,0.35149,104
8107,Technology & renewables,2013-02-22,0.66393,-0.00809,-0.10447,0.08829,0.28032,0.18078,0.37986,104
8108,Technology & renewables,2013-03-01,0.66065,-0.00215,-0.09873,0.09443,0.28364,0.18394,0.38334,104
8109,Technology & renewables,2013-03-08,0.67035,-0.00380,-0.10078,0.09319,0.28358,0.18378,0.38338,104
8110,Technology & renewables,2013-03-15,0.67043,-0.00317,-0.10022,0.09389,0.28369,0.18377,0.38361,104
8111,Technology & renewables,2013-03-22,0.66819,-0.00305,-0.09995,0.09385,0.28188,0.18185,0.38190,104
8112,Technology & renewables,2013-03-29,0.66427,0.00352,-0.09371,0.10075,0.28520,0.18401,0.38640,104
8113,Technology & renewables,2013-04-05,0.66062,0.01351,-0.08997,0.11700,0.30251,0.19657,0.40846,104
8114,Technology & renewables,2013-04-12,0.64335,0.01430,-0.08920,0.11780,0.29237,0.18934,0.39539,104
8115,Technology & renewables,2013-04-19,0.64157,0.02595,-0.08201,0.13390,0.30233,0.19587,0.40879,104
8116,Technology & renewables,2013-04-26,0.63333,0.01662,-0.08938,0.12261,0.28967,0.18712,0.39221,104
8117,Technology & renewables,2013-05-03,0.63201,0.02247,-0.10668,0.15162,0.32422,0.20147,0.44698,104
8118,Technology & renewables,2013-05-10,0.63544,0.01956,-0.11253,0.15165,0.32811,0.20316,0.45305,104
8119,Technology & renewables,2013-05-17,0.63458,0.02256,-0.11101,0.15613,0.33105,0.20502,0.45708,104
8120,Technology & renewables,2013-05-24,0.64060,0.01474,-0.11790,0.14739,0.32860,0.20320,0.45399,104
8121,Technology & renewables,2013-05-31,0.64792,0.00603,-0.12753,0.13958,0.32165,0.19646,0.44685,104
8122,Technology & renewables,2013-06-07,0.65067,0.00564,-0.12525,0.13652,0.31874,0.19491,0.44257,104
8123,Technology & renewables,2013-06-14,0.64857,0.00627,-0.12648,0.13902,0.31782,0.19146,0.44417,104
8124,Technology & renewables,2013-06-21,0.64394,0.02302,-0.11600,0.16204,0.33626,0.20292,0.46961,104
8125,Technology & renewables,2013-06-28,0.63842,0.02445,-0.11737,0.16628,0.32317,0.18447,0.46186,104
8126,Technology & renewables,2013-07-05,0.64115,0.00943,-0.13396,0.15282,0.32208,0.18464,0.45952,104
8127,Technology & renewables,2013-07-12,0.63067,0.00965,-0.13378,0.15308,0.31808,0.18086,0.45529,104
8128,Technology & renewables,2013-07-19,0.63396,0.00927,-0.13441,0.15295,0.31746,0.17943,0.45549,104
8129,Technology & renewables,2013-07-26,0.63134,0.00927,-0.13436,0.15290,0.31445,0.17649,0.45240,104
8130,Technology & renewables,2013-08-02,0.61755,0.01303,-0.12998,0.15605,0.26212,0.11963,0.40460,104
8131,Technology & renewables,2013-08-09,0.62307,0.00355,-0.14060,0.14771,0.25483,0.11257,0.39709,104
8132,Technology & renewables,2013-08-16,0.61323,0.00870,-0.13618,0.15358,0.25597,0.11456,0.39738,104
8133,Technology & renewables,2013-08-23,0.61163,0.00972,-0.13602,0.15546,0.25396,0.11053,0.39739,104
8134,Technology & renewables,2013-08-30,0.59011,0.01274,-0.12900,0.15447,0.24342,0.10459,0.38225,104
8135,Technology & renewables,2013-09-06,0.56280,0.01966,-0.12618,0.16551,0.24076,0.10146,0.38006,104
8136,Technology & renewables,2013-09-13,0.58327,0.00433,-0.13938,0.14805,0.23128,0.09276,0.36980,104
8137,Technology & renewables,2013-09-20,0.52025,-0.00302,-0.14276,0.13673,0.17204,0.04359,0.30048,104
8138,Technology & renewables,2013-09-27,0.52269,-0.00548,-0.14680,0.13584,0.17165,0.04254,0.30077,104
8139,Technology & renewables,2013-10-04,0.52053,-0.00379,-0.14732,0.13974,0.17748,0.04730,0.30765,104
8140,Technology & renewables,2013-10-11,0.52740,-0.00136,-0.14619,0.14346,0.15893,0.01912,0.29874,104
8141,Technology & renewables,2013-10-18,0.49060,0.02511,-0.11656,0.16678,0.18210,0.04086,0.32333,104
8142,Technology & renewables,2013-10-25,0.53152,-0.01617,-0.18024,0.14790,0.14013,-0.00637,0.28663,104
8143,Technology & renewables,2013-11-01,0.54033,-0.02154,-0.18712,0.14405,0.14194,-0.00493,0.28880,104
8144,Technology & renewables,2013-11-08,0.54223,-0.02330,-0.19105,0.14445,0.14061,-0.00807,0.28928,104
8145,Technology & renewables,2013-11-15,0.53519,-0.01966,-0.18452,0.14519,0.13246,-0.01882,0.28373,104
8146,Technology & renewables,2013-11-22,0.62429,-0.04206,-0.20330,0.11918,0.12543,-0.02508,0.27593,104
8147,Technology & renewables,2013-11-29,0.59186,-0.04319,-0.20466,0.11828,0.09819,-0.05433,0.25071,104
8148,Technology & renewables,2013-12-06,0.57183,-0.03963,-0.20038,0.12112,0.09249,-0.06112,0.24609,104
8149,Technology & renewables,2013-12-13,0.61043,-0.01432,-0.17464,0.14601,0.11901,-0.03694,0.27496,104
8150,Technology & renewables,2013-12-20,0.62869,-0.00279,-0.16771,0.16214,0.12458,-0.04233,0.29148,104
8151,Technology & renewables,2013-12-27,0.62211,-0.00041,-0.16584,0.16501,0.12613,-0.04021,0.29247,104
8152,Technology & renewables,2014-01-03,0.61865,-0.00251,-0.16883,0.16382,0.11885,-0.04953,0.28723,104
8153,Technology & renewables,2014-01-10,0.61327,-0.00708,-0.17547,0.16130,0.11699,-0.05031,0.28430,104
8154,Technology & renewables,2014-01-17,0.59253,0.00050,-0.16778,0.16877,0.12077,-0.04592,0.28745,104
8155,Technology & renewables,2014-01-24,0.57359,0.00400,-0.16435,0.17235,0.11823,-0.04822,0.28467,104
8156,Technology & renewables,2014-01-31,0.54441,-0.00026,-0.16914,0.16862,0.10610,-0.05933,0.27153,104
8157,Technology & renewables,2014-02-07,0.55193,0.00606,-0.16427,0.17638,0.11608,-0.05115,0.28332,104
8158,Technology & renewables,2014-02-14,0.54254,-0.00021,-0.17049,0.17008,0.10741,-0.05959,0.27440,104
8159,Technology & renewables,2014-02-21,0.55466,-0.00742,-0.18051,0.16568,0.10329,-0.06802,0.27460,104
8160,Technology & renewables,2014-02-28,0.55540,-0.01029,-0.18364,0.16306,0.10051,-0.07121,0.27222,104
8161,Technology & renewables,2014-03-07,0.55843,-0.01221,-0.18674,0.16232,0.10170,-0.07077,0.27418,104
8162,Technology & renewables,2014-03-14,0.59614,-0.01904,-0.19205,0.15396,0.10328,-0.06992,0.27647,104
8163,Technology & renewables,2014-03-21,0.62180,-0.02087,-0.19127,0.14954,0.10263,-0.07040,0.27566,104
8164,Technology & renewables,2014-03-28,0.62806,-0.01586,-0.18744,0.15571,0.10947,-0.06568,0.28463,104
8165,Technology & renewables,2014-04-04,0.63247,-0.01773,-0.18886,0.15339,0.10797,-0.06694,0.28287,104
8166,Technology & renewables,2014-04-11,0.65882,-0.02509,-0.19504,0.14486,0.10251,-0.07240,0.27742,104
8167,Technology & renewables,2014-04-18,0.66773,-0.02956,-0.20004,0.14093,0.10546,-0.06944,0.28035,104
8168,Technology & renewables,2014-04-25,0.64592,-0.02337,-0.19601,0.14927,0.10960,-0.06595,0.28515,104
8169,Technology & renewables,2014-05-02,0.62500,-0.03290,-0.20871,0.14290,0.08814,-0.08960,0.26589,104
8170,Technology & renewables,2014-05-09,0.63600,-0.03100,-0.20641,0.14440,0.09064,-0.08723,0.26851,104
8171,Technology & renewables,2014-05-16,0.62059,-0.03733,-0.21311,0.13845,0.05936,-0.12060,0.23931,104
8172,Technology & renewables,2014-05-23,0.62710,-0.03790,-0.21408,0.13828,0.06011,-0.12056,0.24078,104
8173,Technology & renewables,2014-05-30,0.63955,-0.02347,-0.21781,0.17086,0.04934,-0.15073,0.24942,104
8174,Technology & renewables,2014-06-06,0.64748,-0.01512,-0.21112,0.18088,0.05417,-0.14752,0.25586,104
8175,Technology & renewables,2014-06-13,0.65873,-0.03426,-0.22666,0.15814,0.03510,-0.16361,0.23381,104
8176,Technology & renewables,2014-06-20,0.64799,-0.05659,-0.27804,0.16486,0.00385,-0.22509,0.23279,104
8177,Technology & renewables,2014-06-27,0.72296,-0.00367,-0.20241,0.19507,0.02356,-0.17618,0.22329,104
8178,Technology & renewables,2014-07-04,0.72509,-0.00813,-0.20648,0.19021,0.01470,-0.18473,0.21413,104
8179,Technology & renewables,2014-07-11,0.72414,0.00236,-0.18620,0.19092,0.03457,-0.15471,0.22385,104
8180,Technology & renewables,2014-07-18,0.73948,0.02356,-0.16308,0.21020,0.04962,-0.13753,0.23676,104
8181,Technology & renewables,2014-07-25,0.73909,0.02275,-0.16393,0.20944,0.04989,-0.13730,0.23709,104
8182,Technology & renewables,2014-08-01,0.75508,0.04852,-0.13249,0.22953,0.09105,-0.09011,0.27221,104
8183,Technology & renewables,2014-08-08,0.73645,0.04539,-0.14166,0.23244,0.08552,-0.10153,0.27258,104
8184,Technology & renewables,2014-08-15,0.73283,0.05169,-0.13298,0.23637,0.08051,-0.10432,0.26535,104
8185,Technology & renewables,2014-08-22,0.73691,0.05276,-0.13206,0.23758,0.08207,-0.10295,0.26710,104
8186,Technology & renewables,2014-08-29,0.74142,0.05991,-0.12685,0.24666,0.08925,-0.09776,0.27627,104
8187,Technology & renewables,2014-09-05,0.72438,0.07102,-0.11689,0.25892,0.09784,-0.08993,0.28561,104
8188,Technology & renewables,2014-09-12,0.72036,0.05883,-0.12195,0.23960,0.08682,-0.09386,0.26749,104
8189,Technology & renewables,2014-09-19,0.73435,0.02301,-0.16161,0.20762,0.06414,-0.12058,0.24886,104
8190,Technology & renewables,2014-09-26,0.72478,0.01646,-0.17030,0.20322,0.06492,-0.12173,0.25158,104
8191,Technology & renewables,2014-10-03,0.70051,-0.00029,-0.18704,0.18647,0.07217,-0.11438,0.25871,104
8192,Technology & renewables,2014-10-10,0.81340,0.02219,-0.15297,0.19734,0.13420,-0.03851,0.30692,104
8193,Technology & renewables,2014-10-17,0.80820,0.03634,-0.12708,0.19976,0.14383,-0.01582,0.30349,104
8194,Technology & renewables,2014-10-24,0.78888,0.03122,-0.13357,0.19601,0.14519,-0.01425,0.30462,104
8195,Technology & renewables,2014-10-31,0.84197,0.01020,-0.16278,0.18318,0.13725,-0.02828,0.30277,104
8196,Technology & renewables,2014-11-07,0.83676,-0.00601,-0.19966,0.18764,0.13349,-0.04624,0.31322,104
8197,Technology & renewables,2014-11-14,0.81464,0.02286,-0.14371,0.18943,0.13841,-0.01921,0.29604,104
8198,Technology & renewables,2014-11-21,0.82494,0.04391,-0.12436,0.21218,0.16073,0.00051,0.32095,104
8199,Technology & renewables,2014-11-28,0.62358,-0.17478,-0.47936,0.12981,-0.02712,-0.38434,0.33010,104
8200,Technology & renewables,2014-12-05,0.62952,-0.19337,-0.48709,0.10035,-0.04289,-0.38931,0.30353,104
8201,Technology & renewables,2014-12-12,0.63677,-0.17256,-0.41834,0.07322,-0.00551,-0.29823,0.28721,104
8202,Technology & renewables,2014-12-19,0.61651,-0.16792,-0.41268,0.07685,-0.00724,-0.29860,0.28412,104
8203,Technology & renewables,2014-12-26,0.61964,-0.17140,-0.41637,0.07358,-0.00676,-0.29866,0.28514,104
8204,Technology & renewables,2015-01-02,0.61100,-0.17713,-0.39478,0.04052,-0.02461,-0.28760,0.23838,104
8205,Technology & renewables,2015-01-09,0.60660,-0.16833,-0.35549,0.01883,-0.03515,-0.26630,0.19601,104
8206,Technology & renewables,2015-01-16,0.60709,-0.16061,-0.34679,0.02556,-0.02902,-0.25944,0.20139,104
8207,Technology & renewables,2015-01-23,0.62287,-0.15838,-0.34726,0.03051,-0.01691,-0.25138,0.21756,104
8208,Technology & renewables,2015-01-30,0.60941,-0.14330,-0.32570,0.03910,-0.01954,-0.24539,0.20631,104
8209,Technology & renewables,2015-02-06,0.60242,-0.16908,-0.33119,-0.00697,-0.04136,-0.24340,0.16068,104
8210,Technology & renewables,2015-02-13,0.60320,-0.16949,-0.33139,-0.00760,-0.04148,-0.24339,0.16044,104
8211,Technology & renewables,2015-02-20,0.60305,-0.17002,-0.32997,-0.01007,-0.04621,-0.24576,0.15334,104
8212,Technology & renewables,2015-02-27,0.59717,-0.16055,-0.32048,-0.00061,-0.03924,-0.23863,0.16015,104
8213,Technology & renewables,2015-03-06,0.58745,-0.15077,-0.31237,0.01082,-0.03394,-0.23385,0.16597,104
8214,Technology & renewables,2015-03-13,0.58739,-0.14489,-0.29982,0.01004,-0.02906,-0.22112,0.16301,104
8215,Technology & renewables,2015-03-20,0.58071,-0.14562,-0.29953,0.00829,-0.03058,-0.22108,0.15992,104
8216,Technology & renewables,2015-03-27,0.58491,-0.14852,-0.30151,0.00446,-0.03315,-0.22296,0.15666,104
8217,Technology & renewables,2015-04-03,0.57592,-0.15744,-0.30836,-0.00652,-0.04588,-0.23223,0.14047,104
8218,Technology & renewables,2015-04-10,0.57112,-0.15831,-0.30885,-0.00776,-0.04348,-0.22845,0.14149,104
8219,Technology & renewables,2015-04-17,0.52840,-0.12783,-0.28542,0.02977,-0.03375,-0.21683,0.14934,104
8220,Technology & renewables,2015-04-24,0.52325,-0.13010,-0.28714,0.02695,-0.04115,-0.22338,0.14108,104
8221,Technology & renewables,2015-05-01,0.50457,-0.12363,-0.28441,0.03715,-0.04050,-0.22324,0.14223,104
8222,Technology & renewables,2015-05-08,0.50709,-0.12574,-0.28484,0.03336,-0.04307,-0.22452,0.13839,104
8223,Technology & renewables,2015-05-15,0.50873,-0.12550,-0.28570,0.03469,-0.04237,-0.22489,0.14014,104
8224,Technology & renewables,2015-05-22,0.50863,-0.12347,-0.28429,0.03735,-0.04039,-0.22369,0.14291,104
8225,Technology & renewables,2015-05-29,0.50722,-0.12098,-0.28391,0.04195,-0.03787,-0.22331,0.14756,104
8226,Technology & renewables,2015-06-05,0.52772,-0.13981,-0.30425,0.02463,-0.04871,-0.23308,0.13566,104
8227,Technology & renewables,2015-06-12,0.53978,-0.14359,-0.31035,0.02317,-0.05166,-0.23764,0.13432,104
8228,Technology & renewables,2015-06-19,0.54309,-0.14744,-0.31525,0.02037,-0.05511,-0.24192,0.13171,104
8229,Technology & renewables,2015-06-26,0.54902,-0.14940,-0.31819,0.01938,-0.05491,-0.24257,0.13275,104
8230,Technology & renewables,2015-07-03,0.54824,-0.14273,-0.31401,0.02854,-0.04955,-0.24051,0.14140,104
8231,Technology & renewables,2015-07-10,0.56145,-0.15469,-0.32350,0.01413,-0.06263,-0.24937,0.12411,104
8232,Technology & renewables,2015-07-17,0.57238,-0.15848,-0.32788,0.01091,-0.06599,-0.25279,0.12081,104
8233,Technology & renewables,2015-07-24,0.57104,-0.15796,-0.32409,0.00817,-0.06452,-0.24761,0.11856,104
8234,Technology & renewables,2015-07-31,0.57215,-0.14180,-0.30983,0.02623,-0.04807,-0.23548,0.13934,104
8235,Technology & renewables,2015-08-07,0.56861,-0.13162,-0.29854,0.03530,-0.03946,-0.22618,0.14726,104
8236,Technology & renewables,2015-08-14,0.59688,-0.13980,-0.30849,0.02888,-0.04521,-0.23481,0.14438,104
8237,Technology & renewables,2015-08-21,0.64171,-0.12522,-0.30028,0.04983,-0.01270,-0.21497,0.18957,104
8238,Technology & renewables,2015-08-28,0.63970,-0.11989,-0.28514,0.04537,-0.00825,-0.20138,0.18488,104
8239,Technology & renewables,2015-09-04,0.62756,-0.11341,-0.27791,0.05108,-0.00446,-0.19611,0.18719,104
8240,Technology & renewables,2015-09-11,0.62396,-0.11386,-0.27767,0.04994,-0.00447,-0.19505,0.18612,104
8241,Technology & renewables,2015-09-18,0.61652,-0.11326,-0.27926,0.05274,-0.00417,-0.19621,0.18786,104
8242,Technology & renewables,2015-09-25,0.60619,-0.10513,-0.27087,0.06062,0.00045,-0.19085,0.19174,104
8243,Technology & renewables,2015-10-02,0.60512,-0.10423,-0.26991,0.06144,0.00146,-0.18986,0.19278,104
8244,Technology & renewables,2015-10-09,0.59768,-0.10677,-0.26459,0.05105,0.01401,-0.16680,0.19483,104
8245,Technology & renewables,2015-10-16,0.60850,-0.09103,-0.24911,0.06704,0.03055,-0.14965,0.21074,104
8246,Technology & renewables,2015-10-23,0.55014,-0.07042,-0.22595,0.08511,0.04380,-0.13616,0.22377,104
8247,Technology & renewables,2015-10-30,0.54947,-0.07004,-0.22431,0.08424,0.04099,-0.13798,0.21996,104
8248,Technology & renewables,2015-11-06,0.54463,-0.06774,-0.22057,0.08508,0.03941,-0.13810,0.21693,104
8249,Technology & renewables,2015-11-13,0.53919,-0.07688,-0.22459,0.07084,0.03266,-0.13698,0.20230,104
8250,Technology & renewables,2015-11-20,0.51489,-0.07738,-0.22576,0.07101,0.03065,-0.13899,0.20028,104
8251,Technology & renewables,2015-11-27,0.50994,-0.07431,-0.22235,0.07372,0.03256,-0.13670,0.20182,104
8252,Technology & renewables,2015-12-04,0.48294,-0.09101,-0.23845,0.05643,0.01320,-0.15646,0.18286,104
8253,Technology & renewables,2015-12-11,0.47196,-0.10691,-0.24895,0.03512,-0.00271,-0.16391,0.15850,104
8254,Technology & renewables,2015-12-18,0.46725,-0.11078,-0.25288,0.03131,-0.00821,-0.16803,0.15162,104
8255,Technology & renewables,2015-12-25,0.49007,-0.10993,-0.25124,0.03138,-0.00187,-0.16084,0.15711,104
8256,Technology & renewables,2016-01-01,0.48905,-0.11216,-0.25403,0.02970,-0.00432,-0.16425,0.15562,104
8257,Technology & renewables,2016-01-08,0.56193,-0.10937,-0.25359,0.03485,0.02759,-0.13667,0.19184,104
8258,Technology & renewables,2016-01-15,0.60277,-0.09961,-0.24715,0.04793,0.05415,-0.12153,0.22982,104
8259,Technology & renewables,2016-01-22,0.62025,-0.09916,-0.24707,0.04875,0.06388,-0.11489,0.24265,104
8260,Technology & renewables,2016-01-29,0.62591,-0.10048,-0.24347,0.04251,0.06163,-0.11221,0.23548,104
8261,Technology & renewables,2016-02-05,0.62493,-0.10049,-0.24394,0.04295,0.05973,-0.11480,0.23425,104
8262,Technology & renewables,2016-02-12,0.62919,-0.10229,-0.24819,0.04362,0.06105,-0.11392,0.23602,104
8263,Technology & renewables,2016-02-19,0.63651,-0.10844,-0.25526,0.03838,0.05649,-0.11874,0.23172,104
8264,Technology & renewables,2016-02-26,0.63503,-0.11044,-0.25518,0.03430,0.05628,-0.11576,0.22832,104
8265,Technology & renewables,2016-03-04,0.63360,-0.11310,-0.25198,0.02579,0.05600,-0.10843,0.22043,104
8266,Technology & renewables,2016-03-11,0.61854,-0.10897,-0.24482,0.02688,0.05381,-0.10885,0.21647,104
8267,Technology & renewables,2016-03-18,0.62386,-0.11053,-0.24672,0.02565,0.05416,-0.10834,0.21666,104
8268,Technology & renewables,2016-03-25,0.61907,-0.11247,-0.24875,0.02382,0.05080,-0.11134,0.21294,104
8269,Technology & renewables,2016-04-01,0.61171,-0.11116,-0.24734,0.02501,0.05094,-0.11074,0.21263,104
8270,Technology & renewables,2016-04-08,0.58951,-0.10197,-0.23393,0.02999,0.05182,-0.10722,0.21087,104
8271,Technology & renewables,2016-04-15,0.58943,-0.10208,-0.23399,0.02983,0.05321,-0.10552,0.21194,104
8272,Technology & renewables,2016-04-22,0.59724,-0.10757,-0.23879,0.02366,0.04924,-0.10827,0.20675,104
8273,Technology & renewables,2016-04-29,0.60718,-0.10266,-0.23188,0.02657,0.05660,-0.09865,0.21186,104
8274,Technology & renewables,2016-05-06,0.61156,-0.09902,-0.22768,0.02964,0.06187,-0.09208,0.21583,104
8275,Technology & renewables,2016-05-13,0.61042,-0.09651,-0.22357,0.03056,0.06206,-0.09068,0.21480,104
8276,Technology & renewables,2016-05-20,0.60105,-0.09975,-0.22751,0.02801,0.05652,-0.09610,0.20914,104
8277,Technology & renewables,2016-05-27,0.58720,-0.09996,-0.22824,0.02832,0.05357,-0.09941,0.20655,104
8278,Technology & renewables,2016-06-03,0.58822,-0.09817,-0.22617,0.02984,0.05497,-0.09719,0.20712,104
8279,Technology & renewables,2016-06-10,0.60061,-0.10478,-0.23492,0.02536,0.05191,-0.10211,0.20593,104
8280,Technology & renewables,2016-06-17,0.62173,-0.10365,-0.23474,0.02745,0.05915,-0.09473,0.21302,104
8281,Technology & renewables,2016-06-24,0.62098,-0.10310,-0.23399,0.02778,0.05918,-0.09482,0.21318,104
8282,Technology & renewables,2016-07-01,0.61362,-0.10192,-0.23369,0.02984,0.06128,-0.09277,0.21533,104
8283,Technology & renewables,2016-07-08,0.61127,-0.09554,-0.22520,0.03412,0.06327,-0.09022,0.21676,104
8284,Technology & renewables,2016-07-15,0.61296,-0.09508,-0.22481,0.03464,0.06471,-0.08888,0.21831,104
8285,Technology & renewables,2016-07-22,0.60758,-0.09072,-0.22018,0.03874,0.06633,-0.08689,0.21956,104
8286,Technology & renewables,2016-07-29,0.59486,-0.10075,-0.22578,0.02429,0.05242,-0.09602,0.20086,104
8287,Technology & renewables,2016-08-05,0.60372,-0.10607,-0.23119,0.01905,0.04863,-0.09962,0.19688,104
8288,Technology & renewables,2016-08-12,0.61080,-0.10910,-0.23360,0.01540,0.04818,-0.09875,0.19511,104
8289,Technology & renewables,2016-08-19,0.62283,-0.11884,-0.24256,0.00488,0.03385,-0.11136,0.17906,104
8290,Technology & renewables,2016-08-26,0.62252,-0.12006,-0.24361,0.00348,0.03209,-0.11291,0.17710,104
8291,Technology & renewables,2016-09-02,0.63215,-0.12528,-0.24642,-0.00414,0.02688,-0.11569,0.16945,104
8292,Technology & renewables,2016-09-09,0.62999,-0.12386,-0.24504,-0.00268,0.02701,-0.11619,0.17020,104
8293,Technology & renewables,2016-09-16,0.64220,-0.12050,-0.24110,0.00010,0.03514,-0.10716,0.17743,104
8294,Technology & renewables,2016-09-23,0.63413,-0.11915,-0.24036,0.00207,0.03484,-0.10798,0.17765,104
8295,Technology & renewables,2016-09-30,0.63620,-0.11485,-0.23481,0.00512,0.03512,-0.10813,0.17837,104
8296,Technology & renewables,2016-10-07,0.55465,-0.10192,-0.21224,0.00840,0.02634,-0.11416,0.16684,104
8297,Technology & renewables,2016-10-14,0.55668,-0.10325,-0.21631,0.00980,0.02734,-0.11580,0.17047,104
8298,Technology & renewables,2016-10-21,0.55801,-0.10291,-0.21677,0.01096,0.02662,-0.11704,0.17027,104
8299,Technology & renewables,2016-10-28,0.52696,-0.09752,-0.20894,0.01389,0.02414,-0.11918,0.16747,104
8300,Technology & renewables,2016-11-04,0.52152,-0.08244,-0.19238,0.02750,0.03955,-0.10045,0.17954,104
8301,Technology & renewables,2016-11-11,0.52361,-0.08807,-0.20471,0.02857,0.03907,-0.10653,0.18466,104
8302,Technology & renewables,2016-11-18,0.52192,-0.09474,-0.21556,0.02608,0.03151,-0.12051,0.18354,104
8303,Technology & renewables,2016-11-25,0.62538,-0.06030,-0.17232,0.05173,0.07923,-0.03762,0.19609,104
8304,Technology & renewables,2016-12-02,0.61705,-0.05210,-0.15653,0.05234,0.07431,-0.03668,0.18530,104
8305,Technology & renewables,2016-12-09,0.59258,-0.04541,-0.15516,0.06434,0.07085,-0.04686,0.18856,104
8306,Technology & renewables,2016-12-16,0.58701,-0.04121,-0.15409,0.07167,0.07445,-0.04384,0.19273,104
8307,Technology & renewables,2016-12-23,0.58860,-0.04142,-0.15448,0.07163,0.07446,-0.04379,0.19271,104
8308,Technology & renewables,2016-12-30,0.58412,-0.03248,-0.14825,0.08330,0.08457,-0.03730,0.20644,104
8309,Technology & renewables,2017-01-06,0.57390,-0.02471,-0.14940,0.09999,0.09744,-0.03285,0.22774,104
8310,Technology & renewables,2017-01-13,0.57557,-0.02716,-0.15298,0.09866,0.09558,-0.03587,0.22703,104
8311,Technology & renewables,2017-01-20,0.56114,-0.02578,-0.15122,0.09967,0.09213,-0.03994,0.22420,104
8312,Technology & renewables,2017-01-27,0.56213,-0.02740,-0.15784,0.10303,0.09666,-0.03855,0.23186,104
8313,Technology & renewables,2017-02-03,0.57779,-0.01897,-0.15041,0.11247,0.10514,-0.03102,0.24131,104
8314,Technology & renewables,2017-02-10,0.57101,-0.01735,-0.14864,0.11394,0.10538,-0.03095,0.24170,104
8315,Technology & renewables,2017-02-17,0.57547,-0.01615,-0.14924,0.11694,0.10989,-0.02699,0.24676,104
8316,Technology & renewables,2017-02-24,0.57546,-0.01997,-0.15178,0.11184,0.10675,-0.02956,0.24306,104
8317,Technology & renewables,2017-03-03,0.57825,-0.02387,-0.15795,0.11020,0.10503,-0.03311,0.24317,104
8318,Technology & renewables,2017-03-10,0.55373,-0.00304,-0.14228,0.13620,0.11632,-0.02635,0.25900,104
8319,Technology & renewables,2017-03-17,0.55900,-0.00296,-0.14214,0.13623,0.11716,-0.02555,0.25988,104
8320,Technology & renewables,2017-03-24,0.55704,-0.00342,-0.14252,0.13567,0.11765,-0.02441,0.25971,104
8321,Technology & renewables,2017-03-31,0.56716,-0.00936,-0.14699,0.12828,0.11190,-0.02918,0.25298,104
8322,Technology & renewables,2017-04-07,0.57699,-0.01215,-0.14913,0.12484,0.10900,-0.03136,0.24935,104
8323,Technology & renewables,2017-04-14,0.60519,-0.03419,-0.16891,0.10053,0.10023,-0.03967,0.24013,104
8324,Technology & renewables,2017-04-21,0.60356,-0.03823,-0.17052,0.09406,0.09736,-0.03907,0.23378,104
8325,Technology & renewables,2017-04-28,0.63600,-0.04936,-0.18216,0.08343,0.09518,-0.04048,0.23084,104
8326,Technology & renewables,2017-05-05,0.62238,-0.04300,-0.17224,0.08624,0.09552,-0.03859,0.22963,104
8327,Technology & renewables,2017-05-12,0.61872,-0.04582,-0.17538,0.08374,0.09242,-0.04178,0.22662,104
8328,Technology & renewables,2017-05-19,0.61822,-0.04633,-0.17503,0.08238,0.09014,-0.04349,0.22378,104
8329,Technology & renewables,2017-05-26,0.61531,-0.05123,-0.17901,0.07655,0.08483,-0.04848,0.21813,104
8330,Technology & renewables,2017-06-02,0.59388,-0.03661,-0.16086,0.08764,0.09595,-0.03610,0.22800,104
8331,Technology & renewables,2017-06-09,0.58643,-0.03108,-0.15402,0.09186,0.10061,-0.03022,0.23144,104
8332,Technology & renewables,2017-06-16,0.57605,-0.03164,-0.15407,0.09078,0.09786,-0.03309,0.22882,104
8333,Technology & renewables,2017-06-23,0.57148,-0.03311,-0.15442,0.08820,0.09523,-0.03468,0.22514,104
8334,Technology & renewables,2017-06-30,0.57681,-0.03129,-0.15188,0.08930,0.09701,-0.03192,0.22594,104
8335,Technology & renewables,2017-07-07,0.56153,-0.02056,-0.14032,0.09920,0.10614,-0.02403,0.23631,104
8336,Technology & renewables,2017-07-14,0.53580,-0.01509,-0.13655,0.10637,0.10945,-0.02173,0.24064,104
8337,Technology & renewables,2017-07-21,0.53405,-0.01137,-0.13479,0.11205,0.11249,-0.02128,0.24626,104
8338,Technology & renewables,2017-07-28,0.53997,-0.02162,-0.14063,0.09739,0.10272,-0.02540,0.23085,104
8339,Technology & renewables,2017-08-04,0.54274,-0.02505,-0.14781,0.09771,0.10175,-0.02924,0.23273,104
8340,Technology & renewables,2017-08-11,0.51737,-0.01793,-0.14157,0.10570,0.10388,-0.02786,0.23563,104
8341,Technology & renewables,2017-08-18,0.48013,-0.02399,-0.14685,0.09886,0.08418,-0.04990,0.21826,104
8342,Technology & renewables,2017-08-25,0.48003,-0.02443,-0.15142,0.10256,0.08583,-0.05251,0.22417,104
8343,Technology & renewables,2017-09-01,0.50156,-0.02796,-0.15393,0.09800,0.08673,-0.05124,0.22469,104
8344,Technology & renewables,2017-09-08,0.50020,-0.02357,-0.15113,0.10398,0.09006,-0.04938,0.22949,104
8345,Technology & renewables,2017-09-15,0.51596,-0.03228,-0.15699,0.09243,0.08592,-0.05204,0.22388,104
8346,Technology & renewables,2017-09-22,0.53111,-0.03872,-0.16211,0.08468,0.08435,-0.05276,0.22147,104
8347,Technology & renewables,2017-09-29,0.52623,-0.03887,-0.16248,0.08474,0.08332,-0.05430,0.22095,104
8348,Technology & renewables,2017-10-06,0.53520,-0.04104,-0.16461,0.08253,0.07371,-0.06693,0.21435,104
8349,Technology & renewables,2017-10-13,0.54239,-0.05404,-0.17856,0.07049,0.06376,-0.07942,0.20694,104
8350,Technology & renewables,2017-10-20,0.54473,-0.05495,-0.18048,0.07058,0.06410,-0.07952,0.20773,104
8351,Technology & renewables,2017-10-27,0.55023,-0.06225,-0.18880,0.06430,0.05945,-0.08417,0.20307,104
8352,Technology & renewables,2017-11-03,0.54983,-0.06396,-0.19454,0.06663,0.06161,-0.08450,0.20773,104
8353,Technology & renewables,2017-11-10,0.54956,-0.05476,-0.18663,0.07711,0.06691,-0.08107,0.21489,104
8354,Technology & renewables,2017-11-17,0.57251,-0.05624,-0.18930,0.07682,0.06996,-0.07359,0.21350,104
8355,Technology & renewables,2017-11-24,0.57497,-0.05633,-0.19017,0.07750,0.07040,-0.07326,0.21406,104
8356,Technology & renewables,2017-12-01,0.60923,-0.03733,-0.15522,0.08056,0.09564,-0.02067,0.21194,104
8357,Technology & renewables,2017-12-08,0.60185,-0.00752,-0.12116,0.10611,0.12105,0.00251,0.23958,104
8358,Technology & renewables,2017-12-15,0.60225,-0.01156,-0.12569,0.10258,0.11659,-0.00218,0.23535,104
8359,Technology & renewables,2017-12-22,0.57090,-0.00815,-0.12293,0.10663,0.11378,-0.00509,0.23266,104
8360,Technology & renewables,2017-12-29,0.57299,-0.00861,-0.12432,0.10710,0.11510,-0.00403,0.23424,104
8361,Technology & renewables,2018-01-05,0.50968,-0.01145,-0.12734,0.10444,0.08195,-0.03050,0.19439,104
8362,Technology & renewables,2018-01-12,0.42589,-0.02378,-0.13826,0.09070,0.04532,-0.05384,0.14448,104
8363,Technology & renewables,2018-01-19,0.40050,-0.02408,-0.13835,0.09020,0.03961,-0.05844,0.13767,104
8364,Technology & renewables,2018-01-26,0.40947,-0.02708,-0.14258,0.08842,0.03687,-0.06341,0.13715,104
8365,Technology & renewables,2018-02-02,0.43077,-0.02232,-0.13798,0.09334,0.04634,-0.05499,0.14766,104
8366,Technology & renewables,2018-02-09,0.43984,0.00504,-0.11817,0.12825,0.07424,-0.04448,0.19296,104
8367,Technology & renewables,2018-02-16,0.40221,0.01927,-0.10295,0.14149,0.08587,-0.03838,0.21013,104
8368,Technology & renewables,2018-02-23,0.41608,0.02375,-0.10085,0.14835,0.09094,-0.03867,0.22054,104
8369,Technology & renewables,2018-03-02,0.43403,0.02817,-0.09946,0.15580,0.09751,-0.03526,0.23027,104
8370,Technology & renewables,2018-03-09,0.48178,0.02513,-0.10303,0.15328,0.10468,-0.02887,0.23824,104
8371,Technology & renewables,2018-03-16,0.48556,0.02411,-0.10387,0.15210,0.10378,-0.02970,0.23725,104
8372,Technology & renewables,2018-03-23,0.51066,0.01781,-0.10804,0.14366,0.09742,-0.03257,0.22740,104
8373,Technology & renewables,2018-03-30,0.53332,0.01804,-0.10651,0.14259,0.09844,-0.03068,0.22755,104
8374,Technology & renewables,2018-04-06,0.51805,0.02638,-0.09873,0.15150,0.10569,-0.02403,0.23540,104
8375,Technology & renewables,2018-04-13,0.51889,0.02930,-0.09419,0.15279,0.11059,-0.01603,0.23722,104
8376,Technology & renewables,2018-04-20,0.53110,0.03457,-0.09076,0.15990,0.11687,-0.01190,0.24564,104
8377,Technology & renewables,2018-04-27,0.50739,0.02973,-0.09621,0.15568,0.10742,-0.02287,0.23772,104
8378,Technology & renewables,2018-05-04,0.49995,0.02597,-0.10197,0.15390,0.10026,-0.03434,0.23486,104
8379,Technology & renewables,2018-05-11,0.50630,0.02663,-0.10344,0.15670,0.10395,-0.03208,0.23998,104
8380,Technology & renewables,2018-05-18,0.53128,0.02849,-0.10207,0.15905,0.10969,-0.02573,0.24511,104
8381,Technology & renewables,2018-05-25,0.57177,0.02459,-0.10584,0.15502,0.11498,-0.01847,0.24843,104
8382,Technology & renewables,2018-06-01,0.62891,0.01698,-0.11391,0.14787,0.11718,-0.01449,0.24886,104
8383,Technology & renewables,2018-06-08,0.59689,0.02627,-0.10426,0.15680,0.12103,-0.01265,0.25472,104
8384,Technology & renewables,2018-06-15,0.54047,0.02967,-0.09981,0.15914,0.11228,-0.02106,0.24563,104
8385,Technology & renewables,2018-06-22,0.56212,0.02270,-0.10526,0.15065,0.10668,-0.02552,0.23888,104
8386,Technology & renewables,2018-06-29,0.58103,0.01763,-0.10842,0.14369,0.09986,-0.03074,0.23046,104
8387,Technology & renewables,2018-07-06,0.58418,0.01434,-0.11521,0.14388,0.09819,-0.03617,0.23254,104
8388,Technology & renewables,2018-07-13,0.57658,0.01922,-0.10943,0.14787,0.10155,-0.03283,0.23594,104
8389,Technology & renewables,2018-07-20,0.59206,0.00370,-0.13078,0.13818,0.08903,-0.04986,0.22792,104
8390,Technology & renewables,2018-07-27,0.64774,0.02538,-0.09449,0.14525,0.11505,-0.00601,0.23611,104
8391,Technology & renewables,2018-08-03,0.64281,0.03369,-0.08317,0.15056,0.12422,0.00502,0.24342,104
8392,Technology & renewables,2018-08-10,0.64365,0.03629,-0.08022,0.15281,0.12611,0.00647,0.24575,104
8393,Technology & renewables,2018-08-17,0.59801,0.05917,-0.04851,0.16686,0.15283,0.03529,0.27038,104
8394,Technology & renewables,2018-08-24,0.60093,0.06606,-0.04068,0.17280,0.16285,0.04634,0.27935,104
8395,Technology & renewables,2018-08-31,0.58591,0.07806,-0.03191,0.18803,0.17636,0.05615,0.29657,104
8396,Technology & renewables,2018-09-07,0.58896,0.07677,-0.03363,0.18717,0.17761,0.05755,0.29766,104
8397,Technology & renewables,2018-09-14,0.55523,0.07389,-0.03725,0.18502,0.16395,0.04025,0.28766,104
8398,Technology & renewables,2018-09-21,0.56777,0.07068,-0.04083,0.18219,0.16328,0.03983,0.28673,104
8399,Technology & renewables,2018-09-28,0.57215,0.07393,-0.04043,0.18829,0.16973,0.04451,0.29495,104
8400,Technology & renewables,2018-10-05,0.55320,0.08455,-0.03223,0.20133,0.17663,0.04863,0.30464,104
8401,Technology & renewables,2018-10-12,0.61656,0.08831,-0.02851,0.20513,0.19875,0.07157,0.32592,104
8402,Technology & renewables,2018-10-19,0.62942,0.08286,-0.03360,0.19932,0.19535,0.06816,0.32255,104
8403,Technology & renewables,2018-10-26,0.67176,0.08717,-0.03212,0.20647,0.21531,0.08669,0.34393,104
8404,Technology & renewables,2018-11-02,0.72017,0.05461,-0.07157,0.18079,0.17035,0.03943,0.30127,104
8405,Technology & renewables,2018-11-09,0.75513,0.04428,-0.08327,0.17183,0.16527,0.03548,0.29506,104
8406,Technology & renewables,2018-11-16,0.74594,0.04230,-0.08689,0.17149,0.16528,0.03555,0.29501,104
8407,Technology & renewables,2018-11-23,0.75214,0.05056,-0.06739,0.16851,0.18935,0.07758,0.30112,104
8408,Technology & renewables,2018-11-30,0.80579,0.04054,-0.10485,0.18592,0.21548,0.08739,0.34358,104
8409,Technology & renewables,2018-12-07,1.00227,-0.02978,-0.19924,0.13968,0.17656,0.04419,0.30894,104
8410,Technology & renewables,2018-12-14,1.00047,-0.04219,-0.21202,0.12764,0.16725,0.03147,0.30302,104
8411,Technology & renewables,2018-12-21,1.00531,-0.03199,-0.18901,0.12502,0.18710,0.06822,0.30598,104
8412,Technology & renewables,2018-12-28,1.00464,-0.03567,-0.19261,0.12127,0.18333,0.06468,0.30199,104
8413,Technology & renewables,2019-01-04,1.01216,-0.03611,-0.19124,0.11902,0.19298,0.08018,0.30577,104
8414,Technology & renewables,2019-01-11,1.01131,-0.02890,-0.18506,0.12727,0.20114,0.08864,0.31365,104
8415,Technology & renewables,2019-01-18,1.00598,-0.03174,-0.18711,0.12364,0.19821,0.08719,0.30922,104
8416,Technology & renewables,2019-01-25,0.98134,-0.03047,-0.18542,0.12448,0.19590,0.08457,0.30723,104
8417,Technology & renewables,2019-02-01,0.97155,-0.02628,-0.18374,0.13117,0.19991,0.08807,0.31176,104
8418,Technology & renewables,2019-02-08,0.99078,-0.03043,-0.18686,0.12599,0.19989,0.08820,0.31159,104
8419,Technology & renewables,2019-02-15,0.98944,-0.02930,-0.18592,0.12732,0.20907,0.10065,0.31750,104
8420,Technology & renewables,2019-02-22,1.00131,-0.03371,-0.18820,0.12078,0.20773,0.10023,0.31524,104
8421,Technology & renewables,2019-03-01,1.00586,-0.04069,-0.19234,0.11096,0.20209,0.09552,0.30867,104
8422,Technology & renewables,2019-03-08,1.07124,-0.08265,-0.22156,0.05625,0.19284,0.09143,0.29425,104
8423,Technology & renewables,2019-03-15,1.07568,-0.08274,-0.22165,0.05617,0.19538,0.09430,0.29647,104
8424,Technology & renewables,2019-03-22,1.07505,-0.08117,-0.22005,0.05771,0.19534,0.09440,0.29628,104
8425,Technology & renewables,2019-03-29,1.04703,-0.06848,-0.20858,0.07163,0.20359,0.10262,0.30455,104
8426,Technology & renewables,2019-04-05,1.04792,-0.06574,-0.20723,0.07575,0.21137,0.11018,0.31257,104
8427,Technology & renewables,2019-04-12,1.04949,-0.06641,-0.20733,0.07452,0.21043,0.10941,0.31145,104
8428,Technology & renewables,2019-04-19,1.05327,-0.05778,-0.20300,0.08744,0.21853,0.11444,0.32261,104
8429,Technology & renewables,2019-04-26,1.03458,-0.05188,-0.20025,0.09648,0.22031,0.11577,0.32486,104
8430,Technology & renewables,2019-05-03,1.06204,-0.06862,-0.22285,0.08560,0.22306,0.11527,0.33084,104
8431,Technology & renewables,2019-05-10,1.06073,-0.06353,-0.21724,0.09017,0.22703,0.12009,0.33398,104
8432,Technology & renewables,2019-05-17,1.06468,-0.06153,-0.21943,0.09637,0.23614,0.12792,0.34437,104
8433,Technology & renewables,2019-05-24,1.07082,-0.06276,-0.21881,0.09329,0.23378,0.12785,0.33971,104
8434,Technology & renewables,2019-05-31,1.08331,-0.05719,-0.21487,0.10048,0.24893,0.14588,0.35199,104
8435,Technology & renewables,2019-06-07,1.03103,-0.04154,-0.20499,0.12191,0.24661,0.13952,0.35370,104
8436,Technology & renewables,2019-06-14,1.05319,-0.03625,-0.20404,0.13153,0.25780,0.15016,0.36545,104
8437,Technology & renewables,2019-06-21,1.05464,-0.03729,-0.20302,0.12844,0.25652,0.15185,0.36119,104
8438,Technology & renewables,2019-06-28,1.01945,-0.02258,-0.19728,0.15213,0.26226,0.15347,0.37106,104
8439,Technology & renewables,2019-07-05,1.02727,-0.02241,-0.18686,0.14204,0.25606,0.14968,0.36244,104
8440,Technology & renewables,2019-07-12,1.04459,-0.01307,-0.17720,0.15107,0.25923,0.15300,0.36545,104
8441,Technology & renewables,2019-07-19,1.04865,-0.01840,-0.17984,0.14304,0.25846,0.15599,0.36093,104
8442,Technology & renewables,2019-07-26,1.04527,-0.01230,-0.18152,0.15692,0.26967,0.16204,0.37729,104
8443,Technology & renewables,2019-08-02,1.03932,-0.01346,-0.18217,0.15526,0.26911,0.16221,0.37602,104
8444,Technology & renewables,2019-08-09,1.03731,-0.01140,-0.17959,0.15680,0.27177,0.16750,0.37604,104
8445,Technology & renewables,2019-08-16,1.04116,-0.01261,-0.18024,0.15502,0.27200,0.16777,0.37623,104
8446,Technology & renewables,2019-08-23,1.04394,-0.01369,-0.18103,0.15365,0.27292,0.16867,0.37717,104
8447,Technology & renewables,2019-08-30,1.04237,-0.01501,-0.18380,0.15378,0.27399,0.16986,0.37811,104
8448,Technology & renewables,2019-09-06,1.04788,-0.01403,-0.18460,0.15654,0.27891,0.17410,0.38372,104
8449,Technology & renewables,2019-09-13,1.02447,0.00039,-0.16985,0.17063,0.28045,0.17509,0.38581,104
8450,Technology & renewables,2019-09-20,1.02850,0.01654,-0.16154,0.19462,0.29572,0.18448,0.40696,104
8451,Technology & renewables,2019-09-27,1.04670,0.01626,-0.16222,0.19473,0.30359,0.19267,0.41450,104
8452,Technology & renewables,2019-10-04,1.03872,0.01142,-0.16331,0.18616,0.29998,0.19507,0.40488,104
8453,Technology & renewables,2019-10-11,1.03050,0.00873,-0.16586,0.18332,0.29685,0.19216,0.40154,104
8454,Technology & renewables,2019-10-18,1.02045,0.01407,-0.15989,0.18803,0.29789,0.19368,0.40210,104
8455,Technology & renewables,2019-10-25,1.01304,0.02325,-0.15200,0.19850,0.30596,0.20326,0.40866,104
8456,Technology & renewables,2019-11-01,1.02217,0.02503,-0.15040,0.20047,0.30854,0.20550,0.41157,104
8457,Technology & renewables,2019-11-08,1.04087,0.01940,-0.15694,0.19574,0.31170,0.20884,0.41455,104
8458,Technology & renewables,2019-11-15,1.01335,0.03181,-0.14638,0.20999,0.31367,0.20971,0.41764,104
8459,Technology & renewables,2019-11-22,1.00848,0.03280,-0.14629,0.21189,0.31348,0.20923,0.41773,104
8460,Technology & renewables,2019-11-29,1.01151,0.03321,-0.14662,0.21305,0.31519,0.21096,0.41943,104
8461,Technology & renewables,2019-12-06,1.04349,0.02033,-0.15699,0.19764,0.30988,0.20669,0.41307,104
8462,Technology & renewables,2019-12-13,1.04086,0.02190,-0.15594,0.19974,0.31086,0.20764,0.41409,104
8463,Technology & renewables,2019-12-20,1.06589,0.02202,-0.15517,0.19920,0.31701,0.21359,0.42043,104
8464,Technology & renewables,2019-12-27,1.06540,0.02332,-0.15322,0.19986,0.31703,0.21376,0.42031,104
8465,Technology & renewables,2020-01-03,1.06766,0.02295,-0.15405,0.19994,0.31576,0.21232,0.41919,104
8466,Technology & renewables,2020-01-10,1.06289,0.02732,-0.14767,0.20232,0.31533,0.21264,0.41802,104
8467,Technology & renewables,2020-01-17,1.07168,0.02407,-0.14935,0.19749,0.31418,0.21199,0.41638,104
8468,Technology & renewables,2020-01-24,1.08450,0.00464,-0.16876,0.17804,0.29864,0.19710,0.40018,104
8469,Technology & renewables,2020-01-31,1.05662,0.00303,-0.16878,0.17484,0.29278,0.19519,0.39037,104
8470,Technology & renewables,2020-02-07,1.08344,-0.04101,-0.20537,0.12335,0.24164,0.14961,0.33368,104
8471,Technology & renewables,2020-02-14,1.06517,-0.02911,-0.18685,0.12864,0.24242,0.15735,0.32748,104
8472,Technology & renewables,2020-02-21,1.06450,-0.02702,-0.18419,0.13014,0.24335,0.15835,0.32834,104
8473,Technology & renewables,2020-02-28,1.24432,-0.02938,-0.19111,0.13235,0.36844,0.25675,0.48014,104
8474,Technology & renewables,2020-03-06,1.22978,-0.04603,-0.20474,0.11267,0.34494,0.25523,0.43465,104
8475,Technology & renewables,2020-03-13,1.24013,-0.04533,-0.21038,0.11972,0.45783,0.39501,0.52065,104
8476,Technology & renewables,2020-03-20,1.15914,0.01155,-0.12606,0.14916,0.42360,0.35586,0.49134,104
8477,Technology & renewables,2020-03-27,1.21223,-0.02399,-0.14900,0.10102,0.40066,0.33552,0.46581,104
8478,Technology & renewables,2020-04-03,1.27875,-0.08440,-0.20029,0.03150,0.32018,0.24768,0.39268,104
8479,Technology & renewables,2020-04-10,1.33653,-0.10387,-0.23347,0.02572,0.31345,0.24049,0.38641,104
8480,Technology & renewables,2020-04-17,1.36961,-0.12190,-0.24524,0.00144,0.27413,0.20108,0.34718,104
8481,Technology & renewables,2020-04-24,1.37834,-0.11979,-0.21475,-0.02483,0.23294,0.17240,0.29348,104
8482,Technology & renewables,2020-05-01,1.37331,-0.13437,-0.22947,-0.03927,0.21947,0.15317,0.28576,104
8483,Technology & renewables,2020-05-08,1.30782,-0.09723,-0.19779,0.00333,0.20932,0.14028,0.27837,104
8484,Technology & renewables,2020-05-15,1.28419,-0.08853,-0.19532,0.01827,0.20770,0.13482,0.28059,104
8485,Technology & renewables,2020-05-22,1.29280,-0.08908,-0.19667,0.01851,0.21028,0.13816,0.28240,104
8486,Technology & renewables,2020-05-29,1.29210,-0.08924,-0.19623,0.01774,0.20991,0.13777,0.28205,104
8487,Technology & renewables,2020-06-05,1.28636,-0.09579,-0.19826,0.00668,0.21086,0.14450,0.27721,104
8488,Technology & renewables,2020-06-12,1.28317,-0.10030,-0.20106,0.00045,0.20887,0.14172,0.27602,104
8489,Technology & renewables,2020-06-19,1.27465,-0.09652,-0.19575,0.00270,0.20706,0.14014,0.27398,104
8490,Technology & renewables,2020-06-26,1.27111,-0.09486,-0.19506,0.00535,0.21052,0.14287,0.27817,104
8491,Technology & renewables,2020-07-03,1.27356,-0.09518,-0.19496,0.00459,0.21135,0.14399,0.27871,104
8492,Technology & renewables,2020-07-10,1.26244,-0.09256,-0.19169,0.00657,0.21123,0.14194,0.28053,104
8493,Technology & renewables,2020-07-17,1.21355,-0.07990,-0.18425,0.02445,0.21288,0.13949,0.28627,104
8494,Technology & renewables,2020-07-24,1.21826,-0.08273,-0.18631,0.02085,0.21050,0.13853,0.28248,104
8495,Technology & renewables,2020-07-31,1.21004,-0.08104,-0.18440,0.02232,0.21011,0.13687,0.28335,104
8496,Technology & renewables,2020-08-07,1.19027,-0.07830,-0.18283,0.02622,0.20965,0.13489,0.28440,104
8497,Technology & renewables,2020-08-14,1.18887,-0.07808,-0.18245,0.02629,0.20987,0.13497,0.28476,104
8498,Technology & renewables,2020-08-21,1.18460,-0.07785,-0.18202,0.02632,0.20854,0.13285,0.28423,104
8499,Technology & renewables,2020-08-28,1.18306,-0.07655,-0.18107,0.02797,0.20972,0.13357,0.28587,104
8500,Technology & renewables,2020-09-04,1.18180,-0.07723,-0.18126,0.02680,0.20940,0.13345,0.28536,104
8501,Technology & renewables,2020-09-11,1.16894,-0.06971,-0.17548,0.03607,0.20993,0.13260,0.28725,104
8502,Technology & renewables,2020-09-18,1.17875,-0.06978,-0.17481,0.03526,0.21018,0.13357,0.28679,104
8503,Technology & renewables,2020-09-25,1.18281,-0.07092,-0.17540,0.03357,0.21080,0.13455,0.28705,104
8504,Technology & renewables,2020-10-02,1.19924,-0.07722,-0.17746,0.02301,0.20560,0.13189,0.27930,104
8505,Technology & renewables,2020-10-09,1.18583,-0.07456,-0.17457,0.02544,0.20406,0.12956,0.27856,104
8506,Technology & renewables,2020-10-16,1.18412,-0.07380,-0.17355,0.02595,0.20437,0.12925,0.27949,104
8507,Technology & renewables,2020-10-23,1.18433,-0.07279,-0.17420,0.02861,0.20435,0.12933,0.27937,104
8508,Technology & renewables,2020-10-30,1.17202,-0.07352,-0.17778,0.03074,0.21119,0.13602,0.28637,104
8509,Technology & renewables,2020-11-06,1.18595,-0.07419,-0.17854,0.03015,0.21709,0.14297,0.29121,104
8510,Technology & renewables,2020-11-13,1.15416,-0.07297,-0.17710,0.03116,0.21503,0.13830,0.29175,104
8511,Technology & renewables,2020-11-20,1.15361,-0.07317,-0.17801,0.03166,0.21264,0.13394,0.29134,104
8512,Technology & renewables,2020-11-27,1.13707,-0.06982,-0.17502,0.03538,0.21465,0.13512,0.29417,104
8513,Technology & renewables,2020-12-04,1.09097,-0.05240,-0.16122,0.05641,0.22267,0.13751,0.30783,104
8514,Technology & renewables,2020-12-11,1.09601,-0.05183,-0.16126,0.05761,0.22402,0.13901,0.30902,104
8515,Technology & renewables,2020-12-18,1.09354,-0.05585,-0.16328,0.05157,0.21829,0.13180,0.30478,104
8516,Technology & renewables,2020-12-25,1.09372,-0.05581,-0.16318,0.05157,0.21817,0.13162,0.30471,104
8517,Technology & renewables,2021-01-01,1.10443,-0.05685,-0.16337,0.04968,0.21787,0.13117,0.30456,104
8518,Technology & renewables,2021-01-08,1.10524,-0.05677,-0.16338,0.04984,0.21853,0.13178,0.30529,104
8519,Technology & renewables,2021-01-15,1.11114,-0.05728,-0.16392,0.04936,0.21902,0.13284,0.30520,104
8520,Technology & renewables,2021-01-22,1.12084,-0.05902,-0.16576,0.04772,0.21944,0.13461,0.30427,104
8521,Technology & renewables,2021-01-29,1.13585,-0.06264,-0.16779,0.04252,0.21977,0.13678,0.30275,104
8522,Technology & renewables,2021-02-05,1.13651,-0.06116,-0.16673,0.04442,0.22297,0.13985,0.30609,104
8523,Technology & renewables,2021-02-12,1.13620,-0.06020,-0.16523,0.04482,0.21941,0.13586,0.30296,104
8524,Technology & renewables,2021-02-19,1.13841,-0.06099,-0.16611,0.04413,0.21908,0.13614,0.30202,104
8525,Technology & renewables,2021-02-26,1.13872,-0.06549,-0.16998,0.03900,0.21463,0.13257,0.29670,104
8526,Technology & renewables,2021-03-05,1.10899,-0.06363,-0.16817,0.04091,0.21104,0.12532,0.29676,104
8527,Technology & renewables,2021-03-12,1.09586,-0.06046,-0.16613,0.04521,0.21044,0.12382,0.29707,104
8528,Technology & renewables,2021-03-19,1.09610,-0.05718,-0.16498,0.05062,0.21323,0.12819,0.29827,104
8529,Technology & renewables,2021-03-26,1.09886,-0.05812,-0.16605,0.04980,0.21364,0.12890,0.29838,104
8530,Technology & renewables,2021-04-02,1.10297,-0.05957,-0.16624,0.04709,0.21216,0.12765,0.29667,104
8531,Technology & renewables,2021-04-09,1.10384,-0.05984,-0.16589,0.04622,0.21223,0.12747,0.29698,104
8532,Technology & renewables,2021-04-16,1.10483,-0.05879,-0.16530,0.04772,0.21395,0.12945,0.29846,104
8533,Technology & renewables,2021-04-23,1.10630,-0.05935,-0.16580,0.04710,0.21410,0.12985,0.29835,104
8534,Technology & renewables,2021-04-30,1.10797,-0.06015,-0.16677,0.04646,0.21358,0.12987,0.29729,104
8535,Technology & renewables,2021-05-07,1.09887,-0.05961,-0.16719,0.04797,0.21205,0.12827,0.29582,104
8536,Technology & renewables,2021-05-14,1.11496,-0.06461,-0.17075,0.04152,0.21053,0.12891,0.29215,104
8537,Technology & renewables,2021-05-21,1.12474,-0.06613,-0.17170,0.03943,0.21001,0.12877,0.29125,104
8538,Technology & renewables,2021-05-28,1.11865,-0.06709,-0.17135,0.03718,0.20600,0.12411,0.28788,104
8539,Technology & renewables,2021-06-04,1.13246,-0.07391,-0.17532,0.02751,0.20377,0.12328,0.28425,104
8540,Technology & renewables,2021-06-11,1.13133,-0.07555,-0.17592,0.02482,0.20145,0.12058,0.28232,104
8541,Technology & renewables,2021-06-18,1.12384,-0.07190,-0.17284,0.02904,0.20303,0.12068,0.28537,104
8542,Technology & renewables,2021-06-25,1.13116,-0.07592,-0.17576,0.02393,0.20248,0.12168,0.28328,104
8543,Technology & renewables,2021-07-02,1.12933,-0.07565,-0.17682,0.02551,0.20433,0.12278,0.28587,104
8544,Technology & renewables,2021-07-09,1.13574,-0.07774,-0.17940,0.02393,0.20493,0.12443,0.28542,104
8545,Technology & renewables,2021-07-16,1.13558,-0.07798,-0.17951,0.02356,0.20371,0.12266,0.28475,104
8546,Technology & renewables,2021-07-23,1.13682,-0.07858,-0.18026,0.02310,0.20341,0.12273,0.28410,104
8547,Technology & renewables,2021-07-30,1.14226,-0.08046,-0.18197,0.02104,0.20191,0.12207,0.28175,104
8548,Technology & renewables,2021-08-06,1.11688,-0.06863,-0.17460,0.03734,0.20306,0.12061,0.28550,104
8549,Technology & renewables,2021-08-13,1.11009,-0.06682,-0.17418,0.04054,0.20316,0.12021,0.28612,104
8550,Technology & renewables,2021-08-20,1.11167,-0.06557,-0.17383,0.04269,0.20544,0.12326,0.28762,104
8551,Technology & renewables,2021-08-27,1.11647,-0.06522,-0.17318,0.04273,0.20610,0.12516,0.28704,104
8552,Technology & renewables,2021-09-03,1.11423,-0.06548,-0.17324,0.04227,0.20529,0.12436,0.28621,104
8553,Technology & renewables,2021-09-10,1.13511,-0.07171,-0.17806,0.03464,0.20514,0.12647,0.28381,104
8554,Technology & renewables,2021-09-17,1.14507,-0.07924,-0.18342,0.02495,0.19891,0.12176,0.27606,104
8555,Technology & renewables,2021-09-24,1.14235,-0.07890,-0.18288,0.02508,0.19756,0.11986,0.27525,104
8556,Technology & renewables,2021-10-01,1.14002,-0.07825,-0.18423,0.02773,0.19714,0.11977,0.27451,104
8557,Technology & renewables,2021-10-08,1.14451,-0.07883,-0.18445,0.02679,0.19658,0.11952,0.27364,104
8558,Technology & renewables,2021-10-15,1.15214,-0.08081,-0.18575,0.02412,0.19761,0.12102,0.27419,104
8559,Technology & renewables,2021-10-22,1.15723,-0.08124,-0.18581,0.02333,0.19865,0.12208,0.27523,104
8560,Technology & renewables,2021-10-29,1.14604,-0.07947,-0.18356,0.02462,0.19830,0.12032,0.27629,104
8561,Technology & renewables,2021-11-05,1.15216,-0.08175,-0.18354,0.02004,0.19592,0.11863,0.27321,104
8562,Technology & renewables,2021-11-12,1.16731,-0.08663,-0.18741,0.01415,0.19503,0.11922,0.27085,104
8563,Technology & renewables,2021-11-19,1.16862,-0.08782,-0.18777,0.01214,0.19426,0.11841,0.27011,104
8564,Technology & renewables,2021-11-26,1.17226,-0.08750,-0.18779,0.01279,0.19864,0.12408,0.27320,104
8565,Technology & renewables,2021-12-03,1.16885,-0.08501,-0.18557,0.01556,0.20005,0.12524,0.27486,104
8566,Technology & renewables,2021-12-10,1.17572,-0.09057,-0.18973,0.00859,0.19469,0.12114,0.26825,104
8567,Technology & renewables,2021-12-17,1.18104,-0.09036,-0.19094,0.01022,0.19634,0.12416,0.26852,104
8568,Technology & renewables,2021-12-24,1.17922,-0.09110,-0.19177,0.00956,0.19611,0.12401,0.26821,104
8569,Technology & renewables,2021-12-31,1.17777,-0.08913,-0.18960,0.01134,0.19742,0.12494,0.26990,104
8570,Technology & renewables,2022-01-07,1.18324,-0.09390,-0.19443,0.00663,0.19456,0.12219,0.26693,104
8571,Technology & renewables,2022-01-14,1.18540,-0.09850,-0.19932,0.00232,0.19007,0.11800,0.26215,104
8572,Technology & renewables,2022-01-21,1.19996,-0.09927,-0.20106,0.00253,0.19261,0.12247,0.26275,104
8573,Technology & renewables,2022-01-28,1.22304,-0.10531,-0.20909,-0.00154,0.18981,0.12138,0.25824,104
8574,Technology & renewables,2022-02-04,1.21181,-0.09880,-0.20482,0.00723,0.19706,0.12681,0.26731,104
8575,Technology & renewables,2022-02-11,1.20876,-0.10090,-0.20719,0.00540,0.19480,0.12578,0.26383,104
8576,Technology & renewables,2022-02-18,1.20375,-0.10100,-0.20720,0.00521,0.19395,0.12561,0.26228,104
8577,Technology & renewables,2022-02-25,1.10836,-0.09066,-0.19720,0.01588,0.15649,0.09013,0.22285,104
8578,Technology & renewables,2022-03-04,1.10810,-0.08290,-0.18550,0.01969,0.14921,0.07999,0.21842,104
8579,Technology & renewables,2022-03-11,1.00896,-0.09476,-0.18972,0.00020,0.05352,-0.00907,0.11612,104
8580,Technology & renewables,2022-03-18,1.03279,-0.12043,-0.22761,-0.01325,0.03777,-0.03321,0.10874,104
8581,Technology & renewables,2022-03-25,1.01084,-0.12052,-0.22267,-0.01837,0.03645,-0.03478,0.10767,104
8582,Technology & renewables,2022-04-01,0.99942,-0.11236,-0.21429,-0.01044,0.02454,-0.05332,0.10241,104
8583,Technology & renewables,2022-04-08,0.93784,-0.09282,-0.18541,-0.00023,0.03881,-0.03522,0.11285,104
8584,Technology & renewables,2022-04-15,0.90163,-0.07498,-0.17146,0.02149,0.06489,-0.00948,0.13925,104
8585,Technology & renewables,2022-04-22,0.89196,-0.06779,-0.19027,0.05469,0.09129,-0.00197,0.18455,104
8586,Technology & renewables,2022-04-29,0.93401,-0.06385,-0.19958,0.07187,0.09398,-0.01657,0.20453,104
8587,Technology & renewables,2022-05-06,1.06019,-0.12602,-0.24188,-0.01016,0.08424,-0.00437,0.17285,104
8588,Technology & renewables,2022-05-13,1.09949,-0.13843,-0.25293,-0.02392,0.08445,-0.00158,0.17047,104
8589,Technology & renewables,2022-05-20,1.09268,-0.14342,-0.25861,-0.02823,0.07458,-0.01249,0.16164,104
8590,Technology & renewables,2022-05-27,1.08241,-0.13963,-0.25523,-0.02404,0.08005,-0.00628,0.16638,104
8591,Technology & renewables,2022-06-03,1.06990,-0.14234,-0.26241,-0.02227,0.05561,-0.04259,0.15381,104
8592,Technology & renewables,2022-06-10,1.12452,-0.14172,-0.26180,-0.02164,0.05489,-0.04602,0.15579,104
8593,Technology & renewables,2022-06-17,1.15754,-0.14374,-0.26443,-0.02306,0.07570,-0.02570,0.17710,104
8594,Technology & renewables,2022-06-24,1.10514,-0.13520,-0.25811,-0.01230,0.07177,-0.03093,0.17447,104
8595,Technology & renewables,2022-07-01,1.09742,-0.13350,-0.25770,-0.00929,0.07086,-0.03402,0.17575,104
8596,Technology & renewables,2022-07-08,1.14739,-0.14745,-0.26494,-0.02997,0.05944,-0.04190,0.16078,104
8597,Technology & renewables,2022-07-15,1.19018,-0.15756,-0.27473,-0.04039,0.06448,-0.03463,0.16359,104
8598,Technology & renewables,2022-07-22,1.24084,-0.16482,-0.28385,-0.04578,0.06851,-0.02992,0.16694,104
8599,Technology & renewables,2022-07-29,1.25713,-0.16826,-0.28711,-0.04941,0.07478,-0.02154,0.17111,104
8600,Technology & renewables,2022-08-05,1.27896,-0.16564,-0.27262,-0.05865,0.06425,-0.02434,0.15284,104
8601,Technology & renewables,2022-08-12,1.26859,-0.16834,-0.27564,-0.06105,0.06019,-0.02766,0.14804,104
8602,Technology & renewables,2022-08-19,1.27124,-0.16271,-0.26957,-0.05585,0.06450,-0.02368,0.15267,104
8603,Technology & renewables,2022-08-26,1.27756,-0.16829,-0.27377,-0.06281,0.05936,-0.02784,0.14655,104
8604,Technology & renewables,2022-09-02,1.29488,-0.16119,-0.26749,-0.05489,0.07363,-0.01467,0.16193,104
8605,Technology & renewables,2022-09-09,1.26464,-0.16628,-0.27301,-0.05956,0.07324,-0.01251,0.15899,104
8606,Technology & renewables,2022-09-16,1.32095,-0.17956,-0.28653,-0.07260,0.07629,-0.01092,0.16351,104
8607,Technology & renewables,2022-09-23,1.30888,-0.17958,-0.28686,-0.07231,0.08366,-0.00232,0.16964,104
8608,Technology & renewables,2022-09-30,1.27905,-0.16584,-0.27755,-0.05413,0.10124,0.01283,0.18965,104
8609,Technology & renewables,2022-10-07,1.27509,-0.16857,-0.27973,-0.05740,0.09793,0.01075,0.18512,104
8610,Technology & renewables,2022-10-14,1.27878,-0.17354,-0.28385,-0.06323,0.09631,0.01147,0.18114,104
8611,Technology & renewables,2022-10-21,1.28070,-0.17630,-0.28691,-0.06569,0.09279,0.00659,0.17899,104
8612,Technology & renewables,2022-10-28,1.31859,-0.16888,-0.27746,-0.06029,0.08847,0.00208,0.17487,104
8613,Technology & renewables,2022-11-04,1.28839,-0.16939,-0.27876,-0.06002,0.07787,-0.00969,0.16544,104
8614,Technology & renewables,2022-11-11,1.33780,-0.17820,-0.29030,-0.06611,0.06388,-0.02871,0.15648,104
8615,Technology & renewables,2022-11-18,1.32662,-0.17871,-0.28616,-0.07126,0.06034,-0.02680,0.14749,104
8616,Technology & renewables,2022-11-25,1.28349,-0.16728,-0.27221,-0.06234,0.04460,-0.04465,0.13386,104
8617,Technology & renewables,2022-12-02,1.29011,-0.16865,-0.27424,-0.06306,0.04487,-0.04435,0.13408,104
8618,Technology & renewables,2022-12-09,1.28901,-0.16148,-0.26656,-0.05640,0.04805,-0.04031,0.13642,104
8619,Technology & renewables,2022-12-16,1.28326,-0.15975,-0.26467,-0.05483,0.04444,-0.04476,0.13365,104
8620,Technology & renewables,2022-12-23,1.27777,-0.16177,-0.26501,-0.05852,0.04347,-0.04348,0.13042,104
8621,Technology & renewables,2022-12-30,1.24802,-0.15554,-0.25916,-0.05191,0.04390,-0.04339,0.13119,104
8622,Technology & renewables,2023-01-06,1.26835,-0.19560,-0.31667,-0.07453,0.00077,-0.10239,0.10392,104
8623,Technology & renewables,2023-01-13,1.25693,-0.18286,-0.29202,-0.07369,0.00913,-0.08357,0.10182,104
8624,Technology & renewables,2023-01-20,1.26378,-0.18788,-0.29903,-0.07672,0.00372,-0.09006,0.09750,104
8625,Technology & renewables,2023-01-27,1.26303,-0.18841,-0.30063,-0.07619,0.00114,-0.09284,0.09513,104
8626,Technology & renewables,2023-02-03,1.24398,-0.19465,-0.30352,-0.08579,-0.02052,-0.11374,0.07270,104
8627,Technology & renewables,2023-02-10,1.24295,-0.21150,-0.32516,-0.09785,-0.03166,-0.12914,0.06583,104
8628,Technology & renewables,2023-02-17,1.24179,-0.21113,-0.32449,-0.09777,-0.03088,-0.12801,0.06624,104
8629,Technology & renewables,2023-02-24,1.25222,-0.20495,-0.31801,-0.09189,-0.02413,-0.11894,0.07068,104
8630,Technology & renewables,2023-03-03,1.31114,-0.20252,-0.31523,-0.08981,-0.01621,-0.10978,0.07736,104
8631,Technology & renewables,2023-03-10,1.32371,-0.20532,-0.31820,-0.09243,-0.01255,-0.10575,0.08064,104
8632,Technology & renewables,2023-03-17,1.29677,-0.21652,-0.33176,-0.10128,-0.00635,-0.09811,0.08541,104
8633,Technology & renewables,2023-03-24,1.29414,-0.21549,-0.32961,-0.10138,-0.00741,-0.09870,0.08388,104
8634,Technology & renewables,2023-03-31,1.31217,-0.21156,-0.32529,-0.09783,0.00892,-0.08047,0.09832,104
8635,Technology & renewables,2023-04-07,1.30085,-0.20407,-0.31591,-0.09222,0.01217,-0.07659,0.10093,104
8636,Technology & renewables,2023-04-14,1.27911,-0.20708,-0.31945,-0.09471,0.00419,-0.08541,0.09378,104
8637,Technology & renewables,2023-04-21,1.29095,-0.19691,-0.31112,-0.08270,0.01661,-0.07645,0.10967,104
8638,Technology & renewables,2023-04-28,1.30939,-0.20289,-0.31486,-0.09093,0.01172,-0.07971,0.10314,104
8639,Technology & renewables,2023-05-05,1.32418,-0.20608,-0.31811,-0.09406,0.01266,-0.07729,0.10261,104
8640,Technology & renewables,2023-05-12,1.30408,-0.20135,-0.31287,-0.08984,0.01401,-0.07599,0.10401,104
8641,Technology & renewables,2023-05-19,1.28941,-0.19447,-0.30725,-0.08169,0.02320,-0.06697,0.11336,104
8642,Technology & renewables,2023-05-26,1.28703,-0.19606,-0.30876,-0.08336,0.01927,-0.07158,0.11012,104
8643,Technology & renewables,2023-06-02,1.30161,-0.19633,-0.30899,-0.08367,0.01933,-0.07164,0.11029,104
8644,Technology & renewables,2023-06-09,1.30348,-0.19746,-0.31046,-0.08446,0.01830,-0.07274,0.10935,104
8645,Technology & renewables,2023-06-16,1.32768,-0.20188,-0.31527,-0.08850,0.01964,-0.07098,0.11025,104
8646,Technology & renewables,2023-06-23,1.35045,-0.20311,-0.31622,-0.09000,0.02466,-0.06592,0.11523,104
8647,Technology & renewables,2023-06-30,1.35244,-0.20372,-0.31667,-0.09078,0.02525,-0.06510,0.11560,104
8648,Technology & renewables,2023-07-07,1.34968,-0.20343,-0.31439,-0.09246,0.02075,-0.06891,0.11040,104
8649,Technology & renewables,2023-07-14,1.34655,-0.19900,-0.31032,-0.08769,0.02468,-0.06559,0.11495,104
8650,Technology & renewables,2023-07-21,1.33588,-0.19782,-0.30915,-0.08649,0.02542,-0.06481,0.11566,104
8651,Technology & renewables,2023-07-28,1.32995,-0.19139,-0.30369,-0.07909,0.03020,-0.06096,0.12137,104
8652,Technology & renewables,2023-08-04,1.36155,-0.21186,-0.31786,-0.10586,0.02293,-0.06188,0.10775,104
8653,Technology & renewables,2023-08-11,1.35336,-0.21137,-0.31733,-0.10541,0.02246,-0.06224,0.10716,104
8654,Technology & renewables,2023-08-18,1.36503,-0.21321,-0.31976,-0.10665,0.02097,-0.06446,0.10640,104
8655,Technology & renewables,2023-08-25,1.36144,-0.22175,-0.33072,-0.11278,0.00773,-0.07971,0.09517,104
8656,Technology & renewables,2023-09-01,1.34477,-0.22397,-0.33312,-0.11482,0.00663,-0.08049,0.09375,104
8657,Technology & renewables,2023-09-08,1.34304,-0.22641,-0.33604,-0.11679,0.00358,-0.08401,0.09118,104
8658,Technology & renewables,2023-09-15,1.32933,-0.22428,-0.33474,-0.11383,0.00868,-0.07923,0.09659,104
8659,Technology & renewables,2023-09-22,1.32729,-0.22502,-0.33578,-0.11427,0.00684,-0.08147,0.09516,104
8660,Technology & renewables,2023-09-29,1.34670,-0.22594,-0.33649,-0.11539,0.00798,-0.08028,0.09624,104
8661,Technology & renewables,2023-10-06,1.36849,-0.20363,-0.31725,-0.09000,0.04100,-0.05630,0.13829,104
8662,Technology & renewables,2023-10-13,1.34788,-0.20402,-0.31739,-0.09065,0.04479,-0.04974,0.13933,104
8663,Technology & renewables,2023-10-20,1.33665,-0.20282,-0.31459,-0.09105,0.04156,-0.05314,0.13626,104
8664,Technology & renewables,2023-10-27,1.36480,-0.20341,-0.31619,-0.09064,0.04523,-0.04966,0.14013,104
8665,Technology & renewables,2023-11-03,1.41307,-0.22803,-0.34931,-0.10674,0.02457,-0.07095,0.12008,104
8666,Technology & renewables,2023-11-10,1.40828,-0.22397,-0.34243,-0.10552,0.02676,-0.06707,0.12058,104
8667,Technology & renewables,2023-11-17,1.43416,-0.22823,-0.35060,-0.10585,0.02621,-0.06844,0.12087,104
8668,Technology & renewables,2023-11-24,1.42008,-0.22527,-0.34643,-0.10411,0.01654,-0.08027,0.11336,104
8669,Technology & renewables,2023-12-01,1.41611,-0.22773,-0.35014,-0.10533,0.01509,-0.08272,0.11289,104
8670,Technology & renewables,2023-12-08,1.41199,-0.22881,-0.35328,-0.10434,0.01524,-0.08515,0.11564,104
8671,Technology & renewables,2023-12-15,1.39588,-0.22737,-0.35104,-0.10369,0.01271,-0.08734,0.11277,104
8672,Technology & renewables,2023-12-22,1.39988,-0.22920,-0.35272,-0.10567,0.00752,-0.09305,0.10809,104
8673,Technology & renewables,2023-12-29,1.40378,-0.23532,-0.36070,-0.10995,0.00072,-0.10160,0.10303,104
8674,Technology & renewables,2024-01-05,1.39425,-0.23614,-0.36134,-0.11094,-0.00121,-0.10380,0.10138,104
8675,Technology & renewables,2024-01-12,1.36999,-0.22552,-0.34698,-0.10405,0.00578,-0.09565,0.10721,104
8676,Technology & renewables,2024-01-19,1.36576,-0.22405,-0.34643,-0.10168,0.00972,-0.09181,0.11124,104
8677,Technology & renewables,2024-01-26,1.34519,-0.20705,-0.32779,-0.08630,0.02515,-0.07523,0.12552,104
8678,Technology & renewables,2024-02-02,1.34153,-0.20557,-0.32529,-0.08584,0.02564,-0.07357,0.12485,104
8679,Technology & renewables,2024-02-09,1.36479,-0.21118,-0.32576,-0.09660,0.01302,-0.08443,0.11046,104
8680,Technology & renewables,2024-02-16,1.36297,-0.21187,-0.32617,-0.09756,0.01247,-0.08518,0.11013,104
8681,Technology & renewables,2024-02-23,1.37343,-0.21695,-0.32953,-0.10438,0.01142,-0.08483,0.10766,104
8682,Technology & renewables,2024-03-01,1.41397,-0.25250,-0.38530,-0.11969,0.01199,-0.10088,0.12485,104
8683,Technology & renewables,2024-03-08,1.38583,-0.23319,-0.35939,-0.10699,0.02811,-0.07736,0.13357,104
8684,Technology & renewables,2024-03-15,1.39775,-0.23623,-0.36691,-0.10554,0.03531,-0.07088,0.14151,104
8685,Technology & renewables,2024-03-22,1.39973,-0.20520,-0.34030,-0.07011,0.06469,-0.04031,0.16969,104
8686,Technology & renewables,2024-03-29,1.43114,-0.22728,-0.37449,-0.08007,0.07823,-0.03350,0.18996,104
8687,Technology & renewables,2024-04-05,1.44322,-0.23779,-0.38620,-0.08938,0.07255,-0.03946,0.18455,104
8688,Technology & renewables,2024-04-12,1.44895,-0.23464,-0.38198,-0.08729,0.07908,-0.03264,0.19080,104
8689,Technology & renewables,2024-04-19,1.47396,-0.23440,-0.38161,-0.08719,0.08745,-0.02259,0.19748,104
8690,Technology & renewables,2024-04-26,1.48317,-0.22668,-0.37289,-0.08046,0.10356,-0.00700,0.21413,104
8691,Technology & renewables,2024-05-03,1.44252,-0.21423,-0.35355,-0.07491,0.10364,-0.00347,0.21075,104
8692,Technology & renewables,2024-05-10,1.42643,-0.21093,-0.34845,-0.07341,0.10357,-0.00373,0.21087,104
8693,Technology & renewables,2024-05-17,1.42335,-0.20996,-0.34761,-0.07231,0.10254,-0.00484,0.20992,104
8694,Technology & renewables,2024-05-24,1.42752,-0.21302,-0.35047,-0.07557,0.09404,-0.01474,0.20282,104
8695,Technology & renewables,2024-05-31,1.44683,-0.21817,-0.35527,-0.08107,0.09325,-0.01528,0.20178,104
8696,Technology & renewables,2024-06-07,1.41968,-0.21017,-0.35172,-0.06863,0.10115,-0.00801,0.21031,104
8697,Technology & renewables,2024-06-14,1.37155,-0.20261,-0.34056,-0.06467,0.08343,-0.02787,0.19474,104
8698,Technology & renewables,2024-06-21,1.43989,-0.22509,-0.36209,-0.08809,0.07625,-0.03395,0.18645,104
8699,Technology & renewables,2024-06-28,1.44139,-0.22873,-0.36664,-0.09082,0.07365,-0.03712,0.18441,104
8700,Technology & renewables,2024-07-05,1.41408,-0.21825,-0.35777,-0.07874,0.08465,-0.02722,0.19652,104
8701,Technology & renewables,2024-07-12,1.42505,-0.22075,-0.36000,-0.08150,0.07892,-0.03476,0.19260,104
8702,Technology & renewables,2024-07-19,1.33937,-0.20131,-0.34132,-0.06129,0.07487,-0.03891,0.18864,104
8703,Technology & renewables,2024-07-26,1.34814,-0.20006,-0.34013,-0.05998,0.06842,-0.04676,0.18360,104
8704,Technology & renewables,2024-08-02,1.35802,-0.20810,-0.36543,-0.05077,0.08567,-0.04113,0.21248,104
8705,Technology & renewables,2024-08-09,1.36309,-0.19993,-0.35686,-0.04300,0.09222,-0.03384,0.21828,104
8706,Technology & renewables,2024-08-16,1.35728,-0.20207,-0.35882,-0.04532,0.08973,-0.03663,0.21609,104
8707,Technology & renewables,2024-08-23,1.35536,-0.19565,-0.35443,-0.03688,0.09759,-0.03005,0.22523,104
8708,Technology & renewables,2024-08-30,1.34891,-0.20091,-0.36077,-0.04105,0.08296,-0.04895,0.21487,104
8709,Technology & renewables,2024-09-06,1.43272,-0.20288,-0.36010,-0.04567,0.11121,-0.01531,0.23773,104
8710,Technology & renewables,2024-09-13,1.38221,-0.19495,-0.35267,-0.03722,0.10650,-0.02164,0.23464,104
8711,Technology & renewables,2024-09-20,1.40695,-0.19541,-0.35139,-0.03942,0.09100,-0.03873,0.22072,104
8712,Technology & renewables,2024-09-27,1.41576,-0.19387,-0.35040,-0.03733,0.09581,-0.03422,0.22584,104
8713,Technology & renewables,2024-10-04,1.38854,-0.21857,-0.37904,-0.05811,0.06749,-0.06850,0.20348,104
8714,Technology & renewables,2024-10-11,1.39763,-0.21524,-0.37721,-0.05327,0.06766,-0.07122,0.20653,104
8715,Technology & renewables,2024-10-18,1.38461,-0.21951,-0.37793,-0.06109,0.05816,-0.07775,0.19406,104
8716,Technology & renewables,2024-10-25,1.38815,-0.21691,-0.37458,-0.05923,0.06008,-0.07414,0.19430,104
8717,Technology & renewables,2024-11-01,1.37051,-0.21744,-0.37511,-0.05978,0.05501,-0.07916,0.18919,104
8718,Technology & renewables,2024-11-08,1.36834,-0.20743,-0.36896,-0.04589,0.06326,-0.07311,0.19963,104
8719,Technology & renewables,2024-11-15,1.35046,-0.20719,-0.36645,-0.04793,0.05305,-0.08573,0.19183,104
8720,Technology & renewables,2024-11-22,1.39867,-0.23642,-0.39066,-0.08218,0.04691,-0.08961,0.18344,104
8721,Technology & renewables,2024-11-29,1.40161,-0.24368,-0.39596,-0.09141,0.04335,-0.09299,0.17969,104
8722,Technology & renewables,2024-12-06,1.41510,-0.26612,-0.42749,-0.10474,0.03320,-0.11429,0.18070,104
8723,Technology & renewables,2024-12-13,1.42145,-0.26714,-0.42994,-0.10434,0.03522,-0.11191,0.18234,104
8724,Technology & renewables,2024-12-20,1.40094,-0.25910,-0.42152,-0.09668,0.04282,-0.10431,0.18995,104
8725,Technology & renewables,2024-12-27,1.41014,-0.26472,-0.43189,-0.09756,0.04388,-0.10492,0.19267,104
8726,Technology & renewables,2025-01-03,1.33781,-0.21240,-0.37701,-0.04780,0.09444,-0.05118,0.24005,104
8727,Technology & renewables,2025-01-10,1.36624,-0.23783,-0.41008,-0.06558,0.08564,-0.06500,0.23627,104
8728,Technology & renewables,2025-01-17,1.34152,-0.22813,-0.39766,-0.05860,0.09241,-0.05679,0.24162,104
8729,Technology & renewables,2025-01-24,1.33777,-0.22706,-0.39589,-0.05822,0.09295,-0.05541,0.24130,104
8730,Technology & renewables,2025-01-31,1.32922,-0.22247,-0.40013,-0.04480,0.10936,-0.04358,0.26230,104
8731,Technology & renewables,2025-02-07,1.29340,-0.19972,-0.37350,-0.02594,0.12626,-0.02433,0.27684,104
8732,Technology & renewables,2025-02-14,1.29310,-0.19879,-0.37404,-0.02354,0.12739,-0.02481,0.27960,104
8733,Technology & renewables,2025-02-21,1.28851,-0.19722,-0.37157,-0.02287,0.12775,-0.02434,0.27983,104
8734,Technology & renewables,2025-02-28,1.28865,-0.19637,-0.37151,-0.02123,0.12563,-0.02712,0.27838,104
8735,Technology & renewables,2025-03-07,1.28121,-0.18539,-0.36012,-0.01066,0.12606,-0.02648,0.27859,104
8736,Technology & renewables,2025-03-14,1.33503,-0.17432,-0.35428,0.00564,0.11660,-0.05081,0.28400,104
8737,Technology & renewables,2025-03-21,1.33991,-0.17724,-0.35829,0.00381,0.12209,-0.04496,0.28914,104
8738,Technology & renewables,2025-03-28,1.33201,-0.19021,-0.36994,-0.01047,0.08662,-0.08046,0.25369,104
8739,Technology & renewables,2025-04-04,1.38151,-0.20152,-0.38076,-0.02227,0.15758,0.00525,0.30991,104
8740,Technology & renewables,2025-04-11,1.39489,-0.20243,-0.38025,-0.02462,0.15614,0.00370,0.30858,104
8741,Technology & renewables,2025-04-18,1.39477,-0.22378,-0.40479,-0.04276,0.13886,-0.01797,0.29569,104
8742,Technology & renewables,2025-04-25,1.36688,-0.21177,-0.39450,-0.02904,0.14777,-0.00858,0.30413,104
8743,Technology & renewables,2025-05-02,1.22056,-0.12755,-0.33892,0.08382,0.15116,-0.01762,0.31994,104
8744,Technology & renewables,2025-05-09,1.18827,-0.10281,-0.33955,0.13394,0.16413,-0.01793,0.34619,104
8745,Technology & renewables,2025-05-16,1.18390,-0.10643,-0.34277,0.12990,0.16509,-0.01698,0.34716,104
8746,Technology & renewables,2025-05-23,1.18662,-0.10660,-0.34445,0.13125,0.16852,-0.01381,0.35085,104
8747,Technology & renewables,2025-05-30,1.17545,-0.10144,-0.33919,0.13631,0.17093,-0.01135,0.35321,104
8748,Technology & renewables,2025-06-06,1.17240,-0.09202,-0.32959,0.14555,0.18124,-0.00021,0.36269,104
8749,Technology & renewables,2025-06-13,1.17171,-0.10256,-0.32875,0.12362,0.16852,-0.00122,0.33827,104
8750,Technology & renewables,2025-06-20,1.14722,-0.09814,-0.32255,0.12627,0.15743,-0.01300,0.32786,104
8751,Technology & renewables,2025-06-27,1.15421,-0.13943,-0.36328,0.08442,0.11400,-0.05944,0.28744,104
8752,Technology & renewables,2025-07-04,1.16586,-0.14005,-0.37223,0.09214,0.12464,-0.04950,0.29879,104
8753,Technology & renewables,2025-07-11,1.17011,-0.14424,-0.37162,0.08313,0.11945,-0.05213,0.29104,104
8754,Technology & renewables,2025-07-18,1.17522,-0.14528,-0.37329,0.08273,0.11817,-0.05350,0.28985,104
8755,Technology & renewables,2025-07-25,1.18698,-0.15789,-0.38928,0.07349,0.11181,-0.06124,0.28486,104
8756,Technology & renewables,2025-08-01,1.19961,-0.16028,-0.39133,0.07077,0.11054,-0.06227,0.28336,104
8757,Technology & renewables,2025-08-08,1.20316,-0.15518,-0.38078,0.07043,0.11062,-0.05955,0.28079,104
8758,Technology & renewables,2025-08-15,1.19940,-0.16127,-0.38686,0.06431,0.10094,-0.07124,0.27313,104
8759,Technology & renewables,2025-08-22,1.18866,-0.16117,-0.38613,0.06379,0.10043,-0.07172,0.27258,104
8760,Technology & renewables,2025-08-29,1.21132,-0.15734,-0.38197,0.06729,0.10378,-0.06731,0.27488,104
8761,Technology & renewables,2025-09-05,1.19813,-0.14864,-0.37279,0.07551,0.11280,-0.05735,0.28295,104
8762,Technology & renewables,2025-09-12,1.19729,-0.14913,-0.37344,0.07518,0.10953,-0.06244,0.28149,104
8763,Technology & renewables,2025-09-19,1.18880,-0.14822,-0.37232,0.07589,0.10861,-0.06348,0.28070,104
8764,Technology & renewables,2025-09-26,1.17447,-0.14323,-0.36909,0.08262,0.11151,-0.06182,0.28485,104
8765,Technology & renewables,2025-10-03,1.15260,-0.18825,-0.40827,0.03177,0.04979,-0.11453,0.21411,104
8766,Technology & renewables,2025-10-10,1.16024,-0.19383,-0.41439,0.02673,0.03062,-0.13876,0.20000,104
8767,Technology & renewables,2025-10-17,1.14235,-0.18893,-0.41130,0.03344,0.03843,-0.13023,0.20709,104
8768,Technology & renewables,2025-10-24,1.13093,-0.19098,-0.40836,0.02640,0.03067,-0.13581,0.19716,104
8769,Technology & renewables,2025-10-31,1.02952,-0.14057,-0.33570,0.05456,0.07219,-0.08788,0.23227,104
8770,Technology & renewables,2025-11-07,1.03278,-0.14555,-0.34384,0.05274,0.06970,-0.09216,0.23156,104
8771,Technology & renewables,2025-11-14,0.99572,-0.13635,-0.32999,0.05729,0.07202,-0.08878,0.23282,104
8772,Technology & renewables,2025-11-21,1.01605,-0.13995,-0.33635,0.05644,0.07507,-0.08489,0.23504,104
8773,Technology & renewables,2025-11-28,1.03748,-0.13950,-0.33755,0.05855,0.08024,-0.07960,0.24008,104
8774,Technology & renewables,2025-12-05,1.04331,-0.13202,-0.33042,0.06638,0.08914,-0.07091,0.24919,104
8775,Technology & renewables,2025-12-12,1.04898,-0.13632,-0.33139,0.05875,0.08310,-0.07509,0.24129,104
8776,Technology & renewables,2025-12-19,1.02833,-0.12663,-0.32025,0.06699,0.09018,-0.06797,0.24833,104
8777,Technology & renewables,2025-12-26,1.02216,-0.12309,-0.31660,0.07041,0.09290,-0.06495,0.25075,104
8778,Technology & renewables,2026-01-02,1.03458,-0.11547,-0.30913,0.07819,0.09989,-0.05889,0.25867,104
8779,Technology & renewables,2026-01-09,1.06089,-0.11531,-0.30766,0.07704,0.10197,-0.05574,0.25968,104
8780,Technology & renewables,2026-01-16,1.02798,-0.10848,-0.29953,0.08257,0.10494,-0.05312,0.26300,104
8781,Technology & renewables,2026-01-23,1.03245,-0.12481,-0.31611,0.06650,0.08773,-0.06983,0.24529,104
8782,Technology & renewables,2026-01-30,1.03463,-0.14984,-0.34415,0.04447,0.06002,-0.10240,0.22244,104
8783,Technology & renewables,2026-02-06,0.97697,-0.12568,-0.31938,0.06801,0.08179,-0.08204,0.24563,104
8784,Technology & renewables,2026-02-13,0.97226,-0.12167,-0.31385,0.07050,0.08347,-0.08048,0.24741,104
8785,Technology & renewables,2026-02-20,0.97026,-0.12459,-0.31653,0.06734,0.08572,-0.07575,0.24719,104
8786,Technology & renewables,2026-02-27,0.97244,-0.12808,-0.31978,0.06361,0.08226,-0.07913,0.24364,104
8787,Technology & renewables,2026-03-06,0.93967,-0.09875,-0.23610,0.03859,0.05291,-0.07244,0.17827,104
8788,Technology & renewables,2026-03-13,0.93932,-0.10302,-0.23541,0.02937,0.04881,-0.07078,0.16839,104
8789,Technology & renewables,2026-03-20,0.94583,-0.10802,-0.23808,0.02204,0.04282,-0.07370,0.15933,104
8790,Technology & renewables,2026-03-27,0.94347,-0.10784,-0.23774,0.02206,0.04259,-0.07387,0.15906,104
8791,Technology & renewables,2026-04-03,0.94917,-0.10501,-0.22078,0.01076,0.02529,-0.08628,0.13687,104
8792,Technology & renewables,2026-04-10,0.93405,-0.10710,-0.22195,0.00774,0.02163,-0.08942,0.13269,104
8793,Technology & renewables,2026-04-17,0.78221,-0.11046,-0.22120,0.00027,0.00010,-0.12087,0.12106,104
8794,Technology & renewables,2026-04-24,0.75087,-0.11113,-0.21252,-0.00974,-0.01068,-0.12295,0.10159,104
8795,Technology & renewables,2026-05-01,0.73938,-0.08813,-0.19041,0.01414,0.01263,-0.09802,0.12328,104
8796,Technology & renewables,2026-05-08,0.72717,-0.09108,-0.18840,0.00624,0.01174,-0.09235,0.11582,104
8797,Technology & renewables,2026-05-15,0.72771,-0.09192,-0.18845,0.00462,0.01284,-0.08977,0.11546,104
8798,Technology & renewables,2026-05-22,0.74328,-0.09825,-0.19403,-0.00247,0.00652,-0.09448,0.10752,104
8799,Technology & renewables,2026-05-29,0.72676,-0.09980,-0.19365,-0.00594,0.00497,-0.09205,0.10200,104
8800,Technology & renewables,2026-06-05,0.73123,-0.10264,-0.19835,-0.00692,0.00202,-0.09613,0.10017,104
8801,Technology & renewables,2026-06-12,0.74277,-0.09451,-0.18938,0.00036,0.01417,-0.08189,0.11023,104
8802,Technology & renewables,2026-06-19,0.73674,-0.09250,-0.18630,0.00129,0.02009,-0.07247,0.11265,104
8803,Technology & renewables,2026-06-26,0.73968,-0.08620,-0.17902,0.00662,0.02694,-0.06350,0.11737,104
8804,Technology & renewables,2026-07-03,0.75735,-0.08929,-0.18206,0.00349,0.02658,-0.06351,0.11666,104
8805,Technology & renewables,2026-07-10,0.76689,-0.09849,-0.19373,-0.00325,0.01780,-0.07213,0.10773,104
8806,Technology & renewables,2026-07-17,0.78527,-0.10838,-0.20011,-0.01665,0.00712,-0.07843,0.09266,104
8807,Technology & renewables,2026-07-24,0.78104,-0.10946,-0.20076,-0.01816,0.00685,-0.07765,0.09134,104
8808,Technology & renewables,2026-07-31,0.77937,-0.11227,-0.20268,-0.02186,0.00032,-0.08400,0.08463,104
8809,Technology & renewables,2026-08-07,0.78659,-0.11670,-0.20746,-0.02594,-0.00451,-0.08792,0.07891,104
8810,Technology & renewables,2026-08-14,0.83403,-0.11510,-0.20696,-0.02324,0.00608,-0.07666,0.08882,104
8811,Technology & renewables,2026-08-21,0.82964,-0.11544,-0.20609,-0.02479,0.00370,-0.07828,0.08568,104
8812,Technology & renewables,2026-08-28,0.83309,-0.11767,-0.20801,-0.02734,0.00105,-0.07996,0.08206,104
8813,Technology & renewables,2026-09-04,0.78596,-0.12483,-0.21230,-0.03735,-0.02054,-0.10014,0.05906,104
8814,Technology & renewables,2026-09-11,0.77476,-0.12344,-0.20859,-0.03829,-0.02254,-0.10122,0.05614,104
8815,Investment companies,2009-07-31,0.85396,-0.02946,-0.15508,0.09616,0.45298,0.34457,0.56139,101
8816,Investment companies,2009-08-07,0.85434,-0.03027,-0.15586,0.09532,0.45239,0.34346,0.56132,101
8817,Investment companies,2009-08-14,0.85340,-0.02926,-0.15492,0.09641,0.45270,0.34372,0.56168,101
8818,Investment companies,2009-08-21,0.85800,-0.03169,-0.15682,0.09344,0.45323,0.34450,0.56196,101
8819,Investment companies,2009-08-28,0.86092,-0.03420,-0.15789,0.08950,0.45133,0.34306,0.55959,101
8820,Investment companies,2009-09-04,0.85991,-0.03247,-0.15418,0.08923,0.44822,0.34123,0.55522,101
8821,Investment companies,2009-09-11,0.85432,-0.03046,-0.15282,0.09190,0.44801,0.34108,0.55493,101
8822,Investment companies,2009-09-18,0.85434,-0.02951,-0.15183,0.09281,0.45088,0.34407,0.55770,101
8823,Investment companies,2009-09-25,0.85642,-0.03294,-0.15098,0.08511,0.44188,0.33769,0.54606,101
8824,Investment companies,2009-10-02,0.85454,-0.03111,-0.14799,0.08577,0.43886,0.33499,0.54272,101
8825,Investment companies,2009-10-09,0.84397,-0.02771,-0.14519,0.08977,0.43939,0.33569,0.54310,101
8826,Investment companies,2009-10-16,0.83350,-0.00981,-0.13388,0.11426,0.44750,0.34084,0.55415,101
8827,Investment companies,2009-10-23,0.83326,-0.00677,-0.13145,0.11791,0.45027,0.34250,0.55803,101
8828,Investment companies,2009-10-30,0.83342,-0.00727,-0.13191,0.11737,0.45204,0.34479,0.55930,101
8829,Investment companies,2009-11-06,0.83239,-0.00767,-0.13267,0.11733,0.45112,0.34403,0.55822,101
8830,Investment companies,2009-11-13,0.83158,-0.00699,-0.13182,0.11784,0.45015,0.34278,0.55753,101
8831,Investment companies,2009-11-20,0.82770,-0.00365,-0.13221,0.12491,0.45408,0.34535,0.56282,101
8832,Investment companies,2009-11-27,0.84113,-0.01876,-0.14455,0.10703,0.45921,0.35240,0.56602,101
8833,Investment companies,2009-12-04,0.84106,-0.01878,-0.14460,0.10704,0.45926,0.35245,0.56608,101
8834,Investment companies,2009-12-11,0.83210,-0.00886,-0.13642,0.11870,0.45767,0.34997,0.56538,101
8835,Investment companies,2009-12-18,0.83201,-0.00695,-0.13546,0.12157,0.45948,0.35107,0.56789,101
8836,Investment companies,2009-12-25,0.82939,-0.00752,-0.13645,0.12141,0.45741,0.34969,0.56513,101
8837,Investment companies,2010-01-01,0.83036,-0.00722,-0.13699,0.12255,0.46030,0.35236,0.56824,101
8838,Investment companies,2010-01-08,0.82019,-0.00679,-0.13569,0.12211,0.45139,0.34511,0.55767,101
8839,Investment companies,2010-01-15,0.83952,-0.01874,-0.14298,0.10550,0.44575,0.34057,0.55093,101
8840,Investment companies,2010-01-22,0.83929,-0.01950,-0.14362,0.10461,0.44694,0.34269,0.55119,101
8841,Investment companies,2010-01-29,0.83840,-0.01886,-0.14229,0.10456,0.44588,0.34159,0.55018,101
8842,Investment companies,2010-02-05,0.84594,-0.02684,-0.14854,0.09485,0.44471,0.34128,0.54813,101
8843,Investment companies,2010-02-12,0.84943,-0.02595,-0.14575,0.09385,0.44101,0.33744,0.54458,101
8844,Investment companies,2010-02-19,0.84881,-0.02995,-0.14907,0.08917,0.43667,0.33458,0.53875,101
8845,Investment companies,2010-02-26,0.84918,-0.03135,-0.15036,0.08766,0.43652,0.33460,0.53843,101
8846,Investment companies,2010-03-05,0.84366,-0.03038,-0.15074,0.08998,0.43927,0.33742,0.54113,101
8847,Investment companies,2010-03-12,0.84573,-0.03280,-0.15354,0.08793,0.44063,0.33878,0.54248,101
8848,Investment companies,2010-03-19,0.84605,-0.03401,-0.15510,0.08709,0.44022,0.33800,0.54243,101
8849,Investment companies,2010-03-26,0.84742,-0.03582,-0.15616,0.08451,0.43738,0.33532,0.53944,101
8850,Investment companies,2010-04-02,0.85083,-0.03527,-0.15506,0.08452,0.43781,0.33583,0.53979,101
8851,Investment companies,2010-04-09,0.84938,-0.03467,-0.15501,0.08566,0.43931,0.33721,0.54140,101
8852,Investment companies,2010-04-16,0.85026,-0.03356,-0.15420,0.08708,0.43978,0.33674,0.54282,101
8853,Investment companies,2010-04-23,0.84930,-0.03396,-0.15467,0.08675,0.43854,0.33574,0.54133,101
8854,Investment companies,2010-04-30,0.85067,-0.03487,-0.15612,0.08638,0.43920,0.33643,0.54196,101
8855,Investment companies,2010-05-07,0.86098,-0.04560,-0.16317,0.07197,0.44675,0.34758,0.54593,101
8856,Investment companies,2010-05-14,0.87038,-0.05119,-0.16642,0.06403,0.44552,0.34679,0.54426,101
8857,Investment companies,2010-05-21,0.87659,-0.04855,-0.16496,0.06785,0.45778,0.35670,0.55886,101
8858,Investment companies,2010-05-28,0.87656,-0.04821,-0.16447,0.06805,0.45851,0.35728,0.55974,101
8859,Investment companies,2010-06-04,0.87745,-0.04935,-0.16791,0.06922,0.46520,0.36271,0.56768,101
8860,Investment companies,2010-06-11,0.87739,-0.05097,-0.16939,0.06746,0.46357,0.36178,0.56537,101
8861,Investment companies,2010-06-18,0.87903,-0.05166,-0.16963,0.06631,0.46294,0.36159,0.56430,101
8862,Investment companies,2010-06-25,0.87454,-0.04666,-0.16810,0.07479,0.47051,0.36820,0.57281,101
8863,Investment companies,2010-07-02,0.89716,-0.05526,-0.17863,0.06812,0.48258,0.37704,0.58812,101
8864,Investment companies,2010-07-09,0.89858,-0.05293,-0.17538,0.06953,0.48972,0.38295,0.59649,101
8865,Investment companies,2010-07-16,0.89392,-0.04251,-0.16956,0.08454,0.50285,0.39221,0.61349,101
8866,Investment companies,2010-07-23,0.89179,-0.03947,-0.16864,0.08970,0.50609,0.39422,0.61796,101
8867,Investment companies,2010-07-30,0.89036,-0.03806,-0.16833,0.09222,0.50628,0.39427,0.61829,101
8868,Investment companies,2010-08-06,0.89578,-0.04916,-0.17953,0.08122,0.50953,0.39827,0.62079,101
8869,Investment companies,2010-08-13,0.89598,-0.04995,-0.17949,0.07958,0.50950,0.39946,0.61954,101
8870,Investment companies,2010-08-20,0.89820,-0.05088,-0.17982,0.07806,0.50906,0.39915,0.61897,101
8871,Investment companies,2010-08-27,0.89583,-0.04749,-0.17625,0.08128,0.50851,0.39846,0.61856,101
8872,Investment companies,2010-09-03,0.88660,-0.03825,-0.17134,0.09484,0.49999,0.38540,0.61458,101
8873,Investment companies,2010-09-10,0.89499,-0.05118,-0.18172,0.07937,0.49570,0.38485,0.60654,101
8874,Investment companies,2010-09-17,0.88452,-0.04244,-0.17482,0.08995,0.50041,0.38836,0.61246,101
8875,Investment companies,2010-09-24,0.88891,-0.04501,-0.18433,0.09431,0.51138,0.39943,0.62334,101
8876,Investment companies,2010-10-01,0.88725,-0.04874,-0.19026,0.09279,0.50301,0.39145,0.61458,101
8877,Investment companies,2010-10-08,0.84368,-0.04843,-0.19080,0.09395,0.41920,0.30705,0.53135,101
8878,Investment companies,2010-10-15,0.85273,-0.03037,-0.16725,0.10651,0.43899,0.32026,0.55772,101
8879,Investment companies,2010-10-22,0.84842,-0.04009,-0.18463,0.10446,0.42223,0.30193,0.54254,101
8880,Investment companies,2010-10-29,0.82784,-0.03496,-0.17654,0.10662,0.40807,0.28541,0.53073,101
8881,Investment companies,2010-11-05,0.77346,0.02782,-0.09563,0.15127,0.46899,0.35499,0.58299,101
8882,Investment companies,2010-11-12,0.79193,0.02022,-0.10367,0.14410,0.46046,0.34768,0.57325,101
8883,Investment companies,2010-11-19,0.79195,0.01935,-0.10744,0.14614,0.42663,0.31095,0.54232,101
8884,Investment companies,2010-11-26,0.86087,-0.00196,-0.14476,0.14083,0.41395,0.30939,0.51850,101
8885,Investment companies,2010-12-03,0.85303,0.07113,-0.06926,0.21153,0.49433,0.40265,0.58602,101
8886,Investment companies,2010-12-10,0.85212,0.06668,-0.07714,0.21049,0.48385,0.38454,0.58316,101
8887,Investment companies,2010-12-17,0.88243,0.04189,-0.11346,0.19725,0.49055,0.38798,0.59311,101
8888,Investment companies,2010-12-24,0.87284,0.06391,-0.09060,0.21842,0.52204,0.41858,0.62549,101
8889,Investment companies,2010-12-31,0.86963,0.05498,-0.10418,0.21414,0.49132,0.37624,0.60639,101
8890,Investment companies,2011-01-07,0.86399,0.06823,-0.08954,0.22600,0.50610,0.39078,0.62141,101
8891,Investment companies,2011-01-14,0.85884,0.07428,-0.09182,0.24039,0.52000,0.40442,0.63558,101
8892,Investment companies,2011-01-21,0.80506,0.10613,-0.07127,0.28354,0.53393,0.41526,0.65260,101
8893,Investment companies,2011-01-28,0.82360,0.08717,-0.09795,0.27229,0.53728,0.41828,0.65628,101
8894,Investment companies,2011-02-04,0.81381,0.09258,-0.09349,0.27865,0.53700,0.41803,0.65597,101
8895,Investment companies,2011-02-11,0.81363,0.09265,-0.09344,0.27875,0.53684,0.41781,0.65587,101
8896,Investment companies,2011-02-18,0.77409,0.10057,-0.08454,0.28567,0.49839,0.37001,0.62678,101
8897,Investment companies,2011-02-25,0.76124,0.11708,-0.04238,0.27654,0.50620,0.38395,0.62845,101
8898,Investment companies,2011-03-04,0.74363,0.12182,-0.03326,0.27690,0.49084,0.36527,0.61640,101
8899,Investment companies,2011-03-11,0.68689,0.15522,0.02633,0.28411,0.50171,0.37733,0.62608,101
8900,Investment companies,2011-03-18,0.68445,0.17799,0.04747,0.30851,0.52538,0.40401,0.64676,101
8901,Investment companies,2011-03-25,0.70389,0.16981,0.03775,0.30187,0.52640,0.40591,0.64689,101
8902,Investment companies,2011-04-01,0.70499,0.16782,0.03543,0.30021,0.52565,0.40517,0.64612,101
8903,Investment companies,2011-04-08,0.71683,0.16376,0.03488,0.29263,0.51264,0.39372,0.63156,101
8904,Investment companies,2011-04-15,0.71861,0.16277,0.03118,0.29436,0.51549,0.39766,0.63333,101
8905,Investment companies,2011-04-22,0.71860,0.16275,0.03151,0.29399,0.51562,0.39842,0.63281,102
8906,Investment companies,2011-04-29,0.71939,0.16309,0.03179,0.29440,0.51768,0.40092,0.63445,103
8907,Investment companies,2011-05-06,0.72127,0.15999,0.04572,0.27425,0.49134,0.38897,0.59371,104
8908,Investment companies,2011-05-13,0.73321,0.15613,0.04031,0.27195,0.48996,0.38726,0.59266,104
8909,Investment companies,2011-05-20,0.73812,0.13691,0.01320,0.26063,0.47400,0.36600,0.58200,104
8910,Investment companies,2011-05-27,0.72933,0.15917,0.04015,0.27820,0.49504,0.38665,0.60343,104
8911,Investment companies,2011-06-03,0.72890,0.15300,0.03375,0.27225,0.48826,0.38030,0.59621,104
8912,Investment companies,2011-06-10,0.74114,0.14640,0.02708,0.26572,0.48324,0.37530,0.59118,104
8913,Investment companies,2011-06-17,0.72107,0.14967,0.03178,0.26756,0.47255,0.36458,0.58051,104
8914,Investment companies,2011-06-24,0.72833,0.14704,0.03122,0.26286,0.46964,0.36601,0.57328,104
8915,Investment companies,2011-07-01,0.72542,0.15332,0.03623,0.27041,0.48374,0.38097,0.58651,104
8916,Investment companies,2011-07-08,0.71129,0.16071,0.04636,0.27506,0.46323,0.35331,0.57315,104
8917,Investment companies,2011-07-15,0.71325,0.16093,0.04655,0.27530,0.45294,0.34093,0.56496,104
8918,Investment companies,2011-07-22,0.72521,0.16718,0.05222,0.28214,0.45984,0.34753,0.57216,104
8919,Investment companies,2011-07-29,0.72090,0.16735,0.05252,0.28217,0.46013,0.34797,0.57229,104
8920,Investment companies,2011-08-05,0.68262,0.17306,0.06015,0.28598,0.48046,0.36779,0.59313,104
8921,Investment companies,2011-08-12,0.67907,0.17705,0.06255,0.29154,0.48235,0.36992,0.59477,104
8922,Investment companies,2011-08-19,0.63628,0.19683,0.07354,0.32013,0.48193,0.36637,0.59748,104
8923,Investment companies,2011-08-26,0.62278,0.20348,0.08129,0.32567,0.48483,0.36928,0.60038,104
8924,Investment companies,2011-09-02,0.62321,0.20596,0.07948,0.33245,0.49267,0.37211,0.61323,104
8925,Investment companies,2011-09-09,0.62137,0.20759,0.07811,0.33707,0.49253,0.37206,0.61300,104
8926,Investment companies,2011-09-16,0.61068,0.21720,0.08503,0.34936,0.49161,0.37054,0.61267,104
8927,Investment companies,2011-09-23,0.58573,0.23594,0.09765,0.37422,0.52006,0.39616,0.64396,104
8928,Investment companies,2011-09-30,0.57358,0.24652,0.10087,0.39216,0.52969,0.40438,0.65500,104
8929,Investment companies,2011-10-07,0.59659,0.23143,0.08811,0.37476,0.51716,0.39161,0.64271,104
8930,Investment companies,2011-10-14,0.58997,0.19037,0.05434,0.32639,0.49447,0.35758,0.63137,104
8931,Investment companies,2011-10-21,0.67382,0.10522,-0.12435,0.33480,0.44466,0.26387,0.62544,104
8932,Investment companies,2011-10-28,0.69916,0.09360,-0.15197,0.33918,0.44264,0.25867,0.62660,104
8933,Investment companies,2011-11-04,0.69060,0.10084,-0.13593,0.33761,0.44346,0.26068,0.62624,104
8934,Investment companies,2011-11-11,0.69214,0.09762,-0.14447,0.33972,0.44258,0.25871,0.62645,104
8935,Investment companies,2011-11-18,0.68912,0.10368,-0.13623,0.34359,0.44898,0.26982,0.62814,104
8936,Investment companies,2011-11-25,0.69201,0.10091,-0.13548,0.33730,0.45164,0.27262,0.63065,104
8937,Investment companies,2011-12-02,0.69287,0.10065,-0.13345,0.33474,0.45975,0.28133,0.63817,104
8938,Investment companies,2011-12-09,0.71143,0.07640,-0.16896,0.32176,0.46422,0.28096,0.64748,104
8939,Investment companies,2011-12-16,0.71364,0.08203,-0.16213,0.32619,0.47160,0.29205,0.65116,104
8940,Investment companies,2011-12-23,0.70899,0.08124,-0.16261,0.32508,0.47170,0.29363,0.64977,104
8941,Investment companies,2011-12-30,0.71338,0.07492,-0.16953,0.31938,0.46928,0.29066,0.64791,104
8942,Investment companies,2012-01-06,0.71085,0.07385,-0.16931,0.31701,0.46374,0.28526,0.64221,104
8943,Investment companies,2012-01-13,0.70611,0.08590,-0.15865,0.33045,0.47480,0.29499,0.65461,104
8944,Investment companies,2012-01-20,0.71123,0.08022,-0.16451,0.32495,0.46488,0.27978,0.64998,104
8945,Investment companies,2012-01-27,0.71108,0.08060,-0.16928,0.33048,0.46916,0.28310,0.65522,104
8946,Investment companies,2012-02-03,0.71747,0.08238,-0.16796,0.33273,0.47421,0.28775,0.66068,104
8947,Investment companies,2012-02-10,0.71553,0.08328,-0.17546,0.34201,0.48367,0.29603,0.67131,104
8948,Investment companies,2012-02-17,0.71681,0.09605,-0.16594,0.35804,0.49645,0.30756,0.68534,104
8949,Investment companies,2012-02-24,0.71894,0.09438,-0.16478,0.35354,0.49230,0.30496,0.67964,104
8950,Investment companies,2012-03-02,0.73309,0.09142,-0.16721,0.35005,0.49150,0.30524,0.67777,104
8951,Investment companies,2012-03-09,0.73763,0.08715,-0.17148,0.34578,0.48912,0.30264,0.67560,104
8952,Investment companies,2012-03-16,0.73440,0.08924,-0.16748,0.34596,0.48878,0.30243,0.67513,104
8953,Investment companies,2012-03-23,0.72506,0.09641,-0.16256,0.35538,0.49258,0.30615,0.67901,104
8954,Investment companies,2012-03-30,0.72942,0.08866,-0.17002,0.34734,0.48828,0.30129,0.67527,104
8955,Investment companies,2012-04-06,0.73147,0.08913,-0.16945,0.34771,0.48863,0.30147,0.67579,104
8956,Investment companies,2012-04-13,0.73328,0.08927,-0.16970,0.34824,0.49101,0.30418,0.67783,104
8957,Investment companies,2012-04-20,0.75032,0.07308,-0.18199,0.32816,0.47933,0.29294,0.66572,104
8958,Investment companies,2012-04-27,0.74951,0.07305,-0.18277,0.32887,0.47861,0.29210,0.66511,104
8959,Investment companies,2012-05-04,0.73876,0.06173,-0.19129,0.31476,0.43413,0.24043,0.62783,104
8960,Investment companies,2012-05-11,0.72310,0.07437,-0.18796,0.33670,0.44376,0.24848,0.63904,104
8961,Investment companies,2012-05-18,0.70782,0.06292,-0.19764,0.32349,0.41849,0.22568,0.61131,104
8962,Investment companies,2012-05-25,0.70024,0.06566,-0.19453,0.32585,0.41513,0.22172,0.60855,104
8963,Investment companies,2012-06-01,0.70344,0.05531,-0.19556,0.30619,0.40582,0.22256,0.58908,104
8964,Investment companies,2012-06-08,0.70284,0.05941,-0.19157,0.31039,0.41012,0.22477,0.59547,104
8965,Investment companies,2012-06-15,0.71333,0.04881,-0.20216,0.29978,0.40396,0.21653,0.59139,104
8966,Investment companies,2012-06-22,0.67957,0.08599,-0.16365,0.33562,0.41601,0.23439,0.59764,104
8967,Investment companies,2012-06-29,0.66220,0.05349,-0.18891,0.29590,0.37410,0.21537,0.53284,104
8968,Investment companies,2012-07-06,0.63965,0.05314,-0.18931,0.29558,0.35382,0.19421,0.51342,104
8969,Investment companies,2012-07-13,0.63564,0.05495,-0.18704,0.29694,0.35459,0.19575,0.51343,104
8970,Investment companies,2012-07-20,0.64320,0.05355,-0.18723,0.29433,0.35306,0.19525,0.51086,104
8971,Investment companies,2012-07-27,0.64371,0.05277,-0.18759,0.29313,0.35241,0.19476,0.51007,104
8972,Investment companies,2012-08-03,0.65571,0.04848,-0.19172,0.28867,0.34990,0.19187,0.50793,104
8973,Investment companies,2012-08-10,0.65888,0.03846,-0.20356,0.28049,0.33447,0.17050,0.49844,104
8974,Investment companies,2012-08-17,0.66452,0.03684,-0.20515,0.27884,0.33548,0.17097,0.49999,104
8975,Investment companies,2012-08-24,0.67006,0.03228,-0.21133,0.27589,0.33734,0.17223,0.50244,104
8976,Investment companies,2012-08-31,0.72009,0.00863,-0.23633,0.25359,0.33753,0.17056,0.50450,104
8977,Investment companies,2012-09-07,0.70853,0.01735,-0.22568,0.26038,0.34003,0.17363,0.50643,104
8978,Investment companies,2012-09-14,0.70838,0.01687,-0.22644,0.26019,0.33954,0.17338,0.50570,104
8979,Investment companies,2012-09-21,0.72181,0.00135,-0.23219,0.23489,0.31970,0.15539,0.48401,104
8980,Investment companies,2012-09-28,0.72399,-0.00147,-0.23936,0.23641,0.32173,0.15407,0.48938,104
8981,Investment companies,2012-10-05,0.71960,0.00001,-0.23765,0.23767,0.32039,0.15300,0.48778,104
8982,Investment companies,2012-10-12,0.73501,-0.01196,-0.25187,0.22795,0.31627,0.14769,0.48485,104
8983,Investment companies,2012-10-19,0.74404,-0.02290,-0.25979,0.21398,0.30433,0.13588,0.47278,104
8984,Investment companies,2012-10-26,0.74039,-0.02166,-0.25935,0.21604,0.30443,0.13613,0.47273,104
8985,Investment companies,2012-11-02,0.75035,-0.04615,-0.28469,0.19238,0.27842,0.10619,0.45065,104
8986,Investment companies,2012-11-09,0.75611,-0.04908,-0.28696,0.18880,0.27310,0.09995,0.44625,104
8987,Investment companies,2012-11-16,0.75567,-0.04843,-0.28678,0.18991,0.27289,0.09869,0.44708,104
8988,Investment companies,2012-11-23,0.74760,-0.04469,-0.28255,0.19318,0.27496,0.10089,0.44902,104
8989,Investment companies,2012-11-30,0.74457,-0.05185,-0.29258,0.18888,0.26338,0.08514,0.44162,104
8990,Investment companies,2012-12-07,0.74733,-0.05640,-0.29328,0.18047,0.25637,0.07964,0.43310,104
8991,Investment companies,2012-12-14,0.74547,-0.05585,-0.29264,0.18095,0.25536,0.07895,0.43177,104
8992,Investment companies,2012-12-21,0.74373,-0.06006,-0.29696,0.17685,0.24681,0.06937,0.42426,104
8993,Investment companies,2012-12-28,0.74016,-0.05690,-0.29410,0.18029,0.24813,0.07059,0.42568,104
8994,Investment companies,2013-01-04,0.74462,-0.05830,-0.29461,0.17801,0.24927,0.07145,0.42709,104
8995,Investment companies,2013-01-11,0.74638,-0.06343,-0.30241,0.17554,0.24767,0.06708,0.42826,104
8996,Investment companies,2013-01-18,0.77064,-0.07154,-0.30949,0.16640,0.24856,0.06798,0.42915,104
8997,Investment companies,2013-01-25,0.76781,-0.06318,-0.30072,0.17436,0.25603,0.07590,0.43617,104
8998,Investment companies,2013-02-01,0.77501,-0.06896,-0.30557,0.16765,0.25050,0.07082,0.43018,104
8999,Investment companies,2013-02-08,0.77569,-0.07237,-0.30923,0.16448,0.24704,0.06716,0.42692,104
9000,Investment companies,2013-02-15,0.78026,-0.07548,-0.31240,0.16143,0.24644,0.06681,0.42607,104
9001,Investment companies,2013-02-22,0.77588,-0.06883,-0.31970,0.18204,0.26821,0.08218,0.45424,104
9002,Investment companies,2013-03-01,0.77453,-0.06670,-0.31554,0.18214,0.26835,0.08320,0.45349,104
9003,Investment companies,2013-03-08,0.76071,-0.06422,-0.31329,0.18486,0.26189,0.07620,0.44758,104
9004,Investment companies,2013-03-15,0.75973,-0.06406,-0.31228,0.18417,0.26101,0.07594,0.44608,104
9005,Investment companies,2013-03-22,0.75846,-0.06360,-0.31162,0.18443,0.25982,0.07528,0.44437,104
9006,Investment companies,2013-03-29,0.75729,-0.06124,-0.30871,0.18623,0.25989,0.07499,0.44479,104
9007,Investment companies,2013-04-05,0.75943,-0.06132,-0.31387,0.19122,0.27090,0.08555,0.45625,104
9008,Investment companies,2013-04-12,0.75282,-0.05890,-0.31044,0.19264,0.26648,0.08074,0.45223,104
9009,Investment companies,2013-04-19,0.75081,-0.05233,-0.30242,0.19775,0.27111,0.08691,0.45531,104
9010,Investment companies,2013-04-26,0.74237,-0.05951,-0.30901,0.18999,0.26056,0.07751,0.44360,104
9011,Investment companies,2013-05-03,0.76306,-0.11511,-0.40928,0.17905,0.24920,0.03535,0.46306,104
9012,Investment companies,2013-05-10,0.75522,-0.10154,-0.39908,0.19599,0.26516,0.05029,0.48004,104
9013,Investment companies,2013-05-17,0.75344,-0.09797,-0.39599,0.20004,0.26830,0.05342,0.48318,104
9014,Investment companies,2013-05-24,0.75045,-0.09410,-0.39398,0.20577,0.27357,0.05817,0.48897,104
9015,Investment companies,2013-05-31,0.75244,-0.09662,-0.39352,0.20029,0.26993,0.05537,0.48448,104
9016,Investment companies,2013-06-07,0.74695,-0.09319,-0.38876,0.20237,0.26623,0.05242,0.48005,104
9017,Investment companies,2013-06-14,0.74343,-0.09574,-0.39432,0.20284,0.26138,0.04394,0.47881,104
9018,Investment companies,2013-06-21,0.74646,-0.10979,-0.41296,0.19339,0.25333,0.03293,0.47372,104
9019,Investment companies,2013-06-28,0.74268,-0.12184,-0.42384,0.18017,0.22566,0.00186,0.44945,104
9020,Investment companies,2013-07-05,0.76148,-0.14610,-0.45099,0.15878,0.22523,0.00394,0.44653,104
9021,Investment companies,2013-07-12,0.77365,-0.14813,-0.45255,0.15629,0.23022,0.00799,0.45245,104
9022,Investment companies,2013-07-19,0.77422,-0.15129,-0.45491,0.15233,0.22508,0.00286,0.44731,104
9023,Investment companies,2013-07-26,0.77611,-0.15123,-0.45464,0.15218,0.22393,0.00124,0.44661,104
9024,Investment companies,2013-08-02,0.79714,-0.15289,-0.45652,0.15074,0.16863,-0.06488,0.40214,104
9025,Investment companies,2013-08-09,0.79917,-0.15931,-0.45980,0.14118,0.16299,-0.07125,0.39723,104
9026,Investment companies,2013-08-16,0.88620,-0.19819,-0.48436,0.08797,0.15914,-0.07269,0.39097,104
9027,Investment companies,2013-08-23,0.89654,-0.19367,-0.48050,0.09316,0.16434,-0.06830,0.39699,104
9028,Investment companies,2013-08-30,0.90015,-0.19623,-0.47944,0.08699,0.15565,-0.07571,0.38701,104
9029,Investment companies,2013-09-06,0.93226,-0.20676,-0.48656,0.07305,0.15949,-0.07137,0.39034,104
9030,Investment companies,2013-09-13,0.96566,-0.22860,-0.50358,0.04639,0.14714,-0.08298,0.37726,104
9031,Investment companies,2013-09-20,0.97400,-0.20688,-0.47783,0.06406,0.12085,-0.11400,0.35570,104
9032,Investment companies,2013-09-27,0.98947,-0.21734,-0.49806,0.06338,0.11798,-0.12275,0.35870,104
9033,Investment companies,2013-10-04,0.98004,-0.20995,-0.48324,0.06335,0.13134,-0.10351,0.36619,104
9034,Investment companies,2013-10-11,1.03902,-0.17611,-0.40542,0.05320,0.13968,-0.03047,0.30982,104
9035,Investment companies,2013-10-18,0.92925,-0.07424,-0.21664,0.06815,0.22310,0.10658,0.33962,104
9036,Investment companies,2013-10-25,0.84457,-0.03505,-0.18764,0.11755,0.21330,0.09067,0.33593,104
9037,Investment companies,2013-11-01,0.87213,-0.04835,-0.19965,0.10296,0.21551,0.09347,0.33754,104
9038,Investment companies,2013-11-08,0.87175,-0.04226,-0.19412,0.10959,0.22125,0.10057,0.34192,104
9039,Investment companies,2013-11-15,0.86815,-0.04021,-0.19541,0.11498,0.20655,0.07943,0.33366,104
9040,Investment companies,2013-11-22,0.90328,-0.04361,-0.19738,0.11016,0.19873,0.07418,0.32329,104
9041,Investment companies,2013-11-29,0.94351,-0.05525,-0.20773,0.09724,0.17014,0.04710,0.29318,104
9042,Investment companies,2013-12-06,0.95700,-0.05749,-0.20767,0.09269,0.16362,0.04062,0.28663,104
9043,Investment companies,2013-12-13,0.93401,-0.06534,-0.21709,0.08640,0.13865,0.00890,0.26840,104
9044,Investment companies,2013-12-20,0.95148,-0.06886,-0.21947,0.08174,0.12389,-0.00419,0.25196,104
9045,Investment companies,2013-12-27,0.97361,-0.07090,-0.22127,0.07946,0.12714,0.00089,0.25338,104
9046,Investment companies,2014-01-03,0.97174,-0.07071,-0.21771,0.07629,0.11991,-0.00521,0.24503,104
9047,Investment companies,2014-01-10,0.96093,-0.06921,-0.21926,0.08084,0.12521,-0.00201,0.25243,104
9048,Investment companies,2014-01-17,0.93967,-0.06281,-0.21333,0.08771,0.12792,-0.00071,0.25656,104
9049,Investment companies,2014-01-24,0.94765,-0.06595,-0.21463,0.08272,0.12277,-0.00556,0.25109,104
9050,Investment companies,2014-01-31,0.92798,-0.07065,-0.22026,0.07896,0.11065,-0.01996,0.24125,104
9051,Investment companies,2014-02-07,0.91503,-0.07656,-0.22836,0.07524,0.10585,-0.02874,0.24045,104
9052,Investment companies,2014-02-14,0.91250,-0.07885,-0.23107,0.07337,0.10215,-0.03353,0.23783,104
9053,Investment companies,2014-02-21,0.90955,-0.08250,-0.23898,0.07398,0.09905,-0.04206,0.24015,104
9054,Investment companies,2014-02-28,0.91074,-0.08549,-0.24318,0.07220,0.09618,-0.04618,0.23855,104
9055,Investment companies,2014-03-07,0.90812,-0.08359,-0.24249,0.07532,0.10166,-0.04115,0.24447,104
9056,Investment companies,2014-03-14,0.90790,-0.08383,-0.24319,0.07552,0.10246,-0.04047,0.24538,104
9057,Investment companies,2014-03-21,0.89142,-0.07568,-0.23366,0.08231,0.10137,-0.04144,0.24418,104
9058,Investment companies,2014-03-28,0.89034,-0.07296,-0.23041,0.08449,0.10471,-0.03746,0.24688,104
9059,Investment companies,2014-04-04,0.89654,-0.07713,-0.23402,0.07976,0.10105,-0.04078,0.24289,104
9060,Investment companies,2014-04-11,0.84356,-0.06415,-0.22399,0.09569,0.09923,-0.04707,0.24553,104
9061,Investment companies,2014-04-18,0.81719,-0.04876,-0.20769,0.11016,0.11647,-0.02991,0.26286,104
9062,Investment companies,2014-04-25,0.80888,-0.04668,-0.20634,0.11298,0.11984,-0.02760,0.26728,104
9063,Investment companies,2014-05-02,0.81108,-0.04744,-0.21188,0.11700,0.10965,-0.04513,0.26442,104
9064,Investment companies,2014-05-09,0.80846,-0.05146,-0.21699,0.11407,0.10317,-0.05274,0.25908,104
9065,Investment companies,2014-05-16,0.77122,-0.06110,-0.23296,0.11076,0.05905,-0.10750,0.22561,104
9066,Investment companies,2014-05-23,0.78491,-0.06443,-0.23562,0.10675,0.05824,-0.10716,0.22364,104
9067,Investment companies,2014-05-30,0.78636,-0.06861,-0.25682,0.11960,0.02093,-0.16558,0.20743,104
9068,Investment companies,2014-06-06,0.79421,-0.06918,-0.25627,0.11791,0.01581,-0.17028,0.20190,104
9069,Investment companies,2014-06-13,0.77722,-0.03296,-0.22954,0.16362,0.04888,-0.14505,0.24281,104
9070,Investment companies,2014-06-20,0.75563,-0.09727,-0.25866,0.06412,-0.02679,-0.18263,0.12905,104
9071,Investment companies,2014-06-27,0.71668,-0.11673,-0.28236,0.04891,-0.08973,-0.25359,0.07413,104
9072,Investment companies,2014-07-04,0.70985,-0.10780,-0.27362,0.05802,-0.08544,-0.24973,0.07885,104
9073,Investment companies,2014-07-11,0.72997,-0.10075,-0.27079,0.06928,-0.06829,-0.23637,0.09979,104
9074,Investment companies,2014-07-18,0.72380,-0.10582,-0.28101,0.06937,-0.08031,-0.25416,0.09354,104
9075,Investment companies,2014-07-25,0.72737,-0.10279,-0.27870,0.07311,-0.07608,-0.25057,0.09841,104
9076,Investment companies,2014-08-01,0.74435,-0.08862,-0.26339,0.08614,-0.04670,-0.21932,0.12592,104
9077,Investment companies,2014-08-08,0.76771,-0.07411,-0.24968,0.10147,-0.03227,-0.20608,0.14154,104
9078,Investment companies,2014-08-15,0.76524,-0.08487,-0.25605,0.08631,-0.05478,-0.22478,0.11523,104
9079,Investment companies,2014-08-22,0.75860,-0.08770,-0.25936,0.08396,-0.05752,-0.22802,0.11297,104
9080,Investment companies,2014-08-29,0.75601,-0.09093,-0.26296,0.08109,-0.06101,-0.23199,0.10997,104
9081,Investment companies,2014-09-05,0.76826,-0.07652,-0.24769,0.09466,-0.04807,-0.21794,0.12181,104
9082,Investment companies,2014-09-12,0.77331,-0.05954,-0.23465,0.11556,-0.02949,-0.20324,0.14425,104
9083,Investment companies,2014-09-19,0.75533,-0.04211,-0.21408,0.12986,0.00020,-0.16982,0.17022,104
9084,Investment companies,2014-09-26,0.75954,-0.04176,-0.21397,0.13045,0.00903,-0.16058,0.17864,104
9085,Investment companies,2014-10-03,0.74685,-0.04269,-0.20870,0.12332,0.03455,-0.12647,0.19557,104
9086,Investment companies,2014-10-10,0.82451,-0.03014,-0.19362,0.13334,0.08341,-0.07434,0.24115,104
9087,Investment companies,2014-10-17,0.80655,0.04297,-0.12258,0.20851,0.15024,-0.01737,0.31785,104
9088,Investment companies,2014-10-24,0.80653,0.04120,-0.12200,0.20440,0.15772,-0.00550,0.32094,104
9089,Investment companies,2014-10-31,0.74065,0.07820,-0.07754,0.23395,0.18997,0.03760,0.34233,104
9090,Investment companies,2014-11-07,0.73114,0.08163,-0.06937,0.23264,0.20352,0.05500,0.35205,104
9091,Investment companies,2014-11-14,0.72150,0.10000,-0.04246,0.24246,0.20234,0.06333,0.34135,104
9092,Investment companies,2014-11-21,0.72659,0.09107,-0.04783,0.22998,0.19396,0.05834,0.32958,104
9093,Investment companies,2014-11-28,0.75998,0.12228,-0.00462,0.24918,0.30224,0.19003,0.41445,104
9094,Investment companies,2014-12-05,0.74953,0.14673,0.01888,0.27459,0.32591,0.21204,0.43978,104
9095,Investment companies,2014-12-12,0.74360,0.13191,0.01664,0.24718,0.32699,0.23064,0.42334,104
9096,Investment companies,2014-12-19,0.80641,0.11231,-0.00547,0.23009,0.32247,0.22819,0.41676,104
9097,Investment companies,2014-12-26,0.81992,0.11119,-0.00591,0.22830,0.32904,0.23513,0.42296,104
9098,Investment companies,2015-01-02,0.82193,0.07793,-0.05795,0.21382,0.28311,0.17469,0.39152,104
9099,Investment companies,2015-01-09,0.81514,0.08979,-0.01747,0.19706,0.26876,0.18123,0.35629,104
9100,Investment companies,2015-01-16,0.80195,0.10709,0.00231,0.21188,0.28092,0.19598,0.36587,104
9101,Investment companies,2015-01-23,0.81449,0.09668,-0.00999,0.20336,0.28167,0.19449,0.36885,104
9102,Investment companies,2015-01-30,0.79331,0.12051,0.01420,0.22682,0.28163,0.19270,0.37056,104
9103,Investment companies,2015-02-06,0.79757,0.14122,0.02673,0.25570,0.31032,0.21430,0.40633,104
9104,Investment companies,2015-02-13,0.79737,0.14162,0.02666,0.25658,0.31084,0.21436,0.40733,104
9105,Investment companies,2015-02-20,0.78507,0.15438,0.03313,0.27562,0.31555,0.21346,0.41764,104
9106,Investment companies,2015-02-27,0.79521,0.13756,0.02058,0.25455,0.29910,0.20020,0.39799,104
9107,Investment companies,2015-03-06,0.79479,0.14608,0.03196,0.26019,0.30415,0.20803,0.40026,104
9108,Investment companies,2015-03-13,0.79507,0.13943,0.02969,0.24916,0.29622,0.20334,0.38909,104
9109,Investment companies,2015-03-20,0.79585,0.13928,0.02926,0.24929,0.29693,0.20397,0.38989,104
9110,Investment companies,2015-03-27,0.80410,0.13419,0.02270,0.24568,0.29280,0.19821,0.38739,104
9111,Investment companies,2015-04-03,0.80646,0.13658,0.02437,0.24878,0.29280,0.19764,0.38795,104
9112,Investment companies,2015-04-10,0.86519,0.13136,0.01825,0.24447,0.30531,0.21102,0.39960,104
9113,Investment companies,2015-04-17,0.85579,0.13730,0.03367,0.24093,0.28967,0.19890,0.38045,104
9114,Investment companies,2015-04-24,0.87998,0.13631,0.03477,0.23784,0.28589,0.20006,0.37171,104
9115,Investment companies,2015-05-01,0.87145,0.14546,0.04765,0.24328,0.28903,0.20623,0.37182,104
9116,Investment companies,2015-05-08,0.87136,0.14508,0.04796,0.24220,0.28713,0.20452,0.36975,104
9117,Investment companies,2015-05-15,0.87273,0.14741,0.05017,0.24465,0.29002,0.20762,0.37243,104
9118,Investment companies,2015-05-22,0.87643,0.15108,0.05239,0.24977,0.29424,0.21026,0.37822,104
9119,Investment companies,2015-05-29,0.87696,0.15274,0.05353,0.25196,0.29643,0.21190,0.38096,104
9120,Investment companies,2015-06-05,0.86907,0.15751,0.05734,0.25767,0.30753,0.22363,0.39143,104
9121,Investment companies,2015-06-12,0.87258,0.15743,0.05700,0.25787,0.30604,0.22155,0.39053,104
9122,Investment companies,2015-06-19,0.87161,0.15843,0.05771,0.25914,0.30661,0.22184,0.39139,104
9123,Investment companies,2015-06-26,0.88510,0.16191,0.06286,0.26096,0.31424,0.23106,0.39743,104
9124,Investment companies,2015-07-03,0.87070,0.16387,0.06597,0.26178,0.31185,0.22897,0.39473,104
9125,Investment companies,2015-07-10,0.84372,0.17274,0.07424,0.27124,0.31108,0.22763,0.39453,104
9126,Investment companies,2015-07-17,0.83683,0.17449,0.07592,0.27305,0.30971,0.22556,0.39386,104
9127,Investment companies,2015-07-24,0.83535,0.16896,0.07283,0.26508,0.30564,0.22372,0.38756,104
9128,Investment companies,2015-07-31,0.83486,0.16039,0.06460,0.25618,0.29716,0.21419,0.38013,104
9129,Investment companies,2015-08-07,0.83624,0.15388,0.05861,0.24914,0.28941,0.20583,0.37299,104
9130,Investment companies,2015-08-14,0.81932,0.15944,0.06763,0.25125,0.28928,0.20727,0.37129,104
9131,Investment companies,2015-08-21,0.84104,0.16639,0.07374,0.25903,0.31386,0.23374,0.39398,104
9132,Investment companies,2015-08-28,0.83581,0.17442,0.08529,0.26355,0.32028,0.24411,0.39644,104
9133,Investment companies,2015-09-04,0.82721,0.17325,0.08362,0.26288,0.31686,0.24021,0.39352,104
9134,Investment companies,2015-09-11,0.81748,0.17582,0.08706,0.26459,0.31915,0.24386,0.39444,104
9135,Investment companies,2015-09-18,0.82032,0.17353,0.08443,0.26263,0.31868,0.24325,0.39410,104
9136,Investment companies,2015-09-25,0.82087,0.17309,0.08471,0.26147,0.31605,0.24097,0.39112,104
9137,Investment companies,2015-10-02,0.81938,0.17506,0.08736,0.26276,0.31818,0.24424,0.39212,104
9138,Investment companies,2015-10-09,0.84426,0.18255,0.09340,0.27170,0.35316,0.27953,0.42680,104
9139,Investment companies,2015-10-16,0.85347,0.17401,0.08959,0.25843,0.34453,0.27624,0.41282,104
9140,Investment companies,2015-10-23,0.84329,0.17664,0.08738,0.26591,0.35173,0.28121,0.42225,104
9141,Investment companies,2015-10-30,0.84394,0.17569,0.08846,0.26291,0.34621,0.27656,0.41587,104
9142,Investment companies,2015-11-06,0.84724,0.17369,0.08889,0.25849,0.34038,0.27137,0.40940,104
9143,Investment companies,2015-11-13,0.83734,0.16229,0.07686,0.24772,0.33239,0.26000,0.40479,104
9144,Investment companies,2015-11-20,0.84633,0.16077,0.07438,0.24715,0.33832,0.26680,0.40985,104
9145,Investment companies,2015-11-27,0.84399,0.15878,0.06896,0.24859,0.33566,0.26035,0.41097,104
9146,Investment companies,2015-12-04,0.83608,0.16025,0.07007,0.25044,0.34066,0.26559,0.41573,104
9147,Investment companies,2015-12-11,0.82888,0.14864,0.05848,0.23880,0.33165,0.25553,0.40778,104
9148,Investment companies,2015-12-18,0.84006,0.15631,0.06834,0.24427,0.34073,0.26748,0.41397,104
9149,Investment companies,2015-12-25,0.84925,0.15844,0.07117,0.24571,0.34571,0.27392,0.41749,104
9150,Investment companies,2016-01-01,0.84555,0.16194,0.07401,0.24987,0.34841,0.27597,0.42084,104
9151,Investment companies,2016-01-08,0.83168,0.16146,0.07445,0.24848,0.36417,0.29485,0.43349,104
9152,Investment companies,2016-01-15,0.80289,0.15368,0.06789,0.23947,0.35848,0.28561,0.43136,104
9153,Investment companies,2016-01-22,0.78929,0.15446,0.06745,0.24146,0.36193,0.28722,0.43665,104
9154,Investment companies,2016-01-29,0.79323,0.14924,0.06248,0.23600,0.35469,0.27875,0.43062,104
9155,Investment companies,2016-02-05,0.80272,0.15016,0.06398,0.23635,0.35596,0.28002,0.43191,104
9156,Investment companies,2016-02-12,0.73622,0.16496,0.08187,0.24805,0.35609,0.28175,0.43042,104
9157,Investment companies,2016-02-19,0.71500,0.17156,0.08762,0.25550,0.35683,0.28283,0.43084,104
9158,Investment companies,2016-02-26,0.71044,0.16518,0.08332,0.24704,0.35170,0.27619,0.42721,104
9159,Investment companies,2016-03-04,0.70779,0.15873,0.07843,0.23902,0.34762,0.27159,0.42366,104
9160,Investment companies,2016-03-11,0.70395,0.16345,0.08442,0.24249,0.34872,0.27529,0.42214,104
9161,Investment companies,2016-03-18,0.71022,0.15722,0.07680,0.23765,0.34472,0.26979,0.41964,104
9162,Investment companies,2016-03-25,0.71023,0.15752,0.07726,0.23778,0.34482,0.26987,0.41978,104
9163,Investment companies,2016-04-01,0.70111,0.15951,0.07920,0.23982,0.34531,0.27047,0.42015,104
9164,Investment companies,2016-04-08,0.71461,0.15737,0.07765,0.23709,0.34380,0.26975,0.41785,104
9165,Investment companies,2016-04-15,0.71245,0.15745,0.07782,0.23707,0.34514,0.27143,0.41886,104
9166,Investment companies,2016-04-22,0.71497,0.15759,0.07802,0.23716,0.34530,0.27228,0.41833,104
9167,Investment companies,2016-04-29,0.71007,0.16507,0.08413,0.24601,0.35132,0.27867,0.42396,104
9168,Investment companies,2016-05-06,0.70444,0.16560,0.08494,0.24626,0.35093,0.27942,0.42244,104
9169,Investment companies,2016-05-13,0.70586,0.16459,0.08525,0.24393,0.34795,0.27725,0.41866,104
9170,Investment companies,2016-05-20,0.70153,0.16484,0.08500,0.24469,0.34724,0.27671,0.41777,104
9171,Investment companies,2016-05-27,0.69591,0.16592,0.08525,0.24658,0.34787,0.27722,0.41853,104
9172,Investment companies,2016-06-03,0.67341,0.17440,0.09267,0.25613,0.34971,0.27975,0.41966,104
9173,Investment companies,2016-06-10,0.66559,0.17621,0.09232,0.26010,0.34985,0.27931,0.42039,104
9174,Investment companies,2016-06-17,0.66335,0.17670,0.09306,0.26034,0.35039,0.28029,0.42049,104
9175,Investment companies,2016-06-24,0.66949,0.17602,0.09152,0.26053,0.35098,0.28045,0.42152,104
9176,Investment companies,2016-07-01,0.69208,0.17510,0.09048,0.25971,0.35917,0.28701,0.43133,104
9177,Investment companies,2016-07-08,0.68907,0.17493,0.09197,0.25789,0.35395,0.28264,0.42527,104
9178,Investment companies,2016-07-15,0.69025,0.17494,0.09211,0.25776,0.35488,0.28376,0.42601,104
9179,Investment companies,2016-07-22,0.69493,0.16959,0.08738,0.25180,0.34922,0.27847,0.41997,104
9180,Investment companies,2016-07-29,0.68958,0.16008,0.07570,0.24447,0.33764,0.26436,0.41093,104
9181,Investment companies,2016-08-05,0.67991,0.16094,0.07602,0.24587,0.33516,0.26124,0.40909,104
9182,Investment companies,2016-08-12,0.66687,0.16646,0.08084,0.25207,0.33818,0.26538,0.41098,104
9183,Investment companies,2016-08-19,0.66857,0.16836,0.08784,0.24887,0.33226,0.26148,0.40303,104
9184,Investment companies,2016-08-26,0.67058,0.16728,0.08723,0.24734,0.33118,0.26046,0.40191,104
9185,Investment companies,2016-09-02,0.68019,0.16217,0.08464,0.23971,0.32590,0.25611,0.39568,104
9186,Investment companies,2016-09-09,0.67773,0.16260,0.08515,0.24004,0.32490,0.25484,0.39495,104
9187,Investment companies,2016-09-16,0.66716,0.16242,0.08578,0.23906,0.32410,0.25409,0.39411,104
9188,Investment companies,2016-09-23,0.65127,0.16506,0.08834,0.24178,0.32320,0.25302,0.39339,104
9189,Investment companies,2016-09-30,0.65338,0.16858,0.09227,0.24490,0.32260,0.25274,0.39246,104
9190,Investment companies,2016-10-07,0.60180,0.17907,0.09928,0.25885,0.31824,0.24982,0.38666,104
9191,Investment companies,2016-10-14,0.61038,0.17019,0.09369,0.24668,0.31337,0.24474,0.38200,104
9192,Investment companies,2016-10-21,0.61807,0.16909,0.09310,0.24507,0.31255,0.24370,0.38141,104
9193,Investment companies,2016-10-28,0.65685,0.15850,0.08645,0.23055,0.31016,0.24111,0.37920,104
9194,Investment companies,2016-11-04,0.65380,0.15937,0.08695,0.23180,0.31229,0.24453,0.38006,104
9195,Investment companies,2016-11-11,0.67426,0.15197,0.07894,0.22501,0.31569,0.24786,0.38352,104
9196,Investment companies,2016-11-18,0.67506,0.15535,0.08212,0.22858,0.31865,0.24909,0.38821,104
9197,Investment companies,2016-11-25,0.65489,0.14812,0.07612,0.22012,0.29424,0.22565,0.36283,104
9198,Investment companies,2016-12-02,0.67394,0.13105,0.06084,0.20125,0.26911,0.20285,0.33537,104
9199,Investment companies,2016-12-09,0.71095,0.12306,0.04796,0.19817,0.26255,0.19228,0.33282,104
9200,Investment companies,2016-12-16,0.66514,0.13244,0.05717,0.20770,0.26349,0.19380,0.33318,104
9201,Investment companies,2016-12-23,0.65809,0.13288,0.05778,0.20798,0.26245,0.19295,0.33194,104
9202,Investment companies,2016-12-30,0.65277,0.14607,0.06545,0.22669,0.27687,0.20252,0.35122,104
9203,Investment companies,2017-01-06,0.66330,0.14078,0.05728,0.22428,0.28196,0.20530,0.35863,104
9204,Investment companies,2017-01-13,0.67243,0.12741,0.04926,0.20556,0.27081,0.19835,0.34327,104
9205,Investment companies,2017-01-20,0.66668,0.12805,0.04922,0.20687,0.26813,0.19592,0.34035,104
9206,Investment companies,2017-01-27,0.68190,0.12287,0.04134,0.20440,0.27337,0.19959,0.34715,104
9207,Investment companies,2017-02-03,0.67770,0.11789,0.03818,0.19760,0.26346,0.18945,0.33747,104
9208,Investment companies,2017-02-10,0.67585,0.11664,0.03642,0.19686,0.26190,0.18698,0.33683,104
9209,Investment companies,2017-02-17,0.68219,0.11125,0.03061,0.19189,0.26066,0.18538,0.33594,104
9210,Investment companies,2017-02-24,0.67666,0.12063,0.03784,0.20341,0.26963,0.19336,0.34590,104
9211,Investment companies,2017-03-03,0.69221,0.11060,0.02823,0.19298,0.26491,0.18804,0.34179,104
9212,Investment companies,2017-03-10,0.65826,0.13700,0.04002,0.23398,0.27890,0.19261,0.36518,104
9213,Investment companies,2017-03-17,0.66306,0.13695,0.03935,0.23455,0.27943,0.19236,0.36649,104
9214,Investment companies,2017-03-24,0.65489,0.14092,0.04347,0.23836,0.28326,0.19576,0.37075,104
9215,Investment companies,2017-03-31,0.68654,0.12182,0.02937,0.21426,0.26860,0.18448,0.35272,104
9216,Investment companies,2017-04-07,0.63066,0.13230,0.04213,0.22247,0.26471,0.18204,0.34738,104
9217,Investment companies,2017-04-14,0.62776,0.13210,0.03685,0.22735,0.27154,0.18592,0.35715,104
9218,Investment companies,2017-04-21,0.61951,0.13432,0.03783,0.23081,0.27349,0.18739,0.35959,104
9219,Investment companies,2017-04-28,0.62138,0.13375,0.03661,0.23088,0.27497,0.18869,0.36124,104
9220,Investment companies,2017-05-05,0.60427,0.14308,0.04671,0.23945,0.27757,0.19216,0.36297,104
9221,Investment companies,2017-05-12,0.60135,0.14078,0.04546,0.23611,0.27514,0.19093,0.35935,104
9222,Investment companies,2017-05-19,0.60141,0.13812,0.04355,0.23269,0.27088,0.18723,0.35454,104
9223,Investment companies,2017-05-26,0.59260,0.13976,0.04485,0.23467,0.27079,0.18679,0.35480,104
9224,Investment companies,2017-06-02,0.59652,0.13783,0.04235,0.23331,0.27098,0.18721,0.35475,104
9225,Investment companies,2017-06-09,0.59262,0.14180,0.04560,0.23800,0.27488,0.19137,0.35838,104
9226,Investment companies,2017-06-16,0.59331,0.14178,0.04560,0.23796,0.27517,0.19171,0.35863,104
9227,Investment companies,2017-06-23,0.57288,0.14552,0.04937,0.24168,0.27418,0.19233,0.35603,104
9228,Investment companies,2017-06-30,0.58718,0.13562,0.04086,0.23037,0.26622,0.18522,0.34723,104
9229,Investment companies,2017-07-07,0.59994,0.12563,0.03171,0.21954,0.26100,0.17997,0.34202,104
9230,Investment companies,2017-07-14,0.60821,0.12397,0.02828,0.21967,0.26535,0.18487,0.34583,104
9231,Investment companies,2017-07-21,0.61038,0.12340,0.02703,0.21977,0.26496,0.18339,0.34653,104
9232,Investment companies,2017-07-28,0.60925,0.12479,0.02935,0.22022,0.26509,0.18462,0.34556,104
9233,Investment companies,2017-08-04,0.60804,0.12589,0.02770,0.22407,0.26794,0.18519,0.35069,104
9234,Investment companies,2017-08-11,0.61560,0.12471,0.02461,0.22481,0.26965,0.18728,0.35203,104
9235,Investment companies,2017-08-18,0.57923,0.11733,0.01916,0.21550,0.24783,0.16990,0.32577,104
9236,Investment companies,2017-08-25,0.57767,0.11529,0.01483,0.21575,0.24798,0.16769,0.32827,104
9237,Investment companies,2017-09-01,0.58073,0.11455,0.01464,0.21447,0.24735,0.16697,0.32772,104
9238,Investment companies,2017-09-08,0.57807,0.11872,0.01874,0.21871,0.25004,0.16917,0.33092,104
9239,Investment companies,2017-09-15,0.58258,0.11781,0.01708,0.21853,0.25127,0.17047,0.33208,104
9240,Investment companies,2017-09-22,0.58331,0.12018,0.01786,0.22250,0.25535,0.17343,0.33727,104
9241,Investment companies,2017-09-29,0.58328,0.12159,0.01869,0.22448,0.25703,0.17448,0.33958,104
9242,Investment companies,2017-10-06,0.54003,0.11481,0.01710,0.21252,0.23059,0.15500,0.30617,104
9243,Investment companies,2017-10-13,0.53764,0.11208,0.01129,0.21287,0.22884,0.15119,0.30649,104
9244,Investment companies,2017-10-20,0.58409,0.09448,-0.00372,0.19268,0.22214,0.14377,0.30050,104
9245,Investment companies,2017-10-27,0.57009,0.10912,0.00734,0.21089,0.23520,0.15478,0.31563,104
9246,Investment companies,2017-11-03,0.57331,0.10973,0.00387,0.21558,0.24066,0.15878,0.32253,104
9247,Investment companies,2017-11-10,0.57839,0.11075,0.00488,0.21661,0.23880,0.15380,0.32380,104
9248,Investment companies,2017-11-17,0.57500,0.11106,0.00530,0.21682,0.23780,0.15332,0.32228,104
9249,Investment companies,2017-11-24,0.56899,0.11525,0.00747,0.22304,0.24067,0.15372,0.32762,104
9250,Investment companies,2017-12-01,0.56602,0.11375,0.00595,0.22155,0.23728,0.15006,0.32451,104
9251,Investment companies,2017-12-08,0.57939,0.10767,-0.00368,0.21902,0.23144,0.13862,0.32427,104
9252,Investment companies,2017-12-15,0.57425,0.10213,-0.00886,0.21313,0.22432,0.13411,0.31453,104
9253,Investment companies,2017-12-22,0.54686,0.10879,-0.00301,0.22059,0.22559,0.13639,0.31479,104
9254,Investment companies,2017-12-29,0.55524,0.10426,-0.00883,0.21736,0.22414,0.13470,0.31358,104
9255,Investment companies,2018-01-05,0.51111,0.10097,-0.01212,0.21407,0.19463,0.09856,0.29070,104
9256,Investment companies,2018-01-12,0.54012,0.10803,-0.00447,0.22053,0.19566,0.09868,0.29264,104
9257,Investment companies,2018-01-19,0.54982,0.10669,-0.00560,0.21897,0.19412,0.09800,0.29025,104
9258,Investment companies,2018-01-26,0.53398,0.11692,0.00207,0.23177,0.20031,0.10257,0.29805,104
9259,Investment companies,2018-02-02,0.56378,0.13079,0.01226,0.24932,0.22065,0.12134,0.31996,104
9260,Investment companies,2018-02-09,0.66424,0.13109,0.01039,0.25178,0.23559,0.13546,0.33571,104
9261,Investment companies,2018-02-16,0.73521,0.11669,-0.00941,0.24279,0.23844,0.13778,0.33910,104
9262,Investment companies,2018-02-23,0.75988,0.12269,-0.00368,0.24906,0.24538,0.14569,0.34508,104
9263,Investment companies,2018-03-02,0.76536,0.13074,0.00248,0.25900,0.25301,0.15241,0.35360,104
9264,Investment companies,2018-03-09,0.77448,0.12681,-0.00213,0.25574,0.25470,0.15374,0.35565,104
9265,Investment companies,2018-03-16,0.79443,0.12683,-0.00166,0.25532,0.25717,0.15615,0.35819,104
9266,Investment companies,2018-03-23,0.80344,0.12168,-0.00214,0.24549,0.24692,0.14760,0.34625,104
9267,Investment companies,2018-03-30,0.81728,0.12158,-0.00138,0.24454,0.24479,0.14555,0.34402,104
9268,Investment companies,2018-04-06,0.82166,0.11934,-0.00396,0.24265,0.24512,0.14590,0.34435,104
9269,Investment companies,2018-04-13,0.86471,0.12513,0.00105,0.24921,0.26060,0.16161,0.35959,104
9270,Investment companies,2018-04-20,0.86600,0.12575,0.00145,0.25005,0.25994,0.16021,0.35968,104
9271,Investment companies,2018-04-27,0.85868,0.12220,-0.00228,0.24668,0.25368,0.15255,0.35481,104
9272,Investment companies,2018-05-04,0.85264,0.12069,-0.00616,0.24754,0.24739,0.14245,0.35234,104
9273,Investment companies,2018-05-11,0.87844,0.13205,-0.00120,0.26530,0.26621,0.15533,0.37708,104
9274,Investment companies,2018-05-18,0.88710,0.13264,-0.00114,0.26642,0.26823,0.15672,0.37974,104
9275,Investment companies,2018-05-25,0.94253,0.12985,-0.00258,0.26228,0.27885,0.16644,0.39125,104
9276,Investment companies,2018-06-01,0.98307,0.12285,-0.00602,0.25172,0.27948,0.16851,0.39045,104
9277,Investment companies,2018-06-08,0.99395,0.12021,-0.00576,0.24619,0.27801,0.16806,0.38797,104
9278,Investment companies,2018-06-15,1.00018,0.12368,-0.00127,0.24864,0.27657,0.16608,0.38706,104
9279,Investment companies,2018-06-22,0.98206,0.12592,0.00046,0.25137,0.27264,0.16184,0.38345,104
9280,Investment companies,2018-06-29,0.94989,0.12894,0.00511,0.25277,0.26336,0.15319,0.37354,104
9281,Investment companies,2018-07-06,0.95210,0.12515,-0.00252,0.25283,0.26181,0.14801,0.37561,104
9282,Investment companies,2018-07-13,0.96061,0.12174,-0.00546,0.24893,0.25890,0.14649,0.37132,104
9283,Investment companies,2018-07-20,0.95173,0.13023,0.00388,0.25658,0.26739,0.15638,0.37839,104
9284,Investment companies,2018-07-27,0.98228,0.14547,0.02210,0.26883,0.28144,0.17464,0.38825,104
9285,Investment companies,2018-08-03,0.97840,0.15612,0.03072,0.28152,0.29391,0.18513,0.40269,104
9286,Investment companies,2018-08-10,0.97556,0.16132,0.03336,0.28929,0.29745,0.18542,0.40949,104
9287,Investment companies,2018-08-17,0.97848,0.16002,0.02190,0.29815,0.31328,0.19652,0.43003,104
9288,Investment companies,2018-08-24,0.96786,0.15253,0.01575,0.28932,0.30842,0.19468,0.42216,104
9289,Investment companies,2018-08-31,0.97060,0.15038,0.00805,0.29270,0.31322,0.19600,0.43043,104
9290,Investment companies,2018-09-07,0.97784,0.14770,0.00516,0.29025,0.31513,0.19754,0.43272,104
9291,Investment companies,2018-09-14,1.01935,0.15334,0.00983,0.29685,0.31869,0.20069,0.43670,104
9292,Investment companies,2018-09-21,1.05817,0.14537,0.00383,0.28691,0.31794,0.20017,0.43572,104
9293,Investment companies,2018-09-28,1.06446,0.14891,0.00259,0.29522,0.32713,0.20627,0.44800,104
9294,Investment companies,2018-10-05,1.06493,0.14922,0.00157,0.29687,0.32648,0.20304,0.44993,104
9295,Investment companies,2018-10-12,1.07773,0.14782,-0.00054,0.29618,0.34086,0.21914,0.46258,104
9296,Investment companies,2018-10-19,1.06783,0.15202,0.00518,0.29886,0.34287,0.22206,0.46368,104
9297,Investment companies,2018-10-26,1.08047,0.15661,0.00894,0.30428,0.36271,0.24182,0.48359,104
9298,Investment companies,2018-11-02,1.05134,0.18204,0.03691,0.32717,0.35100,0.22459,0.47742,104
9299,Investment companies,2018-11-09,1.04443,0.20008,0.04587,0.35430,0.36743,0.23242,0.50244,104
9300,Investment companies,2018-11-16,1.03758,0.19405,0.04389,0.34420,0.36511,0.23576,0.49447,104
9301,Investment companies,2018-11-23,1.06287,0.21049,0.05947,0.36151,0.40663,0.28014,0.53312,104
9302,Investment companies,2018-11-30,0.99460,0.25538,0.10477,0.40599,0.47132,0.33844,0.60420,104
9303,Investment companies,2018-12-07,0.93726,0.26580,0.12810,0.40350,0.45876,0.33055,0.58697,104
9304,Investment companies,2018-12-14,0.93268,0.26753,0.12908,0.40598,0.46277,0.33429,0.59126,104
9305,Investment companies,2018-12-21,0.91856,0.24317,0.10562,0.38072,0.44336,0.31589,0.57082,104
9306,Investment companies,2018-12-28,0.91675,0.23400,0.09442,0.37358,0.43384,0.30428,0.56341,104
9307,Investment companies,2019-01-04,0.92543,0.24350,0.11121,0.37578,0.45295,0.33483,0.57108,104
9308,Investment companies,2019-01-11,0.91833,0.25439,0.12513,0.38365,0.46328,0.34749,0.57907,104
9309,Investment companies,2019-01-18,0.92236,0.25691,0.12745,0.38638,0.46774,0.35201,0.58348,104
9310,Investment companies,2019-01-25,0.84264,0.26731,0.13834,0.39627,0.46168,0.34793,0.57543,104
9311,Investment companies,2019-02-01,0.83797,0.26933,0.13774,0.40092,0.46443,0.34964,0.57921,104
9312,Investment companies,2019-02-08,0.84855,0.26721,0.13630,0.39812,0.46448,0.34999,0.57896,104
9313,Investment companies,2019-02-15,0.82134,0.26317,0.13438,0.39197,0.46105,0.34702,0.57508,104
9314,Investment companies,2019-02-22,0.81346,0.26617,0.13494,0.39739,0.46231,0.34741,0.57722,104
9315,Investment companies,2019-03-01,0.80401,0.26844,0.13666,0.40023,0.46251,0.34822,0.57679,104
9316,Investment companies,2019-03-08,0.86029,0.23157,0.09224,0.37091,0.45282,0.33609,0.56954,104
9317,Investment companies,2019-03-15,0.85181,0.23208,0.09350,0.37066,0.45232,0.33596,0.56867,104
9318,Investment companies,2019-03-22,0.85775,0.23141,0.09312,0.36971,0.45203,0.33610,0.56796,104
9319,Investment companies,2019-03-29,0.75223,0.28063,0.16626,0.39500,0.47609,0.36720,0.58498,104
9320,Investment companies,2019-04-05,0.78234,0.27962,0.16240,0.39684,0.48650,0.37462,0.59838,104
9321,Investment companies,2019-04-12,0.79043,0.27702,0.16066,0.39337,0.48552,0.37472,0.59632,104
9322,Investment companies,2019-04-19,0.79532,0.29000,0.17028,0.40972,0.49864,0.38642,0.61085,104
9323,Investment companies,2019-04-26,0.83081,0.27877,0.15689,0.40065,0.49736,0.38611,0.60860,104
9324,Investment companies,2019-05-03,0.86220,0.26784,0.14276,0.39292,0.50464,0.39060,0.61868,104
9325,Investment companies,2019-05-10,0.87257,0.26966,0.14411,0.39520,0.50868,0.39419,0.62317,104
9326,Investment companies,2019-05-17,0.86900,0.27142,0.14266,0.40018,0.51439,0.39851,0.63027,104
9327,Investment companies,2019-05-24,0.88713,0.24718,0.10718,0.38719,0.49285,0.37128,0.61442,104
9328,Investment companies,2019-05-31,0.87369,0.24195,0.09720,0.38670,0.48884,0.36161,0.61607,104
9329,Investment companies,2019-06-07,0.85393,0.24685,0.10753,0.38617,0.48550,0.35869,0.61232,104
9330,Investment companies,2019-06-14,0.85723,0.24840,0.10973,0.38708,0.48775,0.36219,0.61330,104
9331,Investment companies,2019-06-21,0.85563,0.25267,0.11532,0.39002,0.49104,0.36650,0.61558,104
9332,Investment companies,2019-06-28,0.81370,0.28363,0.15131,0.41596,0.51099,0.39020,0.63177,104
9333,Investment companies,2019-07-05,0.87117,0.25765,0.12662,0.38868,0.49381,0.37301,0.61461,104
9334,Investment companies,2019-07-12,0.86569,0.26888,0.14240,0.39536,0.49454,0.37459,0.61449,104
9335,Investment companies,2019-07-19,0.86819,0.28425,0.16095,0.40754,0.51346,0.39475,0.63217,104
9336,Investment companies,2019-07-26,0.85741,0.29980,0.17668,0.42292,0.53109,0.41081,0.65136,104
9337,Investment companies,2019-08-02,0.86043,0.29950,0.17631,0.42270,0.53344,0.41360,0.65327,104
9338,Investment companies,2019-08-09,0.84849,0.29958,0.17856,0.42060,0.53120,0.41460,0.64780,104
9339,Investment companies,2019-08-16,0.88719,0.28960,0.16518,0.41403,0.53213,0.41521,0.64904,104
9340,Investment companies,2019-08-23,0.91851,0.28280,0.15561,0.40998,0.53497,0.41714,0.65280,104
9341,Investment companies,2019-08-30,0.93924,0.27912,0.14934,0.40890,0.53953,0.42111,0.65794,104
9342,Investment companies,2019-09-06,0.94232,0.27840,0.14743,0.40937,0.54183,0.42287,0.66079,104
9343,Investment companies,2019-09-13,0.91926,0.28974,0.16222,0.41727,0.54104,0.42163,0.66046,104
9344,Investment companies,2019-09-20,0.91669,0.29537,0.16915,0.42159,0.54420,0.42608,0.66231,104
9345,Investment companies,2019-09-27,0.92492,0.29641,0.16984,0.42298,0.55031,0.43223,0.66839,104
9346,Investment companies,2019-10-04,0.92448,0.31682,0.18267,0.45098,0.57364,0.44738,0.69990,104
9347,Investment companies,2019-10-11,0.92365,0.32339,0.18879,0.45799,0.58164,0.45607,0.70721,104
9348,Investment companies,2019-10-18,0.91027,0.33051,0.19419,0.46684,0.58369,0.45707,0.71031,104
9349,Investment companies,2019-10-25,0.92081,0.31155,0.17884,0.44427,0.56852,0.44556,0.69149,104
9350,Investment companies,2019-11-01,0.92356,0.30968,0.17664,0.44272,0.56583,0.44230,0.68936,104
9351,Investment companies,2019-11-08,0.90971,0.31270,0.17855,0.44684,0.56816,0.44424,0.69208,104
9352,Investment companies,2019-11-15,0.91820,0.30919,0.17556,0.44282,0.56459,0.44047,0.68871,104
9353,Investment companies,2019-11-22,0.91344,0.30669,0.17350,0.43989,0.56093,0.43724,0.68461,104
9354,Investment companies,2019-11-29,0.90354,0.30513,0.17177,0.43848,0.55701,0.43298,0.68103,104
9355,Investment companies,2019-12-06,0.89057,0.30544,0.17271,0.43817,0.55256,0.42877,0.67635,104
9356,Investment companies,2019-12-13,0.89201,0.30423,0.17141,0.43706,0.55188,0.42805,0.67571,104
9357,Investment companies,2019-12-20,0.90410,0.30148,0.16781,0.43515,0.55169,0.42738,0.67600,104
9358,Investment companies,2019-12-27,0.90654,0.29754,0.16386,0.43122,0.54746,0.42344,0.67147,104
9359,Investment companies,2020-01-03,0.89547,0.29912,0.16573,0.43251,0.54471,0.42090,0.66852,104
9360,Investment companies,2020-01-10,0.90897,0.28409,0.14864,0.41954,0.53040,0.40627,0.65453,104
9361,Investment companies,2020-01-17,0.92196,0.28287,0.14510,0.42063,0.53245,0.40728,0.65761,104
9362,Investment companies,2020-01-24,0.94587,0.27264,0.13791,0.40737,0.52906,0.40792,0.65021,104
9363,Investment companies,2020-01-31,0.92712,0.27108,0.13639,0.40576,0.52531,0.40486,0.64577,104
9364,Investment companies,2020-02-07,0.93928,0.26435,0.13033,0.39837,0.50939,0.38562,0.63315,104
9365,Investment companies,2020-02-14,0.96135,0.24572,0.10510,0.38633,0.49077,0.36338,0.61817,104
9366,Investment companies,2020-02-21,0.95852,0.23966,0.09511,0.38421,0.48311,0.35135,0.61487,104
9367,Investment companies,2020-02-28,0.93259,0.23995,0.09582,0.38407,0.53810,0.41462,0.66159,104
9368,Investment companies,2020-03-06,0.93619,0.23228,0.09101,0.37355,0.52991,0.40938,0.65045,104
9369,Investment companies,2020-03-13,1.07137,0.26523,0.12790,0.40255,0.69992,0.58909,0.81075,104
9370,Investment companies,2020-03-20,0.88882,0.39432,0.19108,0.59755,0.71027,0.56187,0.85867,104
9371,Investment companies,2020-03-27,0.93990,0.35885,0.18531,0.53238,0.68810,0.55226,0.82394,104
9372,Investment companies,2020-04-03,0.95842,0.33503,0.20805,0.46201,0.63826,0.53722,0.73930,104
9373,Investment companies,2020-04-10,0.93257,0.34455,0.22265,0.46645,0.63574,0.53353,0.73794,104
9374,Investment companies,2020-04-17,1.00906,0.30561,0.17183,0.43939,0.59739,0.48760,0.70718,104
9375,Investment companies,2020-04-24,1.15635,0.20401,-0.02010,0.42811,0.49993,0.33293,0.66692,104
9376,Investment companies,2020-05-01,1.15102,0.18646,-0.04601,0.41893,0.48303,0.30403,0.66203,104
9377,Investment companies,2020-05-08,1.11895,0.19641,0.00342,0.38939,0.45868,0.29660,0.62077,104
9378,Investment companies,2020-05-15,1.11498,0.19731,0.00752,0.38710,0.45451,0.29284,0.61617,104
9379,Investment companies,2020-05-22,1.10844,0.19810,0.00898,0.38722,0.45478,0.29371,0.61584,104
9380,Investment companies,2020-05-29,1.12171,0.19568,0.00765,0.38371,0.45538,0.29542,0.61535,104
9381,Investment companies,2020-06-05,1.13435,0.19623,0.01209,0.38038,0.46664,0.31586,0.61743,104
9382,Investment companies,2020-06-12,1.13075,0.19459,0.01091,0.37826,0.46704,0.31717,0.61691,104
9383,Investment companies,2020-06-19,1.11753,0.20253,0.01824,0.38681,0.46869,0.31858,0.61879,104
9384,Investment companies,2020-06-26,1.12331,0.20114,0.01590,0.38639,0.47102,0.32123,0.62080,104
9385,Investment companies,2020-07-03,1.12437,0.20262,0.01663,0.38860,0.47324,0.32361,0.62288,104
9386,Investment companies,2020-07-10,1.12766,0.20219,0.01622,0.38815,0.47355,0.32459,0.62250,104
9387,Investment companies,2020-07-17,1.11824,0.20397,0.01910,0.38884,0.47376,0.32360,0.62391,104
9388,Investment companies,2020-07-24,1.11919,0.20309,0.01854,0.38765,0.47248,0.32265,0.62231,104
9389,Investment companies,2020-07-31,1.11676,0.20317,0.01864,0.38770,0.47188,0.32123,0.62253,104
9390,Investment companies,2020-08-07,1.12299,0.20203,0.01790,0.38615,0.47371,0.32359,0.62382,104
9391,Investment companies,2020-08-14,1.12577,0.20156,0.01778,0.38534,0.47422,0.32428,0.62415,104
9392,Investment companies,2020-08-21,1.12788,0.20383,0.01882,0.38885,0.47651,0.32611,0.62692,104
9393,Investment companies,2020-08-28,1.12829,0.20336,0.01836,0.38835,0.47637,0.32607,0.62668,104
9394,Investment companies,2020-09-04,1.12798,0.20287,0.01841,0.38733,0.47645,0.32679,0.62611,104
9395,Investment companies,2020-09-11,1.13347,0.20152,0.02112,0.38193,0.47267,0.32448,0.62085,104
9396,Investment companies,2020-09-18,1.14197,0.20019,0.02223,0.37816,0.47141,0.32524,0.61758,104
9397,Investment companies,2020-09-25,1.14739,0.19806,0.02031,0.37582,0.47134,0.32566,0.61702,104
9398,Investment companies,2020-10-02,1.12612,0.20648,0.02851,0.38444,0.47205,0.32546,0.61864,104
9399,Investment companies,2020-10-09,1.12388,0.20247,0.02774,0.37721,0.46654,0.32118,0.61190,104
9400,Investment companies,2020-10-16,1.12508,0.20207,0.02733,0.37681,0.46637,0.32118,0.61157,104
9401,Investment companies,2020-10-23,1.12760,0.20232,0.02726,0.37738,0.46619,0.32153,0.61084,104
9402,Investment companies,2020-10-30,1.10773,0.19537,0.01924,0.37149,0.46446,0.31694,0.61199,104
9403,Investment companies,2020-11-06,1.11924,0.19109,0.01604,0.36614,0.46599,0.31946,0.61253,104
9404,Investment companies,2020-11-13,1.11834,0.19185,0.01606,0.36764,0.47090,0.32511,0.61670,104
9405,Investment companies,2020-11-20,1.11427,0.18916,0.01223,0.36609,0.46523,0.31507,0.61538,104
9406,Investment companies,2020-11-27,1.11249,0.18609,0.00932,0.36285,0.46440,0.31435,0.61446,104
9407,Investment companies,2020-12-04,1.10349,0.18936,0.00982,0.36890,0.46759,0.31627,0.61890,104
9408,Investment companies,2020-12-11,1.10407,0.18888,0.00960,0.36817,0.46676,0.31539,0.61813,104
9409,Investment companies,2020-12-18,1.10745,0.19378,0.01078,0.37679,0.47142,0.31838,0.62445,104
9410,Investment companies,2020-12-25,1.10727,0.19472,0.01140,0.37803,0.47208,0.31911,0.62506,104
9411,Investment companies,2021-01-01,1.09980,0.19412,0.01074,0.37750,0.46768,0.31246,0.62290,104
9412,Investment companies,2021-01-08,1.10065,0.19355,0.01026,0.37683,0.46770,0.31254,0.62287,104
9413,Investment companies,2021-01-15,1.10577,0.19061,0.00822,0.37300,0.46557,0.31101,0.62013,104
9414,Investment companies,2021-01-22,1.13999,0.18632,0.00545,0.36718,0.46954,0.31864,0.62043,104
9415,Investment companies,2021-01-29,1.14653,0.18444,0.00452,0.36437,0.46950,0.31965,0.61936,104
9416,Investment companies,2021-02-05,1.14347,0.18398,0.00433,0.36363,0.46985,0.32039,0.61931,104
9417,Investment companies,2021-02-12,1.15892,0.18378,0.00550,0.36207,0.46899,0.32092,0.61707,104
9418,Investment companies,2021-02-19,1.15907,0.18342,0.00522,0.36161,0.46857,0.32067,0.61647,104
9419,Investment companies,2021-02-26,1.15927,0.18005,0.00265,0.35745,0.46522,0.31727,0.61317,104
9420,Investment companies,2021-03-05,1.15504,0.17994,0.00255,0.35732,0.46601,0.31801,0.61401,104
9421,Investment companies,2021-03-12,1.14993,0.18177,0.00437,0.35916,0.46603,0.31770,0.61437,104
9422,Investment companies,2021-03-19,1.14689,0.18555,0.00860,0.36250,0.46849,0.32179,0.61518,104
9423,Investment companies,2021-03-26,1.16245,0.18029,0.00441,0.35616,0.46778,0.32290,0.61265,104
9424,Investment companies,2021-04-02,1.14874,0.18255,0.00638,0.35872,0.46556,0.31979,0.61132,104
9425,Investment companies,2021-04-09,1.14658,0.18363,0.00726,0.36000,0.46623,0.32026,0.61220,104
9426,Investment companies,2021-04-16,1.14400,0.18178,0.00633,0.35722,0.46420,0.31862,0.60977,104
9427,Investment companies,2021-04-23,1.12962,0.18588,0.00943,0.36234,0.46509,0.31768,0.61251,104
9428,Investment companies,2021-04-30,1.13132,0.18344,0.00751,0.35937,0.46294,0.31520,0.61069,104
9429,Investment companies,2021-05-07,1.12932,0.18375,0.00783,0.35968,0.46294,0.31500,0.61089,104
9430,Investment companies,2021-05-14,1.13664,0.18190,0.00661,0.35718,0.46240,0.31516,0.60963,104
9431,Investment companies,2021-05-21,1.14825,0.18217,0.00753,0.35681,0.46408,0.31844,0.60972,104
9432,Investment companies,2021-05-28,1.15585,0.18328,0.00826,0.35830,0.46545,0.32033,0.61057,104
9433,Investment companies,2021-06-04,1.16622,0.18077,0.00560,0.35594,0.46672,0.32226,0.61119,104
9434,Investment companies,2021-06-11,1.16531,0.18057,0.00545,0.35570,0.46589,0.32104,0.61074,104
9435,Investment companies,2021-06-18,1.16878,0.17869,0.00401,0.35336,0.46461,0.31980,0.60942,104
9436,Investment companies,2021-06-25,1.16918,0.17563,0.00154,0.34973,0.46339,0.31910,0.60768,104
9437,Investment companies,2021-07-02,1.15082,0.18187,0.00352,0.36021,0.46718,0.32091,0.61344,104
9438,Investment companies,2021-07-09,1.16083,0.17757,0.00004,0.35510,0.46648,0.32133,0.61163,104
9439,Investment companies,2021-07-16,1.15865,0.17422,-0.00298,0.35141,0.46162,0.31424,0.60900,104
9440,Investment companies,2021-07-23,1.15704,0.17536,-0.00210,0.35283,0.46237,0.31453,0.61021,104
9441,Investment companies,2021-07-30,1.15324,0.17777,-0.00009,0.35564,0.46286,0.31440,0.61131,104
9442,Investment companies,2021-08-06,1.14289,0.18407,0.00756,0.36059,0.46209,0.31396,0.61022,104
9443,Investment companies,2021-08-13,1.12662,0.18806,0.01076,0.36535,0.46206,0.31188,0.61224,104
9444,Investment companies,2021-08-20,1.11630,0.18700,0.01146,0.36255,0.45914,0.30969,0.60859,104
9445,Investment companies,2021-08-27,1.11056,0.18584,0.01276,0.35891,0.45572,0.30793,0.60352,104
9446,Investment companies,2021-09-03,1.10723,0.18615,0.01301,0.35930,0.45522,0.30682,0.60363,104
9447,Investment companies,2021-09-10,1.11674,0.18306,0.00971,0.35641,0.45543,0.30744,0.60343,104
9448,Investment companies,2021-09-17,1.11682,0.18105,0.00836,0.35373,0.45233,0.30388,0.60079,104
9449,Investment companies,2021-09-24,1.11404,0.18020,0.00787,0.35253,0.44981,0.30064,0.59898,104
9450,Investment companies,2021-10-01,1.11068,0.17705,0.00482,0.34928,0.44536,0.29363,0.59708,104
9451,Investment companies,2021-10-08,1.10963,0.17808,0.00593,0.35023,0.44510,0.29330,0.59690,104
9452,Investment companies,2021-10-15,1.12068,0.17544,0.00338,0.34751,0.44627,0.29490,0.59764,104
9453,Investment companies,2021-10-22,1.12176,0.17618,0.00385,0.34851,0.44750,0.29596,0.59904,104
9454,Investment companies,2021-10-29,1.12274,0.17648,0.00394,0.34903,0.44861,0.29775,0.59947,104
9455,Investment companies,2021-11-05,1.11301,0.17985,0.00814,0.35157,0.44809,0.29667,0.59950,104
9456,Investment companies,2021-11-12,1.11147,0.18023,0.00835,0.35211,0.44842,0.29683,0.60001,104
9457,Investment companies,2021-11-19,1.11342,0.18018,0.00874,0.35162,0.44894,0.29800,0.59988,104
9458,Investment companies,2021-11-26,1.11710,0.17993,0.00901,0.35085,0.45260,0.30436,0.60085,104
9459,Investment companies,2021-12-03,1.11964,0.17807,0.00822,0.34792,0.45112,0.30292,0.59933,104
9460,Investment companies,2021-12-10,1.11641,0.18073,0.01172,0.34975,0.45161,0.30414,0.59907,104
9461,Investment companies,2021-12-17,1.11655,0.18132,0.01217,0.35048,0.45237,0.30577,0.59897,104
9462,Investment companies,2021-12-24,1.12696,0.18342,0.01363,0.35321,0.45791,0.31203,0.60378,104
9463,Investment companies,2021-12-31,1.12816,0.18300,0.01345,0.35256,0.45748,0.31180,0.60316,104
9464,Investment companies,2022-01-07,1.12439,0.18628,0.01483,0.35773,0.46039,0.31409,0.60670,104
9465,Investment companies,2022-01-14,1.12606,0.18160,0.01159,0.35161,0.45573,0.31030,0.60117,104
9466,Investment companies,2022-01-21,1.14466,0.17598,0.00575,0.34621,0.45440,0.30943,0.59938,104
9467,Investment companies,2022-01-28,1.15340,0.17328,0.00361,0.34295,0.45160,0.30698,0.59623,104
9468,Investment companies,2022-02-04,1.14865,0.17446,0.00164,0.34727,0.45489,0.30893,0.60086,104
9469,Investment companies,2022-02-11,1.13876,0.17933,0.00513,0.35353,0.45790,0.31111,0.60470,104
9470,Investment companies,2022-02-18,1.14847,0.17853,0.00420,0.35286,0.45993,0.31393,0.60592,104
9471,Investment companies,2022-02-25,1.19236,0.17993,0.01008,0.34977,0.44580,0.29457,0.59703,104
9472,Investment companies,2022-03-04,1.25168,0.14966,-0.01330,0.31262,0.41185,0.26058,0.56311,104
9473,Investment companies,2022-03-11,1.09850,0.13876,-0.03112,0.30865,0.30020,0.15096,0.44944,104
9474,Investment companies,2022-03-18,1.12874,0.08482,-0.01455,0.18420,0.25772,0.16416,0.35128,104
9475,Investment companies,2022-03-25,1.12261,0.09910,-0.00891,0.20710,0.27342,0.17247,0.37436,104
9476,Investment companies,2022-04-01,1.11423,0.05853,-0.04725,0.16432,0.21117,0.10629,0.31604,104
9477,Investment companies,2022-04-08,1.14743,0.04972,-0.06028,0.15972,0.21077,0.10543,0.31612,104
9478,Investment companies,2022-04-15,1.14251,0.05288,-0.06779,0.17356,0.23012,0.11787,0.34237,104
9479,Investment companies,2022-04-22,1.08948,0.11205,-0.01611,0.24022,0.30636,0.19740,0.41532,104
9480,Investment companies,2022-04-29,1.13534,0.11795,-0.02159,0.25750,0.30981,0.18803,0.43159,104
9481,Investment companies,2022-05-06,1.18187,0.08541,-0.05609,0.22691,0.31980,0.19833,0.44128,104
9482,Investment companies,2022-05-13,1.19284,0.07795,-0.06537,0.22127,0.31974,0.19864,0.44084,104
9483,Investment companies,2022-05-20,1.19060,0.07723,-0.06661,0.22106,0.31476,0.19202,0.43751,104
9484,Investment companies,2022-05-27,1.16066,0.07975,-0.06755,0.22705,0.31531,0.19188,0.43874,104
9485,Investment companies,2022-06-03,1.12289,0.06301,-0.07927,0.20529,0.27076,0.15029,0.39123,104
9486,Investment companies,2022-06-10,1.11761,0.06656,-0.07896,0.21208,0.26196,0.13448,0.38944,104
9487,Investment companies,2022-06-17,1.16437,0.04589,-0.08532,0.17710,0.26663,0.15319,0.38007,104
9488,Investment companies,2022-06-24,1.17283,0.04292,-0.08679,0.17263,0.26257,0.14944,0.37571,104
9489,Investment companies,2022-07-01,1.16833,0.03954,-0.08834,0.16741,0.25710,0.14527,0.36893,104
9490,Investment companies,2022-07-08,1.14438,0.04839,-0.08010,0.17689,0.25474,0.14144,0.36805,104
9491,Investment companies,2022-07-15,1.14473,0.03667,-0.09083,0.16418,0.25023,0.14077,0.35970,104
9492,Investment companies,2022-07-22,1.11869,0.04015,-0.08806,0.16836,0.25051,0.14028,0.36074,104
9493,Investment companies,2022-07-29,1.09958,0.03655,-0.09027,0.16337,0.24913,0.13900,0.35926,104
9494,Investment companies,2022-08-05,1.08821,0.03685,-0.07719,0.15090,0.23246,0.13220,0.33271,104
9495,Investment companies,2022-08-12,1.08412,0.03880,-0.07571,0.15331,0.23410,0.13407,0.33413,104
9496,Investment companies,2022-08-19,1.08342,0.04045,-0.07372,0.15461,0.23408,0.13406,0.33410,104
9497,Investment companies,2022-08-26,1.08088,0.04302,-0.07173,0.15776,0.23562,0.13529,0.33595,104
9498,Investment companies,2022-09-02,1.08565,0.04499,-0.06945,0.15943,0.24187,0.14234,0.34140,104
9499,Investment companies,2022-09-09,1.10438,0.04150,-0.07516,0.15816,0.25067,0.14993,0.35141,104
9500,Investment companies,2022-09-16,1.12381,0.03510,-0.07908,0.14927,0.25277,0.15329,0.35225,104
9501,Investment companies,2022-09-23,1.11087,0.03557,-0.07947,0.15061,0.25899,0.16127,0.35671,104
9502,Investment companies,2022-09-30,1.13792,0.01896,-0.09361,0.13153,0.25657,0.15962,0.35353,104
9503,Investment companies,2022-10-07,1.13703,0.01554,-0.09477,0.12585,0.25318,0.15898,0.34739,104
9504,Investment companies,2022-10-14,1.14384,0.02398,-0.08632,0.13427,0.26534,0.17164,0.35904,104
9505,Investment companies,2022-10-21,1.13244,0.02192,-0.08945,0.13329,0.25986,0.16405,0.35568,104
9506,Investment companies,2022-10-28,1.16937,0.03491,-0.07656,0.14638,0.26313,0.16624,0.36003,104
9507,Investment companies,2022-11-04,1.13636,0.03599,-0.07590,0.14788,0.25408,0.15688,0.35127,104
9508,Investment companies,2022-11-11,1.12215,0.03456,-0.07668,0.14580,0.23762,0.13908,0.33616,104
9509,Investment companies,2022-11-18,1.11570,0.02104,-0.08620,0.12829,0.22209,0.12522,0.31896,104
9510,Investment companies,2022-11-25,1.07976,0.03990,-0.06879,0.14858,0.21814,0.11847,0.31782,104
9511,Investment companies,2022-12-02,1.09341,0.03605,-0.07071,0.14281,0.21701,0.11879,0.31523,104
9512,Investment companies,2022-12-09,1.09155,0.04018,-0.06311,0.14347,0.21762,0.12334,0.31189,104
9513,Investment companies,2022-12-16,1.08603,0.03838,-0.06341,0.14016,0.21119,0.11752,0.30486,104
9514,Investment companies,2022-12-23,1.08615,0.03865,-0.06279,0.14008,0.21311,0.12039,0.30582,104
9515,Investment companies,2022-12-30,1.09489,0.03630,-0.06402,0.13663,0.21127,0.11941,0.30313,104
9516,Investment companies,2023-01-06,1.08491,0.03812,-0.05978,0.13601,0.20608,0.11605,0.29612,104
9517,Investment companies,2023-01-13,1.08389,0.03300,-0.06189,0.12788,0.19855,0.11128,0.28581,104
9518,Investment companies,2023-01-20,1.05509,0.03370,-0.06003,0.12743,0.19366,0.10745,0.27987,104
9519,Investment companies,2023-01-27,1.04538,0.03520,-0.05928,0.12968,0.19209,0.10553,0.27865,104
9520,Investment companies,2023-02-03,1.05562,0.02767,-0.06379,0.11913,0.17543,0.09009,0.26078,104
9521,Investment companies,2023-02-10,1.06043,0.02559,-0.06552,0.11669,0.17902,0.09504,0.26301,104
9522,Investment companies,2023-02-17,1.06191,0.02831,-0.06248,0.11909,0.18244,0.09878,0.26611,104
9523,Investment companies,2023-02-24,1.06989,0.03238,-0.06011,0.12487,0.18687,0.10152,0.27222,104
9524,Investment companies,2023-03-03,1.05866,0.03200,-0.06034,0.12434,0.18243,0.09674,0.26813,104
9525,Investment companies,2023-03-10,1.08524,0.03016,-0.06083,0.12115,0.18820,0.10348,0.27292,104
9526,Investment companies,2023-03-17,1.09541,0.02380,-0.06438,0.11197,0.20133,0.12192,0.28074,104
9527,Investment companies,2023-03-24,1.10614,0.02000,-0.06653,0.10654,0.19786,0.11983,0.27589,104
9528,Investment companies,2023-03-31,1.10222,0.01753,-0.06906,0.10413,0.20274,0.12590,0.27957,104
9529,Investment companies,2023-04-07,1.09769,0.02162,-0.06481,0.10805,0.20408,0.12728,0.28088,104
9530,Investment companies,2023-04-14,1.09327,0.02443,-0.06276,0.11162,0.20500,0.12729,0.28271,104
9531,Investment companies,2023-04-21,1.10143,0.03192,-0.05728,0.12113,0.21410,0.13460,0.29359,104
9532,Investment companies,2023-04-28,1.11027,0.03023,-0.05741,0.11787,0.21221,0.13350,0.29091,104
9533,Investment companies,2023-05-05,1.10845,0.02908,-0.05810,0.11626,0.21218,0.13440,0.28996,104
9534,Investment companies,2023-05-12,1.12523,0.02133,-0.06792,0.11058,0.20715,0.12938,0.28493,104
9535,Investment companies,2023-05-19,1.10203,0.02741,-0.06368,0.11851,0.21345,0.13439,0.29251,104
9536,Investment companies,2023-05-26,1.11097,0.02291,-0.06808,0.11390,0.20878,0.12996,0.28761,104
9537,Investment companies,2023-06-02,1.09723,0.02370,-0.06640,0.11381,0.20549,0.12647,0.28452,104
9538,Investment companies,2023-06-09,1.09880,0.02301,-0.06710,0.11311,0.20489,0.12590,0.28389,104
9539,Investment companies,2023-06-16,1.09352,0.02343,-0.06730,0.11416,0.20588,0.12690,0.28486,104
9540,Investment companies,2023-06-23,1.10828,0.02348,-0.06726,0.11422,0.21040,0.13161,0.28920,104
9541,Investment companies,2023-06-30,1.10235,0.02358,-0.06666,0.11382,0.21021,0.13165,0.28878,104
9542,Investment companies,2023-07-07,1.08250,0.03127,-0.06076,0.12330,0.21106,0.13126,0.29087,104
9543,Investment companies,2023-07-14,1.08116,0.03409,-0.05909,0.12727,0.21369,0.13296,0.29441,104
9544,Investment companies,2023-07-21,1.06786,0.03493,-0.05809,0.12796,0.21338,0.13291,0.29386,104
9545,Investment companies,2023-07-28,1.07376,0.02861,-0.05988,0.11710,0.20751,0.13013,0.28490,104
9546,Investment companies,2023-08-04,1.09566,0.01612,-0.06991,0.10215,0.20506,0.12991,0.28021,104
9547,Investment companies,2023-08-11,1.08731,0.01720,-0.06892,0.10332,0.20506,0.12970,0.28042,104
9548,Investment companies,2023-08-18,1.09966,0.01975,-0.06758,0.10708,0.20840,0.13152,0.28528,104
9549,Investment companies,2023-08-25,1.09925,0.01681,-0.07149,0.10512,0.20209,0.12276,0.28142,104
9550,Investment companies,2023-09-01,1.10945,0.01751,-0.07056,0.10558,0.20776,0.12905,0.28646,104
9551,Investment companies,2023-09-08,1.11609,0.01375,-0.07319,0.10070,0.20488,0.12733,0.28244,104
9552,Investment companies,2023-09-15,1.13085,0.01244,-0.07481,0.09969,0.21062,0.13353,0.28771,104
9553,Investment companies,2023-09-22,1.13289,0.01414,-0.07342,0.10169,0.21204,0.13419,0.28990,104
9554,Investment companies,2023-09-29,1.13029,0.01311,-0.07367,0.09988,0.20944,0.13219,0.28668,104
9555,Investment companies,2023-10-06,1.14557,0.02328,-0.06604,0.11261,0.22806,0.14721,0.30892,104
9556,Investment companies,2023-10-13,1.10275,0.02189,-0.06655,0.11032,0.22545,0.14858,0.30232,104
9557,Investment companies,2023-10-20,1.08676,0.02493,-0.06432,0.11418,0.22362,0.14594,0.30130,104
9558,Investment companies,2023-10-27,1.08751,0.02531,-0.06401,0.11463,0.22343,0.14571,0.30116,104
9559,Investment companies,2023-11-03,1.15875,-0.00264,-0.09429,0.08901,0.20449,0.12788,0.28110,104
9560,Investment companies,2023-11-10,1.15469,0.00131,-0.08749,0.09011,0.20689,0.13199,0.28180,104
9561,Investment companies,2023-11-17,1.14711,0.00231,-0.08587,0.09050,0.20583,0.13064,0.28101,104
9562,Investment companies,2023-11-24,1.13533,0.00364,-0.08459,0.09188,0.19697,0.11995,0.27399,104
9563,Investment companies,2023-12-01,1.12532,0.00617,-0.08476,0.09711,0.19913,0.11909,0.27917,104
9564,Investment companies,2023-12-08,1.12919,-0.00553,-0.09192,0.08086,0.18964,0.11567,0.26362,104
9565,Investment companies,2023-12-15,1.11827,-0.00467,-0.09141,0.08207,0.18766,0.11446,0.26087,104
9566,Investment companies,2023-12-22,1.07840,-0.00556,-0.09263,0.08151,0.17680,0.10493,0.24866,104
9567,Investment companies,2023-12-29,1.08506,-0.00911,-0.09527,0.07705,0.17334,0.10194,0.24474,104
9568,Investment companies,2024-01-05,1.08623,-0.01069,-0.09769,0.07632,0.17234,0.10024,0.24445,104
9569,Investment companies,2024-01-12,1.07721,-0.00160,-0.08662,0.08343,0.18027,0.10958,0.25097,104
9570,Investment companies,2024-01-19,1.07816,-0.00079,-0.08580,0.08421,0.18375,0.11329,0.25421,104
9571,Investment companies,2024-01-26,1.06947,-0.00264,-0.08882,0.08354,0.18196,0.11105,0.25286,104
9572,Investment companies,2024-02-02,1.07419,0.00373,-0.08102,0.08847,0.18886,0.11955,0.25817,104
9573,Investment companies,2024-02-09,1.07186,0.00744,-0.07584,0.09072,0.18352,0.11426,0.25278,104
9574,Investment companies,2024-02-16,1.05486,0.00922,-0.07356,0.09199,0.18284,0.11252,0.25317,104
9575,Investment companies,2024-02-23,1.07471,-0.00387,-0.09585,0.08810,0.17483,0.09797,0.25168,104
9576,Investment companies,2024-03-01,1.03670,0.02801,-0.04990,0.10592,0.22192,0.15835,0.28550,104
9577,Investment companies,2024-03-08,1.01560,0.04307,-0.03832,0.12447,0.23456,0.16910,0.30003,104
9578,Investment companies,2024-03-15,1.05648,0.02729,-0.05179,0.10637,0.23253,0.16937,0.29569,104
9579,Investment companies,2024-03-22,1.05967,0.01313,-0.07028,0.09653,0.21745,0.15097,0.28393,104
9580,Investment companies,2024-03-29,1.04071,0.03074,-0.05901,0.12049,0.25291,0.18251,0.32331,104
9581,Investment companies,2024-04-05,1.04381,0.03747,-0.05211,0.12705,0.26192,0.19104,0.33280,104
9582,Investment companies,2024-04-12,1.04438,0.03151,-0.05987,0.12289,0.25763,0.18577,0.32949,104
9583,Investment companies,2024-04-19,1.05917,0.03170,-0.05981,0.12321,0.26297,0.19075,0.33519,104
9584,Investment companies,2024-04-26,1.03357,0.04188,-0.04855,0.13230,0.27201,0.19971,0.34431,104
9585,Investment companies,2024-05-03,1.02072,0.05355,-0.04098,0.14808,0.27848,0.20279,0.35416,104
9586,Investment companies,2024-05-10,1.02680,0.05336,-0.03981,0.14652,0.27975,0.20388,0.35562,104
9587,Investment companies,2024-05-17,1.02079,0.05462,-0.03895,0.14818,0.27874,0.20260,0.35488,104
9588,Investment companies,2024-05-24,1.02255,0.05776,-0.03657,0.15208,0.27771,0.20016,0.35525,104
9589,Investment companies,2024-05-31,1.03622,0.05388,-0.03971,0.14747,0.27692,0.19970,0.35414,104
9590,Investment companies,2024-06-07,1.05311,0.04935,-0.04551,0.14421,0.28029,0.20368,0.35690,104
9591,Investment companies,2024-06-14,1.05654,0.04384,-0.04942,0.13711,0.26419,0.18618,0.34221,104
9592,Investment companies,2024-06-21,1.04104,0.04797,-0.04565,0.14159,0.26584,0.18793,0.34374,104
9593,Investment companies,2024-06-28,1.04584,0.04859,-0.04488,0.14205,0.26798,0.19018,0.34579,104
9594,Investment companies,2024-07-05,1.05513,0.04437,-0.05224,0.14099,0.27039,0.19071,0.35006,104
9595,Investment companies,2024-07-12,1.08757,0.04587,-0.04935,0.14108,0.27457,0.20097,0.34816,104
9596,Investment companies,2024-07-19,1.12185,0.03348,-0.06518,0.13213,0.26480,0.19167,0.33793,104
9597,Investment companies,2024-07-26,1.14637,0.03641,-0.06134,0.13416,0.26470,0.19361,0.33579,104
9598,Investment companies,2024-08-02,1.14713,0.04674,-0.06215,0.15564,0.29490,0.21725,0.37255,104
9599,Investment companies,2024-08-09,1.15002,0.03875,-0.07090,0.14839,0.28523,0.20773,0.36273,104
9600,Investment companies,2024-08-16,1.14568,0.03901,-0.07005,0.14807,0.28532,0.20770,0.36294,104
9601,Investment companies,2024-08-23,1.14609,0.03409,-0.07583,0.14402,0.28206,0.20444,0.35968,104
9602,Investment companies,2024-08-30,1.14497,0.03358,-0.07755,0.14471,0.27453,0.19383,0.35524,104
9603,Investment companies,2024-09-06,1.13514,0.03850,-0.07123,0.14822,0.28735,0.21130,0.36340,104
9604,Investment companies,2024-09-13,1.12567,0.04013,-0.06980,0.15006,0.28563,0.20934,0.36192,104
9605,Investment companies,2024-09-20,1.13243,0.04131,-0.06795,0.15057,0.27183,0.19430,0.34937,104
9606,Investment companies,2024-09-27,1.15156,0.03744,-0.07252,0.14739,0.27306,0.19502,0.35109,104
9607,Investment companies,2024-10-04,1.15308,0.04428,-0.06732,0.15589,0.28184,0.20197,0.36171,104
9608,Investment companies,2024-10-11,1.13925,0.03868,-0.07288,0.15024,0.26928,0.18818,0.35037,104
9609,Investment companies,2024-10-18,1.13807,0.03798,-0.07072,0.14668,0.26620,0.18778,0.34463,104
9610,Investment companies,2024-10-25,1.15154,0.03675,-0.07218,0.14569,0.26653,0.18960,0.34345,104
9611,Investment companies,2024-11-01,1.14153,0.03384,-0.07516,0.14284,0.26077,0.18364,0.33791,104
9612,Investment companies,2024-11-08,1.15362,0.03110,-0.07858,0.14078,0.25931,0.18160,0.33702,104
9613,Investment companies,2024-11-15,1.14117,0.05125,-0.06274,0.16525,0.27116,0.19108,0.35125,104
9614,Investment companies,2024-11-22,1.20132,0.02296,-0.08816,0.13407,0.26631,0.18668,0.34594,104
9615,Investment companies,2024-11-29,1.19603,0.01759,-0.09408,0.12926,0.26252,0.18083,0.34421,104
9616,Investment companies,2024-12-06,1.19856,0.01487,-0.10423,0.13397,0.26839,0.18126,0.35551,104
9617,Investment companies,2024-12-13,1.21053,0.00961,-0.11006,0.12928,0.26710,0.18027,0.35393,104
9618,Investment companies,2024-12-20,1.21802,0.00706,-0.11336,0.12748,0.26955,0.18200,0.35710,104
9619,Investment companies,2024-12-27,1.20995,0.00922,-0.11218,0.13062,0.27401,0.18624,0.36178,104
9620,Investment companies,2025-01-03,1.22406,0.00105,-0.12909,0.13118,0.28180,0.18860,0.37500,104
9621,Investment companies,2025-01-10,1.21227,0.00769,-0.12499,0.14036,0.29470,0.20096,0.38843,104
9622,Investment companies,2025-01-17,1.21738,0.00439,-0.13002,0.13879,0.29527,0.20091,0.38962,104
9623,Investment companies,2025-01-24,1.21692,0.00843,-0.12602,0.14287,0.29952,0.20582,0.39323,104
9624,Investment companies,2025-01-31,1.20100,0.02016,-0.12004,0.16036,0.31998,0.22360,0.41636,104
9625,Investment companies,2025-02-07,1.18881,0.01945,-0.12314,0.16204,0.31907,0.22014,0.41800,104
9626,Investment companies,2025-02-14,1.18901,0.01616,-0.12740,0.15973,0.31609,0.21601,0.41617,104
9627,Investment companies,2025-02-21,1.18124,0.01872,-0.12423,0.16167,0.31663,0.21668,0.41659,104
9628,Investment companies,2025-02-28,1.19867,0.02096,-0.12153,0.16345,0.32048,0.22130,0.41965,104
9629,Investment companies,2025-03-07,1.17579,0.03150,-0.11061,0.17361,0.31732,0.21661,0.41802,104
9630,Investment companies,2025-03-14,1.17194,0.03101,-0.11514,0.17715,0.28638,0.17289,0.39988,104
9631,Investment companies,2025-03-21,1.15313,0.03897,-0.10995,0.18789,0.29658,0.18279,0.41037,104
9632,Investment companies,2025-03-28,1.13206,0.05373,-0.09727,0.20472,0.28900,0.17069,0.40730,104
9633,Investment companies,2025-04-04,1.11812,0.04028,-0.11217,0.19273,0.33091,0.22377,0.43805,104
9634,Investment companies,2025-04-11,1.13106,0.03804,-0.11335,0.18943,0.32879,0.22163,0.43594,104
9635,Investment companies,2025-04-18,1.13419,0.02230,-0.13458,0.17917,0.31718,0.20607,0.42830,104
9636,Investment companies,2025-04-25,1.11882,0.03164,-0.12422,0.18750,0.32594,0.21576,0.43611,104
9637,Investment companies,2025-05-02,1.12670,0.03224,-0.10078,0.16525,0.28952,0.18483,0.39420,104
9638,Investment companies,2025-05-09,1.07913,0.06052,-0.06572,0.18677,0.30294,0.20073,0.40516,104
9639,Investment companies,2025-05-16,1.04264,0.06421,-0.06310,0.19152,0.30333,0.20081,0.40585,104
9640,Investment companies,2025-05-23,1.03854,0.07013,-0.05707,0.19732,0.31091,0.20888,0.41294,104
9641,Investment companies,2025-05-30,1.04609,0.06668,-0.06012,0.19348,0.30907,0.20722,0.41093,104
9642,Investment companies,2025-06-06,1.04193,0.06340,-0.06381,0.19061,0.30625,0.20389,0.40861,104
9643,Investment companies,2025-06-13,1.04290,0.06121,-0.06003,0.18246,0.30250,0.20604,0.39896,104
9644,Investment companies,2025-06-20,1.04772,0.06172,-0.05874,0.18219,0.29513,0.19826,0.39200,104
9645,Investment companies,2025-06-27,1.05913,0.03051,-0.09643,0.15744,0.26306,0.15683,0.36929,104
9646,Investment companies,2025-07-04,1.08630,0.01482,-0.11011,0.13974,0.26144,0.15548,0.36740,104
9647,Investment companies,2025-07-11,1.07190,0.02274,-0.09820,0.14367,0.26430,0.16098,0.36763,104
9648,Investment companies,2025-07-18,1.09062,0.02201,-0.09928,0.14329,0.26650,0.16409,0.36892,104
9649,Investment companies,2025-07-25,1.08511,0.02504,-0.09790,0.14798,0.27159,0.16815,0.37503,104
9650,Investment companies,2025-08-01,1.07135,0.03161,-0.09250,0.15571,0.27347,0.16909,0.37786,104
9651,Investment companies,2025-08-08,1.08485,0.02794,-0.09292,0.14880,0.26759,0.16496,0.37023,104
9652,Investment companies,2025-08-15,1.06784,0.03008,-0.09044,0.15060,0.26353,0.16063,0.36643,104
9653,Investment companies,2025-08-22,1.06515,0.03118,-0.08930,0.15165,0.26559,0.16290,0.36829,104
9654,Investment companies,2025-08-29,1.05566,0.02965,-0.09096,0.15026,0.25722,0.15356,0.36088,104
9655,Investment companies,2025-09-05,1.05245,0.04110,-0.08119,0.16338,0.27075,0.16503,0.37646,104
9656,Investment companies,2025-09-12,1.03507,0.03871,-0.08257,0.15999,0.26232,0.15848,0.36616,104
9657,Investment companies,2025-09-19,1.01419,0.04215,-0.07988,0.16418,0.26125,0.15708,0.36543,104
9658,Investment companies,2025-09-26,1.01243,0.03977,-0.08191,0.16144,0.25937,0.15588,0.36286,104
9659,Investment companies,2025-10-03,0.99943,0.00944,-0.10855,0.12744,0.21585,0.11255,0.31914,104
9660,Investment companies,2025-10-10,1.02523,0.01778,-0.09888,0.13443,0.21611,0.11497,0.31725,104
9661,Investment companies,2025-10-17,1.04198,0.01531,-0.10512,0.13573,0.22269,0.12177,0.32361,104
9662,Investment companies,2025-10-24,1.02504,0.04370,-0.08763,0.17504,0.24461,0.13047,0.35874,104
9663,Investment companies,2025-10-31,0.93762,0.08563,-0.03685,0.20811,0.27940,0.16725,0.39155,104
9664,Investment companies,2025-11-07,0.94213,0.07952,-0.04252,0.20155,0.27587,0.16369,0.38805,104
9665,Investment companies,2025-11-14,0.95354,0.07694,-0.04548,0.19936,0.27649,0.16391,0.38906,104
9666,Investment companies,2025-11-21,0.95601,0.07426,-0.04820,0.19673,0.27658,0.16492,0.38824,104
9667,Investment companies,2025-11-28,0.96659,0.07591,-0.04693,0.19876,0.28064,0.16887,0.39241,104
9668,Investment companies,2025-12-05,0.95465,0.08037,-0.04365,0.20440,0.28274,0.16952,0.39596,104
9669,Investment companies,2025-12-12,0.95594,0.07917,-0.04204,0.20039,0.27913,0.16783,0.39043,104
9670,Investment companies,2025-12-19,0.97006,0.06999,-0.05137,0.19135,0.27452,0.16376,0.38528,104
9671,Investment companies,2025-12-26,0.95232,0.08350,-0.03968,0.20668,0.28474,0.17223,0.39726,104
9672,Investment companies,2026-01-02,0.96273,0.07902,-0.04222,0.20026,0.27942,0.16753,0.39132,104
9673,Investment companies,2026-01-09,0.97867,0.07389,-0.04565,0.19344,0.27434,0.16441,0.38427,104
9674,Investment companies,2026-01-16,0.94968,0.08248,-0.03541,0.20036,0.27964,0.16900,0.39027,104
9675,Investment companies,2026-01-23,0.92672,0.10239,-0.02000,0.22479,0.29316,0.17642,0.40990,104
9676,Investment companies,2026-01-30,0.92288,0.08697,-0.03198,0.20592,0.27416,0.16064,0.38767,104
9677,Investment companies,2026-02-06,0.92090,0.08780,-0.03503,0.21063,0.28337,0.16815,0.39858,104
9678,Investment companies,2026-02-13,0.92188,0.08858,-0.03428,0.21144,0.28309,0.16769,0.39848,104
9679,Investment companies,2026-02-20,0.92407,0.08937,-0.03284,0.21158,0.28967,0.17623,0.40311,104
9680,Investment companies,2026-02-27,0.92974,0.08737,-0.03459,0.20934,0.28847,0.17536,0.40159,104
9681,Investment companies,2026-03-06,0.98747,0.03590,-0.07458,0.14639,0.19529,0.09472,0.29585,104
9682,Investment companies,2026-03-13,0.98894,0.05123,-0.05100,0.15347,0.21108,0.11875,0.30342,104
9683,Investment companies,2026-03-20,0.98835,0.04324,-0.05836,0.14484,0.20087,0.10986,0.29187,104
9684,Investment companies,2026-03-27,0.98479,0.04313,-0.05719,0.14345,0.20015,0.11022,0.29008,104
9685,Investment companies,2026-04-03,0.96892,0.04184,-0.04656,0.13024,0.17485,0.09187,0.25784,104
9686,Investment companies,2026-04-10,0.97480,0.03681,-0.04877,0.12240,0.17117,0.09055,0.25178,104
9687,Investment companies,2026-04-17,0.90140,0.03522,-0.04984,0.12028,0.16263,0.08071,0.24454,104
9688,Investment companies,2026-04-24,0.90420,0.02741,-0.04861,0.10342,0.14837,0.07232,0.22442,104
9689,Investment companies,2026-05-01,0.91579,0.02602,-0.04643,0.09846,0.15082,0.08008,0.22156,104
9690,Investment companies,2026-05-08,0.89298,0.01287,-0.05562,0.08136,0.13913,0.06888,0.20938,104
9691,Investment companies,2026-05-15,0.89868,0.01495,-0.05288,0.08278,0.14433,0.07595,0.21271,104
9692,Investment companies,2026-05-22,0.91751,0.00652,-0.06114,0.07418,0.13584,0.06831,0.20337,104
9693,Investment companies,2026-05-29,0.91797,0.00847,-0.05675,0.07369,0.14081,0.07663,0.20499,104
9694,Investment companies,2026-06-05,0.91165,0.00830,-0.05695,0.07355,0.13878,0.07431,0.20325,104
9695,Investment companies,2026-06-12,0.88693,0.02937,-0.04768,0.10643,0.15915,0.08351,0.23479,104
9696,Investment companies,2026-06-19,0.89618,0.03062,-0.04714,0.10838,0.16758,0.09176,0.24340,104
9697,Investment companies,2026-06-26,0.88988,0.02011,-0.04886,0.08908,0.15623,0.08897,0.22348,104
9698,Investment companies,2026-07-03,0.89266,0.01950,-0.04917,0.08816,0.15606,0.08926,0.22286,104
9699,Investment companies,2026-07-10,0.87917,0.02396,-0.04365,0.09158,0.15728,0.09047,0.22409,104
9700,Investment companies,2026-07-17,0.86643,0.02830,-0.03480,0.09140,0.15573,0.09192,0.21955,104
9701,Investment companies,2026-07-24,0.86327,0.02588,-0.03568,0.08745,0.15444,0.09184,0.21703,104
9702,Investment companies,2026-07-31,0.84866,0.02275,-0.03726,0.08275,0.14534,0.08353,0.20716,104
9703,Investment companies,2026-08-07,0.87100,0.00871,-0.05881,0.07623,0.13295,0.06679,0.19910,104
9704,Investment companies,2026-08-14,0.87448,0.00769,-0.05980,0.07518,0.13475,0.06878,0.20073,104
9705,Investment companies,2026-08-21,0.86995,0.01230,-0.05345,0.07806,0.13724,0.07201,0.20247,104
9706,Investment companies,2026-08-28,0.87979,0.00570,-0.06043,0.07183,0.13108,0.06588,0.19628,104
9707,Investment companies,2026-09-04,0.84483,0.00767,-0.05727,0.07261,0.11977,0.05461,0.18493,104
9708,Investment companies,2026-09-11,0.84475,0.00552,-0.05746,0.06851,0.11554,0.05197,0.17912,104
