,unit,date,beta_mkt,beta_oil_partial,partial_lo,partial_hi,beta_oil_total,total_lo,total_hi,nobs,variant
0,MARKET,2009-07-31,1.00000,,,,0.56494,0.41670,0.71318,101,Brent future (baseline)
1,MARKET,2009-08-07,1.00000,,,,0.56495,0.41504,0.71487,101,Brent future (baseline)
2,MARKET,2009-08-14,1.00000,,,,0.56475,0.41472,0.71478,101,Brent future (baseline)
3,MARKET,2009-08-21,1.00000,,,,0.56518,0.41566,0.71470,101,Brent future (baseline)
4,MARKET,2009-08-28,1.00000,,,,0.56396,0.41407,0.71384,101,Brent future (baseline)
5,MARKET,2009-09-04,1.00000,,,,0.55901,0.40980,0.70822,101,Brent future (baseline)
6,MARKET,2009-09-11,1.00000,,,,0.56005,0.41072,0.70939,101,Brent future (baseline)
7,MARKET,2009-09-18,1.00000,,,,0.56230,0.41359,0.71101,101,Brent future (baseline)
8,MARKET,2009-09-25,1.00000,,,,0.55442,0.40618,0.70266,101,Brent future (baseline)
9,MARKET,2009-10-02,1.00000,,,,0.54997,0.40094,0.69899,101,Brent future (baseline)
10,MARKET,2009-10-09,1.00000,,,,0.55346,0.40502,0.70190,101,Brent future (baseline)
11,MARKET,2009-10-16,1.00000,,,,0.54866,0.40046,0.69686,101,Brent future (baseline)
12,MARKET,2009-10-23,1.00000,,,,0.54849,0.39958,0.69739,101,Brent future (baseline)
13,MARKET,2009-10-30,1.00000,,,,0.55112,0.40356,0.69868,101,Brent future (baseline)
14,MARKET,2009-11-06,1.00000,,,,0.55118,0.40356,0.69880,101,Brent future (baseline)
15,MARKET,2009-11-13,1.00000,,,,0.54973,0.39975,0.69970,101,Brent future (baseline)
16,MARKET,2009-11-20,1.00000,,,,0.55301,0.40428,0.70175,101,Brent future (baseline)
17,MARKET,2009-11-27,1.00000,,,,0.56825,0.42464,0.71185,101,Brent future (baseline)
18,MARKET,2009-12-04,1.00000,,,,0.56838,0.42466,0.71210,101,Brent future (baseline)
19,MARKET,2009-12-11,1.00000,,,,0.56067,0.41489,0.70646,101,Brent future (baseline)
20,MARKET,2009-12-18,1.00000,,,,0.56060,0.41484,0.70636,101,Brent future (baseline)
21,MARKET,2009-12-25,1.00000,,,,0.56057,0.41505,0.70610,101,Brent future (baseline)
22,MARKET,2010-01-01,1.00000,,,,0.56303,0.41695,0.70912,101,Brent future (baseline)
23,MARKET,2010-01-08,1.00000,,,,0.55862,0.41030,0.70694,101,Brent future (baseline)
24,MARKET,2010-01-15,1.00000,,,,0.55328,0.40315,0.70341,101,Brent future (baseline)
25,MARKET,2010-01-22,1.00000,,,,0.55576,0.40797,0.70354,101,Brent future (baseline)
26,MARKET,2010-01-29,1.00000,,,,0.55432,0.40551,0.70313,101,Brent future (baseline)
27,MARKET,2010-02-05,1.00000,,,,0.55743,0.40910,0.70575,101,Brent future (baseline)
28,MARKET,2010-02-12,1.00000,,,,0.54973,0.40107,0.69840,101,Brent future (baseline)
29,MARKET,2010-02-19,1.00000,,,,0.54973,0.40239,0.69707,101,Brent future (baseline)
30,MARKET,2010-02-26,1.00000,,,,0.55096,0.40391,0.69800,101,Brent future (baseline)
31,MARKET,2010-03-05,1.00000,,,,0.55668,0.40972,0.70365,101,Brent future (baseline)
32,MARKET,2010-03-12,1.00000,,,,0.55980,0.41250,0.70709,101,Brent future (baseline)
33,MARKET,2010-03-19,1.00000,,,,0.56051,0.41255,0.70848,101,Brent future (baseline)
34,MARKET,2010-03-26,1.00000,,,,0.55841,0.41009,0.70673,101,Brent future (baseline)
35,MARKET,2010-04-02,1.00000,,,,0.55601,0.40842,0.70361,101,Brent future (baseline)
36,MARKET,2010-04-09,1.00000,,,,0.55803,0.41030,0.70576,101,Brent future (baseline)
37,MARKET,2010-04-16,1.00000,,,,0.55670,0.40847,0.70493,101,Brent future (baseline)
38,MARKET,2010-04-23,1.00000,,,,0.55634,0.40798,0.70471,101,Brent future (baseline)
39,MARKET,2010-04-30,1.00000,,,,0.55728,0.41046,0.70411,101,Brent future (baseline)
40,MARKET,2010-05-07,1.00000,,,,0.57185,0.43009,0.71362,101,Brent future (baseline)
41,MARKET,2010-05-14,1.00000,,,,0.57069,0.42873,0.71265,101,Brent future (baseline)
42,MARKET,2010-05-21,1.00000,,,,0.57762,0.43783,0.71740,101,Brent future (baseline)
43,MARKET,2010-05-28,1.00000,,,,0.57808,0.43769,0.71847,101,Brent future (baseline)
44,MARKET,2010-06-04,1.00000,,,,0.58641,0.44722,0.72560,101,Brent future (baseline)
45,MARKET,2010-06-11,1.00000,,,,0.58644,0.44732,0.72556,101,Brent future (baseline)
46,MARKET,2010-06-18,1.00000,,,,0.58542,0.44678,0.72407,101,Brent future (baseline)
47,MARKET,2010-06-25,1.00000,,,,0.59136,0.45507,0.72764,101,Brent future (baseline)
48,MARKET,2010-07-02,1.00000,,,,0.59949,0.46685,0.73212,101,Brent future (baseline)
49,MARKET,2010-07-09,1.00000,,,,0.60390,0.47105,0.73674,101,Brent future (baseline)
50,MARKET,2010-07-16,1.00000,,,,0.61007,0.47607,0.74407,101,Brent future (baseline)
51,MARKET,2010-07-23,1.00000,,,,0.61176,0.47653,0.74699,101,Brent future (baseline)
52,MARKET,2010-07-30,1.00000,,,,0.61136,0.47672,0.74601,101,Brent future (baseline)
53,MARKET,2010-08-06,1.00000,,,,0.62369,0.48769,0.75969,101,Brent future (baseline)
54,MARKET,2010-08-13,1.00000,,,,0.62440,0.48989,0.75892,101,Brent future (baseline)
55,MARKET,2010-08-20,1.00000,,,,0.62340,0.48955,0.75724,101,Brent future (baseline)
56,MARKET,2010-08-27,1.00000,,,,0.62066,0.48758,0.75373,101,Brent future (baseline)
57,MARKET,2010-09-03,1.00000,,,,0.60708,0.46699,0.74716,101,Brent future (baseline)
58,MARKET,2010-09-10,1.00000,,,,0.61104,0.47014,0.75193,101,Brent future (baseline)
59,MARKET,2010-09-17,1.00000,,,,0.61372,0.47115,0.75629,101,Brent future (baseline)
60,MARKET,2010-09-24,1.00000,,,,0.62593,0.47200,0.77986,101,Brent future (baseline)
61,MARKET,2010-10-01,1.00000,,,,0.62187,0.46164,0.78209,101,Brent future (baseline)
62,MARKET,2010-10-08,1.00000,,,,0.55427,0.44113,0.66741,101,Brent future (baseline)
63,MARKET,2010-10-15,1.00000,,,,0.55042,0.43498,0.66587,101,Brent future (baseline)
64,MARKET,2010-10-22,1.00000,,,,0.54492,0.42440,0.66543,101,Brent future (baseline)
65,MARKET,2010-10-29,1.00000,,,,0.53517,0.41504,0.65529,101,Brent future (baseline)
66,MARKET,2010-11-05,1.00000,,,,0.57038,0.42513,0.71564,101,Brent future (baseline)
67,MARKET,2010-11-12,1.00000,,,,0.55592,0.42535,0.68649,101,Brent future (baseline)
68,MARKET,2010-11-19,1.00000,,,,0.51427,0.41984,0.60870,101,Brent future (baseline)
69,MARKET,2010-11-26,1.00000,,,,0.48313,0.39179,0.57446,101,Brent future (baseline)
70,MARKET,2010-12-03,1.00000,,,,0.49611,0.37420,0.61803,101,Brent future (baseline)
71,MARKET,2010-12-10,1.00000,,,,0.48957,0.35484,0.62431,101,Brent future (baseline)
72,MARKET,2010-12-17,1.00000,,,,0.50843,0.37870,0.63816,101,Brent future (baseline)
73,MARKET,2010-12-24,1.00000,,,,0.52487,0.39098,0.65876,101,Brent future (baseline)
74,MARKET,2010-12-31,1.00000,,,,0.50175,0.34740,0.65611,101,Brent future (baseline)
75,MARKET,2011-01-07,1.00000,,,,0.50680,0.35350,0.66009,101,Brent future (baseline)
76,MARKET,2011-01-14,1.00000,,,,0.51898,0.37760,0.66036,101,Brent future (baseline)
77,MARKET,2011-01-21,1.00000,,,,0.53138,0.39402,0.66875,101,Brent future (baseline)
78,MARKET,2011-01-28,1.00000,,,,0.54651,0.40774,0.68528,101,Brent future (baseline)
79,MARKET,2011-02-04,1.00000,,,,0.54609,0.40766,0.68453,101,Brent future (baseline)
80,MARKET,2011-02-11,1.00000,,,,0.54593,0.40740,0.68446,101,Brent future (baseline)
81,MARKET,2011-02-18,1.00000,,,,0.51393,0.37111,0.65675,101,Brent future (baseline)
82,MARKET,2011-02-25,1.00000,,,,0.51117,0.36225,0.66009,101,Brent future (baseline)
83,MARKET,2011-03-04,1.00000,,,,0.49624,0.34398,0.64849,101,Brent future (baseline)
84,MARKET,2011-03-11,1.00000,,,,0.50443,0.35704,0.65181,101,Brent future (baseline)
85,MARKET,2011-03-18,1.00000,,,,0.50755,0.35139,0.66371,101,Brent future (baseline)
86,MARKET,2011-03-25,1.00000,,,,0.50659,0.35098,0.66221,101,Brent future (baseline)
87,MARKET,2011-04-01,1.00000,,,,0.50756,0.35166,0.66346,101,Brent future (baseline)
88,MARKET,2011-04-08,1.00000,,,,0.48670,0.32861,0.64480,101,Brent future (baseline)
89,MARKET,2011-04-15,1.00000,,,,0.49085,0.33623,0.64546,101,Brent future (baseline)
90,MARKET,2011-04-22,1.00000,,,,0.49105,0.33719,0.64491,102,Brent future (baseline)
91,MARKET,2011-04-29,1.00000,,,,0.49290,0.33978,0.64602,103,Brent future (baseline)
92,MARKET,2011-05-06,1.00000,,,,0.45940,0.30914,0.60966,104,Brent future (baseline)
93,MARKET,2011-05-13,1.00000,,,,0.45530,0.30188,0.60872,104,Brent future (baseline)
94,MARKET,2011-05-20,1.00000,,,,0.45668,0.29917,0.61419,104,Brent future (baseline)
95,MARKET,2011-05-27,1.00000,,,,0.46052,0.29872,0.62232,104,Brent future (baseline)
96,MARKET,2011-06-03,1.00000,,,,0.45995,0.29724,0.62267,104,Brent future (baseline)
97,MARKET,2011-06-10,1.00000,,,,0.45449,0.29117,0.61780,104,Brent future (baseline)
98,MARKET,2011-06-17,1.00000,,,,0.44778,0.28829,0.60728,104,Brent future (baseline)
99,MARKET,2011-06-24,1.00000,,,,0.44294,0.28832,0.59756,104,Brent future (baseline)
100,MARKET,2011-07-01,1.00000,,,,0.45549,0.29967,0.61131,104,Brent future (baseline)
101,MARKET,2011-07-08,1.00000,,,,0.42531,0.27624,0.57437,104,Brent future (baseline)
102,MARKET,2011-07-15,1.00000,,,,0.40942,0.26339,0.55545,104,Brent future (baseline)
103,MARKET,2011-07-22,1.00000,,,,0.40355,0.25472,0.55239,104,Brent future (baseline)
104,MARKET,2011-07-29,1.00000,,,,0.40614,0.25783,0.55445,104,Brent future (baseline)
105,MARKET,2011-08-05,1.00000,,,,0.45032,0.28110,0.61954,104,Brent future (baseline)
106,MARKET,2011-08-12,1.00000,,,,0.44958,0.28061,0.61856,104,Brent future (baseline)
107,MARKET,2011-08-19,1.00000,,,,0.44806,0.28005,0.61608,104,Brent future (baseline)
108,MARKET,2011-08-26,1.00000,,,,0.45177,0.28228,0.62125,104,Brent future (baseline)
109,MARKET,2011-09-02,1.00000,,,,0.46004,0.28172,0.63836,104,Brent future (baseline)
110,MARKET,2011-09-09,1.00000,,,,0.45857,0.28117,0.63597,104,Brent future (baseline)
111,MARKET,2011-09-16,1.00000,,,,0.44936,0.26853,0.63018,104,Brent future (baseline)
112,MARKET,2011-09-23,1.00000,,,,0.48507,0.30195,0.66820,104,Brent future (baseline)
113,MARKET,2011-09-30,1.00000,,,,0.49369,0.31082,0.67655,104,Brent future (baseline)
114,MARKET,2011-10-07,1.00000,,,,0.47892,0.29691,0.66093,104,Brent future (baseline)
115,MARKET,2011-10-14,1.00000,,,,0.51546,0.32778,0.70315,104,Brent future (baseline)
116,MARKET,2011-10-21,1.00000,,,,0.50374,0.32086,0.68663,104,Brent future (baseline)
117,MARKET,2011-10-28,1.00000,,,,0.49922,0.31246,0.68598,104,Brent future (baseline)
118,MARKET,2011-11-04,1.00000,,,,0.49612,0.30978,0.68247,104,Brent future (baseline)
119,MARKET,2011-11-11,1.00000,,,,0.49839,0.31276,0.68403,104,Brent future (baseline)
120,MARKET,2011-11-18,1.00000,,,,0.50108,0.32051,0.68164,104,Brent future (baseline)
121,MARKET,2011-11-25,1.00000,,,,0.50682,0.32691,0.68674,104,Brent future (baseline)
122,MARKET,2011-12-02,1.00000,,,,0.51828,0.33509,0.70148,104,Brent future (baseline)
123,MARKET,2011-12-09,1.00000,,,,0.54513,0.36097,0.72928,104,Brent future (baseline)
124,MARKET,2011-12-16,1.00000,,,,0.54590,0.36482,0.72699,104,Brent future (baseline)
125,MARKET,2011-12-23,1.00000,,,,0.55074,0.36917,0.73231,104,Brent future (baseline)
126,MARKET,2011-12-30,1.00000,,,,0.55281,0.37025,0.73536,104,Brent future (baseline)
127,MARKET,2012-01-06,1.00000,,,,0.54847,0.36736,0.72959,104,Brent future (baseline)
128,MARKET,2012-01-13,1.00000,,,,0.55076,0.36640,0.73513,104,Brent future (baseline)
129,MARKET,2012-01-20,1.00000,,,,0.54083,0.35144,0.73023,104,Brent future (baseline)
130,MARKET,2012-01-27,1.00000,,,,0.54644,0.35717,0.73571,104,Brent future (baseline)
131,MARKET,2012-02-03,1.00000,,,,0.54613,0.35536,0.73691,104,Brent future (baseline)
132,MARKET,2012-02-10,1.00000,,,,0.55957,0.36617,0.75297,104,Brent future (baseline)
133,MARKET,2012-02-17,1.00000,,,,0.55859,0.36057,0.75661,104,Brent future (baseline)
134,MARKET,2012-02-24,1.00000,,,,0.55349,0.35782,0.74916,104,Brent future (baseline)
135,MARKET,2012-03-02,1.00000,,,,0.54575,0.35123,0.74027,104,Brent future (baseline)
136,MARKET,2012-03-09,1.00000,,,,0.54494,0.35069,0.73920,104,Brent future (baseline)
137,MARKET,2012-03-16,1.00000,,,,0.54404,0.34941,0.73866,104,Brent future (baseline)
138,MARKET,2012-03-23,1.00000,,,,0.54639,0.35204,0.74073,104,Brent future (baseline)
139,MARKET,2012-03-30,1.00000,,,,0.54785,0.35234,0.74336,104,Brent future (baseline)
140,MARKET,2012-04-06,1.00000,,,,0.54616,0.35103,0.74130,104,Brent future (baseline)
141,MARKET,2012-04-13,1.00000,,,,0.54786,0.35255,0.74318,104,Brent future (baseline)
142,MARKET,2012-04-20,1.00000,,,,0.54143,0.34741,0.73545,104,Brent future (baseline)
143,MARKET,2012-04-27,1.00000,,,,0.54110,0.34691,0.73529,104,Brent future (baseline)
144,MARKET,2012-05-04,1.00000,,,,0.50408,0.31441,0.69375,104,Brent future (baseline)
145,MARKET,2012-05-11,1.00000,,,,0.51084,0.31891,0.70277,104,Brent future (baseline)
146,MARKET,2012-05-18,1.00000,,,,0.50235,0.31014,0.69455,104,Brent future (baseline)
147,MARKET,2012-05-25,1.00000,,,,0.49908,0.30663,0.69152,104,Brent future (baseline)
148,MARKET,2012-06-01,1.00000,,,,0.49827,0.31502,0.68152,104,Brent future (baseline)
149,MARKET,2012-06-08,1.00000,,,,0.49899,0.31476,0.68322,104,Brent future (baseline)
150,MARKET,2012-06-15,1.00000,,,,0.49787,0.31125,0.68450,104,Brent future (baseline)
151,MARKET,2012-06-22,1.00000,,,,0.48564,0.30565,0.66563,104,Brent future (baseline)
152,MARKET,2012-06-29,1.00000,,,,0.48415,0.30477,0.66353,104,Brent future (baseline)
153,MARKET,2012-07-06,1.00000,,,,0.47007,0.29405,0.64610,104,Brent future (baseline)
154,MARKET,2012-07-13,1.00000,,,,0.47140,0.29653,0.64627,104,Brent future (baseline)
155,MARKET,2012-07-20,1.00000,,,,0.46565,0.29385,0.63745,104,Brent future (baseline)
156,MARKET,2012-07-27,1.00000,,,,0.46549,0.29377,0.63722,104,Brent future (baseline)
157,MARKET,2012-08-03,1.00000,,,,0.45969,0.28971,0.62966,104,Brent future (baseline)
158,MARKET,2012-08-10,1.00000,,,,0.44926,0.27505,0.62347,104,Brent future (baseline)
159,MARKET,2012-08-17,1.00000,,,,0.44939,0.27444,0.62434,104,Brent future (baseline)
160,MARKET,2012-08-24,1.00000,,,,0.45527,0.27945,0.63109,104,Brent future (baseline)
161,MARKET,2012-08-31,1.00000,,,,0.45675,0.28116,0.63234,104,Brent future (baseline)
162,MARKET,2012-09-07,1.00000,,,,0.45542,0.27976,0.63109,104,Brent future (baseline)
163,MARKET,2012-09-14,1.00000,,,,0.45550,0.28018,0.63082,104,Brent future (baseline)
164,MARKET,2012-09-21,1.00000,,,,0.44104,0.26835,0.61374,104,Brent future (baseline)
165,MARKET,2012-09-28,1.00000,,,,0.44641,0.27043,0.62239,104,Brent future (baseline)
166,MARKET,2012-10-05,1.00000,,,,0.44522,0.26919,0.62126,104,Brent future (baseline)
167,MARKET,2012-10-12,1.00000,,,,0.44656,0.26974,0.62338,104,Brent future (baseline)
168,MARKET,2012-10-19,1.00000,,,,0.43981,0.26481,0.61481,104,Brent future (baseline)
169,MARKET,2012-10-26,1.00000,,,,0.44043,0.26580,0.61505,104,Brent future (baseline)
170,MARKET,2012-11-02,1.00000,,,,0.43256,0.25626,0.60886,104,Brent future (baseline)
171,MARKET,2012-11-09,1.00000,,,,0.42610,0.24881,0.60339,104,Brent future (baseline)
172,MARKET,2012-11-16,1.00000,,,,0.42522,0.24657,0.60386,104,Brent future (baseline)
173,MARKET,2012-11-23,1.00000,,,,0.42756,0.24818,0.60693,104,Brent future (baseline)
174,MARKET,2012-11-30,1.00000,,,,0.42338,0.24022,0.60654,104,Brent future (baseline)
175,MARKET,2012-12-07,1.00000,,,,0.41852,0.23744,0.59959,104,Brent future (baseline)
176,MARKET,2012-12-14,1.00000,,,,0.41746,0.23684,0.59809,104,Brent future (baseline)
177,MARKET,2012-12-21,1.00000,,,,0.41261,0.23187,0.59334,104,Brent future (baseline)
178,MARKET,2012-12-28,1.00000,,,,0.41213,0.23127,0.59298,104,Brent future (baseline)
179,MARKET,2013-01-04,1.00000,,,,0.41306,0.23196,0.59415,104,Brent future (baseline)
180,MARKET,2013-01-11,1.00000,,,,0.41681,0.23296,0.60066,104,Brent future (baseline)
181,MARKET,2013-01-18,1.00000,,,,0.41538,0.23122,0.59954,104,Brent future (baseline)
182,MARKET,2013-01-25,1.00000,,,,0.41575,0.23187,0.59964,104,Brent future (baseline)
183,MARKET,2013-02-01,1.00000,,,,0.41221,0.22947,0.59495,104,Brent future (baseline)
184,MARKET,2013-02-08,1.00000,,,,0.41178,0.22908,0.59448,104,Brent future (baseline)
185,MARKET,2013-02-15,1.00000,,,,0.41259,0.23015,0.59503,104,Brent future (baseline)
186,MARKET,2013-02-22,1.00000,,,,0.43439,0.24930,0.61949,104,Brent future (baseline)
187,MARKET,2013-03-01,1.00000,,,,0.43259,0.24763,0.61754,104,Brent future (baseline)
188,MARKET,2013-03-08,1.00000,,,,0.42869,0.24328,0.61409,104,Brent future (baseline)
189,MARKET,2013-03-15,1.00000,,,,0.42787,0.24287,0.61286,104,Brent future (baseline)
190,MARKET,2013-03-22,1.00000,,,,0.42642,0.24177,0.61107,104,Brent future (baseline)
191,MARKET,2013-03-29,1.00000,,,,0.42405,0.23910,0.60900,104,Brent future (baseline)
192,MARKET,2013-04-05,1.00000,,,,0.43746,0.25387,0.62106,104,Brent future (baseline)
193,MARKET,2013-04-12,1.00000,,,,0.43222,0.24677,0.61766,104,Brent future (baseline)
194,MARKET,2013-04-19,1.00000,,,,0.43079,0.24661,0.61498,104,Brent future (baseline)
195,MARKET,2013-04-26,1.00000,,,,0.43114,0.24395,0.61833,104,Brent future (baseline)
196,MARKET,2013-05-03,1.00000,,,,0.47744,0.28498,0.66990,104,Brent future (baseline)
197,MARKET,2013-05-10,1.00000,,,,0.48556,0.29250,0.67862,104,Brent future (baseline)
198,MARKET,2013-05-17,1.00000,,,,0.48613,0.29275,0.67951,104,Brent future (baseline)
199,MARKET,2013-05-24,1.00000,,,,0.48993,0.29730,0.68256,104,Brent future (baseline)
200,MARKET,2013-05-31,1.00000,,,,0.48714,0.29536,0.67892,104,Brent future (baseline)
201,MARKET,2013-06-07,1.00000,,,,0.48119,0.28827,0.67412,104,Brent future (baseline)
202,MARKET,2013-06-14,1.00000,,,,0.48036,0.28244,0.67829,104,Brent future (baseline)
203,MARKET,2013-06-21,1.00000,,,,0.48645,0.27955,0.69335,104,Brent future (baseline)
204,MARKET,2013-06-28,1.00000,,,,0.46789,0.24978,0.68601,104,Brent future (baseline)
205,MARKET,2013-07-05,1.00000,,,,0.48765,0.26694,0.70835,104,Brent future (baseline)
206,MARKET,2013-07-12,1.00000,,,,0.48905,0.26849,0.70960,104,Brent future (baseline)
207,MARKET,2013-07-19,1.00000,,,,0.48613,0.26745,0.70480,104,Brent future (baseline)
208,MARKET,2013-07-26,1.00000,,,,0.48339,0.26688,0.69989,104,Brent future (baseline)
209,MARKET,2013-08-02,1.00000,,,,0.40334,0.22998,0.57670,104,Brent future (baseline)
210,MARKET,2013-08-09,1.00000,,,,0.40330,0.22969,0.57690,104,Brent future (baseline)
211,MARKET,2013-08-16,1.00000,,,,0.40322,0.23012,0.57632,104,Brent future (baseline)
212,MARKET,2013-08-23,1.00000,,,,0.39932,0.22555,0.57310,104,Brent future (baseline)
213,MARKET,2013-08-30,1.00000,,,,0.39091,0.21708,0.56474,104,Brent future (baseline)
214,MARKET,2013-09-06,1.00000,,,,0.39286,0.21878,0.56694,104,Brent future (baseline)
215,MARKET,2013-09-13,1.00000,,,,0.38909,0.21432,0.56387,104,Brent future (baseline)
216,MARKET,2013-09-20,1.00000,,,,0.33648,0.17004,0.50292,104,Brent future (baseline)
217,MARKET,2013-09-27,1.00000,,,,0.33889,0.17262,0.50516,104,Brent future (baseline)
218,MARKET,2013-10-04,1.00000,,,,0.34823,0.17813,0.51834,104,Brent future (baseline)
219,MARKET,2013-10-11,1.00000,,,,0.30392,0.11784,0.49001,104,Brent future (baseline)
220,MARKET,2013-10-18,1.00000,,,,0.31998,0.13557,0.50439,104,Brent future (baseline)
221,MARKET,2013-10-25,1.00000,,,,0.29405,0.09990,0.48820,104,Brent future (baseline)
222,MARKET,2013-11-01,1.00000,,,,0.30254,0.10705,0.49803,104,Brent future (baseline)
223,MARKET,2013-11-08,1.00000,,,,0.30228,0.10567,0.49889,104,Brent future (baseline)
224,MARKET,2013-11-15,1.00000,,,,0.28424,0.09006,0.47842,104,Brent future (baseline)
225,MARKET,2013-11-22,1.00000,,,,0.26829,0.07839,0.45819,104,Brent future (baseline)
226,MARKET,2013-11-29,1.00000,,,,0.23888,0.05930,0.41845,104,Brent future (baseline)
227,MARKET,2013-12-06,1.00000,,,,0.23105,0.05003,0.41206,104,Brent future (baseline)
228,MARKET,2013-12-13,1.00000,,,,0.21841,0.03748,0.39934,104,Brent future (baseline)
229,MARKET,2013-12-20,1.00000,,,,0.20258,0.01923,0.38593,104,Brent future (baseline)
230,MARKET,2013-12-27,1.00000,,,,0.20341,0.01993,0.38689,104,Brent future (baseline)
231,MARKET,2014-01-03,1.00000,,,,0.19617,0.00984,0.38249,104,Brent future (baseline)
232,MARKET,2014-01-10,1.00000,,,,0.20232,0.01643,0.38822,104,Brent future (baseline)
233,MARKET,2014-01-17,1.00000,,,,0.20298,0.01716,0.38879,104,Brent future (baseline)
234,MARKET,2014-01-24,1.00000,,,,0.19915,0.01229,0.38601,104,Brent future (baseline)
235,MARKET,2014-01-31,1.00000,,,,0.19537,0.00767,0.38307,104,Brent future (baseline)
236,MARKET,2014-02-07,1.00000,,,,0.19935,0.01289,0.38581,104,Brent future (baseline)
237,MARKET,2014-02-14,1.00000,,,,0.19835,0.01074,0.38597,104,Brent future (baseline)
238,MARKET,2014-02-21,1.00000,,,,0.19960,0.00586,0.39334,104,Brent future (baseline)
239,MARKET,2014-02-28,1.00000,,,,0.19948,0.00531,0.39365,104,Brent future (baseline)
240,MARKET,2014-03-07,1.00000,,,,0.20399,0.00981,0.39817,104,Brent future (baseline)
241,MARKET,2014-03-14,1.00000,,,,0.20519,0.01212,0.39826,104,Brent future (baseline)
242,MARKET,2014-03-21,1.00000,,,,0.19861,0.00339,0.39384,104,Brent future (baseline)
243,MARKET,2014-03-28,1.00000,,,,0.19956,0.00423,0.39488,104,Brent future (baseline)
244,MARKET,2014-04-04,1.00000,,,,0.19874,0.00328,0.39421,104,Brent future (baseline)
245,MARKET,2014-04-11,1.00000,,,,0.19368,-0.00313,0.39049,104,Brent future (baseline)
246,MARKET,2014-04-18,1.00000,,,,0.20220,0.00596,0.39844,104,Brent future (baseline)
247,MARKET,2014-04-25,1.00000,,,,0.20586,0.00964,0.40208,104,Brent future (baseline)
248,MARKET,2014-05-02,1.00000,,,,0.19368,-0.01023,0.39758,104,Brent future (baseline)
249,MARKET,2014-05-09,1.00000,,,,0.19126,-0.01226,0.39479,104,Brent future (baseline)
250,MARKET,2014-05-16,1.00000,,,,0.15580,-0.03447,0.34607,104,Brent future (baseline)
251,MARKET,2014-05-23,1.00000,,,,0.15629,-0.03407,0.34665,104,Brent future (baseline)
252,MARKET,2014-05-30,1.00000,,,,0.11386,-0.07618,0.30390,104,Brent future (baseline)
253,MARKET,2014-06-06,1.00000,,,,0.10701,-0.08298,0.29700,104,Brent future (baseline)
254,MARKET,2014-06-13,1.00000,,,,0.10530,-0.08261,0.29321,104,Brent future (baseline)
255,MARKET,2014-06-20,1.00000,,,,0.09327,-0.09731,0.28386,104,Brent future (baseline)
256,MARKET,2014-06-27,1.00000,,,,0.03766,-0.11520,0.19053,104,Brent future (baseline)
257,MARKET,2014-07-04,1.00000,,,,0.03149,-0.11995,0.18293,104,Brent future (baseline)
258,MARKET,2014-07-11,1.00000,,,,0.04448,-0.11087,0.19982,104,Brent future (baseline)
259,MARKET,2014-07-18,1.00000,,,,0.03524,-0.12500,0.19548,104,Brent future (baseline)
260,MARKET,2014-07-25,1.00000,,,,0.03672,-0.12381,0.19726,104,Brent future (baseline)
261,MARKET,2014-08-01,1.00000,,,,0.05632,-0.11203,0.22467,104,Brent future (baseline)
262,MARKET,2014-08-08,1.00000,,,,0.05449,-0.11748,0.22646,104,Brent future (baseline)
263,MARKET,2014-08-15,1.00000,,,,0.03932,-0.12848,0.20712,104,Brent future (baseline)
264,MARKET,2014-08-22,1.00000,,,,0.03978,-0.12811,0.20767,104,Brent future (baseline)
265,MARKET,2014-08-29,1.00000,,,,0.03958,-0.12837,0.20753,104,Brent future (baseline)
266,MARKET,2014-09-05,1.00000,,,,0.03703,-0.12942,0.20349,104,Brent future (baseline)
267,MARKET,2014-09-12,1.00000,,,,0.03886,-0.12573,0.20344,104,Brent future (baseline)
268,MARKET,2014-09-19,1.00000,,,,0.05602,-0.10794,0.21997,104,Brent future (baseline)
269,MARKET,2014-09-26,1.00000,,,,0.06686,-0.09581,0.22954,104,Brent future (baseline)
270,MARKET,2014-10-03,1.00000,,,,0.10343,-0.06861,0.27546,104,Brent future (baseline)
271,MARKET,2014-10-10,1.00000,,,,0.13771,-0.05103,0.32645,104,Brent future (baseline)
272,MARKET,2014-10-17,1.00000,,,,0.13300,-0.03753,0.30354,104,Brent future (baseline)
273,MARKET,2014-10-24,1.00000,,,,0.14447,-0.03265,0.32158,104,Brent future (baseline)
274,MARKET,2014-10-31,1.00000,,,,0.15090,-0.02684,0.32864,104,Brent future (baseline)
275,MARKET,2014-11-07,1.00000,,,,0.16672,-0.00490,0.33833,104,Brent future (baseline)
276,MARKET,2014-11-14,1.00000,,,,0.14184,-0.02934,0.31303,104,Brent future (baseline)
277,MARKET,2014-11-21,1.00000,,,,0.14160,-0.02413,0.30734,104,Brent future (baseline)
278,MARKET,2014-11-28,1.00000,,,,0.23679,0.07362,0.39997,104,Brent future (baseline)
279,MARKET,2014-12-05,1.00000,,,,0.23905,0.07474,0.40335,104,Brent future (baseline)
280,MARKET,2014-12-12,1.00000,,,,0.26235,0.10550,0.41919,104,Brent future (baseline)
281,MARKET,2014-12-19,1.00000,,,,0.26062,0.10189,0.41935,104,Brent future (baseline)
282,MARKET,2014-12-26,1.00000,,,,0.26569,0.10726,0.42413,104,Brent future (baseline)
283,MARKET,2015-01-02,1.00000,,,,0.24962,0.09792,0.40133,104,Brent future (baseline)
284,MARKET,2015-01-09,1.00000,,,,0.21956,0.06364,0.37547,104,Brent future (baseline)
285,MARKET,2015-01-16,1.00000,,,,0.21676,0.06210,0.37142,104,Brent future (baseline)
286,MARKET,2015-01-23,1.00000,,,,0.22712,0.07793,0.37632,104,Brent future (baseline)
287,MARKET,2015-01-30,1.00000,,,,0.20309,0.04536,0.36082,104,Brent future (baseline)
288,MARKET,2015-02-06,1.00000,,,,0.21202,0.06936,0.35468,104,Brent future (baseline)
289,MARKET,2015-02-13,1.00000,,,,0.21223,0.06948,0.35497,104,Brent future (baseline)
290,MARKET,2015-02-20,1.00000,,,,0.20530,0.06235,0.34824,104,Brent future (baseline)
291,MARKET,2015-02-27,1.00000,,,,0.20313,0.06045,0.34581,104,Brent future (baseline)
292,MARKET,2015-03-06,1.00000,,,,0.19888,0.05718,0.34058,104,Brent future (baseline)
293,MARKET,2015-03-13,1.00000,,,,0.19720,0.06262,0.33178,104,Brent future (baseline)
294,MARKET,2015-03-20,1.00000,,,,0.19809,0.06327,0.33292,104,Brent future (baseline)
295,MARKET,2015-03-27,1.00000,,,,0.19725,0.06185,0.33264,104,Brent future (baseline)
296,MARKET,2015-04-03,1.00000,,,,0.19371,0.05586,0.33156,104,Brent future (baseline)
297,MARKET,2015-04-10,1.00000,,,,0.20105,0.06289,0.33922,104,Brent future (baseline)
298,MARKET,2015-04-17,1.00000,,,,0.17805,0.04202,0.31408,104,Brent future (baseline)
299,MARKET,2015-04-24,1.00000,,,,0.16998,0.03309,0.30688,104,Brent future (baseline)
300,MARKET,2015-05-01,1.00000,,,,0.16474,0.02648,0.30301,104,Brent future (baseline)
301,MARKET,2015-05-08,1.00000,,,,0.16303,0.02402,0.30204,104,Brent future (baseline)
302,MARKET,2015-05-15,1.00000,,,,0.16341,0.02482,0.30200,104,Brent future (baseline)
303,MARKET,2015-05-22,1.00000,,,,0.16335,0.02476,0.30193,104,Brent future (baseline)
304,MARKET,2015-05-29,1.00000,,,,0.16385,0.02607,0.30163,104,Brent future (baseline)
305,MARKET,2015-06-05,1.00000,,,,0.17263,0.03548,0.30977,104,Brent future (baseline)
306,MARKET,2015-06-12,1.00000,,,,0.17031,0.03298,0.30763,104,Brent future (baseline)
307,MARKET,2015-06-19,1.00000,,,,0.17001,0.03205,0.30797,104,Brent future (baseline)
308,MARKET,2015-06-26,1.00000,,,,0.17211,0.03337,0.31085,104,Brent future (baseline)
309,MARKET,2015-07-03,1.00000,,,,0.16996,0.02940,0.31052,104,Brent future (baseline)
310,MARKET,2015-07-10,1.00000,,,,0.16396,0.02572,0.30221,104,Brent future (baseline)
311,MARKET,2015-07-17,1.00000,,,,0.16159,0.02253,0.30066,104,Brent future (baseline)
312,MARKET,2015-07-24,1.00000,,,,0.16362,0.02737,0.29988,104,Brent future (baseline)
313,MARKET,2015-07-31,1.00000,,,,0.16383,0.02891,0.29874,104,Brent future (baseline)
314,MARKET,2015-08-07,1.00000,,,,0.16207,0.03110,0.29304,104,Brent future (baseline)
315,MARKET,2015-08-14,1.00000,,,,0.15848,0.02708,0.28987,104,Brent future (baseline)
316,MARKET,2015-08-21,1.00000,,,,0.17535,0.04982,0.30088,104,Brent future (baseline)
317,MARKET,2015-08-28,1.00000,,,,0.17451,0.05729,0.29174,104,Brent future (baseline)
318,MARKET,2015-09-04,1.00000,,,,0.17362,0.05663,0.29060,104,Brent future (baseline)
319,MARKET,2015-09-11,1.00000,,,,0.17533,0.05902,0.29163,104,Brent future (baseline)
320,MARKET,2015-09-18,1.00000,,,,0.17694,0.06055,0.29333,104,Brent future (baseline)
321,MARKET,2015-09-25,1.00000,,,,0.17416,0.05799,0.29033,104,Brent future (baseline)
322,MARKET,2015-10-02,1.00000,,,,0.17467,0.05837,0.29096,104,Brent future (baseline)
323,MARKET,2015-10-09,1.00000,,,,0.20208,0.08368,0.32049,104,Brent future (baseline)
324,MARKET,2015-10-16,1.00000,,,,0.19980,0.08605,0.31354,104,Brent future (baseline)
325,MARKET,2015-10-23,1.00000,,,,0.20762,0.09628,0.31897,104,Brent future (baseline)
326,MARKET,2015-10-30,1.00000,,,,0.20206,0.09265,0.31147,104,Brent future (baseline)
327,MARKET,2015-11-06,1.00000,,,,0.19675,0.08680,0.30670,104,Brent future (baseline)
328,MARKET,2015-11-13,1.00000,,,,0.20314,0.09789,0.30840,104,Brent future (baseline)
329,MARKET,2015-11-20,1.00000,,,,0.20980,0.10430,0.31530,104,Brent future (baseline)
330,MARKET,2015-11-27,1.00000,,,,0.20958,0.10443,0.31473,104,Brent future (baseline)
331,MARKET,2015-12-04,1.00000,,,,0.21578,0.11050,0.32106,104,Brent future (baseline)
332,MARKET,2015-12-11,1.00000,,,,0.22080,0.12180,0.31980,104,Brent future (baseline)
333,MARKET,2015-12-18,1.00000,,,,0.21953,0.12034,0.31872,104,Brent future (baseline)
334,MARKET,2015-12-25,1.00000,,,,0.22051,0.12100,0.32001,104,Brent future (baseline)
335,MARKET,2016-01-01,1.00000,,,,0.22052,0.12033,0.32072,104,Brent future (baseline)
336,MARKET,2016-01-08,1.00000,,,,0.24373,0.13549,0.35197,104,Brent future (baseline)
337,MARKET,2016-01-15,1.00000,,,,0.25508,0.14004,0.37012,104,Brent future (baseline)
338,MARKET,2016-01-22,1.00000,,,,0.26287,0.14368,0.38205,104,Brent future (baseline)
339,MARKET,2016-01-29,1.00000,,,,0.25901,0.14571,0.37230,104,Brent future (baseline)
340,MARKET,2016-02-05,1.00000,,,,0.25638,0.14277,0.36999,104,Brent future (baseline)
341,MARKET,2016-02-12,1.00000,,,,0.25960,0.14692,0.37229,104,Brent future (baseline)
342,MARKET,2016-02-19,1.00000,,,,0.25912,0.14544,0.37279,104,Brent future (baseline)
343,MARKET,2016-02-26,1.00000,,,,0.26253,0.15094,0.37413,104,Brent future (baseline)
344,MARKET,2016-03-04,1.00000,,,,0.26688,0.15977,0.37399,104,Brent future (baseline)
345,MARKET,2016-03-11,1.00000,,,,0.26317,0.15748,0.36886,104,Brent future (baseline)
346,MARKET,2016-03-18,1.00000,,,,0.26399,0.15897,0.36902,104,Brent future (baseline)
347,MARKET,2016-03-25,1.00000,,,,0.26373,0.15881,0.36864,104,Brent future (baseline)
348,MARKET,2016-04-01,1.00000,,,,0.26501,0.16060,0.36941,104,Brent future (baseline)
349,MARKET,2016-04-08,1.00000,,,,0.26088,0.15692,0.36484,104,Brent future (baseline)
350,MARKET,2016-04-15,1.00000,,,,0.26345,0.16012,0.36678,104,Brent future (baseline)
351,MARKET,2016-04-22,1.00000,,,,0.26255,0.16056,0.36453,104,Brent future (baseline)
352,MARKET,2016-04-29,1.00000,,,,0.26229,0.16265,0.36194,104,Brent future (baseline)
353,MARKET,2016-05-06,1.00000,,,,0.26309,0.16493,0.36126,104,Brent future (baseline)
354,MARKET,2016-05-13,1.00000,,,,0.25977,0.16262,0.35692,104,Brent future (baseline)
355,MARKET,2016-05-20,1.00000,,,,0.26000,0.16311,0.35688,104,Brent future (baseline)
356,MARKET,2016-05-27,1.00000,,,,0.26147,0.16458,0.35836,104,Brent future (baseline)
357,MARKET,2016-06-03,1.00000,,,,0.26033,0.16392,0.35674,104,Brent future (baseline)
358,MARKET,2016-06-10,1.00000,,,,0.26089,0.16384,0.35794,104,Brent future (baseline)
359,MARKET,2016-06-17,1.00000,,,,0.26185,0.16530,0.35839,104,Brent future (baseline)
360,MARKET,2016-06-24,1.00000,,,,0.26133,0.16458,0.35809,104,Brent future (baseline)
361,MARKET,2016-07-01,1.00000,,,,0.26597,0.16915,0.36278,104,Brent future (baseline)
362,MARKET,2016-07-08,1.00000,,,,0.25980,0.16396,0.35565,104,Brent future (baseline)
363,MARKET,2016-07-15,1.00000,,,,0.26070,0.16494,0.35646,104,Brent future (baseline)
364,MARKET,2016-07-22,1.00000,,,,0.25849,0.16310,0.35388,104,Brent future (baseline)
365,MARKET,2016-07-29,1.00000,,,,0.25749,0.16333,0.35166,104,Brent future (baseline)
366,MARKET,2016-08-05,1.00000,,,,0.25624,0.16251,0.34998,104,Brent future (baseline)
367,MARKET,2016-08-12,1.00000,,,,0.25750,0.16528,0.34972,104,Brent future (baseline)
368,MARKET,2016-08-19,1.00000,,,,0.24515,0.15128,0.33902,104,Brent future (baseline)
369,MARKET,2016-08-26,1.00000,,,,0.24442,0.15019,0.33864,104,Brent future (baseline)
370,MARKET,2016-09-02,1.00000,,,,0.24070,0.14547,0.33593,104,Brent future (baseline)
371,MARKET,2016-09-09,1.00000,,,,0.23948,0.14355,0.33541,104,Brent future (baseline)
372,MARKET,2016-09-16,1.00000,,,,0.24235,0.14807,0.33663,104,Brent future (baseline)
373,MARKET,2016-09-23,1.00000,,,,0.24283,0.14811,0.33754,104,Brent future (baseline)
374,MARKET,2016-09-30,1.00000,,,,0.23572,0.14218,0.32926,104,Brent future (baseline)
375,MARKET,2016-10-07,1.00000,,,,0.23126,0.13798,0.32453,104,Brent future (baseline)
376,MARKET,2016-10-14,1.00000,,,,0.23458,0.14027,0.32890,104,Brent future (baseline)
377,MARKET,2016-10-21,1.00000,,,,0.23212,0.13765,0.32659,104,Brent future (baseline)
378,MARKET,2016-10-28,1.00000,,,,0.23088,0.13697,0.32479,104,Brent future (baseline)
379,MARKET,2016-11-04,1.00000,,,,0.23389,0.14245,0.32534,104,Brent future (baseline)
380,MARKET,2016-11-11,1.00000,,,,0.24281,0.14720,0.33842,104,Brent future (baseline)
381,MARKET,2016-11-18,1.00000,,,,0.24190,0.14648,0.33731,104,Brent future (baseline)
382,MARKET,2016-11-25,1.00000,,,,0.22311,0.13165,0.31457,104,Brent future (baseline)
383,MARKET,2016-12-02,1.00000,,,,0.20486,0.11405,0.29567,104,Brent future (baseline)
384,MARKET,2016-12-09,1.00000,,,,0.19620,0.10043,0.29198,104,Brent future (baseline)
385,MARKET,2016-12-16,1.00000,,,,0.19703,0.10206,0.29200,104,Brent future (baseline)
386,MARKET,2016-12-23,1.00000,,,,0.19688,0.10196,0.29181,104,Brent future (baseline)
387,MARKET,2016-12-30,1.00000,,,,0.20039,0.10407,0.29670,104,Brent future (baseline)
388,MARKET,2017-01-06,1.00000,,,,0.21284,0.11500,0.31069,104,Brent future (baseline)
389,MARKET,2017-01-13,1.00000,,,,0.21325,0.11482,0.31168,104,Brent future (baseline)
390,MARKET,2017-01-20,1.00000,,,,0.21012,0.11136,0.30888,104,Brent future (baseline)
391,MARKET,2017-01-27,1.00000,,,,0.22070,0.12053,0.32087,104,Brent future (baseline)
392,MARKET,2017-02-03,1.00000,,,,0.21480,0.11177,0.31783,104,Brent future (baseline)
393,MARKET,2017-02-10,1.00000,,,,0.21493,0.11204,0.31781,104,Brent future (baseline)
394,MARKET,2017-02-17,1.00000,,,,0.21902,0.11612,0.32192,104,Brent future (baseline)
395,MARKET,2017-02-24,1.00000,,,,0.22021,0.11690,0.32352,104,Brent future (baseline)
396,MARKET,2017-03-03,1.00000,,,,0.22292,0.11909,0.32676,104,Brent future (baseline)
397,MARKET,2017-03-10,1.00000,,,,0.21556,0.10908,0.32204,104,Brent future (baseline)
398,MARKET,2017-03-17,1.00000,,,,0.21489,0.10849,0.32128,104,Brent future (baseline)
399,MARKET,2017-03-24,1.00000,,,,0.21735,0.11147,0.32323,104,Brent future (baseline)
400,MARKET,2017-03-31,1.00000,,,,0.21380,0.10806,0.31954,104,Brent future (baseline)
401,MARKET,2017-04-07,1.00000,,,,0.20996,0.10431,0.31561,104,Brent future (baseline)
402,MARKET,2017-04-14,1.00000,,,,0.22212,0.11676,0.32747,104,Brent future (baseline)
403,MARKET,2017-04-21,1.00000,,,,0.22464,0.12178,0.32750,104,Brent future (baseline)
404,MARKET,2017-04-28,1.00000,,,,0.22727,0.12401,0.33053,104,Brent future (baseline)
405,MARKET,2017-05-05,1.00000,,,,0.22256,0.11964,0.32547,104,Brent future (baseline)
406,MARKET,2017-05-12,1.00000,,,,0.22342,0.12104,0.32581,104,Brent future (baseline)
407,MARKET,2017-05-19,1.00000,,,,0.22075,0.11905,0.32244,104,Brent future (baseline)
408,MARKET,2017-05-26,1.00000,,,,0.22112,0.11972,0.32251,104,Brent future (baseline)
409,MARKET,2017-06-02,1.00000,,,,0.22321,0.12245,0.32397,104,Brent future (baseline)
410,MARKET,2017-06-09,1.00000,,,,0.22456,0.12419,0.32493,104,Brent future (baseline)
411,MARKET,2017-06-16,1.00000,,,,0.22482,0.12453,0.32511,104,Brent future (baseline)
412,MARKET,2017-06-23,1.00000,,,,0.22458,0.12512,0.32404,104,Brent future (baseline)
413,MARKET,2017-06-30,1.00000,,,,0.22243,0.12361,0.32125,104,Brent future (baseline)
414,MARKET,2017-07-07,1.00000,,,,0.22564,0.12652,0.32475,104,Brent future (baseline)
415,MARKET,2017-07-14,1.00000,,,,0.23244,0.13404,0.33084,104,Brent future (baseline)
416,MARKET,2017-07-21,1.00000,,,,0.23192,0.13241,0.33144,104,Brent future (baseline)
417,MARKET,2017-07-28,1.00000,,,,0.23028,0.13313,0.32744,104,Brent future (baseline)
418,MARKET,2017-08-04,1.00000,,,,0.23363,0.13405,0.33321,104,Brent future (baseline)
419,MARKET,2017-08-11,1.00000,,,,0.23545,0.13536,0.33555,104,Brent future (baseline)
420,MARKET,2017-08-18,1.00000,,,,0.22530,0.12250,0.32810,104,Brent future (baseline)
421,MARKET,2017-08-25,1.00000,,,,0.22970,0.12319,0.33621,104,Brent future (baseline)
422,MARKET,2017-09-01,1.00000,,,,0.22867,0.12147,0.33586,104,Brent future (baseline)
423,MARKET,2017-09-08,1.00000,,,,0.22717,0.11973,0.33461,104,Brent future (baseline)
424,MARKET,2017-09-15,1.00000,,,,0.22910,0.12190,0.33629,104,Brent future (baseline)
425,MARKET,2017-09-22,1.00000,,,,0.23173,0.12374,0.33971,104,Brent future (baseline)
426,MARKET,2017-09-29,1.00000,,,,0.23221,0.12402,0.34040,104,Brent future (baseline)
427,MARKET,2017-10-06,1.00000,,,,0.21440,0.10515,0.32365,104,Brent future (baseline)
428,MARKET,2017-10-13,1.00000,,,,0.21718,0.10522,0.32914,104,Brent future (baseline)
429,MARKET,2017-10-20,1.00000,,,,0.21855,0.10692,0.33018,104,Brent future (baseline)
430,MARKET,2017-10-27,1.00000,,,,0.22117,0.11006,0.33228,104,Brent future (baseline)
431,MARKET,2017-11-03,1.00000,,,,0.22838,0.11598,0.34077,104,Brent future (baseline)
432,MARKET,2017-11-10,1.00000,,,,0.22139,0.10541,0.33738,104,Brent future (baseline)
433,MARKET,2017-11-17,1.00000,,,,0.22043,0.10538,0.33547,104,Brent future (baseline)
434,MARKET,2017-11-24,1.00000,,,,0.22042,0.10538,0.33546,104,Brent future (baseline)
435,MARKET,2017-12-01,1.00000,,,,0.21825,0.10208,0.33443,104,Brent future (baseline)
436,MARKET,2017-12-08,1.00000,,,,0.21362,0.08735,0.33989,104,Brent future (baseline)
437,MARKET,2017-12-15,1.00000,,,,0.21278,0.08586,0.33970,104,Brent future (baseline)
438,MARKET,2017-12-22,1.00000,,,,0.21358,0.08778,0.33938,104,Brent future (baseline)
439,MARKET,2017-12-29,1.00000,,,,0.21591,0.08710,0.34471,104,Brent future (baseline)
440,MARKET,2018-01-05,1.00000,,,,0.18324,0.08936,0.27712,104,Brent future (baseline)
441,MARKET,2018-01-12,1.00000,,,,0.16225,0.08168,0.24282,104,Brent future (baseline)
442,MARKET,2018-01-19,1.00000,,,,0.15903,0.07988,0.23818,104,Brent future (baseline)
443,MARKET,2018-01-26,1.00000,,,,0.15618,0.07516,0.23720,104,Brent future (baseline)
444,MARKET,2018-02-02,1.00000,,,,0.15939,0.07825,0.24052,104,Brent future (baseline)
445,MARKET,2018-02-09,1.00000,,,,0.15733,0.08245,0.23220,104,Brent future (baseline)
446,MARKET,2018-02-16,1.00000,,,,0.16560,0.08681,0.24440,104,Brent future (baseline)
447,MARKET,2018-02-23,1.00000,,,,0.16147,0.08424,0.23869,104,Brent future (baseline)
448,MARKET,2018-03-02,1.00000,,,,0.15975,0.07706,0.24243,104,Brent future (baseline)
449,MARKET,2018-03-09,1.00000,,,,0.16513,0.07952,0.25075,104,Brent future (baseline)
450,MARKET,2018-03-16,1.00000,,,,0.16407,0.07908,0.24906,104,Brent future (baseline)
451,MARKET,2018-03-23,1.00000,,,,0.15589,0.07381,0.23797,104,Brent future (baseline)
452,MARKET,2018-03-30,1.00000,,,,0.15075,0.06871,0.23279,104,Brent future (baseline)
453,MARKET,2018-04-06,1.00000,,,,0.15308,0.06817,0.23799,104,Brent future (baseline)
454,MARKET,2018-04-13,1.00000,,,,0.15667,0.07584,0.23750,104,Brent future (baseline)
455,MARKET,2018-04-20,1.00000,,,,0.15495,0.07410,0.23581,104,Brent future (baseline)
456,MARKET,2018-04-27,1.00000,,,,0.15312,0.07084,0.23539,104,Brent future (baseline)
457,MARKET,2018-05-04,1.00000,,,,0.14860,0.06463,0.23257,104,Brent future (baseline)
458,MARKET,2018-05-11,1.00000,,,,0.15272,0.06700,0.23844,104,Brent future (baseline)
459,MARKET,2018-05-18,1.00000,,,,0.15284,0.06705,0.23863,104,Brent future (baseline)
460,MARKET,2018-05-25,1.00000,,,,0.15808,0.07163,0.24453,104,Brent future (baseline)
461,MARKET,2018-06-01,1.00000,,,,0.15933,0.07196,0.24670,104,Brent future (baseline)
462,MARKET,2018-06-08,1.00000,,,,0.15876,0.07126,0.24626,104,Brent future (baseline)
463,MARKET,2018-06-15,1.00000,,,,0.15286,0.06713,0.23859,104,Brent future (baseline)
464,MARKET,2018-06-22,1.00000,,,,0.14941,0.06415,0.23466,104,Brent future (baseline)
465,MARKET,2018-06-29,1.00000,,,,0.14152,0.05764,0.22540,104,Brent future (baseline)
466,MARKET,2018-07-06,1.00000,,,,0.14353,0.05754,0.22952,104,Brent future (baseline)
467,MARKET,2018-07-13,1.00000,,,,0.14279,0.05767,0.22791,104,Brent future (baseline)
468,MARKET,2018-07-20,1.00000,,,,0.14411,0.05827,0.22996,104,Brent future (baseline)
469,MARKET,2018-07-27,1.00000,,,,0.13843,0.04809,0.22877,104,Brent future (baseline)
470,MARKET,2018-08-03,1.00000,,,,0.14083,0.05063,0.23102,104,Brent future (baseline)
471,MARKET,2018-08-10,1.00000,,,,0.13954,0.04702,0.23206,104,Brent future (baseline)
472,MARKET,2018-08-17,1.00000,,,,0.15662,0.06714,0.24611,104,Brent future (baseline)
473,MARKET,2018-08-24,1.00000,,,,0.16106,0.07227,0.24985,104,Brent future (baseline)
474,MARKET,2018-08-31,1.00000,,,,0.16777,0.07566,0.25988,104,Brent future (baseline)
475,MARKET,2018-09-07,1.00000,,,,0.17122,0.07807,0.26436,104,Brent future (baseline)
476,MARKET,2018-09-14,1.00000,,,,0.16221,0.06859,0.25583,104,Brent future (baseline)
477,MARKET,2018-09-21,1.00000,,,,0.16309,0.06953,0.25664,104,Brent future (baseline)
478,MARKET,2018-09-28,1.00000,,,,0.16744,0.07207,0.26280,104,Brent future (baseline)
479,MARKET,2018-10-05,1.00000,,,,0.16646,0.06969,0.26323,104,Brent future (baseline)
480,MARKET,2018-10-12,1.00000,,,,0.17912,0.08016,0.27807,104,Brent future (baseline)
481,MARKET,2018-10-19,1.00000,,,,0.17873,0.08007,0.27738,104,Brent future (baseline)
482,MARKET,2018-10-26,1.00000,,,,0.19075,0.08534,0.29615,104,Brent future (baseline)
483,MARKET,2018-11-02,1.00000,,,,0.16071,0.05657,0.26485,104,Brent future (baseline)
484,MARKET,2018-11-09,1.00000,,,,0.16023,0.05779,0.26266,104,Brent future (baseline)
485,MARKET,2018-11-16,1.00000,,,,0.16487,0.06550,0.26424,104,Brent future (baseline)
486,MARKET,2018-11-23,1.00000,,,,0.18454,0.08969,0.27938,104,Brent future (baseline)
487,MARKET,2018-11-30,1.00000,,,,0.21711,0.13521,0.29902,104,Brent future (baseline)
488,MARKET,2018-12-07,1.00000,,,,0.20588,0.12776,0.28400,104,Brent future (baseline)
489,MARKET,2018-12-14,1.00000,,,,0.20934,0.13171,0.28697,104,Brent future (baseline)
490,MARKET,2018-12-21,1.00000,,,,0.21794,0.14681,0.28906,104,Brent future (baseline)
491,MARKET,2018-12-28,1.00000,,,,0.21799,0.14722,0.28876,104,Brent future (baseline)
492,MARKET,2019-01-04,1.00000,,,,0.22633,0.15527,0.29739,104,Brent future (baseline)
493,MARKET,2019-01-11,1.00000,,,,0.22746,0.15772,0.29721,104,Brent future (baseline)
494,MARKET,2019-01-18,1.00000,,,,0.22858,0.15896,0.29819,104,Brent future (baseline)
495,MARKET,2019-01-25,1.00000,,,,0.23067,0.16052,0.30083,104,Brent future (baseline)
496,MARKET,2019-02-01,1.00000,,,,0.23282,0.16276,0.30288,104,Brent future (baseline)
497,MARKET,2019-02-08,1.00000,,,,0.23247,0.16238,0.30257,104,Brent future (baseline)
498,MARKET,2019-02-15,1.00000,,,,0.24092,0.16951,0.31232,104,Brent future (baseline)
499,MARKET,2019-02-22,1.00000,,,,0.24113,0.16976,0.31250,104,Brent future (baseline)
500,MARKET,2019-03-01,1.00000,,,,0.24137,0.17052,0.31222,104,Brent future (baseline)
501,MARKET,2019-03-08,1.00000,,,,0.25717,0.19163,0.32271,104,Brent future (baseline)
502,MARKET,2019-03-15,1.00000,,,,0.25856,0.19299,0.32412,104,Brent future (baseline)
503,MARKET,2019-03-22,1.00000,,,,0.25720,0.19107,0.32334,104,Brent future (baseline)
504,MARKET,2019-03-29,1.00000,,,,0.25984,0.19429,0.32540,104,Brent future (baseline)
505,MARKET,2019-04-05,1.00000,,,,0.26444,0.19891,0.32997,104,Brent future (baseline)
506,MARKET,2019-04-12,1.00000,,,,0.26378,0.19823,0.32934,104,Brent future (baseline)
507,MARKET,2019-04-19,1.00000,,,,0.26233,0.19350,0.33116,104,Brent future (baseline)
508,MARKET,2019-04-26,1.00000,,,,0.26310,0.19455,0.33164,104,Brent future (baseline)
509,MARKET,2019-05-03,1.00000,,,,0.27464,0.20962,0.33966,104,Brent future (baseline)
510,MARKET,2019-05-10,1.00000,,,,0.27393,0.20798,0.33989,104,Brent future (baseline)
511,MARKET,2019-05-17,1.00000,,,,0.27959,0.21360,0.34558,104,Brent future (baseline)
512,MARKET,2019-05-24,1.00000,,,,0.27692,0.21223,0.34162,104,Brent future (baseline)
513,MARKET,2019-05-31,1.00000,,,,0.28258,0.21816,0.34701,104,Brent future (baseline)
514,MARKET,2019-06-07,1.00000,,,,0.27948,0.21529,0.34366,104,Brent future (baseline)
515,MARKET,2019-06-14,1.00000,,,,0.27921,0.21514,0.34327,104,Brent future (baseline)
516,MARKET,2019-06-21,1.00000,,,,0.27860,0.21462,0.34257,104,Brent future (baseline)
517,MARKET,2019-06-28,1.00000,,,,0.27941,0.21417,0.34465,104,Brent future (baseline)
518,MARKET,2019-07-05,1.00000,,,,0.27108,0.20301,0.33915,104,Brent future (baseline)
519,MARKET,2019-07-12,1.00000,,,,0.26067,0.18922,0.33212,104,Brent future (baseline)
520,MARKET,2019-07-19,1.00000,,,,0.26402,0.19594,0.33209,104,Brent future (baseline)
521,MARKET,2019-07-26,1.00000,,,,0.26976,0.19904,0.34048,104,Brent future (baseline)
522,MARKET,2019-08-02,1.00000,,,,0.27188,0.20138,0.34238,104,Brent future (baseline)
523,MARKET,2019-08-09,1.00000,,,,0.27298,0.20392,0.34204,104,Brent future (baseline)
524,MARKET,2019-08-16,1.00000,,,,0.27336,0.20416,0.34256,104,Brent future (baseline)
525,MARKET,2019-08-23,1.00000,,,,0.27455,0.20531,0.34379,104,Brent future (baseline)
526,MARKET,2019-08-30,1.00000,,,,0.27725,0.20760,0.34690,104,Brent future (baseline)
527,MARKET,2019-09-06,1.00000,,,,0.27955,0.20962,0.34949,104,Brent future (baseline)
528,MARKET,2019-09-13,1.00000,,,,0.27337,0.20380,0.34294,104,Brent future (baseline)
529,MARKET,2019-09-20,1.00000,,,,0.27144,0.20347,0.33941,104,Brent future (baseline)
530,MARKET,2019-09-27,1.00000,,,,0.27451,0.20684,0.34218,104,Brent future (baseline)
531,MARKET,2019-10-04,1.00000,,,,0.27780,0.21104,0.34455,104,Brent future (baseline)
532,MARKET,2019-10-11,1.00000,,,,0.27959,0.21276,0.34642,104,Brent future (baseline)
533,MARKET,2019-10-18,1.00000,,,,0.27813,0.21191,0.34436,104,Brent future (baseline)
534,MARKET,2019-10-25,1.00000,,,,0.27907,0.21284,0.34530,104,Brent future (baseline)
535,MARKET,2019-11-01,1.00000,,,,0.27735,0.21071,0.34399,104,Brent future (baseline)
536,MARKET,2019-11-08,1.00000,,,,0.28082,0.21433,0.34730,104,Brent future (baseline)
537,MARKET,2019-11-15,1.00000,,,,0.27815,0.21165,0.34465,104,Brent future (baseline)
538,MARKET,2019-11-22,1.00000,,,,0.27833,0.21176,0.34489,104,Brent future (baseline)
539,MARKET,2019-11-29,1.00000,,,,0.27877,0.21226,0.34529,104,Brent future (baseline)
540,MARKET,2019-12-06,1.00000,,,,0.27749,0.21155,0.34342,104,Brent future (baseline)
541,MARKET,2019-12-13,1.00000,,,,0.27762,0.21169,0.34356,104,Brent future (baseline)
542,MARKET,2019-12-20,1.00000,,,,0.27675,0.21081,0.34270,104,Brent future (baseline)
543,MARKET,2019-12-27,1.00000,,,,0.27568,0.20992,0.34144,104,Brent future (baseline)
544,MARKET,2020-01-03,1.00000,,,,0.27425,0.20824,0.34026,104,Brent future (baseline)
545,MARKET,2020-01-10,1.00000,,,,0.27097,0.20567,0.33627,104,Brent future (baseline)
546,MARKET,2020-01-17,1.00000,,,,0.27071,0.20535,0.33606,104,Brent future (baseline)
547,MARKET,2020-01-24,1.00000,,,,0.27110,0.20582,0.33637,104,Brent future (baseline)
548,MARKET,2020-01-31,1.00000,,,,0.27422,0.21069,0.33776,104,Brent future (baseline)
549,MARKET,2020-02-07,1.00000,,,,0.26088,0.19606,0.32571,104,Brent future (baseline)
550,MARKET,2020-02-14,1.00000,,,,0.25491,0.19158,0.31824,104,Brent future (baseline)
551,MARKET,2020-02-21,1.00000,,,,0.25399,0.19065,0.31733,104,Brent future (baseline)
552,MARKET,2020-02-28,1.00000,,,,0.31971,0.18482,0.45460,104,Brent future (baseline)
553,MARKET,2020-03-06,1.00000,,,,0.31792,0.19019,0.44566,104,Brent future (baseline)
554,MARKET,2020-03-13,1.00000,,,,0.40573,0.23724,0.57423,104,Brent future (baseline)
555,MARKET,2020-03-20,1.00000,,,,0.35548,0.23329,0.47767,104,Brent future (baseline)
556,MARKET,2020-03-27,1.00000,,,,0.35030,0.22792,0.47269,104,Brent future (baseline)
557,MARKET,2020-04-03,1.00000,,,,0.31638,0.19596,0.43681,104,Brent future (baseline)
558,MARKET,2020-04-10,1.00000,,,,0.31224,0.18672,0.43776,104,Brent future (baseline)
559,MARKET,2020-04-17,1.00000,,,,0.28916,0.14495,0.43337,104,Brent future (baseline)
560,MARKET,2020-04-24,1.00000,,,,0.25591,0.10056,0.41125,104,Brent future (baseline)
561,MARKET,2020-05-01,1.00000,,,,0.25765,0.11162,0.40369,104,Brent future (baseline)
562,MARKET,2020-05-08,1.00000,,,,0.23440,0.08323,0.38556,104,Brent future (baseline)
563,MARKET,2020-05-15,1.00000,,,,0.23067,0.07849,0.38286,104,Brent future (baseline)
564,MARKET,2020-05-22,1.00000,,,,0.23156,0.08088,0.38224,104,Brent future (baseline)
565,MARKET,2020-05-29,1.00000,,,,0.23152,0.08079,0.38226,104,Brent future (baseline)
566,MARKET,2020-06-05,1.00000,,,,0.23838,0.09468,0.38209,104,Brent future (baseline)
567,MARKET,2020-06-12,1.00000,,,,0.24095,0.09848,0.38341,104,Brent future (baseline)
568,MARKET,2020-06-19,1.00000,,,,0.23817,0.09791,0.37843,104,Brent future (baseline)
569,MARKET,2020-06-26,1.00000,,,,0.24025,0.09960,0.38089,104,Brent future (baseline)
570,MARKET,2020-07-03,1.00000,,,,0.24069,0.10021,0.38117,104,Brent future (baseline)
571,MARKET,2020-07-10,1.00000,,,,0.24064,0.10010,0.38118,104,Brent future (baseline)
572,MARKET,2020-07-17,1.00000,,,,0.24126,0.09989,0.38263,104,Brent future (baseline)
573,MARKET,2020-07-24,1.00000,,,,0.24070,0.09960,0.38180,104,Brent future (baseline)
574,MARKET,2020-07-31,1.00000,,,,0.24061,0.09965,0.38157,104,Brent future (baseline)
575,MARKET,2020-08-07,1.00000,,,,0.24192,0.10062,0.38323,104,Brent future (baseline)
576,MARKET,2020-08-14,1.00000,,,,0.24220,0.10049,0.38390,104,Brent future (baseline)
577,MARKET,2020-08-21,1.00000,,,,0.24176,0.09983,0.38369,104,Brent future (baseline)
578,MARKET,2020-08-28,1.00000,,,,0.24198,0.09993,0.38402,104,Brent future (baseline)
579,MARKET,2020-09-04,1.00000,,,,0.24254,0.10112,0.38396,104,Brent future (baseline)
580,MARKET,2020-09-11,1.00000,,,,0.23922,0.09907,0.37936,104,Brent future (baseline)
581,MARKET,2020-09-18,1.00000,,,,0.23750,0.09897,0.37602,104,Brent future (baseline)
582,MARKET,2020-09-25,1.00000,,,,0.23818,0.09983,0.37653,104,Brent future (baseline)
583,MARKET,2020-10-02,1.00000,,,,0.23583,0.09792,0.37374,104,Brent future (baseline)
584,MARKET,2020-10-09,1.00000,,,,0.23496,0.09774,0.37219,104,Brent future (baseline)
585,MARKET,2020-10-16,1.00000,,,,0.23492,0.09783,0.37201,104,Brent future (baseline)
586,MARKET,2020-10-23,1.00000,,,,0.23401,0.09660,0.37142,104,Brent future (baseline)
587,MARKET,2020-10-30,1.00000,,,,0.24293,0.10701,0.37884,104,Brent future (baseline)
588,MARKET,2020-11-06,1.00000,,,,0.24561,0.10880,0.38243,104,Brent future (baseline)
589,MARKET,2020-11-13,1.00000,,,,0.24952,0.11146,0.38759,104,Brent future (baseline)
590,MARKET,2020-11-20,1.00000,,,,0.24776,0.10624,0.38927,104,Brent future (baseline)
591,MARKET,2020-11-27,1.00000,,,,0.25017,0.10878,0.39156,104,Brent future (baseline)
592,MARKET,2020-12-04,1.00000,,,,0.25214,0.11006,0.39421,104,Brent future (baseline)
593,MARKET,2020-12-11,1.00000,,,,0.25168,0.10941,0.39395,104,Brent future (baseline)
594,MARKET,2020-12-18,1.00000,,,,0.25069,0.10550,0.39589,104,Brent future (baseline)
595,MARKET,2020-12-25,1.00000,,,,0.25050,0.10511,0.39589,104,Brent future (baseline)
596,MARKET,2021-01-01,1.00000,,,,0.24874,0.10212,0.39536,104,Brent future (baseline)
597,MARKET,2021-01-08,1.00000,,,,0.24909,0.10236,0.39581,104,Brent future (baseline)
598,MARKET,2021-01-15,1.00000,,,,0.24866,0.10196,0.39537,104,Brent future (baseline)
599,MARKET,2021-01-22,1.00000,,,,0.24844,0.10138,0.39550,104,Brent future (baseline)
600,MARKET,2021-01-29,1.00000,,,,0.24863,0.10193,0.39532,104,Brent future (baseline)
601,MARKET,2021-02-05,1.00000,,,,0.25000,0.10344,0.39656,104,Brent future (baseline)
602,MARKET,2021-02-12,1.00000,,,,0.24610,0.10027,0.39193,104,Brent future (baseline)
603,MARKET,2021-02-19,1.00000,,,,0.24602,0.10024,0.39179,104,Brent future (baseline)
604,MARKET,2021-02-26,1.00000,,,,0.24600,0.10022,0.39177,104,Brent future (baseline)
605,MARKET,2021-03-05,1.00000,,,,0.24767,0.10170,0.39365,104,Brent future (baseline)
606,MARKET,2021-03-12,1.00000,,,,0.24720,0.10123,0.39317,104,Brent future (baseline)
607,MARKET,2021-03-19,1.00000,,,,0.24670,0.10209,0.39131,104,Brent future (baseline)
608,MARKET,2021-03-26,1.00000,,,,0.24732,0.10243,0.39220,104,Brent future (baseline)
609,MARKET,2021-04-02,1.00000,,,,0.24636,0.10172,0.39100,104,Brent future (baseline)
610,MARKET,2021-04-09,1.00000,,,,0.24647,0.10177,0.39117,104,Brent future (baseline)
611,MARKET,2021-04-16,1.00000,,,,0.24687,0.10267,0.39107,104,Brent future (baseline)
612,MARKET,2021-04-23,1.00000,,,,0.24717,0.10300,0.39134,104,Brent future (baseline)
613,MARKET,2021-04-30,1.00000,,,,0.24706,0.10278,0.39134,104,Brent future (baseline)
614,MARKET,2021-05-07,1.00000,,,,0.24722,0.10266,0.39178,104,Brent future (baseline)
615,MARKET,2021-05-14,1.00000,,,,0.24678,0.10251,0.39105,104,Brent future (baseline)
616,MARKET,2021-05-21,1.00000,,,,0.24552,0.10051,0.39052,104,Brent future (baseline)
617,MARKET,2021-05-28,1.00000,,,,0.24412,0.09818,0.39006,104,Brent future (baseline)
618,MARKET,2021-06-04,1.00000,,,,0.24520,0.09922,0.39117,104,Brent future (baseline)
619,MARKET,2021-06-11,1.00000,,,,0.24485,0.09870,0.39099,104,Brent future (baseline)
620,MARKET,2021-06-18,1.00000,,,,0.24463,0.09841,0.39086,104,Brent future (baseline)
621,MARKET,2021-06-25,1.00000,,,,0.24612,0.09950,0.39273,104,Brent future (baseline)
622,MARKET,2021-07-02,1.00000,,,,0.24792,0.10106,0.39477,104,Brent future (baseline)
623,MARKET,2021-07-09,1.00000,,,,0.24888,0.10168,0.39609,104,Brent future (baseline)
624,MARKET,2021-07-16,1.00000,,,,0.24805,0.09981,0.39629,104,Brent future (baseline)
625,MARKET,2021-07-23,1.00000,,,,0.24805,0.09983,0.39627,104,Brent future (baseline)
626,MARKET,2021-07-30,1.00000,,,,0.24721,0.09881,0.39561,104,Brent future (baseline)
627,MARKET,2021-08-06,1.00000,,,,0.24326,0.09548,0.39103,104,Brent future (baseline)
628,MARKET,2021-08-13,1.00000,,,,0.24321,0.09517,0.39125,104,Brent future (baseline)
629,MARKET,2021-08-20,1.00000,,,,0.24379,0.09783,0.38974,104,Brent future (baseline)
630,MARKET,2021-08-27,1.00000,,,,0.24302,0.09947,0.38657,104,Brent future (baseline)
631,MARKET,2021-09-03,1.00000,,,,0.24301,0.09956,0.38647,104,Brent future (baseline)
632,MARKET,2021-09-10,1.00000,,,,0.24390,0.10052,0.38728,104,Brent future (baseline)
633,MARKET,2021-09-17,1.00000,,,,0.24291,0.09929,0.38653,104,Brent future (baseline)
634,MARKET,2021-09-24,1.00000,,,,0.24201,0.09789,0.38613,104,Brent future (baseline)
635,MARKET,2021-10-01,1.00000,,,,0.24157,0.09625,0.38688,104,Brent future (baseline)
636,MARKET,2021-10-08,1.00000,,,,0.24064,0.09560,0.38567,104,Brent future (baseline)
637,MARKET,2021-10-15,1.00000,,,,0.24166,0.09631,0.38700,104,Brent future (baseline)
638,MARKET,2021-10-22,1.00000,,,,0.24187,0.09616,0.38758,104,Brent future (baseline)
639,MARKET,2021-10-29,1.00000,,,,0.24238,0.09692,0.38783,104,Brent future (baseline)
640,MARKET,2021-11-05,1.00000,,,,0.24100,0.09560,0.38640,104,Brent future (baseline)
641,MARKET,2021-11-12,1.00000,,,,0.24129,0.09574,0.38684,104,Brent future (baseline)
642,MARKET,2021-11-19,1.00000,,,,0.24138,0.09650,0.38626,104,Brent future (baseline)
643,MARKET,2021-11-26,1.00000,,,,0.24409,0.10084,0.38734,104,Brent future (baseline)
644,MARKET,2021-12-03,1.00000,,,,0.24387,0.10102,0.38673,104,Brent future (baseline)
645,MARKET,2021-12-10,1.00000,,,,0.24263,0.10086,0.38440,104,Brent future (baseline)
646,MARKET,2021-12-17,1.00000,,,,0.24276,0.10147,0.38405,104,Brent future (baseline)
647,MARKET,2021-12-24,1.00000,,,,0.24356,0.10221,0.38491,104,Brent future (baseline)
648,MARKET,2021-12-31,1.00000,,,,0.24330,0.10216,0.38443,104,Brent future (baseline)
649,MARKET,2022-01-07,1.00000,,,,0.24379,0.10187,0.38571,104,Brent future (baseline)
650,MARKET,2022-01-14,1.00000,,,,0.24344,0.10195,0.38493,104,Brent future (baseline)
651,MARKET,2022-01-21,1.00000,,,,0.24323,0.10086,0.38561,104,Brent future (baseline)
652,MARKET,2022-01-28,1.00000,,,,0.24130,0.09847,0.38414,104,Brent future (baseline)
653,MARKET,2022-02-04,1.00000,,,,0.24414,0.09941,0.38888,104,Brent future (baseline)
654,MARKET,2022-02-11,1.00000,,,,0.24463,0.09917,0.39009,104,Brent future (baseline)
655,MARKET,2022-02-18,1.00000,,,,0.24502,0.09992,0.39012,104,Brent future (baseline)
656,MARKET,2022-02-25,1.00000,,,,0.22298,0.09583,0.35014,104,Brent future (baseline)
657,MARKET,2022-03-04,1.00000,,,,0.20947,0.08717,0.33176,104,Brent future (baseline)
658,MARKET,2022-03-11,1.00000,,,,0.14696,0.07414,0.21979,104,Brent future (baseline)
659,MARKET,2022-03-18,1.00000,,,,0.15318,0.07000,0.23635,104,Brent future (baseline)
660,MARKET,2022-03-25,1.00000,,,,0.15528,0.07159,0.23897,104,Brent future (baseline)
661,MARKET,2022-04-01,1.00000,,,,0.13698,0.04218,0.23179,104,Brent future (baseline)
662,MARKET,2022-04-08,1.00000,,,,0.14036,0.04676,0.23396,104,Brent future (baseline)
663,MARKET,2022-04-15,1.00000,,,,0.15513,0.06525,0.24500,104,Brent future (baseline)
664,MARKET,2022-04-22,1.00000,,,,0.17835,0.07956,0.27713,104,Brent future (baseline)
665,MARKET,2022-04-29,1.00000,,,,0.16899,0.05841,0.27956,104,Brent future (baseline)
666,MARKET,2022-05-06,1.00000,,,,0.19833,0.08463,0.31202,104,Brent future (baseline)
667,MARKET,2022-05-13,1.00000,,,,0.20270,0.08709,0.31832,104,Brent future (baseline)
668,MARKET,2022-05-20,1.00000,,,,0.19951,0.08368,0.31534,104,Brent future (baseline)
669,MARKET,2022-05-27,1.00000,,,,0.20296,0.08735,0.31857,104,Brent future (baseline)
670,MARKET,2022-06-03,1.00000,,,,0.18501,0.06698,0.30305,104,Brent future (baseline)
671,MARKET,2022-06-10,1.00000,,,,0.17484,0.05439,0.29528,104,Brent future (baseline)
672,MARKET,2022-06-17,1.00000,,,,0.18958,0.06605,0.31310,104,Brent future (baseline)
673,MARKET,2022-06-24,1.00000,,,,0.18728,0.06348,0.31108,104,Brent future (baseline)
674,MARKET,2022-07-01,1.00000,,,,0.18622,0.06209,0.31034,104,Brent future (baseline)
675,MARKET,2022-07-08,1.00000,,,,0.18032,0.05891,0.30172,104,Brent future (baseline)
676,MARKET,2022-07-15,1.00000,,,,0.18656,0.06601,0.30710,104,Brent future (baseline)
677,MARKET,2022-07-22,1.00000,,,,0.18804,0.06721,0.30887,104,Brent future (baseline)
678,MARKET,2022-07-29,1.00000,,,,0.19333,0.07201,0.31465,104,Brent future (baseline)
679,MARKET,2022-08-05,1.00000,,,,0.17975,0.07249,0.28700,104,Brent future (baseline)
680,MARKET,2022-08-12,1.00000,,,,0.18014,0.07314,0.28715,104,Brent future (baseline)
681,MARKET,2022-08-19,1.00000,,,,0.17873,0.07198,0.28547,104,Brent future (baseline)
682,MARKET,2022-08-26,1.00000,,,,0.17819,0.07194,0.28443,104,Brent future (baseline)
683,MARKET,2022-09-02,1.00000,,,,0.18135,0.07555,0.28714,104,Brent future (baseline)
684,MARKET,2022-09-09,1.00000,,,,0.18940,0.08083,0.29798,104,Brent future (baseline)
685,MARKET,2022-09-16,1.00000,,,,0.19369,0.08199,0.30540,104,Brent future (baseline)
686,MARKET,2022-09-23,1.00000,,,,0.20112,0.08478,0.31746,104,Brent future (baseline)
687,MARKET,2022-09-30,1.00000,,,,0.20881,0.08802,0.32961,104,Brent future (baseline)
688,MARKET,2022-10-07,1.00000,,,,0.20900,0.08979,0.32822,104,Brent future (baseline)
689,MARKET,2022-10-14,1.00000,,,,0.21102,0.09355,0.32849,104,Brent future (baseline)
690,MARKET,2022-10-21,1.00000,,,,0.21011,0.09310,0.32713,104,Brent future (baseline)
691,MARKET,2022-10-28,1.00000,,,,0.19517,0.08689,0.30344,104,Brent future (baseline)
692,MARKET,2022-11-04,1.00000,,,,0.19192,0.08639,0.29745,104,Brent future (baseline)
693,MARKET,2022-11-11,1.00000,,,,0.18096,0.08177,0.28015,104,Brent future (baseline)
694,MARKET,2022-11-18,1.00000,,,,0.18020,0.08532,0.27507,104,Brent future (baseline)
695,MARKET,2022-11-25,1.00000,,,,0.16508,0.07440,0.25576,104,Brent future (baseline)
696,MARKET,2022-12-02,1.00000,,,,0.16550,0.07453,0.25647,104,Brent future (baseline)
697,MARKET,2022-12-09,1.00000,,,,0.16255,0.07718,0.24793,104,Brent future (baseline)
698,MARKET,2022-12-16,1.00000,,,,0.15912,0.07375,0.24450,104,Brent future (baseline)
699,MARKET,2022-12-23,1.00000,,,,0.16062,0.07550,0.24574,104,Brent future (baseline)
700,MARKET,2022-12-30,1.00000,,,,0.15980,0.07489,0.24471,104,Brent future (baseline)
701,MARKET,2023-01-06,1.00000,,,,0.15482,0.07320,0.23644,104,Brent future (baseline)
702,MARKET,2023-01-13,1.00000,,,,0.15274,0.07254,0.23293,104,Brent future (baseline)
703,MARKET,2023-01-20,1.00000,,,,0.15160,0.07173,0.23148,104,Brent future (baseline)
704,MARKET,2023-01-27,1.00000,,,,0.15008,0.07050,0.22966,104,Brent future (baseline)
705,MARKET,2023-02-03,1.00000,,,,0.13998,0.06290,0.21707,104,Brent future (baseline)
706,MARKET,2023-02-10,1.00000,,,,0.14469,0.06773,0.22166,104,Brent future (baseline)
707,MARKET,2023-02-17,1.00000,,,,0.14515,0.06881,0.22149,104,Brent future (baseline)
708,MARKET,2023-02-24,1.00000,,,,0.14440,0.06802,0.22079,104,Brent future (baseline)
709,MARKET,2023-03-03,1.00000,,,,0.14210,0.06638,0.21781,104,Brent future (baseline)
710,MARKET,2023-03-10,1.00000,,,,0.14562,0.06921,0.22203,104,Brent future (baseline)
711,MARKET,2023-03-17,1.00000,,,,0.16207,0.07592,0.24822,104,Brent future (baseline)
712,MARKET,2023-03-24,1.00000,,,,0.16079,0.07592,0.24566,104,Brent future (baseline)
713,MARKET,2023-03-31,1.00000,,,,0.16803,0.07813,0.25793,104,Brent future (baseline)
714,MARKET,2023-04-07,1.00000,,,,0.16623,0.07832,0.25413,104,Brent future (baseline)
715,MARKET,2023-04-14,1.00000,,,,0.16517,0.07665,0.25368,104,Brent future (baseline)
716,MARKET,2023-04-21,1.00000,,,,0.16540,0.07787,0.25293,104,Brent future (baseline)
717,MARKET,2023-04-28,1.00000,,,,0.16390,0.07695,0.25085,104,Brent future (baseline)
718,MARKET,2023-05-05,1.00000,,,,0.16519,0.07923,0.25115,104,Brent future (baseline)
719,MARKET,2023-05-12,1.00000,,,,0.16515,0.07924,0.25105,104,Brent future (baseline)
720,MARKET,2023-05-19,1.00000,,,,0.16881,0.08199,0.25564,104,Brent future (baseline)
721,MARKET,2023-05-26,1.00000,,,,0.16731,0.08051,0.25410,104,Brent future (baseline)
722,MARKET,2023-06-02,1.00000,,,,0.16568,0.07919,0.25218,104,Brent future (baseline)
723,MARKET,2023-06-09,1.00000,,,,0.16553,0.07916,0.25191,104,Brent future (baseline)
724,MARKET,2023-06-16,1.00000,,,,0.16685,0.08010,0.25359,104,Brent future (baseline)
725,MARKET,2023-06-23,1.00000,,,,0.16866,0.08196,0.25536,104,Brent future (baseline)
726,MARKET,2023-06-30,1.00000,,,,0.16930,0.08228,0.25633,104,Brent future (baseline)
727,MARKET,2023-07-07,1.00000,,,,0.16609,0.08034,0.25185,104,Brent future (baseline)
728,MARKET,2023-07-14,1.00000,,,,0.16612,0.08007,0.25216,104,Brent future (baseline)
729,MARKET,2023-07-21,1.00000,,,,0.16711,0.08080,0.25342,104,Brent future (baseline)
730,MARKET,2023-07-28,1.00000,,,,0.16662,0.08071,0.25253,104,Brent future (baseline)
731,MARKET,2023-08-04,1.00000,,,,0.17245,0.08357,0.26132,104,Brent future (baseline)
732,MARKET,2023-08-11,1.00000,,,,0.17278,0.08378,0.26178,104,Brent future (baseline)
733,MARKET,2023-08-18,1.00000,,,,0.17155,0.08106,0.26204,104,Brent future (baseline)
734,MARKET,2023-08-25,1.00000,,,,0.16855,0.07580,0.26131,104,Brent future (baseline)
735,MARKET,2023-09-01,1.00000,,,,0.17148,0.07814,0.26482,104,Brent future (baseline)
736,MARKET,2023-09-08,1.00000,,,,0.17125,0.07802,0.26448,104,Brent future (baseline)
737,MARKET,2023-09-15,1.00000,,,,0.17525,0.08076,0.26973,104,Brent future (baseline)
738,MARKET,2023-09-22,1.00000,,,,0.17469,0.08022,0.26917,104,Brent future (baseline)
739,MARKET,2023-09-29,1.00000,,,,0.17370,0.07962,0.26778,104,Brent future (baseline)
740,MARKET,2023-10-06,1.00000,,,,0.17875,0.08796,0.26955,104,Brent future (baseline)
741,MARKET,2023-10-13,1.00000,,,,0.18460,0.09138,0.27781,104,Brent future (baseline)
742,MARKET,2023-10-20,1.00000,,,,0.18283,0.09066,0.27500,104,Brent future (baseline)
743,MARKET,2023-10-27,1.00000,,,,0.18219,0.09008,0.27429,104,Brent future (baseline)
744,MARKET,2023-11-03,1.00000,,,,0.17876,0.08853,0.26898,104,Brent future (baseline)
745,MARKET,2023-11-10,1.00000,,,,0.17804,0.08842,0.26766,104,Brent future (baseline)
746,MARKET,2023-11-17,1.00000,,,,0.17741,0.08725,0.26758,104,Brent future (baseline)
747,MARKET,2023-11-24,1.00000,,,,0.17028,0.07979,0.26077,104,Brent future (baseline)
748,MARKET,2023-12-01,1.00000,,,,0.17147,0.08041,0.26253,104,Brent future (baseline)
749,MARKET,2023-12-08,1.00000,,,,0.17284,0.08084,0.26484,104,Brent future (baseline)
750,MARKET,2023-12-15,1.00000,,,,0.17199,0.07992,0.26407,104,Brent future (baseline)
751,MARKET,2023-12-22,1.00000,,,,0.16910,0.07743,0.26076,104,Brent future (baseline)
752,MARKET,2023-12-29,1.00000,,,,0.16815,0.07669,0.25961,104,Brent future (baseline)
753,MARKET,2024-01-05,1.00000,,,,0.16850,0.07688,0.26012,104,Brent future (baseline)
754,MARKET,2024-01-12,1.00000,,,,0.16883,0.07663,0.26103,104,Brent future (baseline)
755,MARKET,2024-01-19,1.00000,,,,0.17116,0.07852,0.26381,104,Brent future (baseline)
756,MARKET,2024-01-26,1.00000,,,,0.17261,0.08046,0.26476,104,Brent future (baseline)
757,MARKET,2024-02-02,1.00000,,,,0.17235,0.08191,0.26279,104,Brent future (baseline)
758,MARKET,2024-02-09,1.00000,,,,0.16428,0.07522,0.25333,104,Brent future (baseline)
759,MARKET,2024-02-16,1.00000,,,,0.16459,0.07518,0.25401,104,Brent future (baseline)
760,MARKET,2024-02-23,1.00000,,,,0.16628,0.07759,0.25496,104,Brent future (baseline)
761,MARKET,2024-03-01,1.00000,,,,0.18705,0.10113,0.27297,104,Brent future (baseline)
762,MARKET,2024-03-08,1.00000,,,,0.18855,0.10271,0.27440,104,Brent future (baseline)
763,MARKET,2024-03-15,1.00000,,,,0.19427,0.11076,0.27778,104,Brent future (baseline)
764,MARKET,2024-03-22,1.00000,,,,0.19282,0.10441,0.28122,104,Brent future (baseline)
765,MARKET,2024-03-29,1.00000,,,,0.21347,0.12777,0.29918,104,Brent future (baseline)
766,MARKET,2024-04-05,1.00000,,,,0.21503,0.13016,0.29990,104,Brent future (baseline)
767,MARKET,2024-04-12,1.00000,,,,0.21651,0.13112,0.30190,104,Brent future (baseline)
768,MARKET,2024-04-19,1.00000,,,,0.21835,0.13290,0.30381,104,Brent future (baseline)
769,MARKET,2024-04-26,1.00000,,,,0.22266,0.13745,0.30786,104,Brent future (baseline)
770,MARKET,2024-05-03,1.00000,,,,0.22036,0.13734,0.30338,104,Brent future (baseline)
771,MARKET,2024-05-10,1.00000,,,,0.22048,0.13752,0.30344,104,Brent future (baseline)
772,MARKET,2024-05-17,1.00000,,,,0.21956,0.13666,0.30245,104,Brent future (baseline)
773,MARKET,2024-05-24,1.00000,,,,0.21510,0.13164,0.29856,104,Brent future (baseline)
774,MARKET,2024-05-31,1.00000,,,,0.21525,0.13184,0.29865,104,Brent future (baseline)
775,MARKET,2024-06-07,1.00000,,,,0.21929,0.13586,0.30272,104,Brent future (baseline)
776,MARKET,2024-06-14,1.00000,,,,0.20856,0.12295,0.29417,104,Brent future (baseline)
777,MARKET,2024-06-21,1.00000,,,,0.20928,0.12409,0.29447,104,Brent future (baseline)
778,MARKET,2024-06-28,1.00000,,,,0.20978,0.12456,0.29500,104,Brent future (baseline)
779,MARKET,2024-07-05,1.00000,,,,0.21420,0.12774,0.30067,104,Brent future (baseline)
780,MARKET,2024-07-12,1.00000,,,,0.21029,0.12294,0.29763,104,Brent future (baseline)
781,MARKET,2024-07-19,1.00000,,,,0.20620,0.11896,0.29343,104,Brent future (baseline)
782,MARKET,2024-07-26,1.00000,,,,0.19914,0.10823,0.29006,104,Brent future (baseline)
783,MARKET,2024-08-02,1.00000,,,,0.21632,0.12128,0.31137,104,Brent future (baseline)
784,MARKET,2024-08-09,1.00000,,,,0.21433,0.11939,0.30926,104,Brent future (baseline)
785,MARKET,2024-08-16,1.00000,,,,0.21499,0.11988,0.31010,104,Brent future (baseline)
786,MARKET,2024-08-23,1.00000,,,,0.21636,0.12025,0.31247,104,Brent future (baseline)
787,MARKET,2024-08-30,1.00000,,,,0.21044,0.11288,0.30800,104,Brent future (baseline)
788,MARKET,2024-09-06,1.00000,,,,0.21923,0.12548,0.31297,104,Brent future (baseline)
789,MARKET,2024-09-13,1.00000,,,,0.21809,0.12486,0.31133,104,Brent future (baseline)
790,MARKET,2024-09-20,1.00000,,,,0.20356,0.11391,0.29322,104,Brent future (baseline)
791,MARKET,2024-09-27,1.00000,,,,0.20461,0.11507,0.29415,104,Brent future (baseline)
792,MARKET,2024-10-04,1.00000,,,,0.20602,0.11461,0.29742,104,Brent future (baseline)
793,MARKET,2024-10-11,1.00000,,,,0.20241,0.10978,0.29505,104,Brent future (baseline)
794,MARKET,2024-10-18,1.00000,,,,0.20054,0.11081,0.29026,104,Brent future (baseline)
795,MARKET,2024-10-25,1.00000,,,,0.19954,0.11043,0.28864,104,Brent future (baseline)
796,MARKET,2024-11-01,1.00000,,,,0.19880,0.10941,0.28819,104,Brent future (baseline)
797,MARKET,2024-11-08,1.00000,,,,0.19782,0.10826,0.28738,104,Brent future (baseline)
798,MARKET,2024-11-15,1.00000,,,,0.19270,0.09938,0.28603,104,Brent future (baseline)
799,MARKET,2024-11-22,1.00000,,,,0.20257,0.11463,0.29052,104,Brent future (baseline)
800,MARKET,2024-11-29,1.00000,,,,0.20479,0.11775,0.29182,104,Brent future (baseline)
801,MARKET,2024-12-06,1.00000,,,,0.21152,0.12156,0.30148,104,Brent future (baseline)
802,MARKET,2024-12-13,1.00000,,,,0.21271,0.12436,0.30106,104,Brent future (baseline)
803,MARKET,2024-12-20,1.00000,,,,0.21551,0.12615,0.30487,104,Brent future (baseline)
804,MARKET,2024-12-27,1.00000,,,,0.21884,0.13064,0.30705,104,Brent future (baseline)
805,MARKET,2025-01-03,1.00000,,,,0.22936,0.14251,0.31622,104,Brent future (baseline)
806,MARKET,2025-01-10,1.00000,,,,0.23676,0.15198,0.32154,104,Brent future (baseline)
807,MARKET,2025-01-17,1.00000,,,,0.23894,0.15492,0.32296,104,Brent future (baseline)
808,MARKET,2025-01-24,1.00000,,,,0.23921,0.15590,0.32252,104,Brent future (baseline)
809,MARKET,2025-01-31,1.00000,,,,0.24964,0.16841,0.33087,104,Brent future (baseline)
810,MARKET,2025-02-07,1.00000,,,,0.25203,0.16891,0.33516,104,Brent future (baseline)
811,MARKET,2025-02-14,1.00000,,,,0.25225,0.16817,0.33633,104,Brent future (baseline)
812,MARKET,2025-02-21,1.00000,,,,0.25221,0.16806,0.33635,104,Brent future (baseline)
813,MARKET,2025-02-28,1.00000,,,,0.24988,0.16770,0.33205,104,Brent future (baseline)
814,MARKET,2025-03-07,1.00000,,,,0.24309,0.16501,0.32116,104,Brent future (baseline)
815,MARKET,2025-03-14,1.00000,,,,0.21791,0.14893,0.28689,104,Brent future (baseline)
816,MARKET,2025-03-21,1.00000,,,,0.22340,0.15381,0.29298,104,Brent future (baseline)
817,MARKET,2025-03-28,1.00000,,,,0.20783,0.13624,0.27942,104,Brent future (baseline)
818,MARKET,2025-04-04,1.00000,,,,0.25993,0.15729,0.36257,104,Brent future (baseline)
819,MARKET,2025-04-11,1.00000,,,,0.25706,0.15499,0.35913,104,Brent future (baseline)
820,MARKET,2025-04-18,1.00000,,,,0.26000,0.15335,0.36664,104,Brent future (baseline)
821,MARKET,2025-04-25,1.00000,,,,0.26304,0.15653,0.36955,104,Brent future (baseline)
822,MARKET,2025-05-02,1.00000,,,,0.22835,0.11432,0.34237,104,Brent future (baseline)
823,MARKET,2025-05-09,1.00000,,,,0.22465,0.10743,0.34186,104,Brent future (baseline)
824,MARKET,2025-05-16,1.00000,,,,0.22934,0.11583,0.34285,104,Brent future (baseline)
825,MARKET,2025-05-23,1.00000,,,,0.23185,0.11868,0.34502,104,Brent future (baseline)
826,MARKET,2025-05-30,1.00000,,,,0.23171,0.11843,0.34499,104,Brent future (baseline)
827,MARKET,2025-06-06,1.00000,,,,0.23308,0.12048,0.34568,104,Brent future (baseline)
828,MARKET,2025-06-13,1.00000,,,,0.23136,0.12631,0.33641,104,Brent future (baseline)
829,MARKET,2025-06-20,1.00000,,,,0.22277,0.11646,0.32908,104,Brent future (baseline)
830,MARKET,2025-06-27,1.00000,,,,0.21957,0.12298,0.31616,104,Brent future (baseline)
831,MARKET,2025-07-04,1.00000,,,,0.22703,0.13106,0.32300,104,Brent future (baseline)
832,MARKET,2025-07-11,1.00000,,,,0.22536,0.12935,0.32137,104,Brent future (baseline)
833,MARKET,2025-07-18,1.00000,,,,0.22418,0.12831,0.32004,104,Brent future (baseline)
834,MARKET,2025-07-25,1.00000,,,,0.22722,0.13063,0.32380,104,Brent future (baseline)
835,MARKET,2025-08-01,1.00000,,,,0.22576,0.12912,0.32240,104,Brent future (baseline)
836,MARKET,2025-08-08,1.00000,,,,0.22091,0.12456,0.31727,104,Brent future (baseline)
837,MARKET,2025-08-15,1.00000,,,,0.21862,0.12196,0.31529,104,Brent future (baseline)
838,MARKET,2025-08-22,1.00000,,,,0.22008,0.12396,0.31620,104,Brent future (baseline)
839,MARKET,2025-08-29,1.00000,,,,0.21557,0.11853,0.31261,104,Brent future (baseline)
840,MARKET,2025-09-05,1.00000,,,,0.21821,0.12194,0.31447,104,Brent future (baseline)
841,MARKET,2025-09-12,1.00000,,,,0.21603,0.11989,0.31217,104,Brent future (baseline)
842,MARKET,2025-09-19,1.00000,,,,0.21604,0.11992,0.31216,104,Brent future (baseline)
843,MARKET,2025-09-26,1.00000,,,,0.21690,0.12112,0.31269,104,Brent future (baseline)
844,MARKET,2025-10-03,1.00000,,,,0.20652,0.10823,0.30481,104,Brent future (baseline)
845,MARKET,2025-10-10,1.00000,,,,0.19345,0.09160,0.29530,104,Brent future (baseline)
846,MARKET,2025-10-17,1.00000,,,,0.19903,0.09906,0.29900,104,Brent future (baseline)
847,MARKET,2025-10-24,1.00000,,,,0.19599,0.09823,0.29376,104,Brent future (baseline)
848,MARKET,2025-10-31,1.00000,,,,0.20666,0.10978,0.30354,104,Brent future (baseline)
849,MARKET,2025-11-07,1.00000,,,,0.20842,0.11096,0.30587,104,Brent future (baseline)
850,MARKET,2025-11-14,1.00000,,,,0.20927,0.11184,0.30669,104,Brent future (baseline)
851,MARKET,2025-11-21,1.00000,,,,0.21163,0.11487,0.30838,104,Brent future (baseline)
852,MARKET,2025-11-28,1.00000,,,,0.21180,0.11452,0.30909,104,Brent future (baseline)
853,MARKET,2025-12-05,1.00000,,,,0.21198,0.11352,0.31045,104,Brent future (baseline)
854,MARKET,2025-12-12,1.00000,,,,0.20917,0.11169,0.30666,104,Brent future (baseline)
855,MARKET,2025-12-19,1.00000,,,,0.21084,0.11305,0.30863,104,Brent future (baseline)
856,MARKET,2025-12-26,1.00000,,,,0.21132,0.11364,0.30900,104,Brent future (baseline)
857,MARKET,2026-01-02,1.00000,,,,0.20816,0.10998,0.30634,104,Brent future (baseline)
858,MARKET,2026-01-09,1.00000,,,,0.20481,0.10653,0.30309,104,Brent future (baseline)
859,MARKET,2026-01-16,1.00000,,,,0.20761,0.10969,0.30552,104,Brent future (baseline)
860,MARKET,2026-01-23,1.00000,,,,0.20586,0.10633,0.30538,104,Brent future (baseline)
861,MARKET,2026-01-30,1.00000,,,,0.20283,0.10075,0.30492,104,Brent future (baseline)
862,MARKET,2026-02-06,1.00000,,,,0.21237,0.11228,0.31246,104,Brent future (baseline)
863,MARKET,2026-02-13,1.00000,,,,0.21100,0.11082,0.31117,104,Brent future (baseline)
864,MARKET,2026-02-20,1.00000,,,,0.21676,0.11848,0.31505,104,Brent future (baseline)
865,MARKET,2026-02-27,1.00000,,,,0.21630,0.11786,0.31474,104,Brent future (baseline)
866,MARKET,2026-03-06,1.00000,,,,0.16140,0.05153,0.27128,104,Brent future (baseline)
867,MARKET,2026-03-13,1.00000,,,,0.16164,0.05638,0.26689,104,Brent future (baseline)
868,MARKET,2026-03-20,1.00000,,,,0.15948,0.05622,0.26274,104,Brent future (baseline)
869,MARKET,2026-03-27,1.00000,,,,0.15945,0.05616,0.26273,104,Brent future (baseline)
870,MARKET,2026-04-03,1.00000,,,,0.13728,0.03001,0.24455,104,Brent future (baseline)
871,MARKET,2026-04-10,1.00000,,,,0.13783,0.03251,0.24314,104,Brent future (baseline)
872,MARKET,2026-04-17,1.00000,,,,0.14134,0.03815,0.24453,104,Brent future (baseline)
873,MARKET,2026-04-24,1.00000,,,,0.13378,0.03957,0.22799,104,Brent future (baseline)
874,MARKET,2026-05-01,1.00000,,,,0.13628,0.04102,0.23155,104,Brent future (baseline)
875,MARKET,2026-05-08,1.00000,,,,0.14139,0.05049,0.23229,104,Brent future (baseline)
876,MARKET,2026-05-15,1.00000,,,,0.14396,0.05311,0.23482,104,Brent future (baseline)
877,MARKET,2026-05-22,1.00000,,,,0.14095,0.05192,0.22998,104,Brent future (baseline)
878,MARKET,2026-05-29,1.00000,,,,0.14417,0.05873,0.22960,104,Brent future (baseline)
879,MARKET,2026-06-05,1.00000,,,,0.14312,0.05744,0.22880,104,Brent future (baseline)
880,MARKET,2026-06-12,1.00000,,,,0.14632,0.06058,0.23205,104,Brent future (baseline)
881,MARKET,2026-06-19,1.00000,,,,0.15282,0.06693,0.23872,104,Brent future (baseline)
882,MARKET,2026-06-26,1.00000,,,,0.15296,0.07005,0.23587,104,Brent future (baseline)
883,MARKET,2026-07-03,1.00000,,,,0.15298,0.06972,0.23625,104,Brent future (baseline)
884,MARKET,2026-07-10,1.00000,,,,0.15164,0.06985,0.23343,104,Brent future (baseline)
885,MARKET,2026-07-17,1.00000,,,,0.14708,0.07035,0.22380,104,Brent future (baseline)
886,MARKET,2026-07-24,1.00000,,,,0.14891,0.07331,0.22451,104,Brent future (baseline)
887,MARKET,2026-07-31,1.00000,,,,0.14446,0.06958,0.21934,104,Brent future (baseline)
888,MARKET,2026-08-07,1.00000,,,,0.14264,0.06860,0.21667,104,Brent future (baseline)
889,MARKET,2026-08-14,1.00000,,,,0.14530,0.07140,0.21920,104,Brent future (baseline)
890,MARKET,2026-08-21,1.00000,,,,0.14361,0.07063,0.21660,104,Brent future (baseline)
891,MARKET,2026-08-28,1.00000,,,,0.14251,0.07032,0.21469,104,Brent future (baseline)
892,MARKET,2026-09-04,1.00000,,,,0.13269,0.06196,0.20341,104,Brent future (baseline)
893,MARKET,2026-09-11,1.00000,,,,0.13024,0.06078,0.19969,104,Brent future (baseline)
894,MARKET,2009-07-31,1.00000,,,,0.56551,0.40782,0.72320,104,"Brent spot, same sample"
895,MARKET,2009-08-07,1.00000,,,,0.56501,0.40628,0.72374,104,"Brent spot, same sample"
896,MARKET,2009-08-14,1.00000,,,,0.56341,0.40445,0.72237,104,"Brent spot, same sample"
897,MARKET,2009-08-21,1.00000,,,,0.56428,0.40639,0.72217,104,"Brent spot, same sample"
898,MARKET,2009-08-28,1.00000,,,,0.56407,0.40544,0.72270,104,"Brent spot, same sample"
899,MARKET,2009-09-04,1.00000,,,,0.55712,0.39852,0.71572,104,"Brent spot, same sample"
900,MARKET,2009-09-11,1.00000,,,,0.56002,0.40186,0.71817,104,"Brent spot, same sample"
901,MARKET,2009-09-18,1.00000,,,,0.56199,0.40438,0.71961,104,"Brent spot, same sample"
902,MARKET,2009-09-25,1.00000,,,,0.55510,0.39741,0.71279,104,"Brent spot, same sample"
903,MARKET,2009-10-02,1.00000,,,,0.55293,0.39516,0.71071,104,"Brent spot, same sample"
904,MARKET,2009-10-09,1.00000,,,,0.55777,0.40090,0.71465,104,"Brent spot, same sample"
905,MARKET,2009-10-16,1.00000,,,,0.55717,0.40158,0.71276,104,"Brent spot, same sample"
906,MARKET,2009-10-23,1.00000,,,,0.55528,0.40032,0.71024,104,"Brent spot, same sample"
907,MARKET,2009-10-30,1.00000,,,,0.56561,0.41235,0.71886,104,"Brent spot, same sample"
908,MARKET,2009-11-06,1.00000,,,,0.56566,0.41244,0.71887,104,"Brent spot, same sample"
909,MARKET,2009-11-13,1.00000,,,,0.56467,0.40951,0.71983,104,"Brent spot, same sample"
910,MARKET,2009-11-20,1.00000,,,,0.56728,0.41257,0.72200,104,"Brent spot, same sample"
911,MARKET,2009-11-27,1.00000,,,,0.58006,0.42940,0.73072,104,"Brent spot, same sample"
912,MARKET,2009-12-04,1.00000,,,,0.57978,0.42928,0.73027,104,"Brent spot, same sample"
913,MARKET,2009-12-11,1.00000,,,,0.56537,0.41032,0.72042,104,"Brent spot, same sample"
914,MARKET,2009-12-18,1.00000,,,,0.56515,0.41022,0.72008,104,"Brent spot, same sample"
915,MARKET,2009-12-25,1.00000,,,,0.56656,0.41102,0.72210,104,"Brent spot, same sample"
916,MARKET,2010-01-01,1.00000,,,,0.56493,0.40890,0.72096,104,"Brent spot, same sample"
917,MARKET,2010-01-08,1.00000,,,,0.56054,0.40258,0.71850,104,"Brent spot, same sample"
918,MARKET,2010-01-15,1.00000,,,,0.55585,0.39594,0.71575,104,"Brent spot, same sample"
919,MARKET,2010-01-22,1.00000,,,,0.55857,0.40088,0.71626,104,"Brent spot, same sample"
920,MARKET,2010-01-29,1.00000,,,,0.55731,0.39856,0.71607,104,"Brent spot, same sample"
921,MARKET,2010-02-05,1.00000,,,,0.55804,0.39951,0.71657,104,"Brent spot, same sample"
922,MARKET,2010-02-12,1.00000,,,,0.55437,0.39475,0.71398,104,"Brent spot, same sample"
923,MARKET,2010-02-19,1.00000,,,,0.55495,0.39774,0.71217,104,"Brent spot, same sample"
924,MARKET,2010-02-26,1.00000,,,,0.55802,0.40118,0.71485,104,"Brent spot, same sample"
925,MARKET,2010-03-05,1.00000,,,,0.56604,0.40991,0.72216,104,"Brent spot, same sample"
926,MARKET,2010-03-12,1.00000,,,,0.57013,0.41379,0.72648,104,"Brent spot, same sample"
927,MARKET,2010-03-19,1.00000,,,,0.57175,0.41470,0.72880,104,"Brent spot, same sample"
928,MARKET,2010-03-26,1.00000,,,,0.57140,0.41475,0.72805,104,"Brent spot, same sample"
929,MARKET,2010-04-02,1.00000,,,,0.57103,0.41548,0.72658,104,"Brent spot, same sample"
930,MARKET,2010-04-09,1.00000,,,,0.57406,0.41837,0.72975,104,"Brent spot, same sample"
931,MARKET,2010-04-16,1.00000,,,,0.57181,0.41596,0.72765,104,"Brent spot, same sample"
932,MARKET,2010-04-23,1.00000,,,,0.57298,0.41658,0.72938,104,"Brent spot, same sample"
933,MARKET,2010-04-30,1.00000,,,,0.57811,0.42497,0.73125,104,"Brent spot, same sample"
934,MARKET,2010-05-07,1.00000,,,,0.59444,0.44620,0.74267,104,"Brent spot, same sample"
935,MARKET,2010-05-14,1.00000,,,,0.59481,0.44651,0.74310,104,"Brent spot, same sample"
936,MARKET,2010-05-21,1.00000,,,,0.60208,0.45540,0.74877,104,"Brent spot, same sample"
937,MARKET,2010-05-28,1.00000,,,,0.60231,0.45549,0.74913,104,"Brent spot, same sample"
938,MARKET,2010-06-04,1.00000,,,,0.60511,0.45810,0.75212,104,"Brent spot, same sample"
939,MARKET,2010-06-11,1.00000,,,,0.60613,0.45906,0.75320,104,"Brent spot, same sample"
940,MARKET,2010-06-18,1.00000,,,,0.60493,0.45855,0.75131,104,"Brent spot, same sample"
941,MARKET,2010-06-25,1.00000,,,,0.61159,0.46690,0.75629,104,"Brent spot, same sample"
942,MARKET,2010-07-02,1.00000,,,,0.61964,0.47675,0.76252,104,"Brent spot, same sample"
943,MARKET,2010-07-09,1.00000,,,,0.62405,0.48085,0.76725,104,"Brent spot, same sample"
944,MARKET,2010-07-16,1.00000,,,,0.63048,0.48627,0.77470,104,"Brent spot, same sample"
945,MARKET,2010-07-23,1.00000,,,,0.63154,0.48624,0.77683,104,"Brent spot, same sample"
946,MARKET,2010-07-30,1.00000,,,,0.63149,0.48683,0.77615,104,"Brent spot, same sample"
947,MARKET,2010-08-06,1.00000,,,,0.64420,0.49947,0.78893,104,"Brent spot, same sample"
948,MARKET,2010-08-13,1.00000,,,,0.64460,0.50150,0.78770,104,"Brent spot, same sample"
949,MARKET,2010-08-20,1.00000,,,,0.64410,0.50052,0.78768,104,"Brent spot, same sample"
950,MARKET,2010-08-27,1.00000,,,,0.64249,0.49965,0.78533,104,"Brent spot, same sample"
951,MARKET,2010-09-03,1.00000,,,,0.62811,0.47553,0.78068,104,"Brent spot, same sample"
952,MARKET,2010-09-10,1.00000,,,,0.63462,0.48262,0.78663,104,"Brent spot, same sample"
953,MARKET,2010-09-17,1.00000,,,,0.63410,0.48131,0.78689,104,"Brent spot, same sample"
954,MARKET,2010-09-24,1.00000,,,,0.66166,0.49274,0.83057,104,"Brent spot, same sample"
955,MARKET,2010-10-01,1.00000,,,,0.65759,0.48395,0.83123,104,"Brent spot, same sample"
956,MARKET,2010-10-08,1.00000,,,,0.59317,0.44371,0.74264,104,"Brent spot, same sample"
957,MARKET,2010-10-15,1.00000,,,,0.59830,0.44284,0.75375,104,"Brent spot, same sample"
958,MARKET,2010-10-22,1.00000,,,,0.59057,0.43244,0.74870,104,"Brent spot, same sample"
959,MARKET,2010-10-29,1.00000,,,,0.59422,0.43579,0.75265,104,"Brent spot, same sample"
960,MARKET,2010-11-05,1.00000,,,,0.60235,0.43555,0.76916,104,"Brent spot, same sample"
961,MARKET,2010-11-12,1.00000,,,,0.58621,0.43197,0.74045,104,"Brent spot, same sample"
962,MARKET,2010-11-19,1.00000,,,,0.53858,0.42808,0.64908,104,"Brent spot, same sample"
963,MARKET,2010-11-26,1.00000,,,,0.51473,0.41124,0.61823,104,"Brent spot, same sample"
964,MARKET,2010-12-03,1.00000,,,,0.51072,0.37847,0.64296,104,"Brent spot, same sample"
965,MARKET,2010-12-10,1.00000,,,,0.50216,0.35781,0.64651,104,"Brent spot, same sample"
966,MARKET,2010-12-17,1.00000,,,,0.52675,0.39684,0.65665,104,"Brent spot, same sample"
967,MARKET,2010-12-24,1.00000,,,,0.55389,0.42499,0.68278,104,"Brent spot, same sample"
968,MARKET,2010-12-31,1.00000,,,,0.55396,0.40410,0.70381,104,"Brent spot, same sample"
969,MARKET,2011-01-07,1.00000,,,,0.55270,0.40222,0.70319,104,"Brent spot, same sample"
970,MARKET,2011-01-14,1.00000,,,,0.55589,0.40569,0.70610,104,"Brent spot, same sample"
971,MARKET,2011-01-21,1.00000,,,,0.55517,0.40547,0.70486,104,"Brent spot, same sample"
972,MARKET,2011-01-28,1.00000,,,,0.55465,0.40507,0.70422,104,"Brent spot, same sample"
973,MARKET,2011-02-04,1.00000,,,,0.55544,0.40602,0.70485,104,"Brent spot, same sample"
974,MARKET,2011-02-11,1.00000,,,,0.55728,0.40603,0.70852,104,"Brent spot, same sample"
975,MARKET,2011-02-18,1.00000,,,,0.53774,0.39027,0.68521,104,"Brent spot, same sample"
976,MARKET,2011-02-25,1.00000,,,,0.52302,0.37007,0.67596,104,"Brent spot, same sample"
977,MARKET,2011-03-04,1.00000,,,,0.50992,0.35742,0.66243,104,"Brent spot, same sample"
978,MARKET,2011-03-11,1.00000,,,,0.50776,0.35782,0.65769,104,"Brent spot, same sample"
979,MARKET,2011-03-18,1.00000,,,,0.50658,0.35156,0.66160,104,"Brent spot, same sample"
980,MARKET,2011-03-25,1.00000,,,,0.50364,0.34758,0.65970,104,"Brent spot, same sample"
981,MARKET,2011-04-01,1.00000,,,,0.50362,0.34779,0.65946,104,"Brent spot, same sample"
982,MARKET,2011-04-08,1.00000,,,,0.50201,0.34737,0.65665,104,"Brent spot, same sample"
983,MARKET,2011-04-15,1.00000,,,,0.51043,0.35765,0.66322,104,"Brent spot, same sample"
984,MARKET,2011-04-22,1.00000,,,,0.51206,0.35702,0.66709,104,"Brent spot, same sample"
985,MARKET,2011-04-29,1.00000,,,,0.51335,0.35769,0.66902,104,"Brent spot, same sample"
986,MARKET,2011-05-06,1.00000,,,,0.46267,0.31021,0.61513,104,"Brent spot, same sample"
987,MARKET,2011-05-13,1.00000,,,,0.46241,0.30982,0.61501,104,"Brent spot, same sample"
988,MARKET,2011-05-20,1.00000,,,,0.45922,0.30545,0.61298,104,"Brent spot, same sample"
989,MARKET,2011-05-27,1.00000,,,,0.47002,0.31164,0.62839,104,"Brent spot, same sample"
990,MARKET,2011-06-03,1.00000,,,,0.46978,0.31060,0.62896,104,"Brent spot, same sample"
991,MARKET,2011-06-10,1.00000,,,,0.46293,0.30215,0.62370,104,"Brent spot, same sample"
992,MARKET,2011-06-17,1.00000,,,,0.46215,0.30368,0.62062,104,"Brent spot, same sample"
993,MARKET,2011-06-24,1.00000,,,,0.45425,0.29958,0.60891,104,"Brent spot, same sample"
994,MARKET,2011-07-01,1.00000,,,,0.46634,0.31042,0.62225,104,"Brent spot, same sample"
995,MARKET,2011-07-08,1.00000,,,,0.43548,0.27603,0.59494,104,"Brent spot, same sample"
996,MARKET,2011-07-15,1.00000,,,,0.41846,0.25859,0.57833,104,"Brent spot, same sample"
997,MARKET,2011-07-22,1.00000,,,,0.41282,0.24806,0.57758,104,"Brent spot, same sample"
998,MARKET,2011-07-29,1.00000,,,,0.41570,0.25233,0.57907,104,"Brent spot, same sample"
999,MARKET,2011-08-05,1.00000,,,,0.47115,0.28579,0.65651,104,"Brent spot, same sample"
1000,MARKET,2011-08-12,1.00000,,,,0.47341,0.28617,0.66065,104,"Brent spot, same sample"
1001,MARKET,2011-08-19,1.00000,,,,0.47032,0.28456,0.65608,104,"Brent spot, same sample"
1002,MARKET,2011-08-26,1.00000,,,,0.47339,0.28665,0.66013,104,"Brent spot, same sample"
1003,MARKET,2011-09-02,1.00000,,,,0.49078,0.29271,0.68885,104,"Brent spot, same sample"
1004,MARKET,2011-09-09,1.00000,,,,0.48815,0.28928,0.68702,104,"Brent spot, same sample"
1005,MARKET,2011-09-16,1.00000,,,,0.48319,0.28297,0.68341,104,"Brent spot, same sample"
1006,MARKET,2011-09-23,1.00000,,,,0.52090,0.31372,0.72807,104,"Brent spot, same sample"
1007,MARKET,2011-09-30,1.00000,,,,0.51811,0.31422,0.72201,104,"Brent spot, same sample"
1008,MARKET,2011-10-07,1.00000,,,,0.50180,0.29695,0.70665,104,"Brent spot, same sample"
1009,MARKET,2011-10-14,1.00000,,,,0.52920,0.32160,0.73679,104,"Brent spot, same sample"
1010,MARKET,2011-10-21,1.00000,,,,0.52763,0.32063,0.73464,104,"Brent spot, same sample"
1011,MARKET,2011-10-28,1.00000,,,,0.51727,0.30753,0.72702,104,"Brent spot, same sample"
1012,MARKET,2011-11-04,1.00000,,,,0.51368,0.30425,0.72311,104,"Brent spot, same sample"
1013,MARKET,2011-11-11,1.00000,,,,0.51775,0.30953,0.72597,104,"Brent spot, same sample"
1014,MARKET,2011-11-18,1.00000,,,,0.51935,0.31736,0.72135,104,"Brent spot, same sample"
1015,MARKET,2011-11-25,1.00000,,,,0.52656,0.32560,0.72752,104,"Brent spot, same sample"
1016,MARKET,2011-12-02,1.00000,,,,0.53901,0.33556,0.74246,104,"Brent spot, same sample"
1017,MARKET,2011-12-09,1.00000,,,,0.59055,0.40227,0.77884,104,"Brent spot, same sample"
1018,MARKET,2011-12-16,1.00000,,,,0.59279,0.40622,0.77936,104,"Brent spot, same sample"
1019,MARKET,2011-12-23,1.00000,,,,0.59766,0.41144,0.78388,104,"Brent spot, same sample"
1020,MARKET,2011-12-30,1.00000,,,,0.60400,0.41594,0.79207,104,"Brent spot, same sample"
1021,MARKET,2012-01-06,1.00000,,,,0.60140,0.41376,0.78904,104,"Brent spot, same sample"
1022,MARKET,2012-01-13,1.00000,,,,0.60185,0.41202,0.79169,104,"Brent spot, same sample"
1023,MARKET,2012-01-20,1.00000,,,,0.59057,0.39496,0.78617,104,"Brent spot, same sample"
1024,MARKET,2012-01-27,1.00000,,,,0.59746,0.40215,0.79277,104,"Brent spot, same sample"
1025,MARKET,2012-02-03,1.00000,,,,0.59688,0.40064,0.79312,104,"Brent spot, same sample"
1026,MARKET,2012-02-10,1.00000,,,,0.59651,0.40168,0.79135,104,"Brent spot, same sample"
1027,MARKET,2012-02-17,1.00000,,,,0.59709,0.39659,0.79759,104,"Brent spot, same sample"
1028,MARKET,2012-02-24,1.00000,,,,0.59440,0.39455,0.79425,104,"Brent spot, same sample"
1029,MARKET,2012-03-02,1.00000,,,,0.58631,0.38612,0.78651,104,"Brent spot, same sample"
1030,MARKET,2012-03-09,1.00000,,,,0.58493,0.38509,0.78478,104,"Brent spot, same sample"
1031,MARKET,2012-03-16,1.00000,,,,0.57712,0.37627,0.77798,104,"Brent spot, same sample"
1032,MARKET,2012-03-23,1.00000,,,,0.57879,0.37847,0.77910,104,"Brent spot, same sample"
1033,MARKET,2012-03-30,1.00000,,,,0.57869,0.37795,0.77943,104,"Brent spot, same sample"
1034,MARKET,2012-04-06,1.00000,,,,0.57698,0.37607,0.77788,104,"Brent spot, same sample"
1035,MARKET,2012-04-13,1.00000,,,,0.58107,0.38020,0.78195,104,"Brent spot, same sample"
1036,MARKET,2012-04-20,1.00000,,,,0.57535,0.37487,0.77583,104,"Brent spot, same sample"
1037,MARKET,2012-04-27,1.00000,,,,0.57472,0.37408,0.77535,104,"Brent spot, same sample"
1038,MARKET,2012-05-04,1.00000,,,,0.53515,0.33026,0.74003,104,"Brent spot, same sample"
1039,MARKET,2012-05-11,1.00000,,,,0.53613,0.33116,0.74111,104,"Brent spot, same sample"
1040,MARKET,2012-05-18,1.00000,,,,0.52814,0.31871,0.73758,104,"Brent spot, same sample"
1041,MARKET,2012-05-25,1.00000,,,,0.52493,0.31446,0.73540,104,"Brent spot, same sample"
1042,MARKET,2012-06-01,1.00000,,,,0.51810,0.32152,0.71468,104,"Brent spot, same sample"
1043,MARKET,2012-06-08,1.00000,,,,0.51346,0.31691,0.71002,104,"Brent spot, same sample"
1044,MARKET,2012-06-15,1.00000,,,,0.51493,0.31456,0.71529,104,"Brent spot, same sample"
1045,MARKET,2012-06-22,1.00000,,,,0.49064,0.29843,0.68286,104,"Brent spot, same sample"
1046,MARKET,2012-06-29,1.00000,,,,0.48747,0.30066,0.67427,104,"Brent spot, same sample"
1047,MARKET,2012-07-06,1.00000,,,,0.46561,0.28230,0.64892,104,"Brent spot, same sample"
1048,MARKET,2012-07-13,1.00000,,,,0.46786,0.28548,0.65023,104,"Brent spot, same sample"
1049,MARKET,2012-07-20,1.00000,,,,0.46152,0.28239,0.64064,104,"Brent spot, same sample"
1050,MARKET,2012-07-27,1.00000,,,,0.46102,0.28207,0.63997,104,"Brent spot, same sample"
1051,MARKET,2012-08-03,1.00000,,,,0.45193,0.27320,0.63067,104,"Brent spot, same sample"
1052,MARKET,2012-08-10,1.00000,,,,0.44336,0.25526,0.63147,104,"Brent spot, same sample"
1053,MARKET,2012-08-17,1.00000,,,,0.44559,0.25609,0.63508,104,"Brent spot, same sample"
1054,MARKET,2012-08-24,1.00000,,,,0.44859,0.25905,0.63813,104,"Brent spot, same sample"
1055,MARKET,2012-08-31,1.00000,,,,0.44870,0.26038,0.63702,104,"Brent spot, same sample"
1056,MARKET,2012-09-07,1.00000,,,,0.44857,0.25927,0.63787,104,"Brent spot, same sample"
1057,MARKET,2012-09-14,1.00000,,,,0.45422,0.26534,0.64309,104,"Brent spot, same sample"
1058,MARKET,2012-09-21,1.00000,,,,0.44840,0.26495,0.63184,104,"Brent spot, same sample"
1059,MARKET,2012-09-28,1.00000,,,,0.45258,0.26725,0.63790,104,"Brent spot, same sample"
1060,MARKET,2012-10-05,1.00000,,,,0.45196,0.26642,0.63749,104,"Brent spot, same sample"
1061,MARKET,2012-10-12,1.00000,,,,0.45393,0.26817,0.63969,104,"Brent spot, same sample"
1062,MARKET,2012-10-19,1.00000,,,,0.45121,0.26607,0.63636,104,"Brent spot, same sample"
1063,MARKET,2012-10-26,1.00000,,,,0.44988,0.26624,0.63351,104,"Brent spot, same sample"
1064,MARKET,2012-11-02,1.00000,,,,0.44526,0.25912,0.63140,104,"Brent spot, same sample"
1065,MARKET,2012-11-09,1.00000,,,,0.44274,0.25624,0.62924,104,"Brent spot, same sample"
1066,MARKET,2012-11-16,1.00000,,,,0.44783,0.26000,0.63565,104,"Brent spot, same sample"
1067,MARKET,2012-11-23,1.00000,,,,0.45583,0.26767,0.64399,104,"Brent spot, same sample"
1068,MARKET,2012-11-30,1.00000,,,,0.45213,0.25913,0.64513,104,"Brent spot, same sample"
1069,MARKET,2012-12-07,1.00000,,,,0.44797,0.25695,0.63898,104,"Brent spot, same sample"
1070,MARKET,2012-12-14,1.00000,,,,0.44658,0.25588,0.63728,104,"Brent spot, same sample"
1071,MARKET,2012-12-21,1.00000,,,,0.44160,0.25058,0.63262,104,"Brent spot, same sample"
1072,MARKET,2012-12-28,1.00000,,,,0.44207,0.25080,0.63335,104,"Brent spot, same sample"
1073,MARKET,2013-01-04,1.00000,,,,0.44648,0.25500,0.63796,104,"Brent spot, same sample"
1074,MARKET,2013-01-11,1.00000,,,,0.44718,0.25491,0.63944,104,"Brent spot, same sample"
1075,MARKET,2013-01-18,1.00000,,,,0.44634,0.25356,0.63912,104,"Brent spot, same sample"
1076,MARKET,2013-01-25,1.00000,,,,0.44614,0.25365,0.63863,104,"Brent spot, same sample"
1077,MARKET,2013-02-01,1.00000,,,,0.44282,0.24965,0.63600,104,"Brent spot, same sample"
1078,MARKET,2013-02-08,1.00000,,,,0.44121,0.24890,0.63352,104,"Brent spot, same sample"
1079,MARKET,2013-02-15,1.00000,,,,0.44359,0.25244,0.63474,104,"Brent spot, same sample"
1080,MARKET,2013-02-22,1.00000,,,,0.46851,0.27655,0.66046,104,"Brent spot, same sample"
1081,MARKET,2013-03-01,1.00000,,,,0.46764,0.27540,0.65989,104,"Brent spot, same sample"
1082,MARKET,2013-03-08,1.00000,,,,0.46215,0.26942,0.65489,104,"Brent spot, same sample"
1083,MARKET,2013-03-15,1.00000,,,,0.46214,0.26939,0.65490,104,"Brent spot, same sample"
1084,MARKET,2013-03-22,1.00000,,,,0.46040,0.26888,0.65193,104,"Brent spot, same sample"
1085,MARKET,2013-03-29,1.00000,,,,0.45806,0.26605,0.65008,104,"Brent spot, same sample"
1086,MARKET,2013-04-05,1.00000,,,,0.47387,0.28357,0.66418,104,"Brent spot, same sample"
1087,MARKET,2013-04-12,1.00000,,,,0.46349,0.27344,0.65353,104,"Brent spot, same sample"
1088,MARKET,2013-04-19,1.00000,,,,0.46391,0.27452,0.65331,104,"Brent spot, same sample"
1089,MARKET,2013-04-26,1.00000,,,,0.46925,0.28178,0.65671,104,"Brent spot, same sample"
1090,MARKET,2013-05-03,1.00000,,,,0.49855,0.30233,0.69477,104,"Brent spot, same sample"
1091,MARKET,2013-05-10,1.00000,,,,0.49197,0.29725,0.68669,104,"Brent spot, same sample"
1092,MARKET,2013-05-17,1.00000,,,,0.48938,0.29475,0.68400,104,"Brent spot, same sample"
1093,MARKET,2013-05-24,1.00000,,,,0.49325,0.30066,0.68584,104,"Brent spot, same sample"
1094,MARKET,2013-05-31,1.00000,,,,0.49281,0.30032,0.68531,104,"Brent spot, same sample"
1095,MARKET,2013-06-07,1.00000,,,,0.49328,0.30168,0.68488,104,"Brent spot, same sample"
1096,MARKET,2013-06-14,1.00000,,,,0.48955,0.29296,0.68615,104,"Brent spot, same sample"
1097,MARKET,2013-06-21,1.00000,,,,0.49573,0.29116,0.70030,104,"Brent spot, same sample"
1098,MARKET,2013-06-28,1.00000,,,,0.47713,0.26375,0.69051,104,"Brent spot, same sample"
1099,MARKET,2013-07-05,1.00000,,,,0.50405,0.28558,0.72252,104,"Brent spot, same sample"
1100,MARKET,2013-07-12,1.00000,,,,0.50778,0.28894,0.72661,104,"Brent spot, same sample"
1101,MARKET,2013-07-19,1.00000,,,,0.50636,0.28907,0.72365,104,"Brent spot, same sample"
1102,MARKET,2013-07-26,1.00000,,,,0.50287,0.28788,0.71786,104,"Brent spot, same sample"
1103,MARKET,2013-08-02,1.00000,,,,0.41436,0.25756,0.57115,104,"Brent spot, same sample"
1104,MARKET,2013-08-09,1.00000,,,,0.41430,0.25739,0.57120,104,"Brent spot, same sample"
1105,MARKET,2013-08-16,1.00000,,,,0.41696,0.26017,0.57374,104,"Brent spot, same sample"
1106,MARKET,2013-08-23,1.00000,,,,0.41304,0.25645,0.56964,104,"Brent spot, same sample"
1107,MARKET,2013-08-30,1.00000,,,,0.40014,0.24305,0.55723,104,"Brent spot, same sample"
1108,MARKET,2013-09-06,1.00000,,,,0.39797,0.24181,0.55413,104,"Brent spot, same sample"
1109,MARKET,2013-09-13,1.00000,,,,0.39060,0.23518,0.54602,104,"Brent spot, same sample"
1110,MARKET,2013-09-20,1.00000,,,,0.34627,0.20432,0.48823,104,"Brent spot, same sample"
1111,MARKET,2013-09-27,1.00000,,,,0.35514,0.21029,0.50000,104,"Brent spot, same sample"
1112,MARKET,2013-10-04,1.00000,,,,0.35784,0.21151,0.50417,104,"Brent spot, same sample"
1113,MARKET,2013-10-11,1.00000,,,,0.31982,0.16779,0.47186,104,"Brent spot, same sample"
1114,MARKET,2013-10-18,1.00000,,,,0.32242,0.17118,0.47366,104,"Brent spot, same sample"
1115,MARKET,2013-10-25,1.00000,,,,0.31232,0.15652,0.46812,104,"Brent spot, same sample"
1116,MARKET,2013-11-01,1.00000,,,,0.32017,0.16138,0.47896,104,"Brent spot, same sample"
1117,MARKET,2013-11-08,1.00000,,,,0.31936,0.15958,0.47915,104,"Brent spot, same sample"
1118,MARKET,2013-11-15,1.00000,,,,0.30235,0.14956,0.45513,104,"Brent spot, same sample"
1119,MARKET,2013-11-22,1.00000,,,,0.28153,0.13790,0.42516,104,"Brent spot, same sample"
1120,MARKET,2013-11-29,1.00000,,,,0.25576,0.12733,0.38419,104,"Brent spot, same sample"
1121,MARKET,2013-12-06,1.00000,,,,0.25296,0.12485,0.38107,104,"Brent spot, same sample"
1122,MARKET,2013-12-13,1.00000,,,,0.24371,0.12006,0.36737,104,"Brent spot, same sample"
1123,MARKET,2013-12-20,1.00000,,,,0.22828,0.10541,0.35115,104,"Brent spot, same sample"
1124,MARKET,2013-12-27,1.00000,,,,0.22823,0.10484,0.35161,104,"Brent spot, same sample"
1125,MARKET,2014-01-03,1.00000,,,,0.22129,0.09818,0.34440,104,"Brent spot, same sample"
1126,MARKET,2014-01-10,1.00000,,,,0.22498,0.10252,0.34744,104,"Brent spot, same sample"
1127,MARKET,2014-01-17,1.00000,,,,0.22800,0.10662,0.34938,104,"Brent spot, same sample"
1128,MARKET,2014-01-24,1.00000,,,,0.22542,0.10344,0.34740,104,"Brent spot, same sample"
1129,MARKET,2014-01-31,1.00000,,,,0.22295,0.10137,0.34453,104,"Brent spot, same sample"
1130,MARKET,2014-02-07,1.00000,,,,0.22645,0.10193,0.35097,104,"Brent spot, same sample"
1131,MARKET,2014-02-14,1.00000,,,,0.22574,0.10049,0.35100,104,"Brent spot, same sample"
1132,MARKET,2014-02-21,1.00000,,,,0.22551,0.09790,0.35312,104,"Brent spot, same sample"
1133,MARKET,2014-02-28,1.00000,,,,0.22610,0.09853,0.35367,104,"Brent spot, same sample"
1134,MARKET,2014-03-07,1.00000,,,,0.22976,0.10321,0.35631,104,"Brent spot, same sample"
1135,MARKET,2014-03-14,1.00000,,,,0.24090,0.11772,0.36409,104,"Brent spot, same sample"
1136,MARKET,2014-03-21,1.00000,,,,0.23928,0.11514,0.36342,104,"Brent spot, same sample"
1137,MARKET,2014-03-28,1.00000,,,,0.23877,0.11411,0.36342,104,"Brent spot, same sample"
1138,MARKET,2014-04-04,1.00000,,,,0.23852,0.11360,0.36343,104,"Brent spot, same sample"
1139,MARKET,2014-04-11,1.00000,,,,0.22849,0.10078,0.35620,104,"Brent spot, same sample"
1140,MARKET,2014-04-18,1.00000,,,,0.23547,0.10942,0.36152,104,"Brent spot, same sample"
1141,MARKET,2014-04-25,1.00000,,,,0.23620,0.10912,0.36328,104,"Brent spot, same sample"
1142,MARKET,2014-05-02,1.00000,,,,0.23076,0.09810,0.36341,104,"Brent spot, same sample"
1143,MARKET,2014-05-09,1.00000,,,,0.23131,0.09671,0.36592,104,"Brent spot, same sample"
1144,MARKET,2014-05-16,1.00000,,,,0.20371,0.08486,0.32256,104,"Brent spot, same sample"
1145,MARKET,2014-05-23,1.00000,,,,0.20291,0.08367,0.32216,104,"Brent spot, same sample"
1146,MARKET,2014-05-30,1.00000,,,,0.16907,0.05221,0.28593,104,"Brent spot, same sample"
1147,MARKET,2014-06-06,1.00000,,,,0.17348,0.05546,0.29150,104,"Brent spot, same sample"
1148,MARKET,2014-06-13,1.00000,,,,0.17022,0.05320,0.28723,104,"Brent spot, same sample"
1149,MARKET,2014-06-20,1.00000,,,,0.16727,0.03943,0.29512,104,"Brent spot, same sample"
1150,MARKET,2014-06-27,1.00000,,,,0.13563,0.02232,0.24894,104,"Brent spot, same sample"
1151,MARKET,2014-07-04,1.00000,,,,0.13452,0.01708,0.25197,104,"Brent spot, same sample"
1152,MARKET,2014-07-11,1.00000,,,,0.14286,0.02515,0.26057,104,"Brent spot, same sample"
1153,MARKET,2014-07-18,1.00000,,,,0.13729,0.01434,0.26024,104,"Brent spot, same sample"
1154,MARKET,2014-07-25,1.00000,,,,0.13835,0.01530,0.26141,104,"Brent spot, same sample"
1155,MARKET,2014-08-01,1.00000,,,,0.15599,0.02638,0.28561,104,"Brent spot, same sample"
1156,MARKET,2014-08-08,1.00000,,,,0.15785,0.02539,0.29030,104,"Brent spot, same sample"
1157,MARKET,2014-08-15,1.00000,,,,0.14235,0.01206,0.27263,104,"Brent spot, same sample"
1158,MARKET,2014-08-22,1.00000,,,,0.14390,0.01304,0.27476,104,"Brent spot, same sample"
1159,MARKET,2014-08-29,1.00000,,,,0.14603,0.01440,0.27765,104,"Brent spot, same sample"
1160,MARKET,2014-09-05,1.00000,,,,0.14414,0.01232,0.27595,104,"Brent spot, same sample"
1161,MARKET,2014-09-12,1.00000,,,,0.12541,0.00226,0.24857,104,"Brent spot, same sample"
1162,MARKET,2014-09-19,1.00000,,,,0.11740,-0.01280,0.24760,104,"Brent spot, same sample"
1163,MARKET,2014-09-26,1.00000,,,,0.12501,-0.00508,0.25510,104,"Brent spot, same sample"
1164,MARKET,2014-10-03,1.00000,,,,0.15172,0.00854,0.29489,104,"Brent spot, same sample"
1165,MARKET,2014-10-10,1.00000,,,,0.18801,0.02460,0.35141,104,"Brent spot, same sample"
1166,MARKET,2014-10-17,1.00000,,,,0.18699,0.02992,0.34406,104,"Brent spot, same sample"
1167,MARKET,2014-10-24,1.00000,,,,0.18868,0.02407,0.35329,104,"Brent spot, same sample"
1168,MARKET,2014-10-31,1.00000,,,,0.18355,0.02135,0.34574,104,"Brent spot, same sample"
1169,MARKET,2014-11-07,1.00000,,,,0.19204,0.02674,0.35735,104,"Brent spot, same sample"
1170,MARKET,2014-11-14,1.00000,,,,0.15113,-0.01481,0.31707,104,"Brent spot, same sample"
1171,MARKET,2014-11-21,1.00000,,,,0.13775,-0.02444,0.29995,104,"Brent spot, same sample"
1172,MARKET,2014-11-28,1.00000,,,,0.22615,0.04953,0.40276,104,"Brent spot, same sample"
1173,MARKET,2014-12-05,1.00000,,,,0.21881,0.05506,0.38257,104,"Brent spot, same sample"
1174,MARKET,2014-12-12,1.00000,,,,0.24834,0.08306,0.41362,104,"Brent spot, same sample"
1175,MARKET,2014-12-19,1.00000,,,,0.21140,0.05998,0.36282,104,"Brent spot, same sample"
1176,MARKET,2014-12-26,1.00000,,,,0.21509,0.06296,0.36721,104,"Brent spot, same sample"
1177,MARKET,2015-01-02,1.00000,,,,0.20400,0.05603,0.35197,104,"Brent spot, same sample"
1178,MARKET,2015-01-09,1.00000,,,,0.16207,0.01491,0.30922,104,"Brent spot, same sample"
1179,MARKET,2015-01-16,1.00000,,,,0.15898,0.01163,0.30633,104,"Brent spot, same sample"
1180,MARKET,2015-01-23,1.00000,,,,0.15624,0.00618,0.30630,104,"Brent spot, same sample"
1181,MARKET,2015-01-30,1.00000,,,,0.15317,0.00135,0.30499,104,"Brent spot, same sample"
1182,MARKET,2015-02-06,1.00000,,,,0.15906,0.04057,0.27756,104,"Brent spot, same sample"
1183,MARKET,2015-02-13,1.00000,,,,0.14971,0.03640,0.26302,104,"Brent spot, same sample"
1184,MARKET,2015-02-20,1.00000,,,,0.14898,0.03498,0.26297,104,"Brent spot, same sample"
1185,MARKET,2015-02-27,1.00000,,,,0.14920,0.03452,0.26387,104,"Brent spot, same sample"
1186,MARKET,2015-03-06,1.00000,,,,0.14745,0.03438,0.26052,104,"Brent spot, same sample"
1187,MARKET,2015-03-13,1.00000,,,,0.14914,0.04089,0.25739,104,"Brent spot, same sample"
1188,MARKET,2015-03-20,1.00000,,,,0.14608,0.03727,0.25488,104,"Brent spot, same sample"
1189,MARKET,2015-03-27,1.00000,,,,0.14043,0.03208,0.24877,104,"Brent spot, same sample"
1190,MARKET,2015-04-03,1.00000,,,,0.13608,0.02661,0.24555,104,"Brent spot, same sample"
1191,MARKET,2015-04-10,1.00000,,,,0.14796,0.03640,0.25952,104,"Brent spot, same sample"
1192,MARKET,2015-04-17,1.00000,,,,0.13402,0.02638,0.24166,104,"Brent spot, same sample"
1193,MARKET,2015-04-24,1.00000,,,,0.12628,0.01917,0.23339,104,"Brent spot, same sample"
1194,MARKET,2015-05-01,1.00000,,,,0.12296,0.01542,0.23051,104,"Brent spot, same sample"
1195,MARKET,2015-05-08,1.00000,,,,0.12511,0.01696,0.23326,104,"Brent spot, same sample"
1196,MARKET,2015-05-15,1.00000,,,,0.12667,0.01809,0.23525,104,"Brent spot, same sample"
1197,MARKET,2015-05-22,1.00000,,,,0.12579,0.01634,0.23524,104,"Brent spot, same sample"
1198,MARKET,2015-05-29,1.00000,,,,0.12747,0.01885,0.23609,104,"Brent spot, same sample"
1199,MARKET,2015-06-05,1.00000,,,,0.13359,0.02643,0.24074,104,"Brent spot, same sample"
1200,MARKET,2015-06-12,1.00000,,,,0.12464,0.01668,0.23259,104,"Brent spot, same sample"
1201,MARKET,2015-06-19,1.00000,,,,0.12461,0.01837,0.23085,104,"Brent spot, same sample"
1202,MARKET,2015-06-26,1.00000,,,,0.12802,0.02096,0.23507,104,"Brent spot, same sample"
1203,MARKET,2015-07-03,1.00000,,,,0.12569,0.01915,0.23223,104,"Brent spot, same sample"
1204,MARKET,2015-07-10,1.00000,,,,0.12129,0.01560,0.22699,104,"Brent spot, same sample"
1205,MARKET,2015-07-17,1.00000,,,,0.11833,0.01268,0.22397,104,"Brent spot, same sample"
1206,MARKET,2015-07-24,1.00000,,,,0.12017,0.01553,0.22481,104,"Brent spot, same sample"
1207,MARKET,2015-07-31,1.00000,,,,0.12052,0.01597,0.22507,104,"Brent spot, same sample"
1208,MARKET,2015-08-07,1.00000,,,,0.11626,0.02009,0.21243,104,"Brent spot, same sample"
1209,MARKET,2015-08-14,1.00000,,,,0.11371,0.01704,0.21038,104,"Brent spot, same sample"
1210,MARKET,2015-08-21,1.00000,,,,0.13270,0.03757,0.22783,104,"Brent spot, same sample"
1211,MARKET,2015-08-28,1.00000,,,,0.13593,0.04537,0.22649,104,"Brent spot, same sample"
1212,MARKET,2015-09-04,1.00000,,,,0.13202,0.04277,0.22127,104,"Brent spot, same sample"
1213,MARKET,2015-09-11,1.00000,,,,0.13391,0.04493,0.22290,104,"Brent spot, same sample"
1214,MARKET,2015-09-18,1.00000,,,,0.13577,0.04642,0.22511,104,"Brent spot, same sample"
1215,MARKET,2015-09-25,1.00000,,,,0.13533,0.04599,0.22467,104,"Brent spot, same sample"
1216,MARKET,2015-10-02,1.00000,,,,0.13540,0.04615,0.22466,104,"Brent spot, same sample"
1217,MARKET,2015-10-09,1.00000,,,,0.16592,0.06370,0.26814,104,"Brent spot, same sample"
1218,MARKET,2015-10-16,1.00000,,,,0.16665,0.06639,0.26692,104,"Brent spot, same sample"
1219,MARKET,2015-10-23,1.00000,,,,0.16622,0.07093,0.26150,104,"Brent spot, same sample"
1220,MARKET,2015-10-30,1.00000,,,,0.16127,0.06796,0.25458,104,"Brent spot, same sample"
1221,MARKET,2015-11-06,1.00000,,,,0.15747,0.06416,0.25078,104,"Brent spot, same sample"
1222,MARKET,2015-11-13,1.00000,,,,0.16449,0.07539,0.25359,104,"Brent spot, same sample"
1223,MARKET,2015-11-20,1.00000,,,,0.17025,0.08011,0.26039,104,"Brent spot, same sample"
1224,MARKET,2015-11-27,1.00000,,,,0.16938,0.07966,0.25910,104,"Brent spot, same sample"
1225,MARKET,2015-12-04,1.00000,,,,0.17307,0.08295,0.26320,104,"Brent spot, same sample"
1226,MARKET,2015-12-11,1.00000,,,,0.18065,0.09208,0.26922,104,"Brent spot, same sample"
1227,MARKET,2015-12-18,1.00000,,,,0.17846,0.08968,0.26724,104,"Brent spot, same sample"
1228,MARKET,2015-12-25,1.00000,,,,0.17529,0.08730,0.26329,104,"Brent spot, same sample"
1229,MARKET,2016-01-01,1.00000,,,,0.17599,0.08706,0.26492,104,"Brent spot, same sample"
1230,MARKET,2016-01-08,1.00000,,,,0.20640,0.10126,0.31154,104,"Brent spot, same sample"
1231,MARKET,2016-01-15,1.00000,,,,0.21853,0.10326,0.33381,104,"Brent spot, same sample"
1232,MARKET,2016-01-22,1.00000,,,,0.22628,0.10696,0.34560,104,"Brent spot, same sample"
1233,MARKET,2016-01-29,1.00000,,,,0.22361,0.11049,0.33672,104,"Brent spot, same sample"
1234,MARKET,2016-02-05,1.00000,,,,0.22133,0.10845,0.33420,104,"Brent spot, same sample"
1235,MARKET,2016-02-12,1.00000,,,,0.22294,0.11057,0.33530,104,"Brent spot, same sample"
1236,MARKET,2016-02-19,1.00000,,,,0.22398,0.11101,0.33694,104,"Brent spot, same sample"
1237,MARKET,2016-02-26,1.00000,,,,0.22339,0.11787,0.32892,104,"Brent spot, same sample"
1238,MARKET,2016-03-04,1.00000,,,,0.22921,0.12380,0.33461,104,"Brent spot, same sample"
1239,MARKET,2016-03-11,1.00000,,,,0.22503,0.12104,0.32902,104,"Brent spot, same sample"
1240,MARKET,2016-03-18,1.00000,,,,0.22503,0.12120,0.32887,104,"Brent spot, same sample"
1241,MARKET,2016-03-25,1.00000,,,,0.22490,0.12122,0.32858,104,"Brent spot, same sample"
1242,MARKET,2016-04-01,1.00000,,,,0.22839,0.12610,0.33067,104,"Brent spot, same sample"
1243,MARKET,2016-04-08,1.00000,,,,0.21589,0.11532,0.31645,104,"Brent spot, same sample"
1244,MARKET,2016-04-15,1.00000,,,,0.21725,0.11726,0.31724,104,"Brent spot, same sample"
1245,MARKET,2016-04-22,1.00000,,,,0.21702,0.11890,0.31514,104,"Brent spot, same sample"
1246,MARKET,2016-04-29,1.00000,,,,0.21753,0.12026,0.31480,104,"Brent spot, same sample"
1247,MARKET,2016-05-06,1.00000,,,,0.21838,0.12144,0.31533,104,"Brent spot, same sample"
1248,MARKET,2016-05-13,1.00000,,,,0.21589,0.11996,0.31182,104,"Brent spot, same sample"
1249,MARKET,2016-05-20,1.00000,,,,0.21642,0.12091,0.31194,104,"Brent spot, same sample"
1250,MARKET,2016-05-27,1.00000,,,,0.21768,0.12207,0.31329,104,"Brent spot, same sample"
1251,MARKET,2016-06-03,1.00000,,,,0.21725,0.12195,0.31255,104,"Brent spot, same sample"
1252,MARKET,2016-06-10,1.00000,,,,0.21651,0.12105,0.31198,104,"Brent spot, same sample"
1253,MARKET,2016-06-17,1.00000,,,,0.21815,0.12407,0.31223,104,"Brent spot, same sample"
1254,MARKET,2016-06-24,1.00000,,,,0.21765,0.12338,0.31192,104,"Brent spot, same sample"
1255,MARKET,2016-07-01,1.00000,,,,0.22239,0.12749,0.31728,104,"Brent spot, same sample"
1256,MARKET,2016-07-08,1.00000,,,,0.21791,0.12434,0.31148,104,"Brent spot, same sample"
1257,MARKET,2016-07-15,1.00000,,,,0.21907,0.12592,0.31221,104,"Brent spot, same sample"
1258,MARKET,2016-07-22,1.00000,,,,0.21711,0.12455,0.30968,104,"Brent spot, same sample"
1259,MARKET,2016-07-29,1.00000,,,,0.21655,0.12555,0.30754,104,"Brent spot, same sample"
1260,MARKET,2016-08-05,1.00000,,,,0.21558,0.12498,0.30619,104,"Brent spot, same sample"
1261,MARKET,2016-08-12,1.00000,,,,0.21634,0.12692,0.30575,104,"Brent spot, same sample"
1262,MARKET,2016-08-19,1.00000,,,,0.20532,0.11542,0.29522,104,"Brent spot, same sample"
1263,MARKET,2016-08-26,1.00000,,,,0.20543,0.11558,0.29527,104,"Brent spot, same sample"
1264,MARKET,2016-09-02,1.00000,,,,0.20089,0.11066,0.29112,104,"Brent spot, same sample"
1265,MARKET,2016-09-09,1.00000,,,,0.19781,0.10684,0.28878,104,"Brent spot, same sample"
1266,MARKET,2016-09-16,1.00000,,,,0.20097,0.11225,0.28968,104,"Brent spot, same sample"
1267,MARKET,2016-09-23,1.00000,,,,0.20275,0.11405,0.29145,104,"Brent spot, same sample"
1268,MARKET,2016-09-30,1.00000,,,,0.19908,0.11055,0.28762,104,"Brent spot, same sample"
1269,MARKET,2016-10-07,1.00000,,,,0.19605,0.10766,0.28443,104,"Brent spot, same sample"
1270,MARKET,2016-10-14,1.00000,,,,0.19535,0.10683,0.28387,104,"Brent spot, same sample"
1271,MARKET,2016-10-21,1.00000,,,,0.19386,0.10561,0.28210,104,"Brent spot, same sample"
1272,MARKET,2016-10-28,1.00000,,,,0.19371,0.10612,0.28130,104,"Brent spot, same sample"
1273,MARKET,2016-11-04,1.00000,,,,0.19596,0.11130,0.28062,104,"Brent spot, same sample"
1274,MARKET,2016-11-11,1.00000,,,,0.19954,0.11210,0.28697,104,"Brent spot, same sample"
1275,MARKET,2016-11-18,1.00000,,,,0.19828,0.11212,0.28444,104,"Brent spot, same sample"
1276,MARKET,2016-11-25,1.00000,,,,0.18495,0.10078,0.26911,104,"Brent spot, same sample"
1277,MARKET,2016-12-02,1.00000,,,,0.17710,0.09356,0.26064,104,"Brent spot, same sample"
1278,MARKET,2016-12-09,1.00000,,,,0.16954,0.08090,0.25817,104,"Brent spot, same sample"
1279,MARKET,2016-12-16,1.00000,,,,0.17682,0.09173,0.26192,104,"Brent spot, same sample"
1280,MARKET,2016-12-23,1.00000,,,,0.17676,0.09172,0.26179,104,"Brent spot, same sample"
1281,MARKET,2016-12-30,1.00000,,,,0.17756,0.09175,0.26338,104,"Brent spot, same sample"
1282,MARKET,2017-01-06,1.00000,,,,0.19134,0.10470,0.27797,104,"Brent spot, same sample"
1283,MARKET,2017-01-13,1.00000,,,,0.19068,0.10415,0.27721,104,"Brent spot, same sample"
1284,MARKET,2017-01-20,1.00000,,,,0.19300,0.10735,0.27866,104,"Brent spot, same sample"
1285,MARKET,2017-01-27,1.00000,,,,0.19368,0.10785,0.27951,104,"Brent spot, same sample"
1286,MARKET,2017-02-03,1.00000,,,,0.19302,0.09995,0.28608,104,"Brent spot, same sample"
1287,MARKET,2017-02-10,1.00000,,,,0.19735,0.10339,0.29131,104,"Brent spot, same sample"
1288,MARKET,2017-02-17,1.00000,,,,0.19816,0.10439,0.29193,104,"Brent spot, same sample"
1289,MARKET,2017-02-24,1.00000,,,,0.19820,0.10441,0.29200,104,"Brent spot, same sample"
1290,MARKET,2017-03-03,1.00000,,,,0.19987,0.10584,0.29389,104,"Brent spot, same sample"
1291,MARKET,2017-03-10,1.00000,,,,0.19547,0.09993,0.29102,104,"Brent spot, same sample"
1292,MARKET,2017-03-17,1.00000,,,,0.19670,0.10149,0.29190,104,"Brent spot, same sample"
1293,MARKET,2017-03-24,1.00000,,,,0.20094,0.10589,0.29599,104,"Brent spot, same sample"
1294,MARKET,2017-03-31,1.00000,,,,0.19842,0.10368,0.29316,104,"Brent spot, same sample"
1295,MARKET,2017-04-07,1.00000,,,,0.19466,0.09987,0.28945,104,"Brent spot, same sample"
1296,MARKET,2017-04-14,1.00000,,,,0.20144,0.10627,0.29662,104,"Brent spot, same sample"
1297,MARKET,2017-04-21,1.00000,,,,0.20283,0.11055,0.29511,104,"Brent spot, same sample"
1298,MARKET,2017-04-28,1.00000,,,,0.20367,0.11094,0.29640,104,"Brent spot, same sample"
1299,MARKET,2017-05-05,1.00000,,,,0.20026,0.10756,0.29297,104,"Brent spot, same sample"
1300,MARKET,2017-05-12,1.00000,,,,0.20104,0.10872,0.29335,104,"Brent spot, same sample"
1301,MARKET,2017-05-19,1.00000,,,,0.19742,0.10617,0.28868,104,"Brent spot, same sample"
1302,MARKET,2017-05-26,1.00000,,,,0.19682,0.10560,0.28804,104,"Brent spot, same sample"
1303,MARKET,2017-06-02,1.00000,,,,0.19918,0.10889,0.28947,104,"Brent spot, same sample"
1304,MARKET,2017-06-09,1.00000,,,,0.20470,0.11490,0.29449,104,"Brent spot, same sample"
1305,MARKET,2017-06-16,1.00000,,,,0.20609,0.11542,0.29677,104,"Brent spot, same sample"
1306,MARKET,2017-06-23,1.00000,,,,0.20574,0.11558,0.29590,104,"Brent spot, same sample"
1307,MARKET,2017-06-30,1.00000,,,,0.20295,0.11354,0.29235,104,"Brent spot, same sample"
1308,MARKET,2017-07-07,1.00000,,,,0.20405,0.11491,0.29319,104,"Brent spot, same sample"
1309,MARKET,2017-07-14,1.00000,,,,0.20899,0.12033,0.29765,104,"Brent spot, same sample"
1310,MARKET,2017-07-21,1.00000,,,,0.20831,0.11901,0.29762,104,"Brent spot, same sample"
1311,MARKET,2017-07-28,1.00000,,,,0.20661,0.11950,0.29373,104,"Brent spot, same sample"
1312,MARKET,2017-08-04,1.00000,,,,0.21399,0.12320,0.30477,104,"Brent spot, same sample"
1313,MARKET,2017-08-11,1.00000,,,,0.21542,0.12441,0.30643,104,"Brent spot, same sample"
1314,MARKET,2017-08-18,1.00000,,,,0.20652,0.11269,0.30034,104,"Brent spot, same sample"
1315,MARKET,2017-08-25,1.00000,,,,0.20893,0.11286,0.30500,104,"Brent spot, same sample"
1316,MARKET,2017-09-01,1.00000,,,,0.21138,0.11498,0.30778,104,"Brent spot, same sample"
1317,MARKET,2017-09-08,1.00000,,,,0.21042,0.11371,0.30713,104,"Brent spot, same sample"
1318,MARKET,2017-09-15,1.00000,,,,0.21128,0.11477,0.30778,104,"Brent spot, same sample"
1319,MARKET,2017-09-22,1.00000,,,,0.21233,0.11588,0.30878,104,"Brent spot, same sample"
1320,MARKET,2017-09-29,1.00000,,,,0.21139,0.11476,0.30802,104,"Brent spot, same sample"
1321,MARKET,2017-10-06,1.00000,,,,0.19515,0.09537,0.29493,104,"Brent spot, same sample"
1322,MARKET,2017-10-13,1.00000,,,,0.19593,0.09468,0.29718,104,"Brent spot, same sample"
1323,MARKET,2017-10-20,1.00000,,,,0.20146,0.10087,0.30206,104,"Brent spot, same sample"
1324,MARKET,2017-10-27,1.00000,,,,0.20439,0.10393,0.30484,104,"Brent spot, same sample"
1325,MARKET,2017-11-03,1.00000,,,,0.20956,0.10847,0.31064,104,"Brent spot, same sample"
1326,MARKET,2017-11-10,1.00000,,,,0.20118,0.09665,0.30572,104,"Brent spot, same sample"
1327,MARKET,2017-11-17,1.00000,,,,0.20191,0.09949,0.30433,104,"Brent spot, same sample"
1328,MARKET,2017-11-24,1.00000,,,,0.20163,0.09943,0.30384,104,"Brent spot, same sample"
1329,MARKET,2017-12-01,1.00000,,,,0.19933,0.09627,0.30239,104,"Brent spot, same sample"
1330,MARKET,2017-12-08,1.00000,,,,0.19424,0.08584,0.30264,104,"Brent spot, same sample"
1331,MARKET,2017-12-15,1.00000,,,,0.19372,0.08524,0.30221,104,"Brent spot, same sample"
1332,MARKET,2017-12-22,1.00000,,,,0.19826,0.08619,0.31032,104,"Brent spot, same sample"
1333,MARKET,2017-12-29,1.00000,,,,0.19875,0.08651,0.31100,104,"Brent spot, same sample"
1334,MARKET,2018-01-05,1.00000,,,,0.16597,0.09071,0.24122,104,"Brent spot, same sample"
1335,MARKET,2018-01-12,1.00000,,,,0.14684,0.08564,0.20804,104,"Brent spot, same sample"
1336,MARKET,2018-01-19,1.00000,,,,0.14279,0.08315,0.20243,104,"Brent spot, same sample"
1337,MARKET,2018-01-26,1.00000,,,,0.14122,0.08017,0.20227,104,"Brent spot, same sample"
1338,MARKET,2018-02-02,1.00000,,,,0.14439,0.08321,0.20557,104,"Brent spot, same sample"
1339,MARKET,2018-02-09,1.00000,,,,0.14365,0.08448,0.20282,104,"Brent spot, same sample"
1340,MARKET,2018-02-16,1.00000,,,,0.14783,0.08688,0.20878,104,"Brent spot, same sample"
1341,MARKET,2018-02-23,1.00000,,,,0.14411,0.08102,0.20720,104,"Brent spot, same sample"
1342,MARKET,2018-03-02,1.00000,,,,0.14549,0.07936,0.21162,104,"Brent spot, same sample"
1343,MARKET,2018-03-09,1.00000,,,,0.14993,0.08150,0.21836,104,"Brent spot, same sample"
1344,MARKET,2018-03-16,1.00000,,,,0.15129,0.08261,0.21997,104,"Brent spot, same sample"
1345,MARKET,2018-03-23,1.00000,,,,0.14442,0.07861,0.21022,104,"Brent spot, same sample"
1346,MARKET,2018-03-30,1.00000,,,,0.13580,0.06649,0.20511,104,"Brent spot, same sample"
1347,MARKET,2018-04-06,1.00000,,,,0.14841,0.07559,0.22123,104,"Brent spot, same sample"
1348,MARKET,2018-04-13,1.00000,,,,0.15357,0.08407,0.22306,104,"Brent spot, same sample"
1349,MARKET,2018-04-20,1.00000,,,,0.15207,0.08195,0.22219,104,"Brent spot, same sample"
1350,MARKET,2018-04-27,1.00000,,,,0.15065,0.08039,0.22091,104,"Brent spot, same sample"
1351,MARKET,2018-05-04,1.00000,,,,0.14805,0.07769,0.21841,104,"Brent spot, same sample"
1352,MARKET,2018-05-11,1.00000,,,,0.15170,0.07985,0.22355,104,"Brent spot, same sample"
1353,MARKET,2018-05-18,1.00000,,,,0.15138,0.07932,0.22343,104,"Brent spot, same sample"
1354,MARKET,2018-05-25,1.00000,,,,0.15541,0.08299,0.22784,104,"Brent spot, same sample"
1355,MARKET,2018-06-01,1.00000,,,,0.15035,0.07924,0.22145,104,"Brent spot, same sample"
1356,MARKET,2018-06-08,1.00000,,,,0.15216,0.07983,0.22449,104,"Brent spot, same sample"
1357,MARKET,2018-06-15,1.00000,,,,0.14440,0.07325,0.21555,104,"Brent spot, same sample"
1358,MARKET,2018-06-22,1.00000,,,,0.14211,0.07137,0.21285,104,"Brent spot, same sample"
1359,MARKET,2018-06-29,1.00000,,,,0.13648,0.06692,0.20603,104,"Brent spot, same sample"
1360,MARKET,2018-07-06,1.00000,,,,0.13838,0.06700,0.20977,104,"Brent spot, same sample"
1361,MARKET,2018-07-13,1.00000,,,,0.13661,0.06567,0.20755,104,"Brent spot, same sample"
1362,MARKET,2018-07-20,1.00000,,,,0.13809,0.06643,0.20976,104,"Brent spot, same sample"
1363,MARKET,2018-07-27,1.00000,,,,0.13394,0.05837,0.20951,104,"Brent spot, same sample"
1364,MARKET,2018-08-03,1.00000,,,,0.13561,0.06082,0.21041,104,"Brent spot, same sample"
1365,MARKET,2018-08-10,1.00000,,,,0.13365,0.05718,0.21012,104,"Brent spot, same sample"
1366,MARKET,2018-08-17,1.00000,,,,0.15088,0.08048,0.22129,104,"Brent spot, same sample"
1367,MARKET,2018-08-24,1.00000,,,,0.15342,0.08373,0.22311,104,"Brent spot, same sample"
1368,MARKET,2018-08-31,1.00000,,,,0.16049,0.08812,0.23286,104,"Brent spot, same sample"
1369,MARKET,2018-09-07,1.00000,,,,0.16787,0.09176,0.24398,104,"Brent spot, same sample"
1370,MARKET,2018-09-14,1.00000,,,,0.15871,0.08472,0.23270,104,"Brent spot, same sample"
1371,MARKET,2018-09-21,1.00000,,,,0.15603,0.08207,0.23000,104,"Brent spot, same sample"
1372,MARKET,2018-09-28,1.00000,,,,0.15747,0.08357,0.23136,104,"Brent spot, same sample"
1373,MARKET,2018-10-05,1.00000,,,,0.15425,0.08059,0.22790,104,"Brent spot, same sample"
1374,MARKET,2018-10-12,1.00000,,,,0.17030,0.09345,0.24716,104,"Brent spot, same sample"
1375,MARKET,2018-10-19,1.00000,,,,0.17011,0.09320,0.24702,104,"Brent spot, same sample"
1376,MARKET,2018-10-26,1.00000,,,,0.18402,0.09907,0.26898,104,"Brent spot, same sample"
1377,MARKET,2018-11-02,1.00000,,,,0.15039,0.06465,0.23614,104,"Brent spot, same sample"
1378,MARKET,2018-11-09,1.00000,,,,0.15752,0.07462,0.24042,104,"Brent spot, same sample"
1379,MARKET,2018-11-16,1.00000,,,,0.16186,0.08077,0.24295,104,"Brent spot, same sample"
1380,MARKET,2018-11-23,1.00000,,,,0.17890,0.09946,0.25834,104,"Brent spot, same sample"
1381,MARKET,2018-11-30,1.00000,,,,0.20012,0.12814,0.27211,104,"Brent spot, same sample"
1382,MARKET,2018-12-07,1.00000,,,,0.18552,0.11841,0.25263,104,"Brent spot, same sample"
1383,MARKET,2018-12-14,1.00000,,,,0.19139,0.12584,0.25694,104,"Brent spot, same sample"
1384,MARKET,2018-12-21,1.00000,,,,0.19981,0.13979,0.25984,104,"Brent spot, same sample"
1385,MARKET,2018-12-28,1.00000,,,,0.20006,0.14014,0.25998,104,"Brent spot, same sample"
1386,MARKET,2019-01-04,1.00000,,,,0.20805,0.14706,0.26904,104,"Brent spot, same sample"
1387,MARKET,2019-01-11,1.00000,,,,0.20884,0.14902,0.26866,104,"Brent spot, same sample"
1388,MARKET,2019-01-18,1.00000,,,,0.20955,0.14998,0.26912,104,"Brent spot, same sample"
1389,MARKET,2019-01-25,1.00000,,,,0.21095,0.15082,0.27108,104,"Brent spot, same sample"
1390,MARKET,2019-02-01,1.00000,,,,0.21242,0.15238,0.27246,104,"Brent spot, same sample"
1391,MARKET,2019-02-08,1.00000,,,,0.21223,0.15207,0.27238,104,"Brent spot, same sample"
1392,MARKET,2019-02-15,1.00000,,,,0.22023,0.15857,0.28189,104,"Brent spot, same sample"
1393,MARKET,2019-02-22,1.00000,,,,0.22040,0.15882,0.28198,104,"Brent spot, same sample"
1394,MARKET,2019-03-01,1.00000,,,,0.22014,0.15986,0.28043,104,"Brent spot, same sample"
1395,MARKET,2019-03-08,1.00000,,,,0.22695,0.16837,0.28554,104,"Brent spot, same sample"
1396,MARKET,2019-03-15,1.00000,,,,0.22746,0.16900,0.28591,104,"Brent spot, same sample"
1397,MARKET,2019-03-22,1.00000,,,,0.22634,0.16760,0.28508,104,"Brent spot, same sample"
1398,MARKET,2019-03-29,1.00000,,,,0.22851,0.16999,0.28703,104,"Brent spot, same sample"
1399,MARKET,2019-04-05,1.00000,,,,0.23172,0.17348,0.28996,104,"Brent spot, same sample"
1400,MARKET,2019-04-12,1.00000,,,,0.23087,0.17263,0.28912,104,"Brent spot, same sample"
1401,MARKET,2019-04-19,1.00000,,,,0.23029,0.16877,0.29181,104,"Brent spot, same sample"
1402,MARKET,2019-04-26,1.00000,,,,0.23221,0.17112,0.29329,104,"Brent spot, same sample"
1403,MARKET,2019-05-03,1.00000,,,,0.23863,0.17922,0.29804,104,"Brent spot, same sample"
1404,MARKET,2019-05-10,1.00000,,,,0.23792,0.17753,0.29831,104,"Brent spot, same sample"
1405,MARKET,2019-05-17,1.00000,,,,0.24525,0.18547,0.30503,104,"Brent spot, same sample"
1406,MARKET,2019-05-24,1.00000,,,,0.23761,0.17916,0.29605,104,"Brent spot, same sample"
1407,MARKET,2019-05-31,1.00000,,,,0.24090,0.18206,0.29974,104,"Brent spot, same sample"
1408,MARKET,2019-06-07,1.00000,,,,0.23369,0.17291,0.29447,104,"Brent spot, same sample"
1409,MARKET,2019-06-14,1.00000,,,,0.23341,0.17286,0.29395,104,"Brent spot, same sample"
1410,MARKET,2019-06-21,1.00000,,,,0.23319,0.17273,0.29365,104,"Brent spot, same sample"
1411,MARKET,2019-06-28,1.00000,,,,0.23468,0.17256,0.29680,104,"Brent spot, same sample"
1412,MARKET,2019-07-05,1.00000,,,,0.22372,0.15796,0.28947,104,"Brent spot, same sample"
1413,MARKET,2019-07-12,1.00000,,,,0.21666,0.14867,0.28466,104,"Brent spot, same sample"
1414,MARKET,2019-07-19,1.00000,,,,0.21864,0.15462,0.28266,104,"Brent spot, same sample"
1415,MARKET,2019-07-26,1.00000,,,,0.22150,0.15483,0.28818,104,"Brent spot, same sample"
1416,MARKET,2019-08-02,1.00000,,,,0.22312,0.15658,0.28967,104,"Brent spot, same sample"
1417,MARKET,2019-08-09,1.00000,,,,0.22392,0.15873,0.28912,104,"Brent spot, same sample"
1418,MARKET,2019-08-16,1.00000,,,,0.22078,0.15575,0.28581,104,"Brent spot, same sample"
1419,MARKET,2019-08-23,1.00000,,,,0.22004,0.15517,0.28492,104,"Brent spot, same sample"
1420,MARKET,2019-08-30,1.00000,,,,0.22115,0.15671,0.28560,104,"Brent spot, same sample"
1421,MARKET,2019-09-06,1.00000,,,,0.22257,0.15807,0.28707,104,"Brent spot, same sample"
1422,MARKET,2019-09-13,1.00000,,,,0.22074,0.15624,0.28524,104,"Brent spot, same sample"
1423,MARKET,2019-09-20,1.00000,,,,0.22004,0.15616,0.28392,104,"Brent spot, same sample"
1424,MARKET,2019-09-27,1.00000,,,,0.22554,0.16115,0.28993,104,"Brent spot, same sample"
1425,MARKET,2019-10-04,1.00000,,,,0.22846,0.16419,0.29273,104,"Brent spot, same sample"
1426,MARKET,2019-10-11,1.00000,,,,0.22972,0.16507,0.29437,104,"Brent spot, same sample"
1427,MARKET,2019-10-18,1.00000,,,,0.22935,0.16497,0.29373,104,"Brent spot, same sample"
1428,MARKET,2019-10-25,1.00000,,,,0.22996,0.16552,0.29440,104,"Brent spot, same sample"
1429,MARKET,2019-11-01,1.00000,,,,0.22735,0.16280,0.29190,104,"Brent spot, same sample"
1430,MARKET,2019-11-08,1.00000,,,,0.23384,0.16995,0.29772,104,"Brent spot, same sample"
1431,MARKET,2019-11-15,1.00000,,,,0.23012,0.16521,0.29503,104,"Brent spot, same sample"
1432,MARKET,2019-11-22,1.00000,,,,0.23100,0.16590,0.29610,104,"Brent spot, same sample"
1433,MARKET,2019-11-29,1.00000,,,,0.23186,0.16664,0.29708,104,"Brent spot, same sample"
1434,MARKET,2019-12-06,1.00000,,,,0.23034,0.16564,0.29505,104,"Brent spot, same sample"
1435,MARKET,2019-12-13,1.00000,,,,0.23044,0.16575,0.29514,104,"Brent spot, same sample"
1436,MARKET,2019-12-20,1.00000,,,,0.23065,0.16604,0.29525,104,"Brent spot, same sample"
1437,MARKET,2019-12-27,1.00000,,,,0.23055,0.16566,0.29545,104,"Brent spot, same sample"
1438,MARKET,2020-01-03,1.00000,,,,0.22889,0.16381,0.29397,104,"Brent spot, same sample"
1439,MARKET,2020-01-10,1.00000,,,,0.22804,0.16324,0.29283,104,"Brent spot, same sample"
1440,MARKET,2020-01-17,1.00000,,,,0.22412,0.15974,0.28849,104,"Brent spot, same sample"
1441,MARKET,2020-01-24,1.00000,,,,0.22325,0.15936,0.28714,104,"Brent spot, same sample"
1442,MARKET,2020-01-31,1.00000,,,,0.22468,0.16198,0.28739,104,"Brent spot, same sample"
1443,MARKET,2020-02-07,1.00000,,,,0.21356,0.15248,0.27463,104,"Brent spot, same sample"
1444,MARKET,2020-02-14,1.00000,,,,0.21006,0.15002,0.27010,104,"Brent spot, same sample"
1445,MARKET,2020-02-21,1.00000,,,,0.20910,0.14904,0.26916,104,"Brent spot, same sample"
1446,MARKET,2020-02-28,1.00000,,,,0.26571,0.14038,0.39105,104,"Brent spot, same sample"
1447,MARKET,2020-03-06,1.00000,,,,0.26635,0.14569,0.38701,104,"Brent spot, same sample"
1448,MARKET,2020-03-13,1.00000,,,,0.34919,0.19620,0.50218,104,"Brent spot, same sample"
1449,MARKET,2020-03-20,1.00000,,,,0.31274,0.19754,0.42794,104,"Brent spot, same sample"
1450,MARKET,2020-03-27,1.00000,,,,0.30116,0.18614,0.41618,104,"Brent spot, same sample"
1451,MARKET,2020-04-03,1.00000,,,,0.31096,0.20362,0.41829,104,"Brent spot, same sample"
1452,MARKET,2020-04-10,1.00000,,,,0.31336,0.20492,0.42181,104,"Brent spot, same sample"
1453,MARKET,2020-04-17,1.00000,,,,0.26400,0.10950,0.41851,104,"Brent spot, same sample"
1454,MARKET,2020-04-24,1.00000,,,,0.24564,0.08443,0.40684,104,"Brent spot, same sample"
1455,MARKET,2020-05-01,1.00000,,,,0.24974,0.09831,0.40118,104,"Brent spot, same sample"
1456,MARKET,2020-05-08,1.00000,,,,0.19876,0.02079,0.37673,104,"Brent spot, same sample"
1457,MARKET,2020-05-15,1.00000,,,,0.17778,-0.00155,0.35712,104,"Brent spot, same sample"
1458,MARKET,2020-05-22,1.00000,,,,0.17925,0.00265,0.35584,104,"Brent spot, same sample"
1459,MARKET,2020-05-29,1.00000,,,,0.18057,0.00405,0.35709,104,"Brent spot, same sample"
1460,MARKET,2020-06-05,1.00000,,,,0.18861,0.02098,0.35623,104,"Brent spot, same sample"
1461,MARKET,2020-06-12,1.00000,,,,0.19098,0.02397,0.35799,104,"Brent spot, same sample"
1462,MARKET,2020-06-19,1.00000,,,,0.18835,0.02410,0.35260,104,"Brent spot, same sample"
1463,MARKET,2020-06-26,1.00000,,,,0.19007,0.02541,0.35473,104,"Brent spot, same sample"
1464,MARKET,2020-07-03,1.00000,,,,0.19019,0.02584,0.35455,104,"Brent spot, same sample"
1465,MARKET,2020-07-10,1.00000,,,,0.19015,0.02578,0.35452,104,"Brent spot, same sample"
1466,MARKET,2020-07-17,1.00000,,,,0.19118,0.02574,0.35663,104,"Brent spot, same sample"
1467,MARKET,2020-07-24,1.00000,,,,0.19056,0.02512,0.35599,104,"Brent spot, same sample"
1468,MARKET,2020-07-31,1.00000,,,,0.19070,0.02537,0.35603,104,"Brent spot, same sample"
1469,MARKET,2020-08-07,1.00000,,,,0.19203,0.02617,0.35790,104,"Brent spot, same sample"
1470,MARKET,2020-08-14,1.00000,,,,0.19245,0.02612,0.35879,104,"Brent spot, same sample"
1471,MARKET,2020-08-21,1.00000,,,,0.19199,0.02535,0.35863,104,"Brent spot, same sample"
1472,MARKET,2020-08-28,1.00000,,,,0.19224,0.02542,0.35906,104,"Brent spot, same sample"
1473,MARKET,2020-09-04,1.00000,,,,0.19232,0.02739,0.35726,104,"Brent spot, same sample"
1474,MARKET,2020-09-11,1.00000,,,,0.19013,0.02572,0.35453,104,"Brent spot, same sample"
1475,MARKET,2020-09-18,1.00000,,,,0.18893,0.02657,0.35129,104,"Brent spot, same sample"
1476,MARKET,2020-09-25,1.00000,,,,0.18938,0.02730,0.35147,104,"Brent spot, same sample"
1477,MARKET,2020-10-02,1.00000,,,,0.18740,0.02553,0.34927,104,"Brent spot, same sample"
1478,MARKET,2020-10-09,1.00000,,,,0.18686,0.02570,0.34802,104,"Brent spot, same sample"
1479,MARKET,2020-10-16,1.00000,,,,0.18684,0.02590,0.34778,104,"Brent spot, same sample"
1480,MARKET,2020-10-23,1.00000,,,,0.18543,0.02386,0.34699,104,"Brent spot, same sample"
1481,MARKET,2020-10-30,1.00000,,,,0.19547,0.03518,0.35575,104,"Brent spot, same sample"
1482,MARKET,2020-11-06,1.00000,,,,0.19778,0.03665,0.35892,104,"Brent spot, same sample"
1483,MARKET,2020-11-13,1.00000,,,,0.20174,0.03950,0.36398,104,"Brent spot, same sample"
1484,MARKET,2020-11-20,1.00000,,,,0.19932,0.03403,0.36460,104,"Brent spot, same sample"
1485,MARKET,2020-11-27,1.00000,,,,0.20170,0.03669,0.36670,104,"Brent spot, same sample"
1486,MARKET,2020-12-04,1.00000,,,,0.20349,0.03764,0.36934,104,"Brent spot, same sample"
1487,MARKET,2020-12-11,1.00000,,,,0.20294,0.03648,0.36940,104,"Brent spot, same sample"
1488,MARKET,2020-12-18,1.00000,,,,0.20151,0.03185,0.37116,104,"Brent spot, same sample"
1489,MARKET,2020-12-25,1.00000,,,,0.20125,0.03143,0.37108,104,"Brent spot, same sample"
1490,MARKET,2021-01-01,1.00000,,,,0.19891,0.02744,0.37038,104,"Brent spot, same sample"
1491,MARKET,2021-01-08,1.00000,,,,0.19929,0.02753,0.37105,104,"Brent spot, same sample"
1492,MARKET,2021-01-15,1.00000,,,,0.19877,0.02694,0.37059,104,"Brent spot, same sample"
1493,MARKET,2021-01-22,1.00000,,,,0.19876,0.02642,0.37109,104,"Brent spot, same sample"
1494,MARKET,2021-01-29,1.00000,,,,0.19912,0.02735,0.37089,104,"Brent spot, same sample"
1495,MARKET,2021-02-05,1.00000,,,,0.20048,0.02925,0.37171,104,"Brent spot, same sample"
1496,MARKET,2021-02-12,1.00000,,,,0.19694,0.02648,0.36740,104,"Brent spot, same sample"
1497,MARKET,2021-02-19,1.00000,,,,0.19687,0.02642,0.36732,104,"Brent spot, same sample"
1498,MARKET,2021-02-26,1.00000,,,,0.19720,0.02641,0.36798,104,"Brent spot, same sample"
1499,MARKET,2021-03-05,1.00000,,,,0.19938,0.02832,0.37044,104,"Brent spot, same sample"
1500,MARKET,2021-03-12,1.00000,,,,0.19877,0.02783,0.36972,104,"Brent spot, same sample"
1501,MARKET,2021-03-19,1.00000,,,,0.19865,0.02899,0.36830,104,"Brent spot, same sample"
1502,MARKET,2021-03-26,1.00000,,,,0.19931,0.02919,0.36944,104,"Brent spot, same sample"
1503,MARKET,2021-04-02,1.00000,,,,0.19858,0.02860,0.36855,104,"Brent spot, same sample"
1504,MARKET,2021-04-09,1.00000,,,,0.19854,0.02847,0.36861,104,"Brent spot, same sample"
1505,MARKET,2021-04-16,1.00000,,,,0.19913,0.02978,0.36848,104,"Brent spot, same sample"
1506,MARKET,2021-04-23,1.00000,,,,0.19917,0.02987,0.36846,104,"Brent spot, same sample"
1507,MARKET,2021-04-30,1.00000,,,,0.19910,0.02990,0.36830,104,"Brent spot, same sample"
1508,MARKET,2021-05-07,1.00000,,,,0.19924,0.02964,0.36883,104,"Brent spot, same sample"
1509,MARKET,2021-05-14,1.00000,,,,0.19881,0.02941,0.36821,104,"Brent spot, same sample"
1510,MARKET,2021-05-21,1.00000,,,,0.19847,0.02681,0.37012,104,"Brent spot, same sample"
1511,MARKET,2021-05-28,1.00000,,,,0.19804,0.02602,0.37005,104,"Brent spot, same sample"
1512,MARKET,2021-06-04,1.00000,,,,0.19990,0.02756,0.37224,104,"Brent spot, same sample"
1513,MARKET,2021-06-11,1.00000,,,,0.19960,0.02719,0.37201,104,"Brent spot, same sample"
1514,MARKET,2021-06-18,1.00000,,,,0.19907,0.02684,0.37130,104,"Brent spot, same sample"
1515,MARKET,2021-06-25,1.00000,,,,0.20065,0.02796,0.37335,104,"Brent spot, same sample"
1516,MARKET,2021-07-02,1.00000,,,,0.20283,0.02985,0.37580,104,"Brent spot, same sample"
1517,MARKET,2021-07-09,1.00000,,,,0.20356,0.03011,0.37701,104,"Brent spot, same sample"
1518,MARKET,2021-07-16,1.00000,,,,0.20273,0.02749,0.37796,104,"Brent spot, same sample"
1519,MARKET,2021-07-23,1.00000,,,,0.20277,0.02748,0.37807,104,"Brent spot, same sample"
1520,MARKET,2021-07-30,1.00000,,,,0.20192,0.02665,0.37719,104,"Brent spot, same sample"
1521,MARKET,2021-08-06,1.00000,,,,0.19781,0.02336,0.37226,104,"Brent spot, same sample"
1522,MARKET,2021-08-13,1.00000,,,,0.19854,0.02339,0.37370,104,"Brent spot, same sample"
1523,MARKET,2021-08-20,1.00000,,,,0.19978,0.02670,0.37285,104,"Brent spot, same sample"
1524,MARKET,2021-08-27,1.00000,,,,0.19971,0.02855,0.37087,104,"Brent spot, same sample"
1525,MARKET,2021-09-03,1.00000,,,,0.19960,0.02866,0.37055,104,"Brent spot, same sample"
1526,MARKET,2021-09-10,1.00000,,,,0.19980,0.02939,0.37020,104,"Brent spot, same sample"
1527,MARKET,2021-09-17,1.00000,,,,0.19877,0.02825,0.36930,104,"Brent spot, same sample"
1528,MARKET,2021-09-24,1.00000,,,,0.19787,0.02675,0.36900,104,"Brent spot, same sample"
1529,MARKET,2021-10-01,1.00000,,,,0.19721,0.02512,0.36931,104,"Brent spot, same sample"
1530,MARKET,2021-10-08,1.00000,,,,0.19656,0.02495,0.36817,104,"Brent spot, same sample"
1531,MARKET,2021-10-15,1.00000,,,,0.19737,0.02553,0.36920,104,"Brent spot, same sample"
1532,MARKET,2021-10-22,1.00000,,,,0.19740,0.02521,0.36959,104,"Brent spot, same sample"
1533,MARKET,2021-10-29,1.00000,,,,0.19839,0.02642,0.37036,104,"Brent spot, same sample"
1534,MARKET,2021-11-05,1.00000,,,,0.19769,0.02529,0.37009,104,"Brent spot, same sample"
1535,MARKET,2021-11-12,1.00000,,,,0.19820,0.02540,0.37100,104,"Brent spot, same sample"
1536,MARKET,2021-11-19,1.00000,,,,0.19843,0.02602,0.37085,104,"Brent spot, same sample"
1537,MARKET,2021-11-26,1.00000,,,,0.20150,0.03166,0.37133,104,"Brent spot, same sample"
1538,MARKET,2021-12-03,1.00000,,,,0.20159,0.03170,0.37148,104,"Brent spot, same sample"
1539,MARKET,2021-12-10,1.00000,,,,0.20114,0.03206,0.37023,104,"Brent spot, same sample"
1540,MARKET,2021-12-17,1.00000,,,,0.20126,0.03277,0.36975,104,"Brent spot, same sample"
1541,MARKET,2021-12-24,1.00000,,,,0.20195,0.03354,0.37035,104,"Brent spot, same sample"
1542,MARKET,2021-12-31,1.00000,,,,0.20181,0.03371,0.36990,104,"Brent spot, same sample"
1543,MARKET,2022-01-07,1.00000,,,,0.20152,0.03354,0.36949,104,"Brent spot, same sample"
1544,MARKET,2022-01-14,1.00000,,,,0.20203,0.03434,0.36972,104,"Brent spot, same sample"
1545,MARKET,2022-01-21,1.00000,,,,0.20144,0.03297,0.36992,104,"Brent spot, same sample"
1546,MARKET,2022-01-28,1.00000,,,,0.20008,0.03138,0.36878,104,"Brent spot, same sample"
1547,MARKET,2022-02-04,1.00000,,,,0.20205,0.03253,0.37157,104,"Brent spot, same sample"
1548,MARKET,2022-02-11,1.00000,,,,0.20224,0.03195,0.37253,104,"Brent spot, same sample"
1549,MARKET,2022-02-18,1.00000,,,,0.20268,0.03286,0.37251,104,"Brent spot, same sample"
1550,MARKET,2022-02-25,1.00000,,,,0.18373,0.02745,0.34002,104,"Brent spot, same sample"
1551,MARKET,2022-03-04,1.00000,,,,0.16897,0.02253,0.31541,104,"Brent spot, same sample"
1552,MARKET,2022-03-11,1.00000,,,,0.10087,0.01141,0.19032,104,"Brent spot, same sample"
1553,MARKET,2022-03-18,1.00000,,,,0.10295,0.00253,0.20336,104,"Brent spot, same sample"
1554,MARKET,2022-03-25,1.00000,,,,0.10620,0.00070,0.21170,104,"Brent spot, same sample"
1555,MARKET,2022-04-01,1.00000,,,,0.09471,-0.00231,0.19174,104,"Brent spot, same sample"
1556,MARKET,2022-04-08,1.00000,,,,0.09319,-0.00301,0.18940,104,"Brent spot, same sample"
1557,MARKET,2022-04-15,1.00000,,,,0.11239,0.01218,0.21260,104,"Brent spot, same sample"
1558,MARKET,2022-04-22,1.00000,,,,0.11799,0.00758,0.22839,104,"Brent spot, same sample"
1559,MARKET,2022-04-29,1.00000,,,,0.10915,-0.01010,0.22839,104,"Brent spot, same sample"
1560,MARKET,2022-05-06,1.00000,,,,0.15173,0.05454,0.24892,104,"Brent spot, same sample"
1561,MARKET,2022-05-13,1.00000,,,,0.18484,0.07374,0.29593,104,"Brent spot, same sample"
1562,MARKET,2022-05-20,1.00000,,,,0.18196,0.07045,0.29347,104,"Brent spot, same sample"
1563,MARKET,2022-05-27,1.00000,,,,0.18496,0.07397,0.29594,104,"Brent spot, same sample"
1564,MARKET,2022-06-03,1.00000,,,,0.16555,0.05459,0.27651,104,"Brent spot, same sample"
1565,MARKET,2022-06-10,1.00000,,,,0.15785,0.04646,0.26925,104,"Brent spot, same sample"
1566,MARKET,2022-06-17,1.00000,,,,0.17148,0.05602,0.28693,104,"Brent spot, same sample"
1567,MARKET,2022-06-24,1.00000,,,,0.17077,0.05457,0.28696,104,"Brent spot, same sample"
1568,MARKET,2022-07-01,1.00000,,,,0.17087,0.05410,0.28764,104,"Brent spot, same sample"
1569,MARKET,2022-07-08,1.00000,,,,0.16569,0.05169,0.27968,104,"Brent spot, same sample"
1570,MARKET,2022-07-15,1.00000,,,,0.16826,0.05400,0.28252,104,"Brent spot, same sample"
1571,MARKET,2022-07-22,1.00000,,,,0.15838,0.04579,0.27097,104,"Brent spot, same sample"
1572,MARKET,2022-07-29,1.00000,,,,0.16146,0.04957,0.27336,104,"Brent spot, same sample"
1573,MARKET,2022-08-05,1.00000,,,,0.15686,0.05070,0.26303,104,"Brent spot, same sample"
1574,MARKET,2022-08-12,1.00000,,,,0.15685,0.05096,0.26275,104,"Brent spot, same sample"
1575,MARKET,2022-08-19,1.00000,,,,0.15159,0.04829,0.25490,104,"Brent spot, same sample"
1576,MARKET,2022-08-26,1.00000,,,,0.15133,0.04839,0.25428,104,"Brent spot, same sample"
1577,MARKET,2022-09-02,1.00000,,,,0.15483,0.05000,0.25966,104,"Brent spot, same sample"
1578,MARKET,2022-09-09,1.00000,,,,0.16155,0.05424,0.26886,104,"Brent spot, same sample"
1579,MARKET,2022-09-16,1.00000,,,,0.16585,0.05548,0.27623,104,"Brent spot, same sample"
1580,MARKET,2022-09-23,1.00000,,,,0.17294,0.05767,0.28820,104,"Brent spot, same sample"
1581,MARKET,2022-09-30,1.00000,,,,0.17828,0.06019,0.29638,104,"Brent spot, same sample"
1582,MARKET,2022-10-07,1.00000,,,,0.17894,0.06185,0.29603,104,"Brent spot, same sample"
1583,MARKET,2022-10-14,1.00000,,,,0.18120,0.06572,0.29669,104,"Brent spot, same sample"
1584,MARKET,2022-10-21,1.00000,,,,0.17940,0.06500,0.29380,104,"Brent spot, same sample"
1585,MARKET,2022-10-28,1.00000,,,,0.16433,0.05935,0.26932,104,"Brent spot, same sample"
1586,MARKET,2022-11-04,1.00000,,,,0.16291,0.06011,0.26571,104,"Brent spot, same sample"
1587,MARKET,2022-11-11,1.00000,,,,0.15191,0.05524,0.24857,104,"Brent spot, same sample"
1588,MARKET,2022-11-18,1.00000,,,,0.15236,0.05827,0.24644,104,"Brent spot, same sample"
1589,MARKET,2022-11-25,1.00000,,,,0.13539,0.04634,0.22445,104,"Brent spot, same sample"
1590,MARKET,2022-12-02,1.00000,,,,0.13701,0.04715,0.22686,104,"Brent spot, same sample"
1591,MARKET,2022-12-09,1.00000,,,,0.13526,0.05112,0.21939,104,"Brent spot, same sample"
1592,MARKET,2022-12-16,1.00000,,,,0.13113,0.04712,0.21513,104,"Brent spot, same sample"
1593,MARKET,2022-12-23,1.00000,,,,0.13239,0.04800,0.21678,104,"Brent spot, same sample"
1594,MARKET,2022-12-30,1.00000,,,,0.13315,0.04849,0.21781,104,"Brent spot, same sample"
1595,MARKET,2023-01-06,1.00000,,,,0.12966,0.04778,0.21155,104,"Brent spot, same sample"
1596,MARKET,2023-01-13,1.00000,,,,0.12810,0.04781,0.20839,104,"Brent spot, same sample"
1597,MARKET,2023-01-20,1.00000,,,,0.12657,0.04679,0.20635,104,"Brent spot, same sample"
1598,MARKET,2023-01-27,1.00000,,,,0.12448,0.04537,0.20359,104,"Brent spot, same sample"
1599,MARKET,2023-02-03,1.00000,,,,0.11502,0.03852,0.19153,104,"Brent spot, same sample"
1600,MARKET,2023-02-10,1.00000,,,,0.11959,0.04322,0.19595,104,"Brent spot, same sample"
1601,MARKET,2023-02-17,1.00000,,,,0.12014,0.04439,0.19590,104,"Brent spot, same sample"
1602,MARKET,2023-02-24,1.00000,,,,0.11924,0.04361,0.19486,104,"Brent spot, same sample"
1603,MARKET,2023-03-03,1.00000,,,,0.11660,0.04159,0.19161,104,"Brent spot, same sample"
1604,MARKET,2023-03-10,1.00000,,,,0.12117,0.04499,0.19736,104,"Brent spot, same sample"
1605,MARKET,2023-03-17,1.00000,,,,0.13867,0.05218,0.22516,104,"Brent spot, same sample"
1606,MARKET,2023-03-24,1.00000,,,,0.13705,0.05221,0.22188,104,"Brent spot, same sample"
1607,MARKET,2023-03-31,1.00000,,,,0.14433,0.05450,0.23416,104,"Brent spot, same sample"
1608,MARKET,2023-04-07,1.00000,,,,0.14233,0.05495,0.22970,104,"Brent spot, same sample"
1609,MARKET,2023-04-14,1.00000,,,,0.14115,0.05313,0.22917,104,"Brent spot, same sample"
1610,MARKET,2023-04-21,1.00000,,,,0.14182,0.05442,0.22923,104,"Brent spot, same sample"
1611,MARKET,2023-04-28,1.00000,,,,0.14074,0.05373,0.22774,104,"Brent spot, same sample"
1612,MARKET,2023-05-05,1.00000,,,,0.14218,0.05660,0.22775,104,"Brent spot, same sample"
1613,MARKET,2023-05-12,1.00000,,,,0.14216,0.05671,0.22760,104,"Brent spot, same sample"
1614,MARKET,2023-05-19,1.00000,,,,0.14567,0.05930,0.23203,104,"Brent spot, same sample"
1615,MARKET,2023-05-26,1.00000,,,,0.14444,0.05818,0.23070,104,"Brent spot, same sample"
1616,MARKET,2023-06-02,1.00000,,,,0.14323,0.05719,0.22926,104,"Brent spot, same sample"
1617,MARKET,2023-06-09,1.00000,,,,0.14311,0.05720,0.22903,104,"Brent spot, same sample"
1618,MARKET,2023-06-16,1.00000,,,,0.14459,0.05833,0.23084,104,"Brent spot, same sample"
1619,MARKET,2023-06-23,1.00000,,,,0.14632,0.05999,0.23265,104,"Brent spot, same sample"
1620,MARKET,2023-06-30,1.00000,,,,0.14709,0.06046,0.23373,104,"Brent spot, same sample"
1621,MARKET,2023-07-07,1.00000,,,,0.14358,0.05835,0.22882,104,"Brent spot, same sample"
1622,MARKET,2023-07-14,1.00000,,,,0.14376,0.05804,0.22948,104,"Brent spot, same sample"
1623,MARKET,2023-07-21,1.00000,,,,0.14464,0.05872,0.23056,104,"Brent spot, same sample"
1624,MARKET,2023-07-28,1.00000,,,,0.14464,0.05883,0.23046,104,"Brent spot, same sample"
1625,MARKET,2023-08-04,1.00000,,,,0.15087,0.06172,0.24001,104,"Brent spot, same sample"
1626,MARKET,2023-08-11,1.00000,,,,0.15116,0.06190,0.24042,104,"Brent spot, same sample"
1627,MARKET,2023-08-18,1.00000,,,,0.14964,0.05921,0.24007,104,"Brent spot, same sample"
1628,MARKET,2023-08-25,1.00000,,,,0.14605,0.05448,0.23762,104,"Brent spot, same sample"
1629,MARKET,2023-09-01,1.00000,,,,0.14916,0.05713,0.24118,104,"Brent spot, same sample"
1630,MARKET,2023-09-08,1.00000,,,,0.14871,0.05669,0.24074,104,"Brent spot, same sample"
1631,MARKET,2023-09-15,1.00000,,,,0.15232,0.05931,0.24533,104,"Brent spot, same sample"
1632,MARKET,2023-09-22,1.00000,,,,0.15168,0.05884,0.24452,104,"Brent spot, same sample"
1633,MARKET,2023-09-29,1.00000,,,,0.15084,0.05823,0.24346,104,"Brent spot, same sample"
1634,MARKET,2023-10-06,1.00000,,,,0.15623,0.06446,0.24800,104,"Brent spot, same sample"
1635,MARKET,2023-10-13,1.00000,,,,0.16181,0.06762,0.25600,104,"Brent spot, same sample"
1636,MARKET,2023-10-20,1.00000,,,,0.16211,0.06787,0.25635,104,"Brent spot, same sample"
1637,MARKET,2023-10-27,1.00000,,,,0.16086,0.06695,0.25477,104,"Brent spot, same sample"
1638,MARKET,2023-11-03,1.00000,,,,0.15936,0.06646,0.25226,104,"Brent spot, same sample"
1639,MARKET,2023-11-10,1.00000,,,,0.15862,0.06660,0.25064,104,"Brent spot, same sample"
1640,MARKET,2023-11-17,1.00000,,,,0.15695,0.06505,0.24885,104,"Brent spot, same sample"
1641,MARKET,2023-11-24,1.00000,,,,0.14823,0.05577,0.24068,104,"Brent spot, same sample"
1642,MARKET,2023-12-01,1.00000,,,,0.14873,0.05610,0.24137,104,"Brent spot, same sample"
1643,MARKET,2023-12-08,1.00000,,,,0.14927,0.05638,0.24216,104,"Brent spot, same sample"
1644,MARKET,2023-12-15,1.00000,,,,0.14831,0.05529,0.24134,104,"Brent spot, same sample"
1645,MARKET,2023-12-22,1.00000,,,,0.14516,0.05272,0.23760,104,"Brent spot, same sample"
1646,MARKET,2023-12-29,1.00000,,,,0.14392,0.05188,0.23596,104,"Brent spot, same sample"
1647,MARKET,2024-01-05,1.00000,,,,0.14438,0.05185,0.23691,104,"Brent spot, same sample"
1648,MARKET,2024-01-12,1.00000,,,,0.14320,0.05013,0.23627,104,"Brent spot, same sample"
1649,MARKET,2024-01-19,1.00000,,,,0.14590,0.05228,0.23952,104,"Brent spot, same sample"
1650,MARKET,2024-01-26,1.00000,,,,0.14748,0.05365,0.24130,104,"Brent spot, same sample"
1651,MARKET,2024-02-02,1.00000,,,,0.14731,0.05334,0.24127,104,"Brent spot, same sample"
1652,MARKET,2024-02-09,1.00000,,,,0.14161,0.04881,0.23441,104,"Brent spot, same sample"
1653,MARKET,2024-02-16,1.00000,,,,0.14171,0.04836,0.23506,104,"Brent spot, same sample"
1654,MARKET,2024-02-23,1.00000,,,,0.14231,0.04926,0.23536,104,"Brent spot, same sample"
1655,MARKET,2024-03-01,1.00000,,,,0.16865,0.07694,0.26036,104,"Brent spot, same sample"
1656,MARKET,2024-03-08,1.00000,,,,0.17030,0.07824,0.26237,104,"Brent spot, same sample"
1657,MARKET,2024-03-15,1.00000,,,,0.17446,0.08340,0.26552,104,"Brent spot, same sample"
1658,MARKET,2024-03-22,1.00000,,,,0.17044,0.07568,0.26520,104,"Brent spot, same sample"
1659,MARKET,2024-03-29,1.00000,,,,0.18877,0.09568,0.28185,104,"Brent spot, same sample"
1660,MARKET,2024-04-05,1.00000,,,,0.19126,0.10040,0.28212,104,"Brent spot, same sample"
1661,MARKET,2024-04-12,1.00000,,,,0.19421,0.10268,0.28574,104,"Brent spot, same sample"
1662,MARKET,2024-04-19,1.00000,,,,0.19658,0.10550,0.28767,104,"Brent spot, same sample"
1663,MARKET,2024-04-26,1.00000,,,,0.20136,0.11122,0.29150,104,"Brent spot, same sample"
1664,MARKET,2024-05-03,1.00000,,,,0.20336,0.11585,0.29087,104,"Brent spot, same sample"
1665,MARKET,2024-05-10,1.00000,,,,0.20351,0.11601,0.29101,104,"Brent spot, same sample"
1666,MARKET,2024-05-17,1.00000,,,,0.20249,0.11524,0.28974,104,"Brent spot, same sample"
1667,MARKET,2024-05-24,1.00000,,,,0.19675,0.10854,0.28496,104,"Brent spot, same sample"
1668,MARKET,2024-05-31,1.00000,,,,0.20006,0.11171,0.28840,104,"Brent spot, same sample"
1669,MARKET,2024-06-07,1.00000,,,,0.20313,0.11477,0.29148,104,"Brent spot, same sample"
1670,MARKET,2024-06-14,1.00000,,,,0.19144,0.10077,0.28210,104,"Brent spot, same sample"
1671,MARKET,2024-06-21,1.00000,,,,0.18928,0.09919,0.27938,104,"Brent spot, same sample"
1672,MARKET,2024-06-28,1.00000,,,,0.18990,0.09995,0.27985,104,"Brent spot, same sample"
1673,MARKET,2024-07-05,1.00000,,,,0.19390,0.10423,0.28356,104,"Brent spot, same sample"
1674,MARKET,2024-07-12,1.00000,,,,0.19212,0.10211,0.28214,104,"Brent spot, same sample"
1675,MARKET,2024-07-19,1.00000,,,,0.20040,0.11153,0.28927,104,"Brent spot, same sample"
1676,MARKET,2024-07-26,1.00000,,,,0.19445,0.10465,0.28425,104,"Brent spot, same sample"
1677,MARKET,2024-08-02,1.00000,,,,0.20204,0.10982,0.29426,104,"Brent spot, same sample"
1678,MARKET,2024-08-09,1.00000,,,,0.20035,0.10796,0.29274,104,"Brent spot, same sample"
1679,MARKET,2024-08-16,1.00000,,,,0.20701,0.11243,0.30160,104,"Brent spot, same sample"
1680,MARKET,2024-08-23,1.00000,,,,0.20859,0.11298,0.30420,104,"Brent spot, same sample"
1681,MARKET,2024-08-30,1.00000,,,,0.20285,0.10587,0.29983,104,"Brent spot, same sample"
1682,MARKET,2024-09-06,1.00000,,,,0.21006,0.11647,0.30366,104,"Brent spot, same sample"
1683,MARKET,2024-09-13,1.00000,,,,0.20826,0.11511,0.30141,104,"Brent spot, same sample"
1684,MARKET,2024-09-20,1.00000,,,,0.19502,0.10279,0.28725,104,"Brent spot, same sample"
1685,MARKET,2024-09-27,1.00000,,,,0.19820,0.10617,0.29024,104,"Brent spot, same sample"
1686,MARKET,2024-10-04,1.00000,,,,0.19836,0.10657,0.29016,104,"Brent spot, same sample"
1687,MARKET,2024-10-11,1.00000,,,,0.19495,0.10156,0.28834,104,"Brent spot, same sample"
1688,MARKET,2024-10-18,1.00000,,,,0.19271,0.10328,0.28214,104,"Brent spot, same sample"
1689,MARKET,2024-10-25,1.00000,,,,0.19141,0.10254,0.28028,104,"Brent spot, same sample"
1690,MARKET,2024-11-01,1.00000,,,,0.18906,0.09878,0.27935,104,"Brent spot, same sample"
1691,MARKET,2024-11-08,1.00000,,,,0.18868,0.09803,0.27933,104,"Brent spot, same sample"
1692,MARKET,2024-11-15,1.00000,,,,0.18681,0.09242,0.28121,104,"Brent spot, same sample"
1693,MARKET,2024-11-22,1.00000,,,,0.20080,0.11431,0.28729,104,"Brent spot, same sample"
1694,MARKET,2024-11-29,1.00000,,,,0.20413,0.11885,0.28942,104,"Brent spot, same sample"
1695,MARKET,2024-12-06,1.00000,,,,0.21208,0.12427,0.29989,104,"Brent spot, same sample"
1696,MARKET,2024-12-13,1.00000,,,,0.21806,0.13184,0.30428,104,"Brent spot, same sample"
1697,MARKET,2024-12-20,1.00000,,,,0.22019,0.13381,0.30656,104,"Brent spot, same sample"
1698,MARKET,2024-12-27,1.00000,,,,0.22118,0.13487,0.30749,104,"Brent spot, same sample"
1699,MARKET,2025-01-03,1.00000,,,,0.23005,0.14524,0.31485,104,"Brent spot, same sample"
1700,MARKET,2025-01-10,1.00000,,,,0.23835,0.15660,0.32010,104,"Brent spot, same sample"
1701,MARKET,2025-01-17,1.00000,,,,0.24122,0.16155,0.32089,104,"Brent spot, same sample"
1702,MARKET,2025-01-24,1.00000,,,,0.24007,0.16192,0.31823,104,"Brent spot, same sample"
1703,MARKET,2025-01-31,1.00000,,,,0.24977,0.17383,0.32571,104,"Brent spot, same sample"
1704,MARKET,2025-02-07,1.00000,,,,0.25252,0.17534,0.32971,104,"Brent spot, same sample"
1705,MARKET,2025-02-14,1.00000,,,,0.25277,0.17465,0.33089,104,"Brent spot, same sample"
1706,MARKET,2025-02-21,1.00000,,,,0.25280,0.17455,0.33105,104,"Brent spot, same sample"
1707,MARKET,2025-02-28,1.00000,,,,0.25003,0.17319,0.32688,104,"Brent spot, same sample"
1708,MARKET,2025-03-07,1.00000,,,,0.24406,0.17031,0.31781,104,"Brent spot, same sample"
1709,MARKET,2025-03-14,1.00000,,,,0.22013,0.14744,0.29282,104,"Brent spot, same sample"
1710,MARKET,2025-03-21,1.00000,,,,0.22615,0.15261,0.29969,104,"Brent spot, same sample"
1711,MARKET,2025-03-28,1.00000,,,,0.20857,0.13045,0.28669,104,"Brent spot, same sample"
1712,MARKET,2025-04-04,1.00000,,,,0.25899,0.15917,0.35881,104,"Brent spot, same sample"
1713,MARKET,2025-04-11,1.00000,,,,0.25486,0.15706,0.35265,104,"Brent spot, same sample"
1714,MARKET,2025-04-18,1.00000,,,,0.25709,0.15533,0.35884,104,"Brent spot, same sample"
1715,MARKET,2025-04-25,1.00000,,,,0.25929,0.15794,0.36065,104,"Brent spot, same sample"
1716,MARKET,2025-05-02,1.00000,,,,0.22567,0.11455,0.33679,104,"Brent spot, same sample"
1717,MARKET,2025-05-09,1.00000,,,,0.22183,0.10710,0.33656,104,"Brent spot, same sample"
1718,MARKET,2025-05-16,1.00000,,,,0.22510,0.11303,0.33718,104,"Brent spot, same sample"
1719,MARKET,2025-05-23,1.00000,,,,0.22592,0.11358,0.33826,104,"Brent spot, same sample"
1720,MARKET,2025-05-30,1.00000,,,,0.22512,0.11277,0.33748,104,"Brent spot, same sample"
1721,MARKET,2025-06-06,1.00000,,,,0.22545,0.11482,0.33608,104,"Brent spot, same sample"
1722,MARKET,2025-06-13,1.00000,,,,0.22423,0.12121,0.32725,104,"Brent spot, same sample"
1723,MARKET,2025-06-20,1.00000,,,,0.21432,0.10962,0.31902,104,"Brent spot, same sample"
1724,MARKET,2025-06-27,1.00000,,,,0.21202,0.11742,0.30663,104,"Brent spot, same sample"
1725,MARKET,2025-07-04,1.00000,,,,0.22207,0.12842,0.31571,104,"Brent spot, same sample"
1726,MARKET,2025-07-11,1.00000,,,,0.22164,0.12797,0.31531,104,"Brent spot, same sample"
1727,MARKET,2025-07-18,1.00000,,,,0.22045,0.12694,0.31395,104,"Brent spot, same sample"
1728,MARKET,2025-07-25,1.00000,,,,0.22255,0.12887,0.31622,104,"Brent spot, same sample"
1729,MARKET,2025-08-01,1.00000,,,,0.22178,0.12762,0.31594,104,"Brent spot, same sample"
1730,MARKET,2025-08-08,1.00000,,,,0.21615,0.12247,0.30983,104,"Brent spot, same sample"
1731,MARKET,2025-08-15,1.00000,,,,0.21420,0.12033,0.30807,104,"Brent spot, same sample"
1732,MARKET,2025-08-22,1.00000,,,,0.21524,0.12154,0.30894,104,"Brent spot, same sample"
1733,MARKET,2025-08-29,1.00000,,,,0.21144,0.11697,0.30591,104,"Brent spot, same sample"
1734,MARKET,2025-09-05,1.00000,,,,0.21398,0.12046,0.30750,104,"Brent spot, same sample"
1735,MARKET,2025-09-12,1.00000,,,,0.21146,0.11904,0.30388,104,"Brent spot, same sample"
1736,MARKET,2025-09-19,1.00000,,,,0.21173,0.11925,0.30420,104,"Brent spot, same sample"
1737,MARKET,2025-09-26,1.00000,,,,0.21159,0.11966,0.30353,104,"Brent spot, same sample"
1738,MARKET,2025-10-03,1.00000,,,,0.20030,0.11204,0.28857,104,"Brent spot, same sample"
1739,MARKET,2025-10-10,1.00000,,,,0.18724,0.09939,0.27509,104,"Brent spot, same sample"
1740,MARKET,2025-10-17,1.00000,,,,0.18965,0.10330,0.27599,104,"Brent spot, same sample"
1741,MARKET,2025-10-24,1.00000,,,,0.18699,0.10217,0.27182,104,"Brent spot, same sample"
1742,MARKET,2025-10-31,1.00000,,,,0.19117,0.10690,0.27543,104,"Brent spot, same sample"
1743,MARKET,2025-11-07,1.00000,,,,0.19307,0.10837,0.27777,104,"Brent spot, same sample"
1744,MARKET,2025-11-14,1.00000,,,,0.19511,0.11020,0.28003,104,"Brent spot, same sample"
1745,MARKET,2025-11-21,1.00000,,,,0.19745,0.11273,0.28216,104,"Brent spot, same sample"
1746,MARKET,2025-11-28,1.00000,,,,0.19822,0.11327,0.28316,104,"Brent spot, same sample"
1747,MARKET,2025-12-05,1.00000,,,,0.19804,0.11208,0.28400,104,"Brent spot, same sample"
1748,MARKET,2025-12-12,1.00000,,,,0.19608,0.11085,0.28131,104,"Brent spot, same sample"
1749,MARKET,2025-12-19,1.00000,,,,0.19872,0.11351,0.28394,104,"Brent spot, same sample"
1750,MARKET,2025-12-26,1.00000,,,,0.19936,0.11434,0.28438,104,"Brent spot, same sample"
1751,MARKET,2026-01-02,1.00000,,,,0.19602,0.11067,0.28138,104,"Brent spot, same sample"
1752,MARKET,2026-01-09,1.00000,,,,0.19505,0.10989,0.28022,104,"Brent spot, same sample"
1753,MARKET,2026-01-16,1.00000,,,,0.20046,0.11634,0.28458,104,"Brent spot, same sample"
1754,MARKET,2026-01-23,1.00000,,,,0.19808,0.11350,0.28267,104,"Brent spot, same sample"
1755,MARKET,2026-01-30,1.00000,,,,0.19543,0.10974,0.28112,104,"Brent spot, same sample"
1756,MARKET,2026-02-06,1.00000,,,,0.20338,0.11916,0.28759,104,"Brent spot, same sample"
1757,MARKET,2026-02-13,1.00000,,,,0.20190,0.11774,0.28607,104,"Brent spot, same sample"
1758,MARKET,2026-02-20,1.00000,,,,0.20669,0.12286,0.29052,104,"Brent spot, same sample"
1759,MARKET,2026-02-27,1.00000,,,,0.20596,0.12252,0.28940,104,"Brent spot, same sample"
1760,MARKET,2026-03-06,1.00000,,,,0.14005,0.03481,0.24529,104,"Brent spot, same sample"
1761,MARKET,2026-03-13,1.00000,,,,0.14191,0.04034,0.24347,104,"Brent spot, same sample"
1762,MARKET,2026-03-20,1.00000,,,,0.13649,0.03838,0.23460,104,"Brent spot, same sample"
1763,MARKET,2026-03-27,1.00000,,,,0.13658,0.03864,0.23451,104,"Brent spot, same sample"
1764,MARKET,2026-04-03,1.00000,,,,0.13371,0.03312,0.23429,104,"Brent spot, same sample"
1765,MARKET,2026-04-10,1.00000,,,,0.13384,0.03387,0.23381,104,"Brent spot, same sample"
1766,MARKET,2026-04-17,1.00000,,,,0.13946,0.04683,0.23209,104,"Brent spot, same sample"
1767,MARKET,2026-04-24,1.00000,,,,0.13568,0.04971,0.22165,104,"Brent spot, same sample"
1768,MARKET,2026-05-01,1.00000,,,,0.13646,0.05168,0.22124,104,"Brent spot, same sample"
1769,MARKET,2026-05-08,1.00000,,,,0.13812,0.06185,0.21438,104,"Brent spot, same sample"
1770,MARKET,2026-05-15,1.00000,,,,0.13994,0.06417,0.21571,104,"Brent spot, same sample"
1771,MARKET,2026-05-22,1.00000,,,,0.13728,0.06278,0.21178,104,"Brent spot, same sample"
1772,MARKET,2026-05-29,1.00000,,,,0.13904,0.06839,0.20969,104,"Brent spot, same sample"
1773,MARKET,2026-06-05,1.00000,,,,0.13760,0.06742,0.20778,104,"Brent spot, same sample"
1774,MARKET,2026-06-12,1.00000,,,,0.13954,0.06977,0.20931,104,"Brent spot, same sample"
1775,MARKET,2026-06-19,1.00000,,,,0.14256,0.07327,0.21185,104,"Brent spot, same sample"
1776,MARKET,2026-06-26,1.00000,,,,0.14541,0.07815,0.21268,104,"Brent spot, same sample"
1777,MARKET,2026-07-03,1.00000,,,,0.14476,0.07735,0.21217,104,"Brent spot, same sample"
1778,MARKET,2026-07-10,1.00000,,,,0.14119,0.07637,0.20602,104,"Brent spot, same sample"
1779,MARKET,2026-07-17,1.00000,,,,0.13882,0.07672,0.20092,104,"Brent spot, same sample"
1780,MARKET,2026-07-24,1.00000,,,,0.13835,0.07921,0.19749,104,"Brent spot, same sample"
1781,MARKET,2026-07-31,1.00000,,,,0.13653,0.07738,0.19567,104,"Brent spot, same sample"
1782,MARKET,2026-08-07,1.00000,,,,0.13382,0.07569,0.19195,104,"Brent spot, same sample"
1783,MARKET,2026-08-14,1.00000,,,,0.13553,0.07740,0.19367,104,"Brent spot, same sample"
1784,MARKET,2026-08-21,1.00000,,,,0.13460,0.07688,0.19232,104,"Brent spot, same sample"
1785,MARKET,2026-08-28,1.00000,,,,0.13305,0.07626,0.18983,104,"Brent spot, same sample"
1786,MARKET,2026-09-04,1.00000,,,,0.12260,0.06843,0.17677,104,"Brent spot, same sample"
1787,MARKET,2026-09-11,1.00000,,,,0.11767,0.06446,0.17089,104,"Brent spot, same sample"
1788,MARKET,2007-01-05,1.00000,,,,0.24962,0.15956,0.33968,104,"Brent spot, from 2005"
1789,MARKET,2007-01-12,1.00000,,,,0.24766,0.15836,0.33696,104,"Brent spot, from 2005"
1790,MARKET,2007-01-19,1.00000,,,,0.25435,0.16531,0.34339,104,"Brent spot, from 2005"
1791,MARKET,2007-01-26,1.00000,,,,0.25383,0.16560,0.34206,104,"Brent spot, from 2005"
1792,MARKET,2007-02-02,1.00000,,,,0.26115,0.17351,0.34879,104,"Brent spot, from 2005"
1793,MARKET,2007-02-09,1.00000,,,,0.26101,0.17333,0.34868,104,"Brent spot, from 2005"
1794,MARKET,2007-02-16,1.00000,,,,0.26461,0.17741,0.35181,104,"Brent spot, from 2005"
1795,MARKET,2007-02-23,1.00000,,,,0.26089,0.17240,0.34939,104,"Brent spot, from 2005"
1796,MARKET,2007-03-02,1.00000,,,,0.25267,0.16156,0.34378,104,"Brent spot, from 2005"
1797,MARKET,2007-03-09,1.00000,,,,0.25207,0.16064,0.34351,104,"Brent spot, from 2005"
1798,MARKET,2007-03-16,1.00000,,,,0.25708,0.16511,0.34904,104,"Brent spot, from 2005"
1799,MARKET,2007-03-23,1.00000,,,,0.26075,0.16621,0.35528,104,"Brent spot, from 2005"
1800,MARKET,2007-03-30,1.00000,,,,0.24972,0.15630,0.34313,104,"Brent spot, from 2005"
1801,MARKET,2007-04-06,1.00000,,,,0.25454,0.16138,0.34770,104,"Brent spot, from 2005"
1802,MARKET,2007-04-13,1.00000,,,,0.25385,0.16047,0.34724,104,"Brent spot, from 2005"
1803,MARKET,2007-04-20,1.00000,,,,0.26050,0.16514,0.35586,104,"Brent spot, from 2005"
1804,MARKET,2007-04-27,1.00000,,,,0.24709,0.15110,0.34307,104,"Brent spot, from 2005"
1805,MARKET,2007-05-04,1.00000,,,,0.24642,0.15058,0.34227,104,"Brent spot, from 2005"
1806,MARKET,2007-05-11,1.00000,,,,0.24716,0.14917,0.34514,104,"Brent spot, from 2005"
1807,MARKET,2007-05-18,1.00000,,,,0.24953,0.15293,0.34612,104,"Brent spot, from 2005"
1808,MARKET,2007-05-25,1.00000,,,,0.25020,0.15291,0.34749,104,"Brent spot, from 2005"
1809,MARKET,2007-06-01,1.00000,,,,0.24781,0.15062,0.34499,104,"Brent spot, from 2005"
1810,MARKET,2007-06-08,1.00000,,,,0.24345,0.14615,0.34075,104,"Brent spot, from 2005"
1811,MARKET,2007-06-15,1.00000,,,,0.25254,0.15212,0.35296,104,"Brent spot, from 2005"
1812,MARKET,2007-06-22,1.00000,,,,0.25216,0.15193,0.35238,104,"Brent spot, from 2005"
1813,MARKET,2007-06-29,1.00000,,,,0.25317,0.15255,0.35379,104,"Brent spot, from 2005"
1814,MARKET,2007-07-06,1.00000,,,,0.24573,0.14645,0.34500,104,"Brent spot, from 2005"
1815,MARKET,2007-07-13,1.00000,,,,0.24396,0.14351,0.34440,104,"Brent spot, from 2005"
1816,MARKET,2007-07-20,1.00000,,,,0.24385,0.14339,0.34431,104,"Brent spot, from 2005"
1817,MARKET,2007-07-27,1.00000,,,,0.25622,0.15372,0.35873,104,"Brent spot, from 2005"
1818,MARKET,2007-08-03,1.00000,,,,0.25791,0.15533,0.36048,104,"Brent spot, from 2005"
1819,MARKET,2007-08-10,1.00000,,,,0.27089,0.16164,0.38013,104,"Brent spot, from 2005"
1820,MARKET,2007-08-17,1.00000,,,,0.27258,0.16184,0.38332,104,"Brent spot, from 2005"
1821,MARKET,2007-08-24,1.00000,,,,0.27285,0.16212,0.38359,104,"Brent spot, from 2005"
1822,MARKET,2007-08-31,1.00000,,,,0.27347,0.16331,0.38363,104,"Brent spot, from 2005"
1823,MARKET,2007-09-07,1.00000,,,,0.27329,0.16099,0.38560,104,"Brent spot, from 2005"
1824,MARKET,2007-09-14,1.00000,,,,0.27331,0.16104,0.38557,104,"Brent spot, from 2005"
1825,MARKET,2007-09-21,1.00000,,,,0.27209,0.15969,0.38449,104,"Brent spot, from 2005"
1826,MARKET,2007-09-28,1.00000,,,,0.27452,0.15848,0.39057,104,"Brent spot, from 2005"
1827,MARKET,2007-10-05,1.00000,,,,0.25826,0.14378,0.37274,104,"Brent spot, from 2005"
1828,MARKET,2007-10-12,1.00000,,,,0.26798,0.15144,0.38452,104,"Brent spot, from 2005"
1829,MARKET,2007-10-19,1.00000,,,,0.25426,0.13844,0.37008,104,"Brent spot, from 2005"
1830,MARKET,2007-10-26,1.00000,,,,0.25069,0.13444,0.36694,104,"Brent spot, from 2005"
1831,MARKET,2007-11-02,1.00000,,,,0.23196,0.11486,0.34906,104,"Brent spot, from 2005"
1832,MARKET,2007-11-09,1.00000,,,,0.23688,0.10898,0.36477,104,"Brent spot, from 2005"
1833,MARKET,2007-11-16,1.00000,,,,0.24275,0.11514,0.37036,104,"Brent spot, from 2005"
1834,MARKET,2007-11-23,1.00000,,,,0.23775,0.11018,0.36533,104,"Brent spot, from 2005"
1835,MARKET,2007-11-30,1.00000,,,,0.20897,0.07442,0.34351,104,"Brent spot, from 2005"
1836,MARKET,2007-12-07,1.00000,,,,0.20803,0.07297,0.34309,104,"Brent spot, from 2005"
1837,MARKET,2007-12-14,1.00000,,,,0.20568,0.06948,0.34187,104,"Brent spot, from 2005"
1838,MARKET,2007-12-21,1.00000,,,,0.21201,0.07523,0.34879,104,"Brent spot, from 2005"
1839,MARKET,2007-12-28,1.00000,,,,0.21347,0.07784,0.34910,104,"Brent spot, from 2005"
1840,MARKET,2008-01-04,1.00000,,,,0.21219,0.07389,0.35049,104,"Brent spot, from 2005"
1841,MARKET,2008-01-11,1.00000,,,,0.23821,0.09347,0.38295,104,"Brent spot, from 2005"
1842,MARKET,2008-01-18,1.00000,,,,0.24983,0.09475,0.40491,104,"Brent spot, from 2005"
1843,MARKET,2008-01-25,1.00000,,,,0.25080,0.09520,0.40640,104,"Brent spot, from 2005"
1844,MARKET,2008-02-01,1.00000,,,,0.25293,0.09645,0.40942,104,"Brent spot, from 2005"
1845,MARKET,2008-02-08,1.00000,,,,0.25760,0.09527,0.41994,104,"Brent spot, from 2005"
1846,MARKET,2008-02-15,1.00000,,,,0.27218,0.10677,0.43759,104,"Brent spot, from 2005"
1847,MARKET,2008-02-22,1.00000,,,,0.26553,0.10165,0.42940,104,"Brent spot, from 2005"
1848,MARKET,2008-02-29,1.00000,,,,0.26223,0.10020,0.42426,104,"Brent spot, from 2005"
1849,MARKET,2008-03-07,1.00000,,,,0.25370,0.08921,0.41819,104,"Brent spot, from 2005"
1850,MARKET,2008-03-14,1.00000,,,,0.24735,0.08210,0.41260,104,"Brent spot, from 2005"
1851,MARKET,2008-03-21,1.00000,,,,0.24396,0.08629,0.40162,104,"Brent spot, from 2005"
1852,MARKET,2008-03-28,1.00000,,,,0.24004,0.08165,0.39842,104,"Brent spot, from 2005"
1853,MARKET,2008-04-04,1.00000,,,,0.23718,0.07881,0.39556,104,"Brent spot, from 2005"
1854,MARKET,2008-04-11,1.00000,,,,0.23845,0.08027,0.39663,104,"Brent spot, from 2005"
1855,MARKET,2008-04-18,1.00000,,,,0.23198,0.07553,0.38843,104,"Brent spot, from 2005"
1856,MARKET,2008-04-25,1.00000,,,,0.23114,0.07561,0.38668,104,"Brent spot, from 2005"
1857,MARKET,2008-05-02,1.00000,,,,0.22230,0.06605,0.37855,104,"Brent spot, from 2005"
1858,MARKET,2008-05-09,1.00000,,,,0.22201,0.06927,0.37475,104,"Brent spot, from 2005"
1859,MARKET,2008-05-16,1.00000,,,,0.18262,0.04713,0.31811,104,"Brent spot, from 2005"
1860,MARKET,2008-05-23,1.00000,,,,0.17672,0.04182,0.31162,104,"Brent spot, from 2005"
1861,MARKET,2008-05-30,1.00000,,,,0.18488,0.04984,0.31993,104,"Brent spot, from 2005"
1862,MARKET,2008-06-06,1.00000,,,,0.18378,0.04809,0.31947,104,"Brent spot, from 2005"
1863,MARKET,2008-06-13,1.00000,,,,0.17832,0.03916,0.31748,104,"Brent spot, from 2005"
1864,MARKET,2008-06-20,1.00000,,,,0.17206,0.03259,0.31153,104,"Brent spot, from 2005"
1865,MARKET,2008-06-27,1.00000,,,,0.15839,0.01890,0.29788,104,"Brent spot, from 2005"
1866,MARKET,2008-07-04,1.00000,,,,0.14958,0.00872,0.29043,104,"Brent spot, from 2005"
1867,MARKET,2008-07-11,1.00000,,,,0.15422,0.01304,0.29540,104,"Brent spot, from 2005"
1868,MARKET,2008-07-18,1.00000,,,,0.15638,0.02652,0.28623,104,"Brent spot, from 2005"
1869,MARKET,2008-07-25,1.00000,,,,0.16033,0.03171,0.28895,104,"Brent spot, from 2005"
1870,MARKET,2008-08-01,1.00000,,,,0.15749,0.02905,0.28592,104,"Brent spot, from 2005"
1871,MARKET,2008-08-08,1.00000,,,,0.14819,0.02745,0.26894,104,"Brent spot, from 2005"
1872,MARKET,2008-08-15,1.00000,,,,0.15561,0.03453,0.27669,104,"Brent spot, from 2005"
1873,MARKET,2008-08-22,1.00000,,,,0.16045,0.03986,0.28105,104,"Brent spot, from 2005"
1874,MARKET,2008-08-29,1.00000,,,,0.16264,0.04099,0.28430,104,"Brent spot, from 2005"
1875,MARKET,2008-09-05,1.00000,,,,0.23282,0.05499,0.41065,104,"Brent spot, from 2005"
1876,MARKET,2008-09-12,1.00000,,,,0.22402,0.05448,0.39355,104,"Brent spot, from 2005"
1877,MARKET,2008-09-19,1.00000,,,,0.22542,0.05370,0.39714,104,"Brent spot, from 2005"
1878,MARKET,2008-09-26,1.00000,,,,0.18054,0.01398,0.34710,104,"Brent spot, from 2005"
1879,MARKET,2008-10-03,1.00000,,,,0.22043,0.07415,0.36670,104,"Brent spot, from 2005"
1880,MARKET,2008-10-10,1.00000,,,,0.37728,0.08784,0.66671,104,"Brent spot, from 2005"
1881,MARKET,2008-10-17,1.00000,,,,0.37747,0.11370,0.64123,104,"Brent spot, from 2005"
1882,MARKET,2008-10-24,1.00000,,,,0.39045,0.12752,0.65337,104,"Brent spot, from 2005"
1883,MARKET,2008-10-31,1.00000,,,,0.38814,0.12480,0.65147,104,"Brent spot, from 2005"
1884,MARKET,2008-11-07,1.00000,,,,0.37610,0.11350,0.63870,104,"Brent spot, from 2005"
1885,MARKET,2008-11-14,1.00000,,,,0.40563,0.16628,0.64499,104,"Brent spot, from 2005"
1886,MARKET,2008-11-21,1.00000,,,,0.46412,0.22108,0.70716,104,"Brent spot, from 2005"
1887,MARKET,2008-11-28,1.00000,,,,0.50685,0.23573,0.77797,104,"Brent spot, from 2005"
1888,MARKET,2008-12-05,1.00000,,,,0.50511,0.28737,0.72285,104,"Brent spot, from 2005"
1889,MARKET,2008-12-12,1.00000,,,,0.51676,0.30791,0.72562,104,"Brent spot, from 2005"
1890,MARKET,2008-12-19,1.00000,,,,0.50167,0.29304,0.71030,104,"Brent spot, from 2005"
1891,MARKET,2008-12-26,1.00000,,,,0.49077,0.28219,0.69934,104,"Brent spot, from 2005"
1892,MARKET,2009-01-02,1.00000,,,,0.50988,0.32607,0.69368,104,"Brent spot, from 2005"
1893,MARKET,2009-01-09,1.00000,,,,0.51579,0.33366,0.69792,104,"Brent spot, from 2005"
1894,MARKET,2009-01-16,1.00000,,,,0.50978,0.32636,0.69319,104,"Brent spot, from 2005"
1895,MARKET,2009-01-23,1.00000,,,,0.51067,0.32692,0.69443,104,"Brent spot, from 2005"
1896,MARKET,2009-01-30,1.00000,,,,0.51097,0.32698,0.69495,104,"Brent spot, from 2005"
1897,MARKET,2009-02-06,1.00000,,,,0.51200,0.32738,0.69661,104,"Brent spot, from 2005"
1898,MARKET,2009-02-13,1.00000,,,,0.51082,0.32550,0.69613,104,"Brent spot, from 2005"
1899,MARKET,2009-02-20,1.00000,,,,0.52071,0.33887,0.70256,104,"Brent spot, from 2005"
1900,MARKET,2009-02-27,1.00000,,,,0.52260,0.34182,0.70337,104,"Brent spot, from 2005"
1901,MARKET,2009-03-06,1.00000,,,,0.52755,0.35028,0.70483,104,"Brent spot, from 2005"
1902,MARKET,2009-03-13,1.00000,,,,0.53353,0.35604,0.71101,104,"Brent spot, from 2005"
1903,MARKET,2009-03-20,1.00000,,,,0.53234,0.35738,0.70729,104,"Brent spot, from 2005"
1904,MARKET,2009-03-27,1.00000,,,,0.54366,0.36816,0.71916,104,"Brent spot, from 2005"
1905,MARKET,2009-04-03,1.00000,,,,0.54365,0.36828,0.71903,104,"Brent spot, from 2005"
1906,MARKET,2009-04-10,1.00000,,,,0.53835,0.36339,0.71330,104,"Brent spot, from 2005"
1907,MARKET,2009-04-17,1.00000,,,,0.54207,0.36594,0.71820,104,"Brent spot, from 2005"
1908,MARKET,2009-04-24,1.00000,,,,0.54038,0.36388,0.71688,104,"Brent spot, from 2005"
1909,MARKET,2009-05-01,1.00000,,,,0.54421,0.36843,0.71999,104,"Brent spot, from 2005"
1910,MARKET,2009-05-08,1.00000,,,,0.56083,0.38952,0.73214,104,"Brent spot, from 2005"
1911,MARKET,2009-05-15,1.00000,,,,0.56083,0.38838,0.73327,104,"Brent spot, from 2005"
1912,MARKET,2009-05-22,1.00000,,,,0.56236,0.39010,0.73462,104,"Brent spot, from 2005"
1913,MARKET,2009-05-29,1.00000,,,,0.55766,0.39025,0.72506,104,"Brent spot, from 2005"
1914,MARKET,2009-06-05,1.00000,,,,0.56032,0.39308,0.72755,104,"Brent spot, from 2005"
1915,MARKET,2009-06-12,1.00000,,,,0.55874,0.39221,0.72526,104,"Brent spot, from 2005"
1916,MARKET,2009-06-19,1.00000,,,,0.55894,0.39345,0.72442,104,"Brent spot, from 2005"
1917,MARKET,2009-06-26,1.00000,,,,0.55864,0.39375,0.72353,104,"Brent spot, from 2005"
1918,MARKET,2009-07-03,1.00000,,,,0.55855,0.39187,0.72522,104,"Brent spot, from 2005"
1919,MARKET,2009-07-10,1.00000,,,,0.56019,0.39948,0.72090,104,"Brent spot, from 2005"
1920,MARKET,2009-07-17,1.00000,,,,0.56715,0.40914,0.72517,104,"Brent spot, from 2005"
1921,MARKET,2009-07-24,1.00000,,,,0.56549,0.40783,0.72316,104,"Brent spot, from 2005"
1922,MARKET,2009-07-31,1.00000,,,,0.56551,0.40782,0.72320,104,"Brent spot, from 2005"
1923,MARKET,2009-08-07,1.00000,,,,0.56501,0.40628,0.72374,104,"Brent spot, from 2005"
1924,MARKET,2009-08-14,1.00000,,,,0.56341,0.40445,0.72237,104,"Brent spot, from 2005"
1925,MARKET,2009-08-21,1.00000,,,,0.56428,0.40639,0.72217,104,"Brent spot, from 2005"
1926,MARKET,2009-08-28,1.00000,,,,0.56407,0.40544,0.72270,104,"Brent spot, from 2005"
1927,MARKET,2009-09-04,1.00000,,,,0.55712,0.39852,0.71572,104,"Brent spot, from 2005"
1928,MARKET,2009-09-11,1.00000,,,,0.56002,0.40186,0.71817,104,"Brent spot, from 2005"
1929,MARKET,2009-09-18,1.00000,,,,0.56199,0.40438,0.71961,104,"Brent spot, from 2005"
1930,MARKET,2009-09-25,1.00000,,,,0.55510,0.39741,0.71279,104,"Brent spot, from 2005"
1931,MARKET,2009-10-02,1.00000,,,,0.55293,0.39516,0.71071,104,"Brent spot, from 2005"
1932,MARKET,2009-10-09,1.00000,,,,0.55777,0.40090,0.71465,104,"Brent spot, from 2005"
1933,MARKET,2009-10-16,1.00000,,,,0.55717,0.40158,0.71276,104,"Brent spot, from 2005"
1934,MARKET,2009-10-23,1.00000,,,,0.55528,0.40032,0.71024,104,"Brent spot, from 2005"
1935,MARKET,2009-10-30,1.00000,,,,0.56561,0.41235,0.71886,104,"Brent spot, from 2005"
1936,MARKET,2009-11-06,1.00000,,,,0.56566,0.41244,0.71887,104,"Brent spot, from 2005"
1937,MARKET,2009-11-13,1.00000,,,,0.56467,0.40951,0.71983,104,"Brent spot, from 2005"
1938,MARKET,2009-11-20,1.00000,,,,0.56728,0.41257,0.72200,104,"Brent spot, from 2005"
1939,MARKET,2009-11-27,1.00000,,,,0.58006,0.42940,0.73072,104,"Brent spot, from 2005"
1940,MARKET,2009-12-04,1.00000,,,,0.57978,0.42928,0.73027,104,"Brent spot, from 2005"
1941,MARKET,2009-12-11,1.00000,,,,0.56537,0.41032,0.72042,104,"Brent spot, from 2005"
1942,MARKET,2009-12-18,1.00000,,,,0.56515,0.41022,0.72008,104,"Brent spot, from 2005"
1943,MARKET,2009-12-25,1.00000,,,,0.56656,0.41102,0.72210,104,"Brent spot, from 2005"
1944,MARKET,2010-01-01,1.00000,,,,0.56493,0.40890,0.72096,104,"Brent spot, from 2005"
1945,MARKET,2010-01-08,1.00000,,,,0.56054,0.40258,0.71850,104,"Brent spot, from 2005"
1946,MARKET,2010-01-15,1.00000,,,,0.55585,0.39594,0.71575,104,"Brent spot, from 2005"
1947,MARKET,2010-01-22,1.00000,,,,0.55857,0.40088,0.71626,104,"Brent spot, from 2005"
1948,MARKET,2010-01-29,1.00000,,,,0.55731,0.39856,0.71607,104,"Brent spot, from 2005"
1949,MARKET,2010-02-05,1.00000,,,,0.55804,0.39951,0.71657,104,"Brent spot, from 2005"
1950,MARKET,2010-02-12,1.00000,,,,0.55437,0.39475,0.71398,104,"Brent spot, from 2005"
1951,MARKET,2010-02-19,1.00000,,,,0.55495,0.39774,0.71217,104,"Brent spot, from 2005"
1952,MARKET,2010-02-26,1.00000,,,,0.55802,0.40118,0.71485,104,"Brent spot, from 2005"
1953,MARKET,2010-03-05,1.00000,,,,0.56604,0.40991,0.72216,104,"Brent spot, from 2005"
1954,MARKET,2010-03-12,1.00000,,,,0.57013,0.41379,0.72648,104,"Brent spot, from 2005"
1955,MARKET,2010-03-19,1.00000,,,,0.57175,0.41470,0.72880,104,"Brent spot, from 2005"
1956,MARKET,2010-03-26,1.00000,,,,0.57140,0.41475,0.72805,104,"Brent spot, from 2005"
1957,MARKET,2010-04-02,1.00000,,,,0.57103,0.41548,0.72658,104,"Brent spot, from 2005"
1958,MARKET,2010-04-09,1.00000,,,,0.57406,0.41837,0.72975,104,"Brent spot, from 2005"
1959,MARKET,2010-04-16,1.00000,,,,0.57181,0.41596,0.72765,104,"Brent spot, from 2005"
1960,MARKET,2010-04-23,1.00000,,,,0.57298,0.41658,0.72938,104,"Brent spot, from 2005"
1961,MARKET,2010-04-30,1.00000,,,,0.57811,0.42497,0.73125,104,"Brent spot, from 2005"
1962,MARKET,2010-05-07,1.00000,,,,0.59444,0.44620,0.74267,104,"Brent spot, from 2005"
1963,MARKET,2010-05-14,1.00000,,,,0.59481,0.44651,0.74310,104,"Brent spot, from 2005"
1964,MARKET,2010-05-21,1.00000,,,,0.60208,0.45540,0.74877,104,"Brent spot, from 2005"
1965,MARKET,2010-05-28,1.00000,,,,0.60231,0.45549,0.74913,104,"Brent spot, from 2005"
1966,MARKET,2010-06-04,1.00000,,,,0.60511,0.45810,0.75212,104,"Brent spot, from 2005"
1967,MARKET,2010-06-11,1.00000,,,,0.60613,0.45906,0.75320,104,"Brent spot, from 2005"
1968,MARKET,2010-06-18,1.00000,,,,0.60493,0.45855,0.75131,104,"Brent spot, from 2005"
1969,MARKET,2010-06-25,1.00000,,,,0.61159,0.46690,0.75629,104,"Brent spot, from 2005"
1970,MARKET,2010-07-02,1.00000,,,,0.61964,0.47675,0.76252,104,"Brent spot, from 2005"
1971,MARKET,2010-07-09,1.00000,,,,0.62405,0.48085,0.76725,104,"Brent spot, from 2005"
1972,MARKET,2010-07-16,1.00000,,,,0.63048,0.48627,0.77470,104,"Brent spot, from 2005"
1973,MARKET,2010-07-23,1.00000,,,,0.63154,0.48624,0.77683,104,"Brent spot, from 2005"
1974,MARKET,2010-07-30,1.00000,,,,0.63149,0.48683,0.77615,104,"Brent spot, from 2005"
1975,MARKET,2010-08-06,1.00000,,,,0.64420,0.49947,0.78893,104,"Brent spot, from 2005"
1976,MARKET,2010-08-13,1.00000,,,,0.64460,0.50150,0.78770,104,"Brent spot, from 2005"
1977,MARKET,2010-08-20,1.00000,,,,0.64410,0.50052,0.78768,104,"Brent spot, from 2005"
1978,MARKET,2010-08-27,1.00000,,,,0.64249,0.49965,0.78533,104,"Brent spot, from 2005"
1979,MARKET,2010-09-03,1.00000,,,,0.62811,0.47553,0.78068,104,"Brent spot, from 2005"
1980,MARKET,2010-09-10,1.00000,,,,0.63462,0.48262,0.78663,104,"Brent spot, from 2005"
1981,MARKET,2010-09-17,1.00000,,,,0.63410,0.48131,0.78689,104,"Brent spot, from 2005"
1982,MARKET,2010-09-24,1.00000,,,,0.66166,0.49274,0.83057,104,"Brent spot, from 2005"
1983,MARKET,2010-10-01,1.00000,,,,0.65759,0.48395,0.83123,104,"Brent spot, from 2005"
1984,MARKET,2010-10-08,1.00000,,,,0.59317,0.44371,0.74264,104,"Brent spot, from 2005"
1985,MARKET,2010-10-15,1.00000,,,,0.59830,0.44284,0.75375,104,"Brent spot, from 2005"
1986,MARKET,2010-10-22,1.00000,,,,0.59057,0.43244,0.74870,104,"Brent spot, from 2005"
1987,MARKET,2010-10-29,1.00000,,,,0.59422,0.43579,0.75265,104,"Brent spot, from 2005"
1988,MARKET,2010-11-05,1.00000,,,,0.60235,0.43555,0.76916,104,"Brent spot, from 2005"
1989,MARKET,2010-11-12,1.00000,,,,0.58621,0.43197,0.74045,104,"Brent spot, from 2005"
1990,MARKET,2010-11-19,1.00000,,,,0.53858,0.42808,0.64908,104,"Brent spot, from 2005"
1991,MARKET,2010-11-26,1.00000,,,,0.51473,0.41124,0.61823,104,"Brent spot, from 2005"
1992,MARKET,2010-12-03,1.00000,,,,0.51072,0.37847,0.64296,104,"Brent spot, from 2005"
1993,MARKET,2010-12-10,1.00000,,,,0.50216,0.35781,0.64651,104,"Brent spot, from 2005"
1994,MARKET,2010-12-17,1.00000,,,,0.52675,0.39684,0.65665,104,"Brent spot, from 2005"
1995,MARKET,2010-12-24,1.00000,,,,0.55389,0.42499,0.68278,104,"Brent spot, from 2005"
1996,MARKET,2010-12-31,1.00000,,,,0.55396,0.40410,0.70381,104,"Brent spot, from 2005"
1997,MARKET,2011-01-07,1.00000,,,,0.55270,0.40222,0.70319,104,"Brent spot, from 2005"
1998,MARKET,2011-01-14,1.00000,,,,0.55589,0.40569,0.70610,104,"Brent spot, from 2005"
1999,MARKET,2011-01-21,1.00000,,,,0.55517,0.40547,0.70486,104,"Brent spot, from 2005"
2000,MARKET,2011-01-28,1.00000,,,,0.55465,0.40507,0.70422,104,"Brent spot, from 2005"
2001,MARKET,2011-02-04,1.00000,,,,0.55544,0.40602,0.70485,104,"Brent spot, from 2005"
2002,MARKET,2011-02-11,1.00000,,,,0.55728,0.40603,0.70852,104,"Brent spot, from 2005"
2003,MARKET,2011-02-18,1.00000,,,,0.53774,0.39027,0.68521,104,"Brent spot, from 2005"
2004,MARKET,2011-02-25,1.00000,,,,0.52302,0.37007,0.67596,104,"Brent spot, from 2005"
2005,MARKET,2011-03-04,1.00000,,,,0.50992,0.35742,0.66243,104,"Brent spot, from 2005"
2006,MARKET,2011-03-11,1.00000,,,,0.50776,0.35782,0.65769,104,"Brent spot, from 2005"
2007,MARKET,2011-03-18,1.00000,,,,0.50658,0.35156,0.66160,104,"Brent spot, from 2005"
2008,MARKET,2011-03-25,1.00000,,,,0.50364,0.34758,0.65970,104,"Brent spot, from 2005"
2009,MARKET,2011-04-01,1.00000,,,,0.50362,0.34779,0.65946,104,"Brent spot, from 2005"
2010,MARKET,2011-04-08,1.00000,,,,0.50201,0.34737,0.65665,104,"Brent spot, from 2005"
2011,MARKET,2011-04-15,1.00000,,,,0.51043,0.35765,0.66322,104,"Brent spot, from 2005"
2012,MARKET,2011-04-22,1.00000,,,,0.51206,0.35702,0.66709,104,"Brent spot, from 2005"
2013,MARKET,2011-04-29,1.00000,,,,0.51335,0.35769,0.66902,104,"Brent spot, from 2005"
2014,MARKET,2011-05-06,1.00000,,,,0.46267,0.31021,0.61513,104,"Brent spot, from 2005"
2015,MARKET,2011-05-13,1.00000,,,,0.46241,0.30982,0.61501,104,"Brent spot, from 2005"
2016,MARKET,2011-05-20,1.00000,,,,0.45922,0.30545,0.61298,104,"Brent spot, from 2005"
2017,MARKET,2011-05-27,1.00000,,,,0.47002,0.31164,0.62839,104,"Brent spot, from 2005"
2018,MARKET,2011-06-03,1.00000,,,,0.46978,0.31060,0.62896,104,"Brent spot, from 2005"
2019,MARKET,2011-06-10,1.00000,,,,0.46293,0.30215,0.62370,104,"Brent spot, from 2005"
2020,MARKET,2011-06-17,1.00000,,,,0.46215,0.30368,0.62062,104,"Brent spot, from 2005"
2021,MARKET,2011-06-24,1.00000,,,,0.45425,0.29958,0.60891,104,"Brent spot, from 2005"
2022,MARKET,2011-07-01,1.00000,,,,0.46634,0.31042,0.62225,104,"Brent spot, from 2005"
2023,MARKET,2011-07-08,1.00000,,,,0.43548,0.27603,0.59494,104,"Brent spot, from 2005"
2024,MARKET,2011-07-15,1.00000,,,,0.41846,0.25859,0.57833,104,"Brent spot, from 2005"
2025,MARKET,2011-07-22,1.00000,,,,0.41282,0.24806,0.57758,104,"Brent spot, from 2005"
2026,MARKET,2011-07-29,1.00000,,,,0.41570,0.25233,0.57907,104,"Brent spot, from 2005"
2027,MARKET,2011-08-05,1.00000,,,,0.47115,0.28579,0.65651,104,"Brent spot, from 2005"
2028,MARKET,2011-08-12,1.00000,,,,0.47341,0.28617,0.66065,104,"Brent spot, from 2005"
2029,MARKET,2011-08-19,1.00000,,,,0.47032,0.28456,0.65608,104,"Brent spot, from 2005"
2030,MARKET,2011-08-26,1.00000,,,,0.47339,0.28665,0.66013,104,"Brent spot, from 2005"
2031,MARKET,2011-09-02,1.00000,,,,0.49078,0.29271,0.68885,104,"Brent spot, from 2005"
2032,MARKET,2011-09-09,1.00000,,,,0.48815,0.28928,0.68702,104,"Brent spot, from 2005"
2033,MARKET,2011-09-16,1.00000,,,,0.48319,0.28297,0.68341,104,"Brent spot, from 2005"
2034,MARKET,2011-09-23,1.00000,,,,0.52090,0.31372,0.72807,104,"Brent spot, from 2005"
2035,MARKET,2011-09-30,1.00000,,,,0.51811,0.31422,0.72201,104,"Brent spot, from 2005"
2036,MARKET,2011-10-07,1.00000,,,,0.50180,0.29695,0.70665,104,"Brent spot, from 2005"
2037,MARKET,2011-10-14,1.00000,,,,0.52920,0.32160,0.73679,104,"Brent spot, from 2005"
2038,MARKET,2011-10-21,1.00000,,,,0.52763,0.32063,0.73464,104,"Brent spot, from 2005"
2039,MARKET,2011-10-28,1.00000,,,,0.51727,0.30753,0.72702,104,"Brent spot, from 2005"
2040,MARKET,2011-11-04,1.00000,,,,0.51368,0.30425,0.72311,104,"Brent spot, from 2005"
2041,MARKET,2011-11-11,1.00000,,,,0.51775,0.30953,0.72597,104,"Brent spot, from 2005"
2042,MARKET,2011-11-18,1.00000,,,,0.51935,0.31736,0.72135,104,"Brent spot, from 2005"
2043,MARKET,2011-11-25,1.00000,,,,0.52656,0.32560,0.72752,104,"Brent spot, from 2005"
2044,MARKET,2011-12-02,1.00000,,,,0.53901,0.33556,0.74246,104,"Brent spot, from 2005"
2045,MARKET,2011-12-09,1.00000,,,,0.59055,0.40227,0.77884,104,"Brent spot, from 2005"
2046,MARKET,2011-12-16,1.00000,,,,0.59279,0.40622,0.77936,104,"Brent spot, from 2005"
2047,MARKET,2011-12-23,1.00000,,,,0.59766,0.41144,0.78388,104,"Brent spot, from 2005"
2048,MARKET,2011-12-30,1.00000,,,,0.60400,0.41594,0.79207,104,"Brent spot, from 2005"
2049,MARKET,2012-01-06,1.00000,,,,0.60140,0.41376,0.78904,104,"Brent spot, from 2005"
2050,MARKET,2012-01-13,1.00000,,,,0.60185,0.41202,0.79169,104,"Brent spot, from 2005"
2051,MARKET,2012-01-20,1.00000,,,,0.59057,0.39496,0.78617,104,"Brent spot, from 2005"
2052,MARKET,2012-01-27,1.00000,,,,0.59746,0.40215,0.79277,104,"Brent spot, from 2005"
2053,MARKET,2012-02-03,1.00000,,,,0.59688,0.40064,0.79312,104,"Brent spot, from 2005"
2054,MARKET,2012-02-10,1.00000,,,,0.59651,0.40168,0.79135,104,"Brent spot, from 2005"
2055,MARKET,2012-02-17,1.00000,,,,0.59709,0.39659,0.79759,104,"Brent spot, from 2005"
2056,MARKET,2012-02-24,1.00000,,,,0.59440,0.39455,0.79425,104,"Brent spot, from 2005"
2057,MARKET,2012-03-02,1.00000,,,,0.58631,0.38612,0.78651,104,"Brent spot, from 2005"
2058,MARKET,2012-03-09,1.00000,,,,0.58493,0.38509,0.78478,104,"Brent spot, from 2005"
2059,MARKET,2012-03-16,1.00000,,,,0.57712,0.37627,0.77798,104,"Brent spot, from 2005"
2060,MARKET,2012-03-23,1.00000,,,,0.57879,0.37847,0.77910,104,"Brent spot, from 2005"
2061,MARKET,2012-03-30,1.00000,,,,0.57869,0.37795,0.77943,104,"Brent spot, from 2005"
2062,MARKET,2012-04-06,1.00000,,,,0.57698,0.37607,0.77788,104,"Brent spot, from 2005"
2063,MARKET,2012-04-13,1.00000,,,,0.58107,0.38020,0.78195,104,"Brent spot, from 2005"
2064,MARKET,2012-04-20,1.00000,,,,0.57535,0.37487,0.77583,104,"Brent spot, from 2005"
2065,MARKET,2012-04-27,1.00000,,,,0.57472,0.37408,0.77535,104,"Brent spot, from 2005"
2066,MARKET,2012-05-04,1.00000,,,,0.53515,0.33026,0.74003,104,"Brent spot, from 2005"
2067,MARKET,2012-05-11,1.00000,,,,0.53613,0.33116,0.74111,104,"Brent spot, from 2005"
2068,MARKET,2012-05-18,1.00000,,,,0.52814,0.31871,0.73758,104,"Brent spot, from 2005"
2069,MARKET,2012-05-25,1.00000,,,,0.52493,0.31446,0.73540,104,"Brent spot, from 2005"
2070,MARKET,2012-06-01,1.00000,,,,0.51810,0.32152,0.71468,104,"Brent spot, from 2005"
2071,MARKET,2012-06-08,1.00000,,,,0.51346,0.31691,0.71002,104,"Brent spot, from 2005"
2072,MARKET,2012-06-15,1.00000,,,,0.51493,0.31456,0.71529,104,"Brent spot, from 2005"
2073,MARKET,2012-06-22,1.00000,,,,0.49064,0.29843,0.68286,104,"Brent spot, from 2005"
2074,MARKET,2012-06-29,1.00000,,,,0.48747,0.30066,0.67427,104,"Brent spot, from 2005"
2075,MARKET,2012-07-06,1.00000,,,,0.46561,0.28230,0.64892,104,"Brent spot, from 2005"
2076,MARKET,2012-07-13,1.00000,,,,0.46786,0.28548,0.65023,104,"Brent spot, from 2005"
2077,MARKET,2012-07-20,1.00000,,,,0.46152,0.28239,0.64064,104,"Brent spot, from 2005"
2078,MARKET,2012-07-27,1.00000,,,,0.46102,0.28207,0.63997,104,"Brent spot, from 2005"
2079,MARKET,2012-08-03,1.00000,,,,0.45193,0.27320,0.63067,104,"Brent spot, from 2005"
2080,MARKET,2012-08-10,1.00000,,,,0.44336,0.25526,0.63147,104,"Brent spot, from 2005"
2081,MARKET,2012-08-17,1.00000,,,,0.44559,0.25609,0.63508,104,"Brent spot, from 2005"
2082,MARKET,2012-08-24,1.00000,,,,0.44859,0.25905,0.63813,104,"Brent spot, from 2005"
2083,MARKET,2012-08-31,1.00000,,,,0.44870,0.26038,0.63702,104,"Brent spot, from 2005"
2084,MARKET,2012-09-07,1.00000,,,,0.44857,0.25927,0.63787,104,"Brent spot, from 2005"
2085,MARKET,2012-09-14,1.00000,,,,0.45422,0.26534,0.64309,104,"Brent spot, from 2005"
2086,MARKET,2012-09-21,1.00000,,,,0.44840,0.26495,0.63184,104,"Brent spot, from 2005"
2087,MARKET,2012-09-28,1.00000,,,,0.45258,0.26725,0.63790,104,"Brent spot, from 2005"
2088,MARKET,2012-10-05,1.00000,,,,0.45196,0.26642,0.63749,104,"Brent spot, from 2005"
2089,MARKET,2012-10-12,1.00000,,,,0.45393,0.26817,0.63969,104,"Brent spot, from 2005"
2090,MARKET,2012-10-19,1.00000,,,,0.45121,0.26607,0.63636,104,"Brent spot, from 2005"
2091,MARKET,2012-10-26,1.00000,,,,0.44988,0.26624,0.63351,104,"Brent spot, from 2005"
2092,MARKET,2012-11-02,1.00000,,,,0.44526,0.25912,0.63140,104,"Brent spot, from 2005"
2093,MARKET,2012-11-09,1.00000,,,,0.44274,0.25624,0.62924,104,"Brent spot, from 2005"
2094,MARKET,2012-11-16,1.00000,,,,0.44783,0.26000,0.63565,104,"Brent spot, from 2005"
2095,MARKET,2012-11-23,1.00000,,,,0.45583,0.26767,0.64399,104,"Brent spot, from 2005"
2096,MARKET,2012-11-30,1.00000,,,,0.45213,0.25913,0.64513,104,"Brent spot, from 2005"
2097,MARKET,2012-12-07,1.00000,,,,0.44797,0.25695,0.63898,104,"Brent spot, from 2005"
2098,MARKET,2012-12-14,1.00000,,,,0.44658,0.25588,0.63728,104,"Brent spot, from 2005"
2099,MARKET,2012-12-21,1.00000,,,,0.44160,0.25058,0.63262,104,"Brent spot, from 2005"
2100,MARKET,2012-12-28,1.00000,,,,0.44207,0.25080,0.63335,104,"Brent spot, from 2005"
2101,MARKET,2013-01-04,1.00000,,,,0.44648,0.25500,0.63796,104,"Brent spot, from 2005"
2102,MARKET,2013-01-11,1.00000,,,,0.44718,0.25491,0.63944,104,"Brent spot, from 2005"
2103,MARKET,2013-01-18,1.00000,,,,0.44634,0.25356,0.63912,104,"Brent spot, from 2005"
2104,MARKET,2013-01-25,1.00000,,,,0.44614,0.25365,0.63863,104,"Brent spot, from 2005"
2105,MARKET,2013-02-01,1.00000,,,,0.44282,0.24965,0.63600,104,"Brent spot, from 2005"
2106,MARKET,2013-02-08,1.00000,,,,0.44121,0.24890,0.63352,104,"Brent spot, from 2005"
2107,MARKET,2013-02-15,1.00000,,,,0.44359,0.25244,0.63474,104,"Brent spot, from 2005"
2108,MARKET,2013-02-22,1.00000,,,,0.46851,0.27655,0.66046,104,"Brent spot, from 2005"
2109,MARKET,2013-03-01,1.00000,,,,0.46764,0.27540,0.65989,104,"Brent spot, from 2005"
2110,MARKET,2013-03-08,1.00000,,,,0.46215,0.26942,0.65489,104,"Brent spot, from 2005"
2111,MARKET,2013-03-15,1.00000,,,,0.46214,0.26939,0.65490,104,"Brent spot, from 2005"
2112,MARKET,2013-03-22,1.00000,,,,0.46040,0.26888,0.65193,104,"Brent spot, from 2005"
2113,MARKET,2013-03-29,1.00000,,,,0.45806,0.26605,0.65008,104,"Brent spot, from 2005"
2114,MARKET,2013-04-05,1.00000,,,,0.47387,0.28357,0.66418,104,"Brent spot, from 2005"
2115,MARKET,2013-04-12,1.00000,,,,0.46349,0.27344,0.65353,104,"Brent spot, from 2005"
2116,MARKET,2013-04-19,1.00000,,,,0.46391,0.27452,0.65331,104,"Brent spot, from 2005"
2117,MARKET,2013-04-26,1.00000,,,,0.46925,0.28178,0.65671,104,"Brent spot, from 2005"
2118,MARKET,2013-05-03,1.00000,,,,0.49855,0.30233,0.69477,104,"Brent spot, from 2005"
2119,MARKET,2013-05-10,1.00000,,,,0.49197,0.29725,0.68669,104,"Brent spot, from 2005"
2120,MARKET,2013-05-17,1.00000,,,,0.48938,0.29475,0.68400,104,"Brent spot, from 2005"
2121,MARKET,2013-05-24,1.00000,,,,0.49325,0.30066,0.68584,104,"Brent spot, from 2005"
2122,MARKET,2013-05-31,1.00000,,,,0.49281,0.30032,0.68531,104,"Brent spot, from 2005"
2123,MARKET,2013-06-07,1.00000,,,,0.49328,0.30168,0.68488,104,"Brent spot, from 2005"
2124,MARKET,2013-06-14,1.00000,,,,0.48955,0.29296,0.68615,104,"Brent spot, from 2005"
2125,MARKET,2013-06-21,1.00000,,,,0.49573,0.29116,0.70030,104,"Brent spot, from 2005"
2126,MARKET,2013-06-28,1.00000,,,,0.47713,0.26375,0.69051,104,"Brent spot, from 2005"
2127,MARKET,2013-07-05,1.00000,,,,0.50405,0.28558,0.72252,104,"Brent spot, from 2005"
2128,MARKET,2013-07-12,1.00000,,,,0.50778,0.28894,0.72661,104,"Brent spot, from 2005"
2129,MARKET,2013-07-19,1.00000,,,,0.50636,0.28907,0.72365,104,"Brent spot, from 2005"
2130,MARKET,2013-07-26,1.00000,,,,0.50287,0.28788,0.71786,104,"Brent spot, from 2005"
2131,MARKET,2013-08-02,1.00000,,,,0.41436,0.25756,0.57115,104,"Brent spot, from 2005"
2132,MARKET,2013-08-09,1.00000,,,,0.41430,0.25739,0.57120,104,"Brent spot, from 2005"
2133,MARKET,2013-08-16,1.00000,,,,0.41696,0.26017,0.57374,104,"Brent spot, from 2005"
2134,MARKET,2013-08-23,1.00000,,,,0.41304,0.25645,0.56964,104,"Brent spot, from 2005"
2135,MARKET,2013-08-30,1.00000,,,,0.40014,0.24305,0.55723,104,"Brent spot, from 2005"
2136,MARKET,2013-09-06,1.00000,,,,0.39797,0.24181,0.55413,104,"Brent spot, from 2005"
2137,MARKET,2013-09-13,1.00000,,,,0.39060,0.23518,0.54602,104,"Brent spot, from 2005"
2138,MARKET,2013-09-20,1.00000,,,,0.34627,0.20432,0.48823,104,"Brent spot, from 2005"
2139,MARKET,2013-09-27,1.00000,,,,0.35514,0.21029,0.50000,104,"Brent spot, from 2005"
2140,MARKET,2013-10-04,1.00000,,,,0.35784,0.21151,0.50417,104,"Brent spot, from 2005"
2141,MARKET,2013-10-11,1.00000,,,,0.31982,0.16779,0.47186,104,"Brent spot, from 2005"
2142,MARKET,2013-10-18,1.00000,,,,0.32242,0.17118,0.47366,104,"Brent spot, from 2005"
2143,MARKET,2013-10-25,1.00000,,,,0.31232,0.15652,0.46812,104,"Brent spot, from 2005"
2144,MARKET,2013-11-01,1.00000,,,,0.32017,0.16138,0.47896,104,"Brent spot, from 2005"
2145,MARKET,2013-11-08,1.00000,,,,0.31936,0.15958,0.47915,104,"Brent spot, from 2005"
2146,MARKET,2013-11-15,1.00000,,,,0.30235,0.14956,0.45513,104,"Brent spot, from 2005"
2147,MARKET,2013-11-22,1.00000,,,,0.28153,0.13790,0.42516,104,"Brent spot, from 2005"
2148,MARKET,2013-11-29,1.00000,,,,0.25576,0.12733,0.38419,104,"Brent spot, from 2005"
2149,MARKET,2013-12-06,1.00000,,,,0.25296,0.12485,0.38107,104,"Brent spot, from 2005"
2150,MARKET,2013-12-13,1.00000,,,,0.24371,0.12006,0.36737,104,"Brent spot, from 2005"
2151,MARKET,2013-12-20,1.00000,,,,0.22828,0.10541,0.35115,104,"Brent spot, from 2005"
2152,MARKET,2013-12-27,1.00000,,,,0.22823,0.10484,0.35161,104,"Brent spot, from 2005"
2153,MARKET,2014-01-03,1.00000,,,,0.22129,0.09818,0.34440,104,"Brent spot, from 2005"
2154,MARKET,2014-01-10,1.00000,,,,0.22498,0.10252,0.34744,104,"Brent spot, from 2005"
2155,MARKET,2014-01-17,1.00000,,,,0.22800,0.10662,0.34938,104,"Brent spot, from 2005"
2156,MARKET,2014-01-24,1.00000,,,,0.22542,0.10344,0.34740,104,"Brent spot, from 2005"
2157,MARKET,2014-01-31,1.00000,,,,0.22295,0.10137,0.34453,104,"Brent spot, from 2005"
2158,MARKET,2014-02-07,1.00000,,,,0.22645,0.10193,0.35097,104,"Brent spot, from 2005"
2159,MARKET,2014-02-14,1.00000,,,,0.22574,0.10049,0.35100,104,"Brent spot, from 2005"
2160,MARKET,2014-02-21,1.00000,,,,0.22551,0.09790,0.35312,104,"Brent spot, from 2005"
2161,MARKET,2014-02-28,1.00000,,,,0.22610,0.09853,0.35367,104,"Brent spot, from 2005"
2162,MARKET,2014-03-07,1.00000,,,,0.22976,0.10321,0.35631,104,"Brent spot, from 2005"
2163,MARKET,2014-03-14,1.00000,,,,0.24090,0.11772,0.36409,104,"Brent spot, from 2005"
2164,MARKET,2014-03-21,1.00000,,,,0.23928,0.11514,0.36342,104,"Brent spot, from 2005"
2165,MARKET,2014-03-28,1.00000,,,,0.23877,0.11411,0.36342,104,"Brent spot, from 2005"
2166,MARKET,2014-04-04,1.00000,,,,0.23852,0.11360,0.36343,104,"Brent spot, from 2005"
2167,MARKET,2014-04-11,1.00000,,,,0.22849,0.10078,0.35620,104,"Brent spot, from 2005"
2168,MARKET,2014-04-18,1.00000,,,,0.23547,0.10942,0.36152,104,"Brent spot, from 2005"
2169,MARKET,2014-04-25,1.00000,,,,0.23620,0.10912,0.36328,104,"Brent spot, from 2005"
2170,MARKET,2014-05-02,1.00000,,,,0.23076,0.09810,0.36341,104,"Brent spot, from 2005"
2171,MARKET,2014-05-09,1.00000,,,,0.23131,0.09671,0.36592,104,"Brent spot, from 2005"
2172,MARKET,2014-05-16,1.00000,,,,0.20371,0.08486,0.32256,104,"Brent spot, from 2005"
2173,MARKET,2014-05-23,1.00000,,,,0.20291,0.08367,0.32216,104,"Brent spot, from 2005"
2174,MARKET,2014-05-30,1.00000,,,,0.16907,0.05221,0.28593,104,"Brent spot, from 2005"
2175,MARKET,2014-06-06,1.00000,,,,0.17348,0.05546,0.29150,104,"Brent spot, from 2005"
2176,MARKET,2014-06-13,1.00000,,,,0.17022,0.05320,0.28723,104,"Brent spot, from 2005"
2177,MARKET,2014-06-20,1.00000,,,,0.16727,0.03943,0.29512,104,"Brent spot, from 2005"
2178,MARKET,2014-06-27,1.00000,,,,0.13563,0.02232,0.24894,104,"Brent spot, from 2005"
2179,MARKET,2014-07-04,1.00000,,,,0.13452,0.01708,0.25197,104,"Brent spot, from 2005"
2180,MARKET,2014-07-11,1.00000,,,,0.14286,0.02515,0.26057,104,"Brent spot, from 2005"
2181,MARKET,2014-07-18,1.00000,,,,0.13729,0.01434,0.26024,104,"Brent spot, from 2005"
2182,MARKET,2014-07-25,1.00000,,,,0.13835,0.01530,0.26141,104,"Brent spot, from 2005"
2183,MARKET,2014-08-01,1.00000,,,,0.15599,0.02638,0.28561,104,"Brent spot, from 2005"
2184,MARKET,2014-08-08,1.00000,,,,0.15785,0.02539,0.29030,104,"Brent spot, from 2005"
2185,MARKET,2014-08-15,1.00000,,,,0.14235,0.01206,0.27263,104,"Brent spot, from 2005"
2186,MARKET,2014-08-22,1.00000,,,,0.14390,0.01304,0.27476,104,"Brent spot, from 2005"
2187,MARKET,2014-08-29,1.00000,,,,0.14603,0.01440,0.27765,104,"Brent spot, from 2005"
2188,MARKET,2014-09-05,1.00000,,,,0.14414,0.01232,0.27595,104,"Brent spot, from 2005"
2189,MARKET,2014-09-12,1.00000,,,,0.12541,0.00226,0.24857,104,"Brent spot, from 2005"
2190,MARKET,2014-09-19,1.00000,,,,0.11740,-0.01280,0.24760,104,"Brent spot, from 2005"
2191,MARKET,2014-09-26,1.00000,,,,0.12501,-0.00508,0.25510,104,"Brent spot, from 2005"
2192,MARKET,2014-10-03,1.00000,,,,0.15172,0.00854,0.29489,104,"Brent spot, from 2005"
2193,MARKET,2014-10-10,1.00000,,,,0.18801,0.02460,0.35141,104,"Brent spot, from 2005"
2194,MARKET,2014-10-17,1.00000,,,,0.18699,0.02992,0.34406,104,"Brent spot, from 2005"
2195,MARKET,2014-10-24,1.00000,,,,0.18868,0.02407,0.35329,104,"Brent spot, from 2005"
2196,MARKET,2014-10-31,1.00000,,,,0.18355,0.02135,0.34574,104,"Brent spot, from 2005"
2197,MARKET,2014-11-07,1.00000,,,,0.19204,0.02674,0.35735,104,"Brent spot, from 2005"
2198,MARKET,2014-11-14,1.00000,,,,0.15113,-0.01481,0.31707,104,"Brent spot, from 2005"
2199,MARKET,2014-11-21,1.00000,,,,0.13775,-0.02444,0.29995,104,"Brent spot, from 2005"
2200,MARKET,2014-11-28,1.00000,,,,0.22615,0.04953,0.40276,104,"Brent spot, from 2005"
2201,MARKET,2014-12-05,1.00000,,,,0.21881,0.05506,0.38257,104,"Brent spot, from 2005"
2202,MARKET,2014-12-12,1.00000,,,,0.24834,0.08306,0.41362,104,"Brent spot, from 2005"
2203,MARKET,2014-12-19,1.00000,,,,0.21140,0.05998,0.36282,104,"Brent spot, from 2005"
2204,MARKET,2014-12-26,1.00000,,,,0.21509,0.06296,0.36721,104,"Brent spot, from 2005"
2205,MARKET,2015-01-02,1.00000,,,,0.20400,0.05603,0.35197,104,"Brent spot, from 2005"
2206,MARKET,2015-01-09,1.00000,,,,0.16207,0.01491,0.30922,104,"Brent spot, from 2005"
2207,MARKET,2015-01-16,1.00000,,,,0.15898,0.01163,0.30633,104,"Brent spot, from 2005"
2208,MARKET,2015-01-23,1.00000,,,,0.15624,0.00618,0.30630,104,"Brent spot, from 2005"
2209,MARKET,2015-01-30,1.00000,,,,0.15317,0.00135,0.30499,104,"Brent spot, from 2005"
2210,MARKET,2015-02-06,1.00000,,,,0.15906,0.04057,0.27756,104,"Brent spot, from 2005"
2211,MARKET,2015-02-13,1.00000,,,,0.14971,0.03640,0.26302,104,"Brent spot, from 2005"
2212,MARKET,2015-02-20,1.00000,,,,0.14898,0.03498,0.26297,104,"Brent spot, from 2005"
2213,MARKET,2015-02-27,1.00000,,,,0.14920,0.03452,0.26387,104,"Brent spot, from 2005"
2214,MARKET,2015-03-06,1.00000,,,,0.14745,0.03438,0.26052,104,"Brent spot, from 2005"
2215,MARKET,2015-03-13,1.00000,,,,0.14914,0.04089,0.25739,104,"Brent spot, from 2005"
2216,MARKET,2015-03-20,1.00000,,,,0.14608,0.03727,0.25488,104,"Brent spot, from 2005"
2217,MARKET,2015-03-27,1.00000,,,,0.14043,0.03208,0.24877,104,"Brent spot, from 2005"
2218,MARKET,2015-04-03,1.00000,,,,0.13608,0.02661,0.24555,104,"Brent spot, from 2005"
2219,MARKET,2015-04-10,1.00000,,,,0.14796,0.03640,0.25952,104,"Brent spot, from 2005"
2220,MARKET,2015-04-17,1.00000,,,,0.13402,0.02638,0.24166,104,"Brent spot, from 2005"
2221,MARKET,2015-04-24,1.00000,,,,0.12628,0.01917,0.23339,104,"Brent spot, from 2005"
2222,MARKET,2015-05-01,1.00000,,,,0.12296,0.01542,0.23051,104,"Brent spot, from 2005"
2223,MARKET,2015-05-08,1.00000,,,,0.12511,0.01696,0.23326,104,"Brent spot, from 2005"
2224,MARKET,2015-05-15,1.00000,,,,0.12667,0.01809,0.23525,104,"Brent spot, from 2005"
2225,MARKET,2015-05-22,1.00000,,,,0.12579,0.01634,0.23524,104,"Brent spot, from 2005"
2226,MARKET,2015-05-29,1.00000,,,,0.12747,0.01885,0.23609,104,"Brent spot, from 2005"
2227,MARKET,2015-06-05,1.00000,,,,0.13359,0.02643,0.24074,104,"Brent spot, from 2005"
2228,MARKET,2015-06-12,1.00000,,,,0.12464,0.01668,0.23259,104,"Brent spot, from 2005"
2229,MARKET,2015-06-19,1.00000,,,,0.12461,0.01837,0.23085,104,"Brent spot, from 2005"
2230,MARKET,2015-06-26,1.00000,,,,0.12802,0.02096,0.23507,104,"Brent spot, from 2005"
2231,MARKET,2015-07-03,1.00000,,,,0.12569,0.01915,0.23223,104,"Brent spot, from 2005"
2232,MARKET,2015-07-10,1.00000,,,,0.12129,0.01560,0.22699,104,"Brent spot, from 2005"
2233,MARKET,2015-07-17,1.00000,,,,0.11833,0.01268,0.22397,104,"Brent spot, from 2005"
2234,MARKET,2015-07-24,1.00000,,,,0.12017,0.01553,0.22481,104,"Brent spot, from 2005"
2235,MARKET,2015-07-31,1.00000,,,,0.12052,0.01597,0.22507,104,"Brent spot, from 2005"
2236,MARKET,2015-08-07,1.00000,,,,0.11626,0.02009,0.21243,104,"Brent spot, from 2005"
2237,MARKET,2015-08-14,1.00000,,,,0.11371,0.01704,0.21038,104,"Brent spot, from 2005"
2238,MARKET,2015-08-21,1.00000,,,,0.13270,0.03757,0.22783,104,"Brent spot, from 2005"
2239,MARKET,2015-08-28,1.00000,,,,0.13593,0.04537,0.22649,104,"Brent spot, from 2005"
2240,MARKET,2015-09-04,1.00000,,,,0.13202,0.04277,0.22127,104,"Brent spot, from 2005"
2241,MARKET,2015-09-11,1.00000,,,,0.13391,0.04493,0.22290,104,"Brent spot, from 2005"
2242,MARKET,2015-09-18,1.00000,,,,0.13577,0.04642,0.22511,104,"Brent spot, from 2005"
2243,MARKET,2015-09-25,1.00000,,,,0.13533,0.04599,0.22467,104,"Brent spot, from 2005"
2244,MARKET,2015-10-02,1.00000,,,,0.13540,0.04615,0.22466,104,"Brent spot, from 2005"
2245,MARKET,2015-10-09,1.00000,,,,0.16592,0.06370,0.26814,104,"Brent spot, from 2005"
2246,MARKET,2015-10-16,1.00000,,,,0.16665,0.06639,0.26692,104,"Brent spot, from 2005"
2247,MARKET,2015-10-23,1.00000,,,,0.16622,0.07093,0.26150,104,"Brent spot, from 2005"
2248,MARKET,2015-10-30,1.00000,,,,0.16127,0.06796,0.25458,104,"Brent spot, from 2005"
2249,MARKET,2015-11-06,1.00000,,,,0.15747,0.06416,0.25078,104,"Brent spot, from 2005"
2250,MARKET,2015-11-13,1.00000,,,,0.16449,0.07539,0.25359,104,"Brent spot, from 2005"
2251,MARKET,2015-11-20,1.00000,,,,0.17025,0.08011,0.26039,104,"Brent spot, from 2005"
2252,MARKET,2015-11-27,1.00000,,,,0.16938,0.07966,0.25910,104,"Brent spot, from 2005"
2253,MARKET,2015-12-04,1.00000,,,,0.17307,0.08295,0.26320,104,"Brent spot, from 2005"
2254,MARKET,2015-12-11,1.00000,,,,0.18065,0.09208,0.26922,104,"Brent spot, from 2005"
2255,MARKET,2015-12-18,1.00000,,,,0.17846,0.08968,0.26724,104,"Brent spot, from 2005"
2256,MARKET,2015-12-25,1.00000,,,,0.17529,0.08730,0.26329,104,"Brent spot, from 2005"
2257,MARKET,2016-01-01,1.00000,,,,0.17599,0.08706,0.26492,104,"Brent spot, from 2005"
2258,MARKET,2016-01-08,1.00000,,,,0.20640,0.10126,0.31154,104,"Brent spot, from 2005"
2259,MARKET,2016-01-15,1.00000,,,,0.21853,0.10326,0.33381,104,"Brent spot, from 2005"
2260,MARKET,2016-01-22,1.00000,,,,0.22628,0.10696,0.34560,104,"Brent spot, from 2005"
2261,MARKET,2016-01-29,1.00000,,,,0.22361,0.11049,0.33672,104,"Brent spot, from 2005"
2262,MARKET,2016-02-05,1.00000,,,,0.22133,0.10845,0.33420,104,"Brent spot, from 2005"
2263,MARKET,2016-02-12,1.00000,,,,0.22294,0.11057,0.33530,104,"Brent spot, from 2005"
2264,MARKET,2016-02-19,1.00000,,,,0.22398,0.11101,0.33694,104,"Brent spot, from 2005"
2265,MARKET,2016-02-26,1.00000,,,,0.22339,0.11787,0.32892,104,"Brent spot, from 2005"
2266,MARKET,2016-03-04,1.00000,,,,0.22921,0.12380,0.33461,104,"Brent spot, from 2005"
2267,MARKET,2016-03-11,1.00000,,,,0.22503,0.12104,0.32902,104,"Brent spot, from 2005"
2268,MARKET,2016-03-18,1.00000,,,,0.22503,0.12120,0.32887,104,"Brent spot, from 2005"
2269,MARKET,2016-03-25,1.00000,,,,0.22490,0.12122,0.32858,104,"Brent spot, from 2005"
2270,MARKET,2016-04-01,1.00000,,,,0.22839,0.12610,0.33067,104,"Brent spot, from 2005"
2271,MARKET,2016-04-08,1.00000,,,,0.21589,0.11532,0.31645,104,"Brent spot, from 2005"
2272,MARKET,2016-04-15,1.00000,,,,0.21725,0.11726,0.31724,104,"Brent spot, from 2005"
2273,MARKET,2016-04-22,1.00000,,,,0.21702,0.11890,0.31514,104,"Brent spot, from 2005"
2274,MARKET,2016-04-29,1.00000,,,,0.21753,0.12026,0.31480,104,"Brent spot, from 2005"
2275,MARKET,2016-05-06,1.00000,,,,0.21838,0.12144,0.31533,104,"Brent spot, from 2005"
2276,MARKET,2016-05-13,1.00000,,,,0.21589,0.11996,0.31182,104,"Brent spot, from 2005"
2277,MARKET,2016-05-20,1.00000,,,,0.21642,0.12091,0.31194,104,"Brent spot, from 2005"
2278,MARKET,2016-05-27,1.00000,,,,0.21768,0.12207,0.31329,104,"Brent spot, from 2005"
2279,MARKET,2016-06-03,1.00000,,,,0.21725,0.12195,0.31255,104,"Brent spot, from 2005"
2280,MARKET,2016-06-10,1.00000,,,,0.21651,0.12105,0.31198,104,"Brent spot, from 2005"
2281,MARKET,2016-06-17,1.00000,,,,0.21815,0.12407,0.31223,104,"Brent spot, from 2005"
2282,MARKET,2016-06-24,1.00000,,,,0.21765,0.12338,0.31192,104,"Brent spot, from 2005"
2283,MARKET,2016-07-01,1.00000,,,,0.22239,0.12749,0.31728,104,"Brent spot, from 2005"
2284,MARKET,2016-07-08,1.00000,,,,0.21791,0.12434,0.31148,104,"Brent spot, from 2005"
2285,MARKET,2016-07-15,1.00000,,,,0.21907,0.12592,0.31221,104,"Brent spot, from 2005"
2286,MARKET,2016-07-22,1.00000,,,,0.21711,0.12455,0.30968,104,"Brent spot, from 2005"
2287,MARKET,2016-07-29,1.00000,,,,0.21655,0.12555,0.30754,104,"Brent spot, from 2005"
2288,MARKET,2016-08-05,1.00000,,,,0.21558,0.12498,0.30619,104,"Brent spot, from 2005"
2289,MARKET,2016-08-12,1.00000,,,,0.21634,0.12692,0.30575,104,"Brent spot, from 2005"
2290,MARKET,2016-08-19,1.00000,,,,0.20532,0.11542,0.29522,104,"Brent spot, from 2005"
2291,MARKET,2016-08-26,1.00000,,,,0.20543,0.11558,0.29527,104,"Brent spot, from 2005"
2292,MARKET,2016-09-02,1.00000,,,,0.20089,0.11066,0.29112,104,"Brent spot, from 2005"
2293,MARKET,2016-09-09,1.00000,,,,0.19781,0.10684,0.28878,104,"Brent spot, from 2005"
2294,MARKET,2016-09-16,1.00000,,,,0.20097,0.11225,0.28968,104,"Brent spot, from 2005"
2295,MARKET,2016-09-23,1.00000,,,,0.20275,0.11405,0.29145,104,"Brent spot, from 2005"
2296,MARKET,2016-09-30,1.00000,,,,0.19908,0.11055,0.28762,104,"Brent spot, from 2005"
2297,MARKET,2016-10-07,1.00000,,,,0.19605,0.10766,0.28443,104,"Brent spot, from 2005"
2298,MARKET,2016-10-14,1.00000,,,,0.19535,0.10683,0.28387,104,"Brent spot, from 2005"
2299,MARKET,2016-10-21,1.00000,,,,0.19386,0.10561,0.28210,104,"Brent spot, from 2005"
2300,MARKET,2016-10-28,1.00000,,,,0.19371,0.10612,0.28130,104,"Brent spot, from 2005"
2301,MARKET,2016-11-04,1.00000,,,,0.19596,0.11130,0.28062,104,"Brent spot, from 2005"
2302,MARKET,2016-11-11,1.00000,,,,0.19954,0.11210,0.28697,104,"Brent spot, from 2005"
2303,MARKET,2016-11-18,1.00000,,,,0.19828,0.11212,0.28444,104,"Brent spot, from 2005"
2304,MARKET,2016-11-25,1.00000,,,,0.18495,0.10078,0.26911,104,"Brent spot, from 2005"
2305,MARKET,2016-12-02,1.00000,,,,0.17710,0.09356,0.26064,104,"Brent spot, from 2005"
2306,MARKET,2016-12-09,1.00000,,,,0.16954,0.08090,0.25817,104,"Brent spot, from 2005"
2307,MARKET,2016-12-16,1.00000,,,,0.17682,0.09173,0.26192,104,"Brent spot, from 2005"
2308,MARKET,2016-12-23,1.00000,,,,0.17676,0.09172,0.26179,104,"Brent spot, from 2005"
2309,MARKET,2016-12-30,1.00000,,,,0.17756,0.09175,0.26338,104,"Brent spot, from 2005"
2310,MARKET,2017-01-06,1.00000,,,,0.19134,0.10470,0.27797,104,"Brent spot, from 2005"
2311,MARKET,2017-01-13,1.00000,,,,0.19068,0.10415,0.27721,104,"Brent spot, from 2005"
2312,MARKET,2017-01-20,1.00000,,,,0.19300,0.10735,0.27866,104,"Brent spot, from 2005"
2313,MARKET,2017-01-27,1.00000,,,,0.19368,0.10785,0.27951,104,"Brent spot, from 2005"
2314,MARKET,2017-02-03,1.00000,,,,0.19302,0.09995,0.28608,104,"Brent spot, from 2005"
2315,MARKET,2017-02-10,1.00000,,,,0.19735,0.10339,0.29131,104,"Brent spot, from 2005"
2316,MARKET,2017-02-17,1.00000,,,,0.19816,0.10439,0.29193,104,"Brent spot, from 2005"
2317,MARKET,2017-02-24,1.00000,,,,0.19820,0.10441,0.29200,104,"Brent spot, from 2005"
2318,MARKET,2017-03-03,1.00000,,,,0.19987,0.10584,0.29389,104,"Brent spot, from 2005"
2319,MARKET,2017-03-10,1.00000,,,,0.19547,0.09993,0.29102,104,"Brent spot, from 2005"
2320,MARKET,2017-03-17,1.00000,,,,0.19670,0.10149,0.29190,104,"Brent spot, from 2005"
2321,MARKET,2017-03-24,1.00000,,,,0.20094,0.10589,0.29599,104,"Brent spot, from 2005"
2322,MARKET,2017-03-31,1.00000,,,,0.19842,0.10368,0.29316,104,"Brent spot, from 2005"
2323,MARKET,2017-04-07,1.00000,,,,0.19466,0.09987,0.28945,104,"Brent spot, from 2005"
2324,MARKET,2017-04-14,1.00000,,,,0.20144,0.10627,0.29662,104,"Brent spot, from 2005"
2325,MARKET,2017-04-21,1.00000,,,,0.20283,0.11055,0.29511,104,"Brent spot, from 2005"
2326,MARKET,2017-04-28,1.00000,,,,0.20367,0.11094,0.29640,104,"Brent spot, from 2005"
2327,MARKET,2017-05-05,1.00000,,,,0.20026,0.10756,0.29297,104,"Brent spot, from 2005"
2328,MARKET,2017-05-12,1.00000,,,,0.20104,0.10872,0.29335,104,"Brent spot, from 2005"
2329,MARKET,2017-05-19,1.00000,,,,0.19742,0.10617,0.28868,104,"Brent spot, from 2005"
2330,MARKET,2017-05-26,1.00000,,,,0.19682,0.10560,0.28804,104,"Brent spot, from 2005"
2331,MARKET,2017-06-02,1.00000,,,,0.19918,0.10889,0.28947,104,"Brent spot, from 2005"
2332,MARKET,2017-06-09,1.00000,,,,0.20470,0.11490,0.29449,104,"Brent spot, from 2005"
2333,MARKET,2017-06-16,1.00000,,,,0.20609,0.11542,0.29677,104,"Brent spot, from 2005"
2334,MARKET,2017-06-23,1.00000,,,,0.20574,0.11558,0.29590,104,"Brent spot, from 2005"
2335,MARKET,2017-06-30,1.00000,,,,0.20295,0.11354,0.29235,104,"Brent spot, from 2005"
2336,MARKET,2017-07-07,1.00000,,,,0.20405,0.11491,0.29319,104,"Brent spot, from 2005"
2337,MARKET,2017-07-14,1.00000,,,,0.20899,0.12033,0.29765,104,"Brent spot, from 2005"
2338,MARKET,2017-07-21,1.00000,,,,0.20831,0.11901,0.29762,104,"Brent spot, from 2005"
2339,MARKET,2017-07-28,1.00000,,,,0.20661,0.11950,0.29373,104,"Brent spot, from 2005"
2340,MARKET,2017-08-04,1.00000,,,,0.21399,0.12320,0.30477,104,"Brent spot, from 2005"
2341,MARKET,2017-08-11,1.00000,,,,0.21542,0.12441,0.30643,104,"Brent spot, from 2005"
2342,MARKET,2017-08-18,1.00000,,,,0.20652,0.11269,0.30034,104,"Brent spot, from 2005"
2343,MARKET,2017-08-25,1.00000,,,,0.20893,0.11286,0.30500,104,"Brent spot, from 2005"
2344,MARKET,2017-09-01,1.00000,,,,0.21138,0.11498,0.30778,104,"Brent spot, from 2005"
2345,MARKET,2017-09-08,1.00000,,,,0.21042,0.11371,0.30713,104,"Brent spot, from 2005"
2346,MARKET,2017-09-15,1.00000,,,,0.21128,0.11477,0.30778,104,"Brent spot, from 2005"
2347,MARKET,2017-09-22,1.00000,,,,0.21233,0.11588,0.30878,104,"Brent spot, from 2005"
2348,MARKET,2017-09-29,1.00000,,,,0.21139,0.11476,0.30802,104,"Brent spot, from 2005"
2349,MARKET,2017-10-06,1.00000,,,,0.19515,0.09537,0.29493,104,"Brent spot, from 2005"
2350,MARKET,2017-10-13,1.00000,,,,0.19593,0.09468,0.29718,104,"Brent spot, from 2005"
2351,MARKET,2017-10-20,1.00000,,,,0.20146,0.10087,0.30206,104,"Brent spot, from 2005"
2352,MARKET,2017-10-27,1.00000,,,,0.20439,0.10393,0.30484,104,"Brent spot, from 2005"
2353,MARKET,2017-11-03,1.00000,,,,0.20956,0.10847,0.31064,104,"Brent spot, from 2005"
2354,MARKET,2017-11-10,1.00000,,,,0.20118,0.09665,0.30572,104,"Brent spot, from 2005"
2355,MARKET,2017-11-17,1.00000,,,,0.20191,0.09949,0.30433,104,"Brent spot, from 2005"
2356,MARKET,2017-11-24,1.00000,,,,0.20163,0.09943,0.30384,104,"Brent spot, from 2005"
2357,MARKET,2017-12-01,1.00000,,,,0.19933,0.09627,0.30239,104,"Brent spot, from 2005"
2358,MARKET,2017-12-08,1.00000,,,,0.19424,0.08584,0.30264,104,"Brent spot, from 2005"
2359,MARKET,2017-12-15,1.00000,,,,0.19372,0.08524,0.30221,104,"Brent spot, from 2005"
2360,MARKET,2017-12-22,1.00000,,,,0.19826,0.08619,0.31032,104,"Brent spot, from 2005"
2361,MARKET,2017-12-29,1.00000,,,,0.19875,0.08651,0.31100,104,"Brent spot, from 2005"
2362,MARKET,2018-01-05,1.00000,,,,0.16597,0.09071,0.24122,104,"Brent spot, from 2005"
2363,MARKET,2018-01-12,1.00000,,,,0.14684,0.08564,0.20804,104,"Brent spot, from 2005"
2364,MARKET,2018-01-19,1.00000,,,,0.14279,0.08315,0.20243,104,"Brent spot, from 2005"
2365,MARKET,2018-01-26,1.00000,,,,0.14122,0.08017,0.20227,104,"Brent spot, from 2005"
2366,MARKET,2018-02-02,1.00000,,,,0.14439,0.08321,0.20557,104,"Brent spot, from 2005"
2367,MARKET,2018-02-09,1.00000,,,,0.14365,0.08448,0.20282,104,"Brent spot, from 2005"
2368,MARKET,2018-02-16,1.00000,,,,0.14783,0.08688,0.20878,104,"Brent spot, from 2005"
2369,MARKET,2018-02-23,1.00000,,,,0.14411,0.08102,0.20720,104,"Brent spot, from 2005"
2370,MARKET,2018-03-02,1.00000,,,,0.14549,0.07936,0.21162,104,"Brent spot, from 2005"
2371,MARKET,2018-03-09,1.00000,,,,0.14993,0.08150,0.21836,104,"Brent spot, from 2005"
2372,MARKET,2018-03-16,1.00000,,,,0.15129,0.08261,0.21997,104,"Brent spot, from 2005"
2373,MARKET,2018-03-23,1.00000,,,,0.14442,0.07861,0.21022,104,"Brent spot, from 2005"
2374,MARKET,2018-03-30,1.00000,,,,0.13580,0.06649,0.20511,104,"Brent spot, from 2005"
2375,MARKET,2018-04-06,1.00000,,,,0.14841,0.07559,0.22123,104,"Brent spot, from 2005"
2376,MARKET,2018-04-13,1.00000,,,,0.15357,0.08407,0.22306,104,"Brent spot, from 2005"
2377,MARKET,2018-04-20,1.00000,,,,0.15207,0.08195,0.22219,104,"Brent spot, from 2005"
2378,MARKET,2018-04-27,1.00000,,,,0.15065,0.08039,0.22091,104,"Brent spot, from 2005"
2379,MARKET,2018-05-04,1.00000,,,,0.14805,0.07769,0.21841,104,"Brent spot, from 2005"
2380,MARKET,2018-05-11,1.00000,,,,0.15170,0.07985,0.22355,104,"Brent spot, from 2005"
2381,MARKET,2018-05-18,1.00000,,,,0.15138,0.07932,0.22343,104,"Brent spot, from 2005"
2382,MARKET,2018-05-25,1.00000,,,,0.15541,0.08299,0.22784,104,"Brent spot, from 2005"
2383,MARKET,2018-06-01,1.00000,,,,0.15035,0.07924,0.22145,104,"Brent spot, from 2005"
2384,MARKET,2018-06-08,1.00000,,,,0.15216,0.07983,0.22449,104,"Brent spot, from 2005"
2385,MARKET,2018-06-15,1.00000,,,,0.14440,0.07325,0.21555,104,"Brent spot, from 2005"
2386,MARKET,2018-06-22,1.00000,,,,0.14211,0.07137,0.21285,104,"Brent spot, from 2005"
2387,MARKET,2018-06-29,1.00000,,,,0.13648,0.06692,0.20603,104,"Brent spot, from 2005"
2388,MARKET,2018-07-06,1.00000,,,,0.13838,0.06700,0.20977,104,"Brent spot, from 2005"
2389,MARKET,2018-07-13,1.00000,,,,0.13661,0.06567,0.20755,104,"Brent spot, from 2005"
2390,MARKET,2018-07-20,1.00000,,,,0.13809,0.06643,0.20976,104,"Brent spot, from 2005"
2391,MARKET,2018-07-27,1.00000,,,,0.13394,0.05837,0.20951,104,"Brent spot, from 2005"
2392,MARKET,2018-08-03,1.00000,,,,0.13561,0.06082,0.21041,104,"Brent spot, from 2005"
2393,MARKET,2018-08-10,1.00000,,,,0.13365,0.05718,0.21012,104,"Brent spot, from 2005"
2394,MARKET,2018-08-17,1.00000,,,,0.15088,0.08048,0.22129,104,"Brent spot, from 2005"
2395,MARKET,2018-08-24,1.00000,,,,0.15342,0.08373,0.22311,104,"Brent spot, from 2005"
2396,MARKET,2018-08-31,1.00000,,,,0.16049,0.08812,0.23286,104,"Brent spot, from 2005"
2397,MARKET,2018-09-07,1.00000,,,,0.16787,0.09176,0.24398,104,"Brent spot, from 2005"
2398,MARKET,2018-09-14,1.00000,,,,0.15871,0.08472,0.23270,104,"Brent spot, from 2005"
2399,MARKET,2018-09-21,1.00000,,,,0.15603,0.08207,0.23000,104,"Brent spot, from 2005"
2400,MARKET,2018-09-28,1.00000,,,,0.15747,0.08357,0.23136,104,"Brent spot, from 2005"
2401,MARKET,2018-10-05,1.00000,,,,0.15425,0.08059,0.22790,104,"Brent spot, from 2005"
2402,MARKET,2018-10-12,1.00000,,,,0.17030,0.09345,0.24716,104,"Brent spot, from 2005"
2403,MARKET,2018-10-19,1.00000,,,,0.17011,0.09320,0.24702,104,"Brent spot, from 2005"
2404,MARKET,2018-10-26,1.00000,,,,0.18402,0.09907,0.26898,104,"Brent spot, from 2005"
2405,MARKET,2018-11-02,1.00000,,,,0.15039,0.06465,0.23614,104,"Brent spot, from 2005"
2406,MARKET,2018-11-09,1.00000,,,,0.15752,0.07462,0.24042,104,"Brent spot, from 2005"
2407,MARKET,2018-11-16,1.00000,,,,0.16186,0.08077,0.24295,104,"Brent spot, from 2005"
2408,MARKET,2018-11-23,1.00000,,,,0.17890,0.09946,0.25834,104,"Brent spot, from 2005"
2409,MARKET,2018-11-30,1.00000,,,,0.20012,0.12814,0.27211,104,"Brent spot, from 2005"
2410,MARKET,2018-12-07,1.00000,,,,0.18552,0.11841,0.25263,104,"Brent spot, from 2005"
2411,MARKET,2018-12-14,1.00000,,,,0.19139,0.12584,0.25694,104,"Brent spot, from 2005"
2412,MARKET,2018-12-21,1.00000,,,,0.19981,0.13979,0.25984,104,"Brent spot, from 2005"
2413,MARKET,2018-12-28,1.00000,,,,0.20006,0.14014,0.25998,104,"Brent spot, from 2005"
2414,MARKET,2019-01-04,1.00000,,,,0.20805,0.14706,0.26904,104,"Brent spot, from 2005"
2415,MARKET,2019-01-11,1.00000,,,,0.20884,0.14902,0.26866,104,"Brent spot, from 2005"
2416,MARKET,2019-01-18,1.00000,,,,0.20955,0.14998,0.26912,104,"Brent spot, from 2005"
2417,MARKET,2019-01-25,1.00000,,,,0.21095,0.15082,0.27108,104,"Brent spot, from 2005"
2418,MARKET,2019-02-01,1.00000,,,,0.21242,0.15238,0.27246,104,"Brent spot, from 2005"
2419,MARKET,2019-02-08,1.00000,,,,0.21223,0.15207,0.27238,104,"Brent spot, from 2005"
2420,MARKET,2019-02-15,1.00000,,,,0.22023,0.15857,0.28189,104,"Brent spot, from 2005"
2421,MARKET,2019-02-22,1.00000,,,,0.22040,0.15882,0.28198,104,"Brent spot, from 2005"
2422,MARKET,2019-03-01,1.00000,,,,0.22014,0.15986,0.28043,104,"Brent spot, from 2005"
2423,MARKET,2019-03-08,1.00000,,,,0.22695,0.16837,0.28554,104,"Brent spot, from 2005"
2424,MARKET,2019-03-15,1.00000,,,,0.22746,0.16900,0.28591,104,"Brent spot, from 2005"
2425,MARKET,2019-03-22,1.00000,,,,0.22634,0.16760,0.28508,104,"Brent spot, from 2005"
2426,MARKET,2019-03-29,1.00000,,,,0.22851,0.16999,0.28703,104,"Brent spot, from 2005"
2427,MARKET,2019-04-05,1.00000,,,,0.23172,0.17348,0.28996,104,"Brent spot, from 2005"
2428,MARKET,2019-04-12,1.00000,,,,0.23087,0.17263,0.28912,104,"Brent spot, from 2005"
2429,MARKET,2019-04-19,1.00000,,,,0.23029,0.16877,0.29181,104,"Brent spot, from 2005"
2430,MARKET,2019-04-26,1.00000,,,,0.23221,0.17112,0.29329,104,"Brent spot, from 2005"
2431,MARKET,2019-05-03,1.00000,,,,0.23863,0.17922,0.29804,104,"Brent spot, from 2005"
2432,MARKET,2019-05-10,1.00000,,,,0.23792,0.17753,0.29831,104,"Brent spot, from 2005"
2433,MARKET,2019-05-17,1.00000,,,,0.24525,0.18547,0.30503,104,"Brent spot, from 2005"
2434,MARKET,2019-05-24,1.00000,,,,0.23761,0.17916,0.29605,104,"Brent spot, from 2005"
2435,MARKET,2019-05-31,1.00000,,,,0.24090,0.18206,0.29974,104,"Brent spot, from 2005"
2436,MARKET,2019-06-07,1.00000,,,,0.23369,0.17291,0.29447,104,"Brent spot, from 2005"
2437,MARKET,2019-06-14,1.00000,,,,0.23341,0.17286,0.29395,104,"Brent spot, from 2005"
2438,MARKET,2019-06-21,1.00000,,,,0.23319,0.17273,0.29365,104,"Brent spot, from 2005"
2439,MARKET,2019-06-28,1.00000,,,,0.23468,0.17256,0.29680,104,"Brent spot, from 2005"
2440,MARKET,2019-07-05,1.00000,,,,0.22372,0.15796,0.28947,104,"Brent spot, from 2005"
2441,MARKET,2019-07-12,1.00000,,,,0.21666,0.14867,0.28466,104,"Brent spot, from 2005"
2442,MARKET,2019-07-19,1.00000,,,,0.21864,0.15462,0.28266,104,"Brent spot, from 2005"
2443,MARKET,2019-07-26,1.00000,,,,0.22150,0.15483,0.28818,104,"Brent spot, from 2005"
2444,MARKET,2019-08-02,1.00000,,,,0.22312,0.15658,0.28967,104,"Brent spot, from 2005"
2445,MARKET,2019-08-09,1.00000,,,,0.22392,0.15873,0.28912,104,"Brent spot, from 2005"
2446,MARKET,2019-08-16,1.00000,,,,0.22078,0.15575,0.28581,104,"Brent spot, from 2005"
2447,MARKET,2019-08-23,1.00000,,,,0.22004,0.15517,0.28492,104,"Brent spot, from 2005"
2448,MARKET,2019-08-30,1.00000,,,,0.22115,0.15671,0.28560,104,"Brent spot, from 2005"
2449,MARKET,2019-09-06,1.00000,,,,0.22257,0.15807,0.28707,104,"Brent spot, from 2005"
2450,MARKET,2019-09-13,1.00000,,,,0.22074,0.15624,0.28524,104,"Brent spot, from 2005"
2451,MARKET,2019-09-20,1.00000,,,,0.22004,0.15616,0.28392,104,"Brent spot, from 2005"
2452,MARKET,2019-09-27,1.00000,,,,0.22554,0.16115,0.28993,104,"Brent spot, from 2005"
2453,MARKET,2019-10-04,1.00000,,,,0.22846,0.16419,0.29273,104,"Brent spot, from 2005"
2454,MARKET,2019-10-11,1.00000,,,,0.22972,0.16507,0.29437,104,"Brent spot, from 2005"
2455,MARKET,2019-10-18,1.00000,,,,0.22935,0.16497,0.29373,104,"Brent spot, from 2005"
2456,MARKET,2019-10-25,1.00000,,,,0.22996,0.16552,0.29440,104,"Brent spot, from 2005"
2457,MARKET,2019-11-01,1.00000,,,,0.22735,0.16280,0.29190,104,"Brent spot, from 2005"
2458,MARKET,2019-11-08,1.00000,,,,0.23384,0.16995,0.29772,104,"Brent spot, from 2005"
2459,MARKET,2019-11-15,1.00000,,,,0.23012,0.16521,0.29503,104,"Brent spot, from 2005"
2460,MARKET,2019-11-22,1.00000,,,,0.23100,0.16590,0.29610,104,"Brent spot, from 2005"
2461,MARKET,2019-11-29,1.00000,,,,0.23186,0.16664,0.29708,104,"Brent spot, from 2005"
2462,MARKET,2019-12-06,1.00000,,,,0.23034,0.16564,0.29505,104,"Brent spot, from 2005"
2463,MARKET,2019-12-13,1.00000,,,,0.23044,0.16575,0.29514,104,"Brent spot, from 2005"
2464,MARKET,2019-12-20,1.00000,,,,0.23065,0.16604,0.29525,104,"Brent spot, from 2005"
2465,MARKET,2019-12-27,1.00000,,,,0.23055,0.16566,0.29545,104,"Brent spot, from 2005"
2466,MARKET,2020-01-03,1.00000,,,,0.22889,0.16381,0.29397,104,"Brent spot, from 2005"
2467,MARKET,2020-01-10,1.00000,,,,0.22804,0.16324,0.29283,104,"Brent spot, from 2005"
2468,MARKET,2020-01-17,1.00000,,,,0.22412,0.15974,0.28849,104,"Brent spot, from 2005"
2469,MARKET,2020-01-24,1.00000,,,,0.22325,0.15936,0.28714,104,"Brent spot, from 2005"
2470,MARKET,2020-01-31,1.00000,,,,0.22468,0.16198,0.28739,104,"Brent spot, from 2005"
2471,MARKET,2020-02-07,1.00000,,,,0.21356,0.15248,0.27463,104,"Brent spot, from 2005"
2472,MARKET,2020-02-14,1.00000,,,,0.21006,0.15002,0.27010,104,"Brent spot, from 2005"
2473,MARKET,2020-02-21,1.00000,,,,0.20910,0.14904,0.26916,104,"Brent spot, from 2005"
2474,MARKET,2020-02-28,1.00000,,,,0.26571,0.14038,0.39105,104,"Brent spot, from 2005"
2475,MARKET,2020-03-06,1.00000,,,,0.26635,0.14569,0.38701,104,"Brent spot, from 2005"
2476,MARKET,2020-03-13,1.00000,,,,0.34919,0.19620,0.50218,104,"Brent spot, from 2005"
2477,MARKET,2020-03-20,1.00000,,,,0.31274,0.19754,0.42794,104,"Brent spot, from 2005"
2478,MARKET,2020-03-27,1.00000,,,,0.30116,0.18614,0.41618,104,"Brent spot, from 2005"
2479,MARKET,2020-04-03,1.00000,,,,0.31096,0.20362,0.41829,104,"Brent spot, from 2005"
2480,MARKET,2020-04-10,1.00000,,,,0.31336,0.20492,0.42181,104,"Brent spot, from 2005"
2481,MARKET,2020-04-17,1.00000,,,,0.26400,0.10950,0.41851,104,"Brent spot, from 2005"
2482,MARKET,2020-04-24,1.00000,,,,0.24564,0.08443,0.40684,104,"Brent spot, from 2005"
2483,MARKET,2020-05-01,1.00000,,,,0.24974,0.09831,0.40118,104,"Brent spot, from 2005"
2484,MARKET,2020-05-08,1.00000,,,,0.19876,0.02079,0.37673,104,"Brent spot, from 2005"
2485,MARKET,2020-05-15,1.00000,,,,0.17778,-0.00155,0.35712,104,"Brent spot, from 2005"
2486,MARKET,2020-05-22,1.00000,,,,0.17925,0.00265,0.35584,104,"Brent spot, from 2005"
2487,MARKET,2020-05-29,1.00000,,,,0.18057,0.00405,0.35709,104,"Brent spot, from 2005"
2488,MARKET,2020-06-05,1.00000,,,,0.18861,0.02098,0.35623,104,"Brent spot, from 2005"
2489,MARKET,2020-06-12,1.00000,,,,0.19098,0.02397,0.35799,104,"Brent spot, from 2005"
2490,MARKET,2020-06-19,1.00000,,,,0.18835,0.02410,0.35260,104,"Brent spot, from 2005"
2491,MARKET,2020-06-26,1.00000,,,,0.19007,0.02541,0.35473,104,"Brent spot, from 2005"
2492,MARKET,2020-07-03,1.00000,,,,0.19019,0.02584,0.35455,104,"Brent spot, from 2005"
2493,MARKET,2020-07-10,1.00000,,,,0.19015,0.02578,0.35452,104,"Brent spot, from 2005"
2494,MARKET,2020-07-17,1.00000,,,,0.19118,0.02574,0.35663,104,"Brent spot, from 2005"
2495,MARKET,2020-07-24,1.00000,,,,0.19056,0.02512,0.35599,104,"Brent spot, from 2005"
2496,MARKET,2020-07-31,1.00000,,,,0.19070,0.02537,0.35603,104,"Brent spot, from 2005"
2497,MARKET,2020-08-07,1.00000,,,,0.19203,0.02617,0.35790,104,"Brent spot, from 2005"
2498,MARKET,2020-08-14,1.00000,,,,0.19245,0.02612,0.35879,104,"Brent spot, from 2005"
2499,MARKET,2020-08-21,1.00000,,,,0.19199,0.02535,0.35863,104,"Brent spot, from 2005"
2500,MARKET,2020-08-28,1.00000,,,,0.19224,0.02542,0.35906,104,"Brent spot, from 2005"
2501,MARKET,2020-09-04,1.00000,,,,0.19232,0.02739,0.35726,104,"Brent spot, from 2005"
2502,MARKET,2020-09-11,1.00000,,,,0.19013,0.02572,0.35453,104,"Brent spot, from 2005"
2503,MARKET,2020-09-18,1.00000,,,,0.18893,0.02657,0.35129,104,"Brent spot, from 2005"
2504,MARKET,2020-09-25,1.00000,,,,0.18938,0.02730,0.35147,104,"Brent spot, from 2005"
2505,MARKET,2020-10-02,1.00000,,,,0.18740,0.02553,0.34927,104,"Brent spot, from 2005"
2506,MARKET,2020-10-09,1.00000,,,,0.18686,0.02570,0.34802,104,"Brent spot, from 2005"
2507,MARKET,2020-10-16,1.00000,,,,0.18684,0.02590,0.34778,104,"Brent spot, from 2005"
2508,MARKET,2020-10-23,1.00000,,,,0.18543,0.02386,0.34699,104,"Brent spot, from 2005"
2509,MARKET,2020-10-30,1.00000,,,,0.19547,0.03518,0.35575,104,"Brent spot, from 2005"
2510,MARKET,2020-11-06,1.00000,,,,0.19778,0.03665,0.35892,104,"Brent spot, from 2005"
2511,MARKET,2020-11-13,1.00000,,,,0.20174,0.03950,0.36398,104,"Brent spot, from 2005"
2512,MARKET,2020-11-20,1.00000,,,,0.19932,0.03403,0.36460,104,"Brent spot, from 2005"
2513,MARKET,2020-11-27,1.00000,,,,0.20170,0.03669,0.36670,104,"Brent spot, from 2005"
2514,MARKET,2020-12-04,1.00000,,,,0.20349,0.03764,0.36934,104,"Brent spot, from 2005"
2515,MARKET,2020-12-11,1.00000,,,,0.20294,0.03648,0.36940,104,"Brent spot, from 2005"
2516,MARKET,2020-12-18,1.00000,,,,0.20151,0.03185,0.37116,104,"Brent spot, from 2005"
2517,MARKET,2020-12-25,1.00000,,,,0.20125,0.03143,0.37108,104,"Brent spot, from 2005"
2518,MARKET,2021-01-01,1.00000,,,,0.19891,0.02744,0.37038,104,"Brent spot, from 2005"
2519,MARKET,2021-01-08,1.00000,,,,0.19929,0.02753,0.37105,104,"Brent spot, from 2005"
2520,MARKET,2021-01-15,1.00000,,,,0.19877,0.02694,0.37059,104,"Brent spot, from 2005"
2521,MARKET,2021-01-22,1.00000,,,,0.19876,0.02642,0.37109,104,"Brent spot, from 2005"
2522,MARKET,2021-01-29,1.00000,,,,0.19912,0.02735,0.37089,104,"Brent spot, from 2005"
2523,MARKET,2021-02-05,1.00000,,,,0.20048,0.02925,0.37171,104,"Brent spot, from 2005"
2524,MARKET,2021-02-12,1.00000,,,,0.19694,0.02648,0.36740,104,"Brent spot, from 2005"
2525,MARKET,2021-02-19,1.00000,,,,0.19687,0.02642,0.36732,104,"Brent spot, from 2005"
2526,MARKET,2021-02-26,1.00000,,,,0.19720,0.02641,0.36798,104,"Brent spot, from 2005"
2527,MARKET,2021-03-05,1.00000,,,,0.19938,0.02832,0.37044,104,"Brent spot, from 2005"
2528,MARKET,2021-03-12,1.00000,,,,0.19877,0.02783,0.36972,104,"Brent spot, from 2005"
2529,MARKET,2021-03-19,1.00000,,,,0.19865,0.02899,0.36830,104,"Brent spot, from 2005"
2530,MARKET,2021-03-26,1.00000,,,,0.19931,0.02919,0.36944,104,"Brent spot, from 2005"
2531,MARKET,2021-04-02,1.00000,,,,0.19858,0.02860,0.36855,104,"Brent spot, from 2005"
2532,MARKET,2021-04-09,1.00000,,,,0.19854,0.02847,0.36861,104,"Brent spot, from 2005"
2533,MARKET,2021-04-16,1.00000,,,,0.19913,0.02978,0.36848,104,"Brent spot, from 2005"
2534,MARKET,2021-04-23,1.00000,,,,0.19917,0.02987,0.36846,104,"Brent spot, from 2005"
2535,MARKET,2021-04-30,1.00000,,,,0.19910,0.02990,0.36830,104,"Brent spot, from 2005"
2536,MARKET,2021-05-07,1.00000,,,,0.19924,0.02964,0.36883,104,"Brent spot, from 2005"
2537,MARKET,2021-05-14,1.00000,,,,0.19881,0.02941,0.36821,104,"Brent spot, from 2005"
2538,MARKET,2021-05-21,1.00000,,,,0.19847,0.02681,0.37012,104,"Brent spot, from 2005"
2539,MARKET,2021-05-28,1.00000,,,,0.19804,0.02602,0.37005,104,"Brent spot, from 2005"
2540,MARKET,2021-06-04,1.00000,,,,0.19990,0.02756,0.37224,104,"Brent spot, from 2005"
2541,MARKET,2021-06-11,1.00000,,,,0.19960,0.02719,0.37201,104,"Brent spot, from 2005"
2542,MARKET,2021-06-18,1.00000,,,,0.19907,0.02684,0.37130,104,"Brent spot, from 2005"
2543,MARKET,2021-06-25,1.00000,,,,0.20065,0.02796,0.37335,104,"Brent spot, from 2005"
2544,MARKET,2021-07-02,1.00000,,,,0.20283,0.02985,0.37580,104,"Brent spot, from 2005"
2545,MARKET,2021-07-09,1.00000,,,,0.20356,0.03011,0.37701,104,"Brent spot, from 2005"
2546,MARKET,2021-07-16,1.00000,,,,0.20273,0.02749,0.37796,104,"Brent spot, from 2005"
2547,MARKET,2021-07-23,1.00000,,,,0.20277,0.02748,0.37807,104,"Brent spot, from 2005"
2548,MARKET,2021-07-30,1.00000,,,,0.20192,0.02665,0.37719,104,"Brent spot, from 2005"
2549,MARKET,2021-08-06,1.00000,,,,0.19781,0.02336,0.37226,104,"Brent spot, from 2005"
2550,MARKET,2021-08-13,1.00000,,,,0.19854,0.02339,0.37370,104,"Brent spot, from 2005"
2551,MARKET,2021-08-20,1.00000,,,,0.19978,0.02670,0.37285,104,"Brent spot, from 2005"
2552,MARKET,2021-08-27,1.00000,,,,0.19971,0.02855,0.37087,104,"Brent spot, from 2005"
2553,MARKET,2021-09-03,1.00000,,,,0.19960,0.02866,0.37055,104,"Brent spot, from 2005"
2554,MARKET,2021-09-10,1.00000,,,,0.19980,0.02939,0.37020,104,"Brent spot, from 2005"
2555,MARKET,2021-09-17,1.00000,,,,0.19877,0.02825,0.36930,104,"Brent spot, from 2005"
2556,MARKET,2021-09-24,1.00000,,,,0.19787,0.02675,0.36900,104,"Brent spot, from 2005"
2557,MARKET,2021-10-01,1.00000,,,,0.19721,0.02512,0.36931,104,"Brent spot, from 2005"
2558,MARKET,2021-10-08,1.00000,,,,0.19656,0.02495,0.36817,104,"Brent spot, from 2005"
2559,MARKET,2021-10-15,1.00000,,,,0.19737,0.02553,0.36920,104,"Brent spot, from 2005"
2560,MARKET,2021-10-22,1.00000,,,,0.19740,0.02521,0.36959,104,"Brent spot, from 2005"
2561,MARKET,2021-10-29,1.00000,,,,0.19839,0.02642,0.37036,104,"Brent spot, from 2005"
2562,MARKET,2021-11-05,1.00000,,,,0.19769,0.02529,0.37009,104,"Brent spot, from 2005"
2563,MARKET,2021-11-12,1.00000,,,,0.19820,0.02540,0.37100,104,"Brent spot, from 2005"
2564,MARKET,2021-11-19,1.00000,,,,0.19843,0.02602,0.37085,104,"Brent spot, from 2005"
2565,MARKET,2021-11-26,1.00000,,,,0.20150,0.03166,0.37133,104,"Brent spot, from 2005"
2566,MARKET,2021-12-03,1.00000,,,,0.20159,0.03170,0.37148,104,"Brent spot, from 2005"
2567,MARKET,2021-12-10,1.00000,,,,0.20114,0.03206,0.37023,104,"Brent spot, from 2005"
2568,MARKET,2021-12-17,1.00000,,,,0.20126,0.03277,0.36975,104,"Brent spot, from 2005"
2569,MARKET,2021-12-24,1.00000,,,,0.20195,0.03354,0.37035,104,"Brent spot, from 2005"
2570,MARKET,2021-12-31,1.00000,,,,0.20181,0.03371,0.36990,104,"Brent spot, from 2005"
2571,MARKET,2022-01-07,1.00000,,,,0.20152,0.03354,0.36949,104,"Brent spot, from 2005"
2572,MARKET,2022-01-14,1.00000,,,,0.20203,0.03434,0.36972,104,"Brent spot, from 2005"
2573,MARKET,2022-01-21,1.00000,,,,0.20144,0.03297,0.36992,104,"Brent spot, from 2005"
2574,MARKET,2022-01-28,1.00000,,,,0.20008,0.03138,0.36878,104,"Brent spot, from 2005"
2575,MARKET,2022-02-04,1.00000,,,,0.20205,0.03253,0.37157,104,"Brent spot, from 2005"
2576,MARKET,2022-02-11,1.00000,,,,0.20224,0.03195,0.37253,104,"Brent spot, from 2005"
2577,MARKET,2022-02-18,1.00000,,,,0.20268,0.03286,0.37251,104,"Brent spot, from 2005"
2578,MARKET,2022-02-25,1.00000,,,,0.18373,0.02745,0.34002,104,"Brent spot, from 2005"
2579,MARKET,2022-03-04,1.00000,,,,0.16897,0.02253,0.31541,104,"Brent spot, from 2005"
2580,MARKET,2022-03-11,1.00000,,,,0.10087,0.01141,0.19032,104,"Brent spot, from 2005"
2581,MARKET,2022-03-18,1.00000,,,,0.10295,0.00253,0.20336,104,"Brent spot, from 2005"
2582,MARKET,2022-03-25,1.00000,,,,0.10620,0.00070,0.21170,104,"Brent spot, from 2005"
2583,MARKET,2022-04-01,1.00000,,,,0.09471,-0.00231,0.19174,104,"Brent spot, from 2005"
2584,MARKET,2022-04-08,1.00000,,,,0.09319,-0.00301,0.18940,104,"Brent spot, from 2005"
2585,MARKET,2022-04-15,1.00000,,,,0.11239,0.01218,0.21260,104,"Brent spot, from 2005"
2586,MARKET,2022-04-22,1.00000,,,,0.11799,0.00758,0.22839,104,"Brent spot, from 2005"
2587,MARKET,2022-04-29,1.00000,,,,0.10915,-0.01010,0.22839,104,"Brent spot, from 2005"
2588,MARKET,2022-05-06,1.00000,,,,0.15173,0.05454,0.24892,104,"Brent spot, from 2005"
2589,MARKET,2022-05-13,1.00000,,,,0.18484,0.07374,0.29593,104,"Brent spot, from 2005"
2590,MARKET,2022-05-20,1.00000,,,,0.18196,0.07045,0.29347,104,"Brent spot, from 2005"
2591,MARKET,2022-05-27,1.00000,,,,0.18496,0.07397,0.29594,104,"Brent spot, from 2005"
2592,MARKET,2022-06-03,1.00000,,,,0.16555,0.05459,0.27651,104,"Brent spot, from 2005"
2593,MARKET,2022-06-10,1.00000,,,,0.15785,0.04646,0.26925,104,"Brent spot, from 2005"
2594,MARKET,2022-06-17,1.00000,,,,0.17148,0.05602,0.28693,104,"Brent spot, from 2005"
2595,MARKET,2022-06-24,1.00000,,,,0.17077,0.05457,0.28696,104,"Brent spot, from 2005"
2596,MARKET,2022-07-01,1.00000,,,,0.17087,0.05410,0.28764,104,"Brent spot, from 2005"
2597,MARKET,2022-07-08,1.00000,,,,0.16569,0.05169,0.27968,104,"Brent spot, from 2005"
2598,MARKET,2022-07-15,1.00000,,,,0.16826,0.05400,0.28252,104,"Brent spot, from 2005"
2599,MARKET,2022-07-22,1.00000,,,,0.15838,0.04579,0.27097,104,"Brent spot, from 2005"
2600,MARKET,2022-07-29,1.00000,,,,0.16146,0.04957,0.27336,104,"Brent spot, from 2005"
2601,MARKET,2022-08-05,1.00000,,,,0.15686,0.05070,0.26303,104,"Brent spot, from 2005"
2602,MARKET,2022-08-12,1.00000,,,,0.15685,0.05096,0.26275,104,"Brent spot, from 2005"
2603,MARKET,2022-08-19,1.00000,,,,0.15159,0.04829,0.25490,104,"Brent spot, from 2005"
2604,MARKET,2022-08-26,1.00000,,,,0.15133,0.04839,0.25428,104,"Brent spot, from 2005"
2605,MARKET,2022-09-02,1.00000,,,,0.15483,0.05000,0.25966,104,"Brent spot, from 2005"
2606,MARKET,2022-09-09,1.00000,,,,0.16155,0.05424,0.26886,104,"Brent spot, from 2005"
2607,MARKET,2022-09-16,1.00000,,,,0.16585,0.05548,0.27623,104,"Brent spot, from 2005"
2608,MARKET,2022-09-23,1.00000,,,,0.17294,0.05767,0.28820,104,"Brent spot, from 2005"
2609,MARKET,2022-09-30,1.00000,,,,0.17828,0.06019,0.29638,104,"Brent spot, from 2005"
2610,MARKET,2022-10-07,1.00000,,,,0.17894,0.06185,0.29603,104,"Brent spot, from 2005"
2611,MARKET,2022-10-14,1.00000,,,,0.18120,0.06572,0.29669,104,"Brent spot, from 2005"
2612,MARKET,2022-10-21,1.00000,,,,0.17940,0.06500,0.29380,104,"Brent spot, from 2005"
2613,MARKET,2022-10-28,1.00000,,,,0.16433,0.05935,0.26932,104,"Brent spot, from 2005"
2614,MARKET,2022-11-04,1.00000,,,,0.16291,0.06011,0.26571,104,"Brent spot, from 2005"
2615,MARKET,2022-11-11,1.00000,,,,0.15191,0.05524,0.24857,104,"Brent spot, from 2005"
2616,MARKET,2022-11-18,1.00000,,,,0.15236,0.05827,0.24644,104,"Brent spot, from 2005"
2617,MARKET,2022-11-25,1.00000,,,,0.13539,0.04634,0.22445,104,"Brent spot, from 2005"
2618,MARKET,2022-12-02,1.00000,,,,0.13701,0.04715,0.22686,104,"Brent spot, from 2005"
2619,MARKET,2022-12-09,1.00000,,,,0.13526,0.05112,0.21939,104,"Brent spot, from 2005"
2620,MARKET,2022-12-16,1.00000,,,,0.13113,0.04712,0.21513,104,"Brent spot, from 2005"
2621,MARKET,2022-12-23,1.00000,,,,0.13239,0.04800,0.21678,104,"Brent spot, from 2005"
2622,MARKET,2022-12-30,1.00000,,,,0.13315,0.04849,0.21781,104,"Brent spot, from 2005"
2623,MARKET,2023-01-06,1.00000,,,,0.12966,0.04778,0.21155,104,"Brent spot, from 2005"
2624,MARKET,2023-01-13,1.00000,,,,0.12810,0.04781,0.20839,104,"Brent spot, from 2005"
2625,MARKET,2023-01-20,1.00000,,,,0.12657,0.04679,0.20635,104,"Brent spot, from 2005"
2626,MARKET,2023-01-27,1.00000,,,,0.12448,0.04537,0.20359,104,"Brent spot, from 2005"
2627,MARKET,2023-02-03,1.00000,,,,0.11502,0.03852,0.19153,104,"Brent spot, from 2005"
2628,MARKET,2023-02-10,1.00000,,,,0.11959,0.04322,0.19595,104,"Brent spot, from 2005"
2629,MARKET,2023-02-17,1.00000,,,,0.12014,0.04439,0.19590,104,"Brent spot, from 2005"
2630,MARKET,2023-02-24,1.00000,,,,0.11924,0.04361,0.19486,104,"Brent spot, from 2005"
2631,MARKET,2023-03-03,1.00000,,,,0.11660,0.04159,0.19161,104,"Brent spot, from 2005"
2632,MARKET,2023-03-10,1.00000,,,,0.12117,0.04499,0.19736,104,"Brent spot, from 2005"
2633,MARKET,2023-03-17,1.00000,,,,0.13867,0.05218,0.22516,104,"Brent spot, from 2005"
2634,MARKET,2023-03-24,1.00000,,,,0.13705,0.05221,0.22188,104,"Brent spot, from 2005"
2635,MARKET,2023-03-31,1.00000,,,,0.14433,0.05450,0.23416,104,"Brent spot, from 2005"
2636,MARKET,2023-04-07,1.00000,,,,0.14233,0.05495,0.22970,104,"Brent spot, from 2005"
2637,MARKET,2023-04-14,1.00000,,,,0.14115,0.05313,0.22917,104,"Brent spot, from 2005"
2638,MARKET,2023-04-21,1.00000,,,,0.14182,0.05442,0.22923,104,"Brent spot, from 2005"
2639,MARKET,2023-04-28,1.00000,,,,0.14074,0.05373,0.22774,104,"Brent spot, from 2005"
2640,MARKET,2023-05-05,1.00000,,,,0.14218,0.05660,0.22775,104,"Brent spot, from 2005"
2641,MARKET,2023-05-12,1.00000,,,,0.14216,0.05671,0.22760,104,"Brent spot, from 2005"
2642,MARKET,2023-05-19,1.00000,,,,0.14567,0.05930,0.23203,104,"Brent spot, from 2005"
2643,MARKET,2023-05-26,1.00000,,,,0.14444,0.05818,0.23070,104,"Brent spot, from 2005"
2644,MARKET,2023-06-02,1.00000,,,,0.14323,0.05719,0.22926,104,"Brent spot, from 2005"
2645,MARKET,2023-06-09,1.00000,,,,0.14311,0.05720,0.22903,104,"Brent spot, from 2005"
2646,MARKET,2023-06-16,1.00000,,,,0.14459,0.05833,0.23084,104,"Brent spot, from 2005"
2647,MARKET,2023-06-23,1.00000,,,,0.14632,0.05999,0.23265,104,"Brent spot, from 2005"
2648,MARKET,2023-06-30,1.00000,,,,0.14709,0.06046,0.23373,104,"Brent spot, from 2005"
2649,MARKET,2023-07-07,1.00000,,,,0.14358,0.05835,0.22882,104,"Brent spot, from 2005"
2650,MARKET,2023-07-14,1.00000,,,,0.14376,0.05804,0.22948,104,"Brent spot, from 2005"
2651,MARKET,2023-07-21,1.00000,,,,0.14464,0.05872,0.23056,104,"Brent spot, from 2005"
2652,MARKET,2023-07-28,1.00000,,,,0.14464,0.05883,0.23046,104,"Brent spot, from 2005"
2653,MARKET,2023-08-04,1.00000,,,,0.15087,0.06172,0.24001,104,"Brent spot, from 2005"
2654,MARKET,2023-08-11,1.00000,,,,0.15116,0.06190,0.24042,104,"Brent spot, from 2005"
2655,MARKET,2023-08-18,1.00000,,,,0.14964,0.05921,0.24007,104,"Brent spot, from 2005"
2656,MARKET,2023-08-25,1.00000,,,,0.14605,0.05448,0.23762,104,"Brent spot, from 2005"
2657,MARKET,2023-09-01,1.00000,,,,0.14916,0.05713,0.24118,104,"Brent spot, from 2005"
2658,MARKET,2023-09-08,1.00000,,,,0.14871,0.05669,0.24074,104,"Brent spot, from 2005"
2659,MARKET,2023-09-15,1.00000,,,,0.15232,0.05931,0.24533,104,"Brent spot, from 2005"
2660,MARKET,2023-09-22,1.00000,,,,0.15168,0.05884,0.24452,104,"Brent spot, from 2005"
2661,MARKET,2023-09-29,1.00000,,,,0.15084,0.05823,0.24346,104,"Brent spot, from 2005"
2662,MARKET,2023-10-06,1.00000,,,,0.15623,0.06446,0.24800,104,"Brent spot, from 2005"
2663,MARKET,2023-10-13,1.00000,,,,0.16181,0.06762,0.25600,104,"Brent spot, from 2005"
2664,MARKET,2023-10-20,1.00000,,,,0.16211,0.06787,0.25635,104,"Brent spot, from 2005"
2665,MARKET,2023-10-27,1.00000,,,,0.16086,0.06695,0.25477,104,"Brent spot, from 2005"
2666,MARKET,2023-11-03,1.00000,,,,0.15936,0.06646,0.25226,104,"Brent spot, from 2005"
2667,MARKET,2023-11-10,1.00000,,,,0.15862,0.06660,0.25064,104,"Brent spot, from 2005"
2668,MARKET,2023-11-17,1.00000,,,,0.15695,0.06505,0.24885,104,"Brent spot, from 2005"
2669,MARKET,2023-11-24,1.00000,,,,0.14823,0.05577,0.24068,104,"Brent spot, from 2005"
2670,MARKET,2023-12-01,1.00000,,,,0.14873,0.05610,0.24137,104,"Brent spot, from 2005"
2671,MARKET,2023-12-08,1.00000,,,,0.14927,0.05638,0.24216,104,"Brent spot, from 2005"
2672,MARKET,2023-12-15,1.00000,,,,0.14831,0.05529,0.24134,104,"Brent spot, from 2005"
2673,MARKET,2023-12-22,1.00000,,,,0.14516,0.05272,0.23760,104,"Brent spot, from 2005"
2674,MARKET,2023-12-29,1.00000,,,,0.14392,0.05188,0.23596,104,"Brent spot, from 2005"
2675,MARKET,2024-01-05,1.00000,,,,0.14438,0.05185,0.23691,104,"Brent spot, from 2005"
2676,MARKET,2024-01-12,1.00000,,,,0.14320,0.05013,0.23627,104,"Brent spot, from 2005"
2677,MARKET,2024-01-19,1.00000,,,,0.14590,0.05228,0.23952,104,"Brent spot, from 2005"
2678,MARKET,2024-01-26,1.00000,,,,0.14748,0.05365,0.24130,104,"Brent spot, from 2005"
2679,MARKET,2024-02-02,1.00000,,,,0.14731,0.05334,0.24127,104,"Brent spot, from 2005"
2680,MARKET,2024-02-09,1.00000,,,,0.14161,0.04881,0.23441,104,"Brent spot, from 2005"
2681,MARKET,2024-02-16,1.00000,,,,0.14171,0.04836,0.23506,104,"Brent spot, from 2005"
2682,MARKET,2024-02-23,1.00000,,,,0.14231,0.04926,0.23536,104,"Brent spot, from 2005"
2683,MARKET,2024-03-01,1.00000,,,,0.16865,0.07694,0.26036,104,"Brent spot, from 2005"
2684,MARKET,2024-03-08,1.00000,,,,0.17030,0.07824,0.26237,104,"Brent spot, from 2005"
2685,MARKET,2024-03-15,1.00000,,,,0.17446,0.08340,0.26552,104,"Brent spot, from 2005"
2686,MARKET,2024-03-22,1.00000,,,,0.17044,0.07568,0.26520,104,"Brent spot, from 2005"
2687,MARKET,2024-03-29,1.00000,,,,0.18877,0.09568,0.28185,104,"Brent spot, from 2005"
2688,MARKET,2024-04-05,1.00000,,,,0.19126,0.10040,0.28212,104,"Brent spot, from 2005"
2689,MARKET,2024-04-12,1.00000,,,,0.19421,0.10268,0.28574,104,"Brent spot, from 2005"
2690,MARKET,2024-04-19,1.00000,,,,0.19658,0.10550,0.28767,104,"Brent spot, from 2005"
2691,MARKET,2024-04-26,1.00000,,,,0.20136,0.11122,0.29150,104,"Brent spot, from 2005"
2692,MARKET,2024-05-03,1.00000,,,,0.20336,0.11585,0.29087,104,"Brent spot, from 2005"
2693,MARKET,2024-05-10,1.00000,,,,0.20351,0.11601,0.29101,104,"Brent spot, from 2005"
2694,MARKET,2024-05-17,1.00000,,,,0.20249,0.11524,0.28974,104,"Brent spot, from 2005"
2695,MARKET,2024-05-24,1.00000,,,,0.19675,0.10854,0.28496,104,"Brent spot, from 2005"
2696,MARKET,2024-05-31,1.00000,,,,0.20006,0.11171,0.28840,104,"Brent spot, from 2005"
2697,MARKET,2024-06-07,1.00000,,,,0.20313,0.11477,0.29148,104,"Brent spot, from 2005"
2698,MARKET,2024-06-14,1.00000,,,,0.19144,0.10077,0.28210,104,"Brent spot, from 2005"
2699,MARKET,2024-06-21,1.00000,,,,0.18928,0.09919,0.27938,104,"Brent spot, from 2005"
2700,MARKET,2024-06-28,1.00000,,,,0.18990,0.09995,0.27985,104,"Brent spot, from 2005"
2701,MARKET,2024-07-05,1.00000,,,,0.19390,0.10423,0.28356,104,"Brent spot, from 2005"
2702,MARKET,2024-07-12,1.00000,,,,0.19212,0.10211,0.28214,104,"Brent spot, from 2005"
2703,MARKET,2024-07-19,1.00000,,,,0.20040,0.11153,0.28927,104,"Brent spot, from 2005"
2704,MARKET,2024-07-26,1.00000,,,,0.19445,0.10465,0.28425,104,"Brent spot, from 2005"
2705,MARKET,2024-08-02,1.00000,,,,0.20204,0.10982,0.29426,104,"Brent spot, from 2005"
2706,MARKET,2024-08-09,1.00000,,,,0.20035,0.10796,0.29274,104,"Brent spot, from 2005"
2707,MARKET,2024-08-16,1.00000,,,,0.20701,0.11243,0.30160,104,"Brent spot, from 2005"
2708,MARKET,2024-08-23,1.00000,,,,0.20859,0.11298,0.30420,104,"Brent spot, from 2005"
2709,MARKET,2024-08-30,1.00000,,,,0.20285,0.10587,0.29983,104,"Brent spot, from 2005"
2710,MARKET,2024-09-06,1.00000,,,,0.21006,0.11647,0.30366,104,"Brent spot, from 2005"
2711,MARKET,2024-09-13,1.00000,,,,0.20826,0.11511,0.30141,104,"Brent spot, from 2005"
2712,MARKET,2024-09-20,1.00000,,,,0.19502,0.10279,0.28725,104,"Brent spot, from 2005"
2713,MARKET,2024-09-27,1.00000,,,,0.19820,0.10617,0.29024,104,"Brent spot, from 2005"
2714,MARKET,2024-10-04,1.00000,,,,0.19836,0.10657,0.29016,104,"Brent spot, from 2005"
2715,MARKET,2024-10-11,1.00000,,,,0.19495,0.10156,0.28834,104,"Brent spot, from 2005"
2716,MARKET,2024-10-18,1.00000,,,,0.19271,0.10328,0.28214,104,"Brent spot, from 2005"
2717,MARKET,2024-10-25,1.00000,,,,0.19141,0.10254,0.28028,104,"Brent spot, from 2005"
2718,MARKET,2024-11-01,1.00000,,,,0.18906,0.09878,0.27935,104,"Brent spot, from 2005"
2719,MARKET,2024-11-08,1.00000,,,,0.18868,0.09803,0.27933,104,"Brent spot, from 2005"
2720,MARKET,2024-11-15,1.00000,,,,0.18681,0.09242,0.28121,104,"Brent spot, from 2005"
2721,MARKET,2024-11-22,1.00000,,,,0.20080,0.11431,0.28729,104,"Brent spot, from 2005"
2722,MARKET,2024-11-29,1.00000,,,,0.20413,0.11885,0.28942,104,"Brent spot, from 2005"
2723,MARKET,2024-12-06,1.00000,,,,0.21208,0.12427,0.29989,104,"Brent spot, from 2005"
2724,MARKET,2024-12-13,1.00000,,,,0.21806,0.13184,0.30428,104,"Brent spot, from 2005"
2725,MARKET,2024-12-20,1.00000,,,,0.22019,0.13381,0.30656,104,"Brent spot, from 2005"
2726,MARKET,2024-12-27,1.00000,,,,0.22118,0.13487,0.30749,104,"Brent spot, from 2005"
2727,MARKET,2025-01-03,1.00000,,,,0.23005,0.14524,0.31485,104,"Brent spot, from 2005"
2728,MARKET,2025-01-10,1.00000,,,,0.23835,0.15660,0.32010,104,"Brent spot, from 2005"
2729,MARKET,2025-01-17,1.00000,,,,0.24122,0.16155,0.32089,104,"Brent spot, from 2005"
2730,MARKET,2025-01-24,1.00000,,,,0.24007,0.16192,0.31823,104,"Brent spot, from 2005"
2731,MARKET,2025-01-31,1.00000,,,,0.24977,0.17383,0.32571,104,"Brent spot, from 2005"
2732,MARKET,2025-02-07,1.00000,,,,0.25252,0.17534,0.32971,104,"Brent spot, from 2005"
2733,MARKET,2025-02-14,1.00000,,,,0.25277,0.17465,0.33089,104,"Brent spot, from 2005"
2734,MARKET,2025-02-21,1.00000,,,,0.25280,0.17455,0.33105,104,"Brent spot, from 2005"
2735,MARKET,2025-02-28,1.00000,,,,0.25003,0.17319,0.32688,104,"Brent spot, from 2005"
2736,MARKET,2025-03-07,1.00000,,,,0.24406,0.17031,0.31781,104,"Brent spot, from 2005"
2737,MARKET,2025-03-14,1.00000,,,,0.22013,0.14744,0.29282,104,"Brent spot, from 2005"
2738,MARKET,2025-03-21,1.00000,,,,0.22615,0.15261,0.29969,104,"Brent spot, from 2005"
2739,MARKET,2025-03-28,1.00000,,,,0.20857,0.13045,0.28669,104,"Brent spot, from 2005"
2740,MARKET,2025-04-04,1.00000,,,,0.25899,0.15917,0.35881,104,"Brent spot, from 2005"
2741,MARKET,2025-04-11,1.00000,,,,0.25486,0.15706,0.35265,104,"Brent spot, from 2005"
2742,MARKET,2025-04-18,1.00000,,,,0.25709,0.15533,0.35884,104,"Brent spot, from 2005"
2743,MARKET,2025-04-25,1.00000,,,,0.25929,0.15794,0.36065,104,"Brent spot, from 2005"
2744,MARKET,2025-05-02,1.00000,,,,0.22567,0.11455,0.33679,104,"Brent spot, from 2005"
2745,MARKET,2025-05-09,1.00000,,,,0.22183,0.10710,0.33656,104,"Brent spot, from 2005"
2746,MARKET,2025-05-16,1.00000,,,,0.22510,0.11303,0.33718,104,"Brent spot, from 2005"
2747,MARKET,2025-05-23,1.00000,,,,0.22592,0.11358,0.33826,104,"Brent spot, from 2005"
2748,MARKET,2025-05-30,1.00000,,,,0.22512,0.11277,0.33748,104,"Brent spot, from 2005"
2749,MARKET,2025-06-06,1.00000,,,,0.22545,0.11482,0.33608,104,"Brent spot, from 2005"
2750,MARKET,2025-06-13,1.00000,,,,0.22423,0.12121,0.32725,104,"Brent spot, from 2005"
2751,MARKET,2025-06-20,1.00000,,,,0.21432,0.10962,0.31902,104,"Brent spot, from 2005"
2752,MARKET,2025-06-27,1.00000,,,,0.21202,0.11742,0.30663,104,"Brent spot, from 2005"
2753,MARKET,2025-07-04,1.00000,,,,0.22207,0.12842,0.31571,104,"Brent spot, from 2005"
2754,MARKET,2025-07-11,1.00000,,,,0.22164,0.12797,0.31531,104,"Brent spot, from 2005"
2755,MARKET,2025-07-18,1.00000,,,,0.22045,0.12694,0.31395,104,"Brent spot, from 2005"
2756,MARKET,2025-07-25,1.00000,,,,0.22255,0.12887,0.31622,104,"Brent spot, from 2005"
2757,MARKET,2025-08-01,1.00000,,,,0.22178,0.12762,0.31594,104,"Brent spot, from 2005"
2758,MARKET,2025-08-08,1.00000,,,,0.21615,0.12247,0.30983,104,"Brent spot, from 2005"
2759,MARKET,2025-08-15,1.00000,,,,0.21420,0.12033,0.30807,104,"Brent spot, from 2005"
2760,MARKET,2025-08-22,1.00000,,,,0.21524,0.12154,0.30894,104,"Brent spot, from 2005"
2761,MARKET,2025-08-29,1.00000,,,,0.21144,0.11697,0.30591,104,"Brent spot, from 2005"
2762,MARKET,2025-09-05,1.00000,,,,0.21398,0.12046,0.30750,104,"Brent spot, from 2005"
2763,MARKET,2025-09-12,1.00000,,,,0.21146,0.11904,0.30388,104,"Brent spot, from 2005"
2764,MARKET,2025-09-19,1.00000,,,,0.21173,0.11925,0.30420,104,"Brent spot, from 2005"
2765,MARKET,2025-09-26,1.00000,,,,0.21159,0.11966,0.30353,104,"Brent spot, from 2005"
2766,MARKET,2025-10-03,1.00000,,,,0.20030,0.11204,0.28857,104,"Brent spot, from 2005"
2767,MARKET,2025-10-10,1.00000,,,,0.18724,0.09939,0.27509,104,"Brent spot, from 2005"
2768,MARKET,2025-10-17,1.00000,,,,0.18965,0.10330,0.27599,104,"Brent spot, from 2005"
2769,MARKET,2025-10-24,1.00000,,,,0.18699,0.10217,0.27182,104,"Brent spot, from 2005"
2770,MARKET,2025-10-31,1.00000,,,,0.19117,0.10690,0.27543,104,"Brent spot, from 2005"
2771,MARKET,2025-11-07,1.00000,,,,0.19307,0.10837,0.27777,104,"Brent spot, from 2005"
2772,MARKET,2025-11-14,1.00000,,,,0.19511,0.11020,0.28003,104,"Brent spot, from 2005"
2773,MARKET,2025-11-21,1.00000,,,,0.19745,0.11273,0.28216,104,"Brent spot, from 2005"
2774,MARKET,2025-11-28,1.00000,,,,0.19822,0.11327,0.28316,104,"Brent spot, from 2005"
2775,MARKET,2025-12-05,1.00000,,,,0.19804,0.11208,0.28400,104,"Brent spot, from 2005"
2776,MARKET,2025-12-12,1.00000,,,,0.19608,0.11085,0.28131,104,"Brent spot, from 2005"
2777,MARKET,2025-12-19,1.00000,,,,0.19872,0.11351,0.28394,104,"Brent spot, from 2005"
2778,MARKET,2025-12-26,1.00000,,,,0.19936,0.11434,0.28438,104,"Brent spot, from 2005"
2779,MARKET,2026-01-02,1.00000,,,,0.19602,0.11067,0.28138,104,"Brent spot, from 2005"
2780,MARKET,2026-01-09,1.00000,,,,0.19505,0.10989,0.28022,104,"Brent spot, from 2005"
2781,MARKET,2026-01-16,1.00000,,,,0.20046,0.11634,0.28458,104,"Brent spot, from 2005"
2782,MARKET,2026-01-23,1.00000,,,,0.19808,0.11350,0.28267,104,"Brent spot, from 2005"
2783,MARKET,2026-01-30,1.00000,,,,0.19543,0.10974,0.28112,104,"Brent spot, from 2005"
2784,MARKET,2026-02-06,1.00000,,,,0.20338,0.11916,0.28759,104,"Brent spot, from 2005"
2785,MARKET,2026-02-13,1.00000,,,,0.20190,0.11774,0.28607,104,"Brent spot, from 2005"
2786,MARKET,2026-02-20,1.00000,,,,0.20669,0.12286,0.29052,104,"Brent spot, from 2005"
2787,MARKET,2026-02-27,1.00000,,,,0.20596,0.12252,0.28940,104,"Brent spot, from 2005"
2788,MARKET,2026-03-06,1.00000,,,,0.14005,0.03481,0.24529,104,"Brent spot, from 2005"
2789,MARKET,2026-03-13,1.00000,,,,0.14191,0.04034,0.24347,104,"Brent spot, from 2005"
2790,MARKET,2026-03-20,1.00000,,,,0.13649,0.03838,0.23460,104,"Brent spot, from 2005"
2791,MARKET,2026-03-27,1.00000,,,,0.13658,0.03864,0.23451,104,"Brent spot, from 2005"
2792,MARKET,2026-04-03,1.00000,,,,0.13371,0.03312,0.23429,104,"Brent spot, from 2005"
2793,MARKET,2026-04-10,1.00000,,,,0.13384,0.03387,0.23381,104,"Brent spot, from 2005"
2794,MARKET,2026-04-17,1.00000,,,,0.13946,0.04683,0.23209,104,"Brent spot, from 2005"
2795,MARKET,2026-04-24,1.00000,,,,0.13568,0.04971,0.22165,104,"Brent spot, from 2005"
2796,MARKET,2026-05-01,1.00000,,,,0.13646,0.05168,0.22124,104,"Brent spot, from 2005"
2797,MARKET,2026-05-08,1.00000,,,,0.13812,0.06185,0.21438,104,"Brent spot, from 2005"
2798,MARKET,2026-05-15,1.00000,,,,0.13994,0.06417,0.21571,104,"Brent spot, from 2005"
2799,MARKET,2026-05-22,1.00000,,,,0.13728,0.06278,0.21178,104,"Brent spot, from 2005"
2800,MARKET,2026-05-29,1.00000,,,,0.13904,0.06839,0.20969,104,"Brent spot, from 2005"
2801,MARKET,2026-06-05,1.00000,,,,0.13760,0.06742,0.20778,104,"Brent spot, from 2005"
2802,MARKET,2026-06-12,1.00000,,,,0.13954,0.06977,0.20931,104,"Brent spot, from 2005"
2803,MARKET,2026-06-19,1.00000,,,,0.14256,0.07327,0.21185,104,"Brent spot, from 2005"
2804,MARKET,2026-06-26,1.00000,,,,0.14541,0.07815,0.21268,104,"Brent spot, from 2005"
2805,MARKET,2026-07-03,1.00000,,,,0.14476,0.07735,0.21217,104,"Brent spot, from 2005"
2806,MARKET,2026-07-10,1.00000,,,,0.14119,0.07637,0.20602,104,"Brent spot, from 2005"
2807,MARKET,2026-07-17,1.00000,,,,0.13882,0.07672,0.20092,104,"Brent spot, from 2005"
2808,MARKET,2026-07-24,1.00000,,,,0.13835,0.07921,0.19749,104,"Brent spot, from 2005"
2809,MARKET,2026-07-31,1.00000,,,,0.13653,0.07738,0.19567,104,"Brent spot, from 2005"
2810,MARKET,2026-08-07,1.00000,,,,0.13382,0.07569,0.19195,104,"Brent spot, from 2005"
2811,MARKET,2026-08-14,1.00000,,,,0.13553,0.07740,0.19367,104,"Brent spot, from 2005"
2812,MARKET,2026-08-21,1.00000,,,,0.13460,0.07688,0.19232,104,"Brent spot, from 2005"
2813,MARKET,2026-08-28,1.00000,,,,0.13305,0.07626,0.18983,104,"Brent spot, from 2005"
2814,MARKET,2026-09-04,1.00000,,,,0.12260,0.06843,0.17677,104,"Brent spot, from 2005"
2815,MARKET,2026-09-11,1.00000,,,,0.11767,0.06446,0.17089,104,"Brent spot, from 2005"
